{
  "type": "FeatureCollection",
  "features": [
    {
      "type": "Feature",
      "properties": {
        "adm3_name": "Bagerhat Sadar",
        "adm3_name1": null,
        "adm3_name2": null,
        "adm3_name3": null,
        "adm3_pcode": "BD40010008",
        "adm2_name": "Bagerhat",
        "adm2_name1": null,
        "adm2_name2": null,
        "adm2_name3": null,
        "adm2_pcode": "BD4001",
        "adm1_name": "Khulna",
        "adm1_name1": null,
        "adm1_name2": null,
        "adm1_name3": null,
        "adm1_pcode": "BD40",
        "adm0_name": "Bangladesh",
        "adm0_name1": null,
        "adm0_name2": null,
        "adm0_name3": null,
        "adm0_pcode": "BD",
        "valid_on": "2023-05-21",
        "valid_to": null,
        "area_sqkm": 315.44423194,
        "version": "v03",
        "lang": "en",
        "lang1": null,
        "lang2": null,
        "lang3": null,
        "adm3_ref_name": null,
        "center_lat": 22.6761286,
        "center_lon": 89.76267481
      },
      "geometry": {
        "type": "Polygon",
        "coordinates": [
          [
            [
              89.75744489000004,
              22.791291190000038
            ],
            [
              89.7569781300001,
              22.79147115
            ],
            [
              89.75655002300016,
              22.791831842000022
            ],
            [
              89.75596620400006,
              22.792262307000044
            ],
            [
              89.75581036300008,
              22.792406608000135
            ],
            [
              89.75554696300009,
              22.792426527000146
            ],
            [
              89.7548773470001,
              22.792477445000088
            ],
            [
              89.75437193400012,
              22.79247666499998
            ],
            [
              89.75398338700006,
              22.792331530000183
            ],
            [
              89.75371171400008,
              22.792042035000122
            ],
            [
              89.75355708300015,
              22.791682709000042
            ],
            [
              89.75336311400014,
              22.791357203000132
            ],
            [
              89.75320772700019,
              22.79124855499998
            ],
            [
              89.75320804800015,
              22.791070143000184
            ],
            [
              89.75309209200014,
              22.7907086190001
            ],
            [
              89.75289914100006,
              22.78998788800004
            ],
            [
              89.75278357600018,
              22.789409555000077
            ],
            [
              89.75278435200005,
              22.78897820399999
            ],
            [
              89.75274570800008,
              22.78879746900003
            ],
            [
              89.75263007299998,
              22.788257530000067
            ],
            [
              89.75243648100013,
              22.78789588500007
            ],
            [
              89.75242105900008,
              22.78787431600017
            ],
            [
              89.7522812950001,
              22.787678835000065
            ],
            [
              89.75169864900005,
              22.78746338300016
            ],
            [
              89.75143690300001,
              22.787248426000076
            ],
            [
              89.75068936300016,
              22.786632973
            ],
            [
              89.74921450400012,
              22.785512750000123
            ],
            [
              89.74771338600004,
              22.784611538000036
            ],
            [
              89.7464966500001,
              22.783706246000065
            ],
            [
              89.74572040100009,
              22.783162993000133
            ],
            [
              89.745216158,
              22.782550162000177
            ],
            [
              89.74490568800007,
              22.782188318000067
            ],
            [
              89.74459551900009,
              22.78182873500009
            ],
            [
              89.74381864700013,
              22.781466148000163
            ],
            [
              89.74339194900017,
              22.781070237
            ],
            [
              89.74335365600012,
              22.780708830000037
            ],
            [
              89.74335399400013,
              22.780528160000188
            ],
            [
              89.74347119700013,
              22.780205396000156
            ],
            [
              89.74358813600014,
              22.780024910000122
            ],
            [
              89.74401634500015,
              22.779772656000034
            ],
            [
              89.74425001700013,
              22.779520089000187
            ],
            [
              89.7444450500002,
              22.77908904700007
            ],
            [
              89.744523727,
              22.77869169200011
            ],
            [
              89.74448536000011,
              22.778368679000152
            ],
            [
              89.74425263400008,
              22.77811536400003
            ],
            [
              89.74378671200009,
              22.777861673000075
            ],
            [
              89.74339848500017,
              22.777574232
            ],
            [
              89.74316583100011,
              22.777284781000162
            ],
            [
              89.74293324500007,
              22.776959200000135
            ],
            [
              89.74281738800016,
              22.776563786999986
            ],
            [
              89.74266351200004,
              22.77566243400014
            ],
            [
              89.74262502000005,
              22.77540943000014
            ],
            [
              89.74281988900009,
              22.77522907100007
            ],
            [
              89.74305355100006,
              22.774978764000025
            ],
            [
              89.74305395800019,
              22.77476195900016
            ],
            [
              89.7425889920001,
              22.7740046400001
            ],
            [
              89.74253665000003,
              22.773832921000178
            ],
            [
              89.74243438200006,
              22.773498507000056
            ],
            [
              89.74259075200007,
              22.773067406000166
            ],
            [
              89.74235830900011,
              22.772669549
            ],
            [
              89.7422036270001,
              22.772201808000148
            ],
            [
              89.74181515200019,
              22.7720566430001
            ],
            [
              89.74160091800002,
              22.77192335000018
            ],
            [
              89.74123286600013,
              22.77169435400009
            ],
            [
              89.74123341100011,
              22.771405277000042
            ],
            [
              89.74127271300017,
              22.771226929000022
            ],
            [
              89.7412732590002,
              22.770937853000078
            ],
            [
              89.74119607600011,
              22.770540246000166
            ],
            [
              89.74107975300018,
              22.770397778000074
            ],
            [
              89.74073188500017,
              22.769387704000167
            ],
            [
              89.7406160450002,
              22.76899003500006
            ],
            [
              89.74061672200014,
              22.768630948000066
            ],
            [
              89.7405785090001,
              22.76823340700014
            ],
            [
              89.74049856800013,
              22.768214681000188
            ],
            [
              89.74026783900013,
              22.76816063299998
            ],
            [
              89.74022949100015,
              22.76783535700008
            ],
            [
              89.74015302500004,
              22.767223204000118
            ],
            [
              89.74019335200012,
              22.766502840000044
            ],
            [
              89.74023337500012,
              22.765782469000044
            ],
            [
              89.73961181300007,
              22.76560078300008
            ],
            [
              89.73969056200008,
              22.76516729500014
            ],
            [
              89.7397297660001,
              22.764880543
            ],
            [
              89.73965262200011,
              22.76462747400012
            ],
            [
              89.73914765400008,
              22.76444597700015
            ],
            [
              89.73868171499998,
              22.764230666000174
            ],
            [
              89.73849095800011,
              22.764015804000167
            ],
            [
              89.73916245400005,
              22.76258281100013
            ],
            [
              89.73923108800005,
              22.762221319000105
            ],
            [
              89.73930819800006,
              22.76181518900006
            ],
            [
              89.73996436300007,
              22.76075480500009
            ],
            [
              89.74020118900012,
              22.76037192600012
            ],
            [
              89.74039976100005,
              22.760050890000173
            ],
            [
              89.74088732400014,
              22.759226319999982
            ],
            [
              89.74110150000013,
              22.758864101000142
            ],
            [
              89.74167334900011,
              22.757833589000143
            ],
            [
              89.74188156100007,
              22.75745837300019
            ],
            [
              89.74241885400005,
              22.756378350999967
            ],
            [
              89.74263643600011,
              22.755940980000105
            ],
            [
              89.74297386300003,
              22.75526269600016
            ],
            [
              89.74328638900016,
              22.754325958000095
            ],
            [
              89.74343866200002,
              22.754050214000188
            ],
            [
              89.74375929000013,
              22.753469607
            ],
            [
              89.74379275000001,
              22.75340901500016
            ],
            [
              89.74422217200004,
              22.752631385000086
            ],
            [
              89.74506590000004,
              22.751325113
            ],
            [
              89.74527400900013,
              22.75100306300004
            ],
            [
              89.74543037000018,
              22.750761092000175
            ],
            [
              89.74570361700012,
              22.75014723700008
            ],
            [
              89.74562627000006,
              22.750002577000032
            ],
            [
              89.74539212500014,
              22.749882502000105
            ],
            [
              89.7452768760001,
              22.749823604000028
            ],
            [
              89.74523469400015,
              22.749811051000165
            ],
            [
              89.7445205890001,
              22.749598528000092
            ],
            [
              89.7444223660001,
              22.749569296000175
            ],
            [
              89.74407284700004,
              22.749460332000183
            ],
            [
              89.74407318200014,
              22.749279657999978
            ],
            [
              89.74403462700008,
              22.74906279200019
            ],
            [
              89.74399599900005,
              22.74888431100004
            ],
            [
              89.74376332499997,
              22.748630997000078
            ],
            [
              89.74345222500017,
              22.748811172000103
            ],
            [
              89.74283100600002,
              22.74848496100003
            ],
            [
              89.7419761720002,
              22.748411312000087
            ],
            [
              89.7419333090001,
              22.748379295000177
            ],
            [
              89.74178225500003,
              22.748266459000092
            ],
            [
              89.74147166300008,
              22.748015273000078
            ],
            [
              89.7413556320002,
              22.747726009000132
            ],
            [
              89.74073421800011,
              22.747508191000065
            ],
            [
              89.74065701600011,
              22.74729125700003
            ],
            [
              89.7406580330001,
              22.746751501000176
            ],
            [
              89.74065864800008,
              22.746426289000055
            ],
            [
              89.74065912100019,
              22.746175605000133
            ],
            [
              89.74046951700012,
              22.745963156000016
            ],
            [
              89.74011576800007,
              22.7458856450001
            ],
            [
              89.73992046000006,
              22.746318941000084
            ],
            [
              89.73957068100003,
              22.746352249000154
            ],
            [
              89.73933780900012,
              22.74620958800017
            ],
            [
              89.73926047100008,
              22.746064923000176
            ],
            [
              89.73832766400011,
              22.746027263000087
            ],
            [
              89.73782272600005,
              22.746026437000012
            ],
            [
              89.73692853600016,
              22.746169506000058
            ],
            [
              89.73654000000016,
              22.746096598000065
            ],
            [
              89.73587967200007,
              22.74602323500011
            ],
            [
              89.73556868000009,
              22.745986588
            ],
            [
              89.73555048500009,
              22.745952680000073
            ],
            [
              89.73533637200006,
              22.745552585999974
            ],
            [
              89.73522077300015,
              22.74504876800006
            ],
            [
              89.73522146700003,
              22.744687421000094
            ],
            [
              89.73522250900015,
              22.744147662000103
            ],
            [
              89.73498958100004,
              22.744038871000043
            ],
            [
              89.73502895600018,
              22.74382212900008
            ],
            [
              89.73533991200014,
              22.74371424100019
            ],
            [
              89.73565110700008,
              22.743642485000123
            ],
            [
              89.7356515890001,
              22.743391802000076
            ],
            [
              89.73565283800014,
              22.742741380999973
            ],
            [
              89.735653668,
              22.742310023000186
            ],
            [
              89.73573245600016,
              22.741698124000095
            ],
            [
              89.73581069100015,
              22.741373040000042
            ],
            [
              89.7361225680001,
              22.740942198000084
            ],
            [
              89.7362399660002,
              22.740508776000127
            ],
            [
              89.73616336499998,
              22.73982434900006
            ],
            [
              89.73585387500015,
              22.739173412000127
            ],
            [
              89.73574028200005,
              22.739051269000015
            ],
            [
              89.7356212250001,
              22.738922341000034
            ],
            [
              89.73558282700009,
              22.738633201000084
            ],
            [
              89.73558331200007,
              22.73838025900011
            ],
            [
              89.73577785900005,
              22.738344445000166
            ],
            [
              89.73577820200018,
              22.73816603300014
            ],
            [
              89.73570070700009,
              22.737949095000147
            ],
            [
              89.73527396100013,
              22.737659313000165
            ],
            [
              89.73500243500007,
              22.737369782000087
            ],
            [
              89.73473125300018,
              22.736901840000087
            ],
            [
              89.73457721800014,
              22.736289554000052
            ],
            [
              89.73415240900005,
              22.734845716000166
            ],
            [
              89.73384272300018,
              22.73430543900014
            ],
            [
              89.73345485500005,
              22.733907311000053
            ],
            [
              89.7331833340001,
              22.73362003799997
            ],
            [
              89.73298959000005,
              22.733402909000063
            ],
            [
              89.73186270600007,
              22.733364887000107
            ],
            [
              89.73159091300005,
              22.73321989200008
            ],
            [
              89.73158678200014,
              22.733154392000188
            ],
            [
              89.73155338700013,
              22.732643931000155
            ],
            [
              89.73097051600013,
              22.73267908500003
            ],
            [
              89.7306602660002,
              22.73228108100011
            ],
            [
              89.7297279330001,
              22.73220723800017
            ],
            [
              89.72953389200012,
              22.731990100000132
            ],
            [
              89.72941810900005,
              22.731594682000093
            ],
            [
              89.72910902100006,
              22.73076531800001
            ],
            [
              89.72903198400013,
              22.73047610800006
            ],
            [
              89.7288766160001,
              22.73040357600013
            ],
            [
              89.72802168600003,
              22.730438260000142
            ],
            [
              89.72794436600003,
              22.73029358800011
            ],
            [
              89.72771153500003,
              22.73015091200017
            ],
            [
              89.72619390300008,
              22.731191711000065
            ],
            [
              89.72561111000005,
              22.731190710000078
            ],
            [
              89.7251842600001,
              22.730975425999986
            ],
            [
              89.72510710600011,
              22.730903025000146
            ],
            [
              89.72460224900016,
              22.730432404
            ],
            [
              89.72444123300016,
              22.730294364000144
            ],
            [
              89.72215875400008,
              22.728339139000127
            ],
            [
              89.72157662,
              22.72786837500007
            ],
            [
              89.72126605300019,
              22.727795560000175
            ],
            [
              89.7210818420001,
              22.727795241000024
            ],
            [
              89.72091638800009,
              22.727794953
            ],
            [
              89.72075706200008,
              22.72786546499998
            ],
            [
              89.72071386400006,
              22.72788458300016
            ],
            [
              89.7200217830001,
              22.728190871000095
            ],
            [
              89.71885549100006,
              22.72854791300017
            ],
            [
              89.71814424200005,
              22.728783961000147
            ],
            [
              89.71764038100002,
              22.72895117900015
            ],
            [
              89.71733922300018,
              22.72905112500007
            ],
            [
              89.71727045000006,
              22.729063700000097
            ],
            [
              89.71714836300004,
              22.729086023000093
            ],
            [
              89.715589899,
              22.729370976000155
            ],
            [
              89.71541861300005,
              22.729348089000098
            ],
            [
              89.71531790799997,
              22.729334359
            ],
            [
              89.71512456700009,
              22.72893878800005
            ],
            [
              89.71438866900013,
              22.72778342400005
            ],
            [
              89.71372685000017,
              22.726796515
            ],
            [
              89.71361383600004,
              22.72662798600004
            ],
            [
              89.71248972600011,
              22.725438040000142
            ],
            [
              89.71190824200016,
              22.72482270400002
            ],
            [
              89.7112499910001,
              22.7236697190001
            ],
            [
              89.7103586520002,
              22.722658597000134
            ],
            [
              89.71010496400015,
              22.722319372000015
            ],
            [
              89.70973869200003,
              22.721828631
            ],
            [
              89.70907910199998,
              22.721285373
            ],
            [
              89.7087301430002,
              22.720997957
            ],
            [
              89.70795416900012,
              22.72041838600012
            ],
            [
              89.70736973600015,
              22.72121002299997
            ],
            [
              89.70694294700007,
              22.7209946910001
            ],
            [
              89.70663271500018,
              22.7206327720001
            ],
            [
              89.70663302300005,
              22.720488237000154
            ],
            [
              89.70729566400007,
              22.719552205000127
            ],
            [
              89.70721822300015,
              22.719479796000087
            ],
            [
              89.70648028300019,
              22.719336165000016
            ],
            [
              89.70636396700013,
              22.71922754500008
            ],
            [
              89.70632540100013,
              22.71904679900007
            ],
            [
              89.7062872210002,
              22.718685380000068
            ],
            [
              89.70609384300019,
              22.718325939000124
            ],
            [
              89.70558993800012,
              22.71774685700018
            ],
            [
              89.70453985600011,
              22.718286937000073
            ],
            [
              89.70434548300011,
              22.71825044700006
            ],
            [
              89.70411269900006,
              22.718105477000165
            ],
            [
              89.70391910100017,
              22.71785217500019
            ],
            [
              89.70353213900012,
              22.717094889
            ],
            [
              89.70323692900007,
              22.717094342000053
            ],
            [
              89.70306595300013,
              22.717094024000062
            ],
            [
              89.70291006899998,
              22.71727440700016
            ],
            [
              89.70263700600009,
              22.717885931000126
            ],
            [
              89.70248111900003,
              22.718066316000034
            ],
            [
              89.70205357600008,
              22.718065516000138
            ],
            [
              89.70193749900017,
              22.71784849300002
            ],
            [
              89.70193835400016,
              22.717453273000046
            ],
            [
              89.70174444700018,
              22.717344507000064
            ],
            [
              89.7014339120002,
              22.717271657000083
            ],
            [
              89.70135679700007,
              22.716910167000037
            ],
            [
              89.70143539800011,
              22.71658735900013
            ],
            [
              89.70178535000014,
              22.71644347000006
            ],
            [
              89.70178558500004,
              22.716335069000024
            ],
            [
              89.7017858970001,
              22.716190531000166
            ],
            [
              89.70159168600009,
              22.71608176500007
            ],
            [
              89.70062021500007,
              22.716152219000037
            ],
            [
              89.70061919400007,
              22.716621968000084
            ],
            [
              89.70057984600004,
              22.71694484800014
            ],
            [
              89.7001136610001,
              22.716943975000163
            ],
            [
              89.69976364100006,
              22.71697945300008
            ],
            [
              89.69949276300008,
              22.71658372000013
            ],
            [
              89.69953196300008,
              22.716330850000134
            ],
            [
              89.69968832500007,
              22.715933662000168
            ],
            [
              89.69910544200008,
              22.716004835000092
            ],
            [
              89.69910630600015,
              22.715609616000165
            ],
            [
              89.69914604600007,
              22.71524834000013
            ],
            [
              89.69914628100014,
              22.715139939000096
            ],
            [
              89.69892365700002,
              22.71493395600004
            ],
            [
              89.6988747910001,
              22.714888744
            ],
            [
              89.69821448800008,
              22.714742960000024
            ],
            [
              89.69759281700004,
              22.714741786000104
            ],
            [
              89.69727861000007,
              22.71425242300006
            ],
            [
              89.69723508600003,
              22.714203587999975
            ],
            [
              89.69691220400017,
              22.714359382999987
            ],
            [
              89.69674392500019,
              22.714440580000087
            ],
            [
              89.69642497200016,
              22.71459447799998
            ],
            [
              89.69605577400017,
              22.714772619000087
            ],
            [
              89.6957076160001,
              22.71494060700013
            ],
            [
              89.6955333360001,
              22.71502469700016
            ],
            [
              89.69547703900014,
              22.714998808000075
            ],
            [
              89.69522266100006,
              22.714881825000077
            ],
            [
              89.6948406630001,
              22.715068547000044
            ],
            [
              89.69470123600018,
              22.715137087000073
            ],
            [
              89.69463930500012,
              22.71516753200018
            ],
            [
              89.694638183,
              22.715673412000115
            ],
            [
              89.69490942700008,
              22.716033022000033
            ],
            [
              89.69510300700011,
              22.716286334000188
            ],
            [
              89.69517980100005,
              22.716647826999974
            ],
            [
              89.69537377200004,
              22.716862748000096
            ],
            [
              89.69545113100014,
              22.716971299000136
            ],
            [
              89.69555960500003,
              22.717123223000044
            ],
            [
              89.69560614300019,
              22.717188402000033
            ],
            [
              89.69552798800004,
              22.717441194000173
            ],
            [
              89.6948278530001,
              22.71769054700013
            ],
            [
              89.69342848500014,
              22.718049219000136
            ],
            [
              89.6932332200002,
              22.718552470000134
            ],
            [
              89.69311620700006,
              22.7186245150001
            ],
            [
              89.69249482300012,
              22.718623321
            ],
            [
              89.69206736000001,
              22.71858636400009
            ],
            [
              89.69191217800017,
              22.71844378500009
            ],
            [
              89.69160165200003,
              22.718370915000094
            ],
            [
              89.69101737900013,
              22.719054090000043
            ],
            [
              89.69039593300005,
              22.71894448400002
            ],
            [
              89.68969697300008,
              22.718798590000063
            ],
            [
              89.68958034500002,
              22.71883449900008
            ],
            [
              89.68942435500009,
              22.71905100300006
            ],
            [
              89.68887918200005,
              22.71966197500018
            ],
            [
              89.6882576550002,
              22.719588495000096
            ],
            [
              89.68810011400006,
              22.72048929700003
            ],
            [
              89.68782749200005,
              22.720741708000048
            ],
            [
              89.68761925400003,
              22.72074130100009
            ],
            [
              89.68757869000007,
              22.720741222000186
            ],
            [
              89.68716714500005,
              22.720740416000126
            ],
            [
              89.68677871100004,
              22.720667386000116
            ],
            [
              89.68608024200006,
              22.720304671000065
            ],
            [
              89.68600291200005,
              22.7200538350001
            ],
            [
              89.6860430980002,
              22.71951189200007
            ],
            [
              89.68604457800012,
              22.71886372900019
            ],
            [
              89.68604572700013,
              22.718360105999977
            ],
            [
              89.68592991900016,
              22.71803466299997
            ],
            [
              89.68456975700008,
              22.718140393000056
            ],
            [
              89.68424360400019,
              22.71811490700003
            ],
            [
              89.68359859499998,
              22.718066207000106
            ],
            [
              89.68340171500006,
              22.719255999000154
            ],
            [
              89.68328409100008,
              22.719723262000173
            ],
            [
              89.68320607900006,
              22.719903779000106
            ],
            [
              89.68308292700016,
              22.719970390000185
            ],
            [
              89.68254460500003,
              22.720261555000036
            ],
            [
              89.68098951400003,
              22.720692078000013
            ],
            [
              89.67990153900018,
              22.720726037000077
            ],
            [
              89.67900770900013,
              22.720760378000023
            ],
            [
              89.67838623100005,
              22.720795267000142
            ],
            [
              89.6783461870001,
              22.721262679000063
            ],
            [
              89.67778322800012,
              22.721242151000183
            ],
            [
              89.67729732500015,
              22.72122443100011
            ],
            [
              89.67690873500015,
              22.72121958100007
            ],
            [
              89.67690916900006,
              22.721034437000014
            ],
            [
              89.67691058800006,
              22.7204309440001
            ],
            [
              89.67691253300012,
              22.71960211100003
            ],
            [
              89.67691344400009,
              22.71921309300012
            ],
            [
              89.67671952100017,
              22.718989689000125
            ],
            [
              89.67638371100008,
              22.718153396000105
            ],
            [
              89.67637191400007,
              22.71812401300008
            ],
            [
              89.67502860000013,
              22.718842374000133
            ],
            [
              89.67478096400009,
              22.718974799000136
            ],
            [
              89.67415470300006,
              22.719309695000163
            ],
            [
              89.67405882300011,
              22.71936809200008
            ],
            [
              89.67294872400015,
              22.72004419600006
            ],
            [
              89.672092486,
              22.720565676000035
            ],
            [
              89.67102579900012,
              22.721241006000184
            ],
            [
              89.67021293100004,
              22.72164810900017
            ],
            [
              89.66979789400006,
              22.721745518000148
            ],
            [
              89.66968831000003,
              22.721771238000144
            ],
            [
              89.66899490500015,
              22.72184884600017
            ],
            [
              89.66868299800018,
              22.721844315000055
            ],
            [
              89.66772628400008,
              22.721830408000073
            ],
            [
              89.66702928500007,
              22.721775436000144
            ],
            [
              89.66607058500011,
              22.721699819000037
            ],
            [
              89.6656969300002,
              22.721670345000064
            ],
            [
              89.66483471800012,
              22.72146302700014
            ],
            [
              89.66475058000009,
              22.721399613000074
            ],
            [
              89.6639556520002,
              22.721305353000048
            ],
            [
              89.6633524230001,
              22.721218262000036
            ],
            [
              89.66240027000009,
              22.72108300800005
            ],
            [
              89.66205858600006,
              22.721016186000043
            ],
            [
              89.66141965400016,
              22.720891229000074
            ],
            [
              89.6610538220001,
              22.72081392200016
            ],
            [
              89.66052363100016,
              22.720701882000128
            ],
            [
              89.659323739,
              22.72033798300015
            ],
            [
              89.65857981800019,
              22.72014482000003
            ],
            [
              89.65792057800019,
              22.719973642000127
            ],
            [
              89.65763387099997,
              22.719862064000097
            ],
            [
              89.65711827600006,
              22.719661408000036
            ],
            [
              89.65648421999998,
              22.719500812000035
            ],
            [
              89.65602781900014,
              22.719357552000133
            ],
            [
              89.65536862800008,
              22.719263537000074
            ],
            [
              89.65482759200006,
              22.719135898000047
            ],
            [
              89.65423612100005,
              22.718976531000123
            ],
            [
              89.65371174000012,
              22.718882802999985
            ],
            [
              89.6532556090001,
              22.718755344000044
            ],
            [
              89.65293450000013,
              22.718662053
            ],
            [
              89.6525456990002,
              22.718503120000094
            ],
            [
              89.6521742380001,
              22.71834648200013
            ],
            [
              89.65171827900008,
              22.71803156900006
            ],
            [
              89.65121929600014,
              22.717502885000044
            ],
            [
              89.65084438399998,
              22.717128973
            ],
            [
              89.6505667560001,
              22.716852423000034
            ],
            [
              89.65026724000006,
              22.716646255000057
            ],
            [
              89.64996336000013,
              22.716363287999968
            ],
            [
              89.64954153100012,
              22.716032635999966
            ],
            [
              89.64922131500009,
              22.715593802000114
            ],
            [
              89.64888406300008,
              22.71515267000018
            ],
            [
              89.64844564200013,
              22.714650341000095
            ],
            [
              89.64827717500015,
              22.714367669000183
            ],
            [
              89.64814248900018,
              22.71408507200016
            ],
            [
              89.64794001300015,
              22.713894919000097
            ],
            [
              89.64773753100008,
              22.71370702300004
            ],
            [
              89.64757556500018,
              22.71362084800012
            ],
            [
              89.64682560600005,
              22.713219456000104
            ],
            [
              89.64614726400004,
              22.712918696000088
            ],
            [
              89.64574446500018,
              22.712745053
            ],
            [
              89.64522018000008,
              22.712743891000116
            ],
            [
              89.6438166420001,
              22.71256913400009
            ],
            [
              89.64324192600014,
              22.712536234000083
            ],
            [
              89.6430017740002,
              22.712535699000114
            ],
            [
              89.64276815500011,
              22.712535179000042
            ],
            [
              89.6426830810002,
              22.712537653000084
            ],
            [
              89.64262391000017,
              22.712539373000027
            ],
            [
              89.64254939200003,
              22.711238361000028
            ],
            [
              89.64247336500006,
              22.710517758000037
            ],
            [
              89.64224056600011,
              22.710408832999974
            ],
            [
              89.64200757900011,
              22.71037217900016
            ],
            [
              89.64189019500014,
              22.710697128000106
            ],
            [
              89.64169568700004,
              22.71084122700006
            ],
            [
              89.64146270000003,
              22.710804572000143
            ],
            [
              89.64076430600016,
              22.71047779500003
            ],
            [
              89.63983356900013,
              22.70975526799998
            ],
            [
              89.63972029500019,
              22.70954447200012
            ],
            [
              89.63964037600005,
              22.709395746000098
            ],
            [
              89.63964094300019,
              22.709178937
            ],
            [
              89.64256043000006,
              22.706985795000094
            ],
            [
              89.64097373900017,
              22.703093251000098
            ],
            [
              89.64088333800004,
              22.702871724000147
            ],
            [
              89.64070738100014,
              22.702439972000093
            ],
            [
              89.64013007900019,
              22.70038577500003
            ],
            [
              89.64010227699998,
              22.700313442000038
            ],
            [
              89.6397828420001,
              22.699483885000063
            ],
            [
              89.63966725700004,
              22.69912227800006
            ],
            [
              89.63966763700012,
              22.698976875000028
            ],
            [
              89.63966791800004,
              22.6988693400001
            ],
            [
              89.64033003500003,
              22.698150392000116
            ],
            [
              89.64176977000005,
              22.6972163800001
            ],
            [
              89.64215942200013,
              22.69678589500012
            ],
            [
              89.64231536400007,
              22.6966055690001
            ],
            [
              89.64235515300004,
              22.69628044400008
            ],
            [
              89.64231742000004,
              22.695812868000132
            ],
            [
              89.64225825400013,
              22.69566500700006
            ],
            [
              89.64220164500017,
              22.695523534000188
            ],
            [
              89.64227979000015,
              22.695306899000116
            ],
            [
              89.64204776300005,
              22.69491115900007
            ],
            [
              89.6420098750001,
              22.694621996000024
            ],
            [
              89.64274851600004,
              22.694298434000075
            ],
            [
              89.64271043400004,
              22.6940838000001
            ],
            [
              89.64212968000015,
              22.69335980900013
            ],
            [
              89.64213042600005,
              22.69307299200011
            ],
            [
              89.64232481400012,
              22.692965022000067
            ],
            [
              89.6425958760002,
              22.693324716000177
            ],
            [
              89.64387877100017,
              22.692896218000044
            ],
            [
              89.64446885700016,
              22.692657651000104
            ],
            [
              89.64450099200008,
              22.69264465900011
            ],
            [
              89.64465885500005,
              22.692576982000105
            ],
            [
              89.64495695000011,
              22.692449188000182
            ],
            [
              89.64500659400017,
              22.692428973
            ],
            [
              89.64500733200003,
              22.692142155000113
            ],
            [
              89.64469742400013,
              22.69174398600012
            ],
            [
              89.64469844200005,
              22.691348764999987
            ],
            [
              89.64473822200017,
              22.691023642000175
            ],
            [
              89.6446611070001,
              22.690842795000037
            ],
            [
              89.64435082200009,
              22.690591423000058
            ],
            [
              89.64419619600005,
              22.690265866
            ],
            [
              89.64419768400018,
              22.689689972000167
            ],
            [
              89.6440046990001,
              22.689255927000033
            ],
            [
              89.64389013200014,
              22.688499102000037
            ],
            [
              89.6437744530001,
              22.68817363300019
            ],
            [
              89.64358127999998,
              22.687814114
            ],
            [
              89.64358202800008,
              22.68752503700017
            ],
            [
              89.6436214110002,
              22.687236047000056
            ],
            [
              89.64373895400007,
              22.686841085000083
            ],
            [
              89.64385612900008,
              22.68658840200004
            ],
            [
              89.64385706200005,
              22.686227060000135
            ],
            [
              89.64358640800009,
              22.68583123100018
            ],
            [
              89.64339293900014,
              22.68546945500009
            ],
            [
              89.64331601200007,
              22.68521859900011
            ],
            [
              89.64331675900007,
              22.68492952200006
            ],
            [
              89.64332933200012,
              22.684891157000038
            ],
            [
              89.64351485000003,
              22.684561841000118
            ],
            [
              89.64353410300009,
              22.684528006999983
            ],
            [
              89.64387329400017,
              22.68418322400015
            ],
            [
              89.64417848500011,
              22.683809005
            ],
            [
              89.64428070600013,
              22.683572098000013
            ],
            [
              89.64428098800016,
              22.683463695000057
            ],
            [
              89.64428119100006,
              22.683384650000164
            ],
            [
              89.64428135300011,
              22.683321414999966
            ],
            [
              89.6441631740002,
              22.683257916000173
            ],
            [
              89.64382463500016,
              22.68335201600013
            ],
            [
              89.64374022599998,
              22.6832885930001
            ],
            [
              89.64375762300011,
              22.68314861000016
            ],
            [
              89.643791922,
              22.682943171000147
            ],
            [
              89.64379228500013,
              22.682803148000175
            ],
            [
              89.6437588030002,
              22.68269241500019
            ],
            [
              89.64367423000004,
              22.682692223000174
            ],
            [
              89.64357258000018,
              22.682707807000043
            ],
            [
              89.64345439900006,
              22.68264430700009
            ],
            [
              89.64345476300008,
              22.682504286000153
            ],
            [
              89.64342132100018,
              22.682377740000163
            ],
            [
              89.643336986,
              22.682284957000036
            ],
            [
              89.64310038600019,
              22.682252812000115
            ],
            [
              89.64293100100008,
              22.6823450280001
            ],
            [
              89.64257499800004,
              22.682721389000108
            ],
            [
              89.64238879200008,
              22.682847449
            ],
            [
              89.64225341300016,
              22.682847144999982
            ],
            [
              89.64215214900014,
              22.682831108000187
            ],
            [
              89.64208455400012,
              22.68273610700004
            ],
            [
              89.64205103100011,
              22.682641174000082
            ],
            [
              89.64206847200006,
              22.68248538500012
            ],
            [
              89.64213633700007,
              22.68235906600006
            ],
            [
              89.64215377900013,
              22.68220327100005
            ],
            [
              89.6421539820002,
              22.68212422700003
            ],
            [
              89.64212007500015,
              22.68206091600007
            ],
            [
              89.64198512299998,
              22.68201318800004
            ],
            [
              89.64171416400006,
              22.682091625
            ],
            [
              89.64137576400014,
              22.68224895900005
            ],
            [
              89.64117285100014,
              22.682248502000107
            ],
            [
              89.64100387000008,
              22.682184889000098
            ],
            [
              89.64095327000018,
              22.68210573100015
            ],
            [
              89.64098748600014,
              22.681934167000122
            ],
            [
              89.64107287500019,
              22.681620437000106
            ],
            [
              89.64112445500018,
              22.681322442000067
            ],
            [
              89.64129397200008,
              22.68118054200005
            ],
            [
              89.64180179300013,
              22.680915185
            ],
            [
              89.64185292000019,
              22.680791084000134
            ],
            [
              89.64181956100015,
              22.68063292200003
            ],
            [
              89.6417352380002,
              22.6805378790001
            ],
            [
              89.64168500200014,
              22.680318700000157
            ],
            [
              89.64168536600016,
              22.680178679
            ],
            [
              89.64173666200014,
              22.679989086000035
            ],
            [
              89.64177104200013,
              22.67975428799997
            ],
            [
              89.64175496000007,
              22.67950356800003
            ],
            [
              89.64167132800009,
              22.679142031000026
            ],
            [
              89.64146931700014,
              22.6787960420001
            ],
            [
              89.64146955700016,
              22.67870344800008
            ],
            [
              89.64148653500013,
              22.678608632000078
            ],
            [
              89.64179150300015,
              22.678435415000024
            ],
            [
              89.64206198900013,
              22.678420211000173
            ],
            [
              89.64278872600016,
              22.678548307000142
            ],
            [
              89.64299151100016,
              22.678596183000025
            ],
            [
              89.64344813400015,
              22.678597202000162
            ],
            [
              89.64388767600013,
              22.67861398900004
            ],
            [
              89.64463182100013,
              22.67859983200003
            ],
            [
              89.64490246700018,
              22.678521388000092
            ],
            [
              89.64507616400005,
              22.678349938000167
            ],
            [
              89.64513303800015,
              22.678293799000016
            ],
            [
              89.64521170900014,
              22.678343289000054
            ],
            [
              89.64586440200009,
              22.67875387800018
            ],
            [
              89.64626846800013,
              22.679082245000075
            ],
            [
              89.64667561000005,
              22.679279624000173
            ],
            [
              89.64758469100002,
              22.679602325000133
            ],
            [
              89.64849719800014,
              22.67989566500006
            ],
            [
              89.64946633000005,
              22.680055880000054
            ],
            [
              89.65001501800015,
              22.680221945000028
            ],
            [
              89.65053244000012,
              22.68048279200002
            ],
            [
              89.65116441900011,
              22.680795835000083
            ],
            [
              89.65170562300011,
              22.680916709000144
            ],
            [
              89.65211667000011,
              22.681019231000107
            ],
            [
              89.65275090500012,
              22.68128484300007
            ],
            [
              89.65309109600008,
              22.68137591700014
            ],
            [
              89.65350760299998,
              22.68142659500006
            ],
            [
              89.65354187800011,
              22.681430702000114
            ],
            [
              89.65389064800019,
              22.68147250200002
            ],
            [
              89.65428691400007,
              22.68160416300003
            ],
            [
              89.6543216730002,
              22.681615712000166
            ],
            [
              89.65464144600014,
              22.681722548000153
            ],
            [
              89.65559469100003,
              22.681916567000087
            ],
            [
              89.65647031000009,
              22.682011044000035
            ],
            [
              89.65720649200006,
              22.682023915000116
            ],
            [
              89.657321776,
              22.68201461500007
            ],
            [
              89.65750671500012,
              22.68199969600016
            ],
            [
              89.65794338600011,
              22.68196428700014
            ],
            [
              89.65814600900012,
              22.681947589000174
            ],
            [
              89.65846044000011,
              22.681871774000058
            ],
            [
              89.65862757600007,
              22.68178034800013
            ],
            [
              89.65867840599998,
              22.681739865000054
            ],
            [
              89.6591123770001,
              22.681259423000085
            ],
            [
              89.65928789400016,
              22.681111604000023
            ],
            [
              89.65948922600012,
              22.680939939000098
            ],
            [
              89.65961848500007,
              22.680748999000116
            ],
            [
              89.6599448770001,
              22.67999917200018
            ],
            [
              89.6599813150001,
              22.679846278000127
            ],
            [
              89.65997127200006,
              22.679741088000128
            ],
            [
              89.65989470700003,
              22.679454102000022
            ],
            [
              89.65965345300015,
              22.679104622000068
            ],
            [
              89.65923785500019,
              22.678429704000166
            ],
            [
              89.65871889100009,
              22.677893196000184
            ],
            [
              89.65839014000011,
              22.677514845000076
            ],
            [
              89.6580720250002,
              22.677002665000145
            ],
            [
              89.65779020900015,
              22.676394954000045
            ],
            [
              89.65758528500004,
              22.6759403800001
            ],
            [
              89.65752946300006,
              22.675600854000038
            ],
            [
              89.65749595700015,
              22.67457299900019
            ],
            [
              89.65746144600001,
              22.67418807700011
            ],
            [
              89.65741706699998,
              22.674054983000133
            ],
            [
              89.65728128800004,
              22.673813761000076
            ],
            [
              89.65725257200017,
              22.673709129000144
            ],
            [
              89.65720508900006,
              22.673383364000074
            ],
            [
              89.65720861300014,
              22.67326087400005
            ],
            [
              89.65725122400005,
              22.672956216000102
            ],
            [
              89.65727866700007,
              22.672810810000158
            ],
            [
              89.6574665440001,
              22.67181536000004
            ],
            [
              89.65759657500013,
              22.671310709000068
            ],
            [
              89.65781712000017,
              22.670656865000183
            ],
            [
              89.6580856870001,
              22.670110681000097
            ],
            [
              89.6586738530001,
              22.66920963800004
            ],
            [
              89.658761175,
              22.669048486000065
            ],
            [
              89.65899681100012,
              22.66879801700003
            ],
            [
              89.65951303300005,
              22.66834497900004
            ],
            [
              89.65975824999998,
              22.66812440700005
            ],
            [
              89.65987123100018,
              22.668002149000074
            ],
            [
              89.66008124000007,
              22.667697845000134
            ],
            [
              89.66027846600008,
              22.667354673000148
            ],
            [
              89.66045647200002,
              22.66697261900015
            ],
            [
              89.66065383600005,
              22.66657268
            ],
            [
              89.6608348900001,
              22.66625935000002
            ],
            [
              89.6609028630001,
              22.666110106000133
            ],
            [
              89.66094191300016,
              22.66593988700015
            ],
            [
              89.66108506799998,
              22.665327703000116
            ],
            [
              89.66124040400007,
              22.664560679999965
            ],
            [
              89.66129251400014,
              22.664315794000174
            ],
            [
              89.66136376400016,
              22.664142656000024
            ],
            [
              89.66152553400019,
              22.663814346000038
            ],
            [
              89.66159044700015,
              22.663599366000028
            ],
            [
              89.66169451700006,
              22.663169350000146
            ],
            [
              89.66188281500018,
              22.66252439400006
            ],
            [
              89.66200620000018,
              22.66209441900014
            ],
            [
              89.66201688500007,
              22.662062938000076
            ],
            [
              89.66210347900017,
              22.661807801
            ],
            [
              89.66211660500016,
              22.661706245000175
            ],
            [
              89.66206577000014,
              22.661431265000147
            ],
            [
              89.6620470540002,
              22.6611862310001
            ],
            [
              89.66209250400004,
              22.661030964000133
            ],
            [
              89.66215747400008,
              22.66079208100018
            ],
            [
              89.66220340500007,
              22.66043962400005
            ],
            [
              89.66228243400013,
              22.659716756000137
            ],
            [
              89.6622583620001,
              22.659029523000186
            ],
            [
              89.66223438600008,
              22.658675949999974
            ],
            [
              89.66222107800019,
              22.658479699000168
            ],
            [
              89.66209999400013,
              22.65797152700003
            ],
            [
              89.66209399399997,
              22.657792250000057
            ],
            [
              89.66217943200013,
              22.65708134600004
            ],
            [
              89.66225142100012,
              22.65660345800012
            ],
            [
              89.66238791000018,
              22.656077902000163
            ],
            [
              89.66254452900006,
              22.655217760000028
            ],
            [
              89.6625986630001,
              22.654142284000045
            ],
            [
              89.66264517400015,
              22.653550808000148
            ],
            [
              89.66263260500006,
              22.653425297000126
            ],
            [
              89.66259422500008,
              22.65332363300007
            ],
            [
              89.6624529680002,
              22.653167972000062
            ],
            [
              89.66233752100015,
              22.652988464000146
            ],
            [
              89.66199192200008,
              22.652236317000188
            ],
            [
              89.66149169200008,
              22.651446495000187
            ],
            [
              89.66136883900015,
              22.65113790000015
            ],
            [
              89.66108482500005,
              22.65039155700009
            ],
            [
              89.66071683700017,
              22.649236312000028
            ],
            [
              89.66067889700008,
              22.64895657800014
            ],
            [
              89.6606792840002,
              22.648798826000075
            ],
            [
              89.66072614900008,
              22.648590978000072
            ],
            [
              89.66077322300004,
              22.64829708299999
            ],
            [
              89.6607813350002,
              22.648139347000097
            ],
            [
              89.66068187400003,
              22.647744753000154
            ],
            [
              89.66053107700009,
              22.64640476200003
            ],
            [
              89.66070195800012,
              22.646284946000037
            ],
            [
              89.66098118900004,
              22.64615002800008
            ],
            [
              89.6612712390002,
              22.646067082000172
            ],
            [
              89.66165072899997,
              22.645975292
            ],
            [
              89.66201883800017,
              22.645935410000106
            ],
            [
              89.6623755940002,
              22.64593616700006
            ],
            [
              89.66267687099997,
              22.645988743000146
            ],
            [
              89.6629442090001,
              22.646113520000085
            ],
            [
              89.66326670800004,
              22.646443927000178
            ],
            [
              89.66355582600016,
              22.646869122000055
            ],
            [
              89.66372199400007,
              22.64732567100009
            ],
            [
              89.66383219900018,
              22.647782108000115
            ],
            [
              89.66395836900017,
              22.64842828700006
            ],
            [
              89.66397548900017,
              22.648516402000155
            ],
            [
              89.6641523080001,
              22.64909718800004
            ],
            [
              89.6642079090002,
              22.649246361000053
            ],
            [
              89.66430218300019,
              22.649501762000114
            ],
            [
              89.66440747200011,
              22.649730083000122
            ],
            [
              89.66457411700014,
              22.64999241000004
            ],
            [
              89.66481341000014,
              22.650272959000063
            ],
            [
              89.66504119600012,
              22.650533154000186
            ],
            [
              89.66527475400011,
              22.65079787800005
            ],
            [
              89.66553081600011,
              22.651062648000106
            ],
            [
              89.66590354000004,
              22.65138412400006
            ],
            [
              89.66616528100013,
              22.651565344000176
            ],
            [
              89.66635449600005,
              22.65167866200011
            ],
            [
              89.66656625100012,
              22.65177847000001
            ],
            [
              89.66680021400003,
              22.651876069000025
            ],
            [
              89.66702803700014,
              22.65196990000004
            ],
            [
              89.66731828400009,
              22.652089440000168
            ],
            [
              89.66758029200008,
              22.652162252000153
            ],
            [
              89.66778642000008,
              22.652198815000077
            ],
            [
              89.6680208590002,
              22.652226401000064
            ],
            [
              89.66840556500006,
              22.65224752400013
            ],
            [
              89.6689685070001,
              22.652269015
            ],
            [
              89.67012836100014,
              22.65235045200012
            ],
            [
              89.67047416400004,
              22.65236019600019
            ],
            [
              89.67119879200015,
              22.652433953000184
            ],
            [
              89.67161140600018,
              22.65248674200018
            ],
            [
              89.67195163200012,
              22.652539385000182
            ],
            [
              89.6723695140002,
              22.652680264000026
            ],
            [
              89.67265360500016,
              22.652805056000034
            ],
            [
              89.6728541390001,
              22.652893543000175
            ],
            [
              89.67302657900012,
              22.653029401000083
            ],
            [
              89.67312676800015,
              22.653106392000097
            ],
            [
              89.67322873500018,
              22.653126926000027
            ],
            [
              89.67337764700005,
              22.653127231000155
            ],
            [
              89.67355071300017,
              22.653127585
            ],
            [
              89.67374019100004,
              22.65313248400014
            ],
            [
              89.67383658400007,
              22.653136587000063
            ],
            [
              89.6739074620001,
              22.653139603000113
            ],
            [
              89.67401361300006,
              22.65313981900016
            ],
            [
              89.67411941300014,
              22.653160357000047
            ],
            [
              89.67423645100007,
              22.653185437
            ],
            [
              89.67432548500011,
              22.653221755000175
            ],
            [
              89.67441491000017,
              22.653221934999976
            ],
            [
              89.6744593140001,
              22.653222025
            ],
            [
              89.67455978200007,
              22.653181577000055
            ],
            [
              89.67464933600019,
              22.65312529900018
            ],
            [
              89.67470499900008,
              22.6531254140001
            ],
            [
              89.67475514700016,
              22.653141325999968
            ],
            [
              89.6748219540001,
              22.653186628000185
            ],
            [
              89.67494456100019,
              22.653302058000122
            ],
            [
              89.67502232900006,
              22.653342868000152
            ],
            [
              89.67510047200005,
              22.653354316000048
            ],
            [
              89.6751953700001,
              22.653354510000042
            ],
            [
              89.67527901300014,
              22.653354680000064
            ],
            [
              89.67533465100013,
              22.653363825000042
            ],
            [
              89.67536804500008,
              22.65339099500011
            ],
            [
              89.6753846420001,
              22.653447488000097
            ],
            [
              89.675417918,
              22.65352434400006
            ],
            [
              89.67546797300014,
              22.653580906000116
            ],
            [
              89.67552359400003,
              22.653596828000047
            ],
            [
              89.67557959800007,
              22.653581130000134
            ],
            [
              89.67560190600011,
              22.65353600700007
            ],
            [
              89.67560756800009,
              22.653456972000185
            ],
            [
              89.67560772200011,
              22.653391479000163
            ],
            [
              89.67561367000002,
              22.65331922300004
            ],
            [
              89.6756414580002,
              22.653271850000124
            ],
            [
              89.67573091900005,
              22.653256224000074
            ],
            [
              89.67582581500011,
              22.65325641400011
            ],
            [
              89.67592618900005,
              22.653256618000114
            ],
            [
              89.6760039890001,
              22.65328387500017
            ],
            [
              89.6760708170001,
              22.65332014700016
            ],
            [
              89.67613761100012,
              22.65337222500017
            ],
            [
              89.67624350800008,
              22.653480846000036
            ],
            [
              89.67633249400018,
              22.653537485000186
            ],
            [
              89.67639936000006,
              22.653557945999978
            ],
            [
              89.67646080000014,
              22.65355807000003
            ],
            [
              89.67653866400019,
              22.653558225000097
            ],
            [
              89.67659461900013,
              22.653562857000168
            ],
            [
              89.67663352400007,
              22.653574226000103
            ],
            [
              89.67667237200004,
              22.65361044200006
            ],
            [
              89.67672243600015,
              22.65366248700002
            ],
            [
              89.67675578800004,
              22.653707720000114
            ],
            [
              89.67681719100005,
              22.653723655000135
            ],
            [
              89.67689536000006,
              22.653723813000113
            ],
            [
              89.67696779700009,
              22.653703635000056
            ],
            [
              89.67705147700008,
              22.653687991000027
            ],
            [
              89.67711839200018,
              22.653688127
            ],
            [
              89.67726886600002,
              22.653724566000108
            ],
            [
              89.67739174600007,
              22.653724815000032
            ],
            [
              89.6774921170001,
              22.65372501300004
            ],
            [
              89.67753101200003,
              22.653740901000106
            ],
            [
              89.6775756040002,
              22.65379293600006
            ],
            [
              89.67760313300005,
              22.653856225000084
            ],
            [
              89.67765318900013,
              22.653912787000138
            ],
            [
              89.67772006600006,
              22.65392873200011
            ],
            [
              89.6778094780002,
              22.653933428000187
            ],
            [
              89.67788186600012,
              22.65393357199997
            ],
            [
              89.67794873300005,
              22.653954033
            ],
            [
              89.67799890300012,
              22.653960907000055
            ],
            [
              89.6781272390001,
              22.65397020400019
            ],
            [
              89.67824426600009,
              22.65400205200018
            ],
            [
              89.67834459100015,
              22.654022582000096
            ],
            [
              89.67841151800008,
              22.654018199000177
            ],
            [
              89.67846727600005,
              22.65397540200007
            ],
            [
              89.67851750900007,
              22.65395517600018
            ],
            [
              89.67855096900018,
              22.653955243000098
            ],
            [
              89.67858439700007,
              22.65396660100015
            ],
            [
              89.67860682200006,
              22.65400278200002
            ],
            [
              89.67865089200018,
              22.65414741000012
            ],
            [
              89.67867323300015,
              22.654219725000132
            ],
            [
              89.67871207000007,
              22.65426045300012
            ],
            [
              89.67879023900008,
              22.65426061200003
            ],
            [
              89.67885137500014,
              22.65426073300017
            ],
            [
              89.67890165900002,
              22.65422018400011
            ],
            [
              89.6789519740002,
              22.654163822000044
            ],
            [
              89.67901928700019,
              22.654123303000176
            ],
            [
              89.67911390700004,
              22.654112203000125
            ],
            [
              89.67918655300019,
              22.65413267600013
            ],
            [
              89.6792589430001,
              22.654132820000143
            ],
            [
              89.67932038500004,
              22.65413294200016
            ],
            [
              89.67940952300012,
              22.654124087000014
            ],
            [
              89.67947096300009,
              22.65412420900003
            ],
            [
              89.67953198500015,
              22.654174019000095
            ],
            [
              89.67956535300004,
              22.654212477000044
            ],
            [
              89.67962123300009,
              22.654248724000126
            ],
            [
              89.67968236800004,
              22.654248849000055
            ],
            [
              89.6797271150001,
              22.65423312700017
            ],
            [
              89.67978291400004,
              22.65417452100013
            ],
            [
              89.67988338200018,
              22.654134067000143
            ],
            [
              89.68000631000007,
              22.654113986000027
            ],
            [
              89.68007322200009,
              22.654114123000113
            ],
            [
              89.68019027800017,
              22.65413468000014
            ],
            [
              89.68028513800004,
              22.65415067900011
            ],
            [
              89.68047453400004,
              22.65419170800004
            ],
            [
              89.6806250780001,
              22.654198783000027
            ],
            [
              89.68076438400004,
              22.654199063000192
            ],
            [
              89.68092072100012,
              22.654199372000164
            ],
            [
              89.68105460400011,
              22.65417705400006
            ],
            [
              89.68119390800007,
              22.654177333000177
            ],
            [
              89.6813167910002,
              22.65417757600011
            ],
            [
              89.68145609600009,
              22.65417785300002
            ],
            [
              89.68159000400016,
              22.65414198500008
            ],
            [
              89.68186912400017,
              22.654054461000158
            ],
            [
              89.68217580800012,
              22.65401441600011
            ],
            [
              89.6825384600001,
              22.65397448300007
            ],
            [
              89.68296231700009,
              22.653903051000043
            ],
            [
              89.68338078599999,
              22.653795473
            ],
            [
              89.68370168100017,
              22.65365834100004
            ],
            [
              89.68403414900018,
              22.653516719000038
            ],
            [
              89.68442478500015,
              22.653341331000092
            ],
            [
              89.68487705100011,
              22.653082499
            ],
            [
              89.68524017200019,
              22.65283478400005
            ],
            [
              89.68553058600008,
              22.652593703000093
            ],
            [
              89.68557690199998,
              22.652542384000185
            ],
            [
              89.68564249200011,
              22.652469709000115
            ],
            [
              89.68575449700006,
              22.652302805000147
            ],
            [
              89.6858497670001,
              22.65213812500002
            ],
            [
              89.68598976500016,
              22.65183351000013
            ],
            [
              89.68611880000009,
              22.651533391999976
            ],
            [
              89.68624208200015,
              22.651221968000186
            ],
            [
              89.68633180800009,
              22.65095338900005
            ],
            [
              89.68638652200019,
              22.65072952500003
            ],
            [
              89.68640518500007,
              22.65065316
            ],
            [
              89.68642776200005,
              22.65048833800006
            ],
            [
              89.68643944300004,
              22.65030091300008
            ],
            [
              89.6864456630002,
              22.64997119300017
            ],
            [
              89.68644078900013,
              22.649706945000162
            ],
            [
              89.68641347700003,
              22.64941103600006
            ],
            [
              89.68640857000008,
              22.649162601000057
            ],
            [
              89.68642616800008,
              22.64877869800017
            ],
            [
              89.68646608600005,
              22.648345157999984
            ],
            [
              89.68651682200016,
              22.648101340999972
            ],
            [
              89.68658987400016,
              22.647807892000117
            ],
            [
              89.68673013900013,
              22.647516824000036
            ],
            [
              89.686821409,
              22.647423957000058
            ],
            [
              89.68693091800014,
              22.64749689400014
            ],
            [
              89.68703120500015,
              22.647533222000163
            ],
            [
              89.68714829100009,
              22.647537969999973
            ],
            [
              89.6872599570001,
              22.647517860000107
            ],
            [
              89.68755537400011,
              22.647477785000092
            ],
            [
              89.68781221500012,
              22.64741505000012
            ],
            [
              89.68803532600003,
              22.64733869600002
            ],
            [
              89.68823624900006,
              22.64725552400006
            ],
            [
              89.68836477100018,
              22.647178987000075
            ],
            [
              89.68848206500013,
              22.647091137000075
            ],
            [
              89.68859391200004,
              22.64699198300002
            ],
            [
              89.68868871700016,
              22.64689505600012
            ],
            [
              89.68881193300007,
              22.646743978000018
            ],
            [
              89.68896848100002,
              22.64651166300007
            ],
            [
              89.68917570100012,
              22.64619813900009
            ],
            [
              89.68923712800017,
              22.646067273000085
            ],
            [
              89.68928764500015,
              22.64591831300004
            ],
            [
              89.68950627000004,
              22.645401553000056
            ],
            [
              89.6896016880001,
              22.645166861000178
            ],
            [
              89.68973613700012,
              22.64488933300015
            ],
            [
              89.68985912200009,
              22.644702120000034
            ],
            [
              89.6899933860002,
              22.644505896000112
            ],
            [
              89.69013891000014,
              22.64430517700015
            ],
            [
              89.69043527700006,
              22.64397375800013
            ],
            [
              89.69077062700012,
              22.643617572000153
            ],
            [
              89.69092868400014,
              22.643464791000042
            ],
            [
              89.69115070600003,
              22.643250179000063
            ],
            [
              89.69143011900013,
              22.64301810000012
            ],
            [
              89.69162549700013,
              22.642826505000187
            ],
            [
              89.69172603200019,
              22.642749912000113
            ],
            [
              89.69181558700006,
              22.642686848999972
            ],
            [
              89.69201077900004,
              22.642578818
            ],
            [
              89.69242972400019,
              22.642374103000066
            ],
            [
              89.69280360900012,
              22.642191890000163
            ],
            [
              89.69309374400007,
              22.642059194000183
            ],
            [
              89.69330048100016,
              22.641955703000065
            ],
            [
              89.6936186330002,
              22.641804999000044
            ],
            [
              89.69392002900008,
              22.64166780400012
            ],
            [
              89.69418248000005,
              22.641537315999983
            ],
            [
              89.69446132600007,
              22.64142041000008
            ],
            [
              89.69475174000007,
              22.64129674900005
            ],
            [
              89.69512010900013,
              22.641130325000177
            ],
            [
              89.69558340200018,
              22.64094601400012
            ],
            [
              89.69606736200006,
              22.64076851400017
            ],
            [
              89.69639603700017,
              22.640672023000093
            ],
            [
              89.69683718800013,
              22.640598329
            ],
            [
              89.69694470600018,
              22.640584356000033
            ],
            [
              89.69717973600007,
              22.640553810000142
            ],
            [
              89.69743535800006,
              22.640484280000067
            ],
            [
              89.69777073700004,
              22.64038102700016
            ],
            [
              89.69815851700014,
              22.64023495400005
            ],
            [
              89.69859402000003,
              22.640100267000037
            ],
            [
              89.6993569830002,
              22.63986682300009
            ],
            [
              89.69980562500018,
              22.639842823000038
            ],
            [
              89.70005544200018,
              22.639784567
            ],
            [
              89.70045883700004,
              22.639588836000087
            ],
            [
              89.70221924300006,
              22.638691
            ],
            [
              89.70229594100016,
              22.638664040000094
            ],
            [
              89.70278967899998,
              22.63848430600018
            ],
            [
              89.70504890700005,
              22.63766186200013
            ],
            [
              89.70679945600006,
              22.6370846530001
            ],
            [
              89.7070313590001,
              22.637008286000082
            ],
            [
              89.70746346800007,
              22.63689015400007
            ],
            [
              89.70853307100003,
              22.63659773100011
            ],
            [
              89.70915050200006,
              22.636711774000048
            ],
            [
              89.71015804600012,
              22.637009455000054
            ],
            [
              89.71095185300015,
              22.637132842000085
            ],
            [
              89.71169981800011,
              22.63721775000016
            ],
            [
              89.71174208100018,
              22.63722234200003
            ],
            [
              89.71225509800007,
              22.637388130000033
            ],
            [
              89.7125369580001,
              22.637564794000127
            ],
            [
              89.71284741700015,
              22.637736992000157
            ],
            [
              89.71314245000013,
              22.638013052000076
            ],
            [
              89.71342438800019,
              22.638300379000157
            ],
            [
              89.71371904400002,
              22.6387616290001
            ],
            [
              89.71382828100013,
              22.639175117000036
            ],
            [
              89.71392376800009,
              22.63962020100007
            ],
            [
              89.71386171800015,
              22.64006500300013
            ],
            [
              89.71383462300008,
              22.640516645
            ],
            [
              89.71382666600005,
              22.64083506800017
            ],
            [
              89.71393260300005,
              22.641081431000032
            ],
            [
              89.7139453170002,
              22.641110813000125
            ],
            [
              89.71420940000013,
              22.64121065600017
            ],
            [
              89.71435615600018,
              22.641194381000105
            ],
            [
              89.71457018400014,
              22.641170646000035
            ],
            [
              89.71459846800013,
              22.641155741000148
            ],
            [
              89.71467299099999,
              22.641116468000178
            ],
            [
              89.71502292200012,
              22.6409320570001
            ],
            [
              89.71625780900007,
              22.639987956000027
            ],
            [
              89.71815204300009,
              22.638889176000077
            ],
            [
              89.71906625500009,
              22.63843909500008
            ],
            [
              89.71973611000016,
              22.63813239300009
            ],
            [
              89.72003427400011,
              22.63799587400007
            ],
            [
              89.72182802200007,
              22.637533754
            ],
            [
              89.72649213300002,
              22.63689134300006
            ],
            [
              89.72690876000013,
              22.63659394000007
            ],
            [
              89.72719302800004,
              22.636483760000033
            ],
            [
              89.72761443299999,
              22.636323222000044
            ],
            [
              89.72750881900015,
              22.635501872000134
            ],
            [
              89.72746476800012,
              22.63455325000018
            ],
            [
              89.72746679600016,
              22.633525659000156
            ],
            [
              89.72754254300008,
              22.63243270100014
            ],
            [
              89.72761782200018,
              22.631579134000106
            ],
            [
              89.72797107800011,
              22.630249507000144
            ],
            [
              89.72802592500011,
              22.63004182300017
            ],
            [
              89.72847148500006,
              22.628161290000094
            ],
            [
              89.72858453200007,
              22.626964504
            ],
            [
              89.72858600600017,
              22.626212441000064
            ],
            [
              89.7285872120001,
              22.625598145000026
            ],
            [
              89.72855142300006,
              22.625085417000093
            ],
            [
              89.72844153900007,
              22.62467419400008
            ],
            [
              89.72822163600006,
              22.624231165000083
            ],
            [
              89.72818459600018,
              22.62420174300013
            ],
            [
              89.72778046100007,
              22.62388713300004
            ],
            [
              89.72732985600015,
              22.62371854600002
            ],
            [
              89.72555589100006,
              22.623731433000103
            ],
            [
              89.72504105000013,
              22.623682747000032
            ],
            [
              89.72448509000014,
              22.623595745999978
            ],
            [
              89.72398075799998,
              22.623441905000163
            ],
            [
              89.72355893200012,
              22.62323084000019
            ],
            [
              89.72324026600018,
              22.622933903000046
            ],
            [
              89.72296319700007,
              22.622436259999972
            ],
            [
              89.72258762700011,
              22.621343999000146
            ],
            [
              89.72223623900015,
              22.620322050000027
            ],
            [
              89.721959621,
              22.619604505000098
            ],
            [
              89.72158004200014,
              22.61887722000006
            ],
            [
              89.7212207180001,
              22.618322066000133
            ],
            [
              89.72095361700008,
              22.617996532000177
            ],
            [
              89.720676007,
              22.61777614900012
            ],
            [
              89.72034671400007,
              22.617651284000033
            ],
            [
              89.71981130000017,
              22.617602546000057
            ],
            [
              89.719059361,
              22.61768249900001
            ],
            [
              89.7187640800002,
              22.61773243199997
            ],
            [
              89.71782828900012,
              22.617890678000094
            ],
            [
              89.71714849400013,
              22.617942066000126
            ],
            [
              89.7161136040001,
              22.617897215000028
            ],
            [
              89.71531065300019,
              22.617742818000124
            ],
            [
              89.71483726700012,
              22.61757944300001
            ],
            [
              89.71447730200009,
              22.617349342000068
            ],
            [
              89.71427185100003,
              22.617100392999987
            ],
            [
              89.71413337800004,
              22.616832442000145
            ],
            [
              89.71405181200004,
              22.616435521000085
            ],
            [
              89.71410947000004,
              22.615943238000114
            ],
            [
              89.71424761200007,
              22.61551774600008
            ],
            [
              89.7142896060002,
              22.615388399000096
            ],
            [
              89.71436446700005,
              22.615263078000112
            ],
            [
              89.7148762180002,
              22.614295949000166
            ],
            [
              89.71546556400011,
              22.613149690000057
            ],
            [
              89.71563661500016,
              22.61259785200008
            ],
            [
              89.71567772300017,
              22.612325439000188
            ],
            [
              89.7156877180002,
              22.61207285900008
            ],
            [
              89.71567551499999,
              22.611833648000072
            ],
            [
              89.71560739100005,
              22.611159486000076
            ],
            [
              89.71543864200004,
              22.610592704000055
            ],
            [
              89.71491602800012,
              22.60934408200012
            ],
            [
              89.71489943600017,
              22.609299229000044
            ],
            [
              89.71480382500016,
              22.60923089500011
            ],
            [
              89.71469978900012,
              22.608975707000127
            ],
            [
              89.71451809600006,
              22.608467227000176
            ],
            [
              89.71427541900016,
              22.608042202999968
            ],
            [
              89.713728543,
              22.60739078900008
            ],
            [
              89.71199621000011,
              22.605831603000013
            ],
            [
              89.7112056260001,
              22.60526556500008
            ],
            [
              89.71090185600019,
              22.604982709000126
            ],
            [
              89.7105979640001,
              22.604614030000107
            ],
            [
              89.71041581900005,
              22.604331393000052
            ],
            [
              89.71032537400009,
              22.60396309900017
            ],
            [
              89.7103258460001,
              22.60373725200003
            ],
            [
              89.71032626200014,
              22.603538507
            ],
            [
              89.71035714000004,
              22.60331271600006
            ],
            [
              89.71047953600004,
              22.603087089000155
            ],
            [
              89.71127215600006,
              22.602523898000186
            ],
            [
              89.71316171700005,
              22.601402565000058
            ],
            [
              89.71377151600012,
              22.60101971299997
            ],
            [
              89.71422299300008,
              22.600740466000047
            ],
            [
              89.71448175400008,
              22.60089306300017
            ],
            [
              89.71448327600001,
              22.60084682000013
            ],
            [
              89.71449209300016,
              22.60045718400005
            ],
            [
              89.71444151500003,
              22.600017293000178
            ],
            [
              89.71435004600005,
              22.599433916000123
            ],
            [
              89.71425816500016,
              22.599089455000126
            ],
            [
              89.71423404500013,
              22.59899727600009
            ],
            [
              89.71420777400016,
              22.59890053900017
            ],
            [
              89.71405794500009,
              22.59835875100009
            ],
            [
              89.71373782400019,
              22.597557456000118
            ],
            [
              89.71317405200006,
              22.596325484000147
            ],
            [
              89.71277726200009,
              22.595261126000025
            ],
            [
              89.71262420300013,
              22.594591589000117
            ],
            [
              89.71262174000003,
              22.594542368000077
            ],
            [
              89.71258712800017,
              22.593850553000095
            ],
            [
              89.71264129900015,
              22.593571972000063
            ],
            [
              89.71265217500013,
              22.593516038000075
            ],
            [
              89.71274286400012,
              22.593229373000042
            ],
            [
              89.71294961100006,
              22.592835356000023
            ],
            [
              89.71302189200009,
              22.592727847000106
            ],
            [
              89.71324654900013,
              22.592393694000066
            ],
            [
              89.714007659,
              22.591546521000055
            ],
            [
              89.71562064900007,
              22.590126744000088
            ],
            [
              89.7161048260001,
              22.589615192000053
            ],
            [
              89.71680590900007,
              22.588864363000027
            ],
            [
              89.71717460800016,
              22.58845397200008
            ],
            [
              89.71739639200018,
              22.588079459000085
            ],
            [
              89.71754437400017,
              22.587668679000046
            ],
            [
              89.71761849699999,
              22.587397797000165
            ],
            [
              89.71783632500006,
              22.587398179000047
            ],
            [
              89.71792159000012,
              22.58711001000006
            ],
            [
              89.71795323800006,
              22.58673719000012
            ],
            [
              89.71787663100002,
              22.586435887000164
            ],
            [
              89.71763052200004,
              22.585947848000046
            ],
            [
              89.71727625,
              22.585488301999987
            ],
            [
              89.71669076300014,
              22.584813225
            ],
            [
              89.71534969200013,
              22.58357749700008
            ],
            [
              89.71383774499998,
              22.582262144000083
            ],
            [
              89.71366265799998,
              22.582105997000042
            ],
            [
              89.71314413400006,
              22.581646986000123
            ],
            [
              89.71310216400013,
              22.581609762000085
            ],
            [
              89.71203765600018,
              22.58054927500018
            ],
            [
              89.71104628900014,
              22.579248879000033
            ],
            [
              89.71032693600006,
              22.578335748000086
            ],
            [
              89.71038835000013,
              22.57831824400006
            ],
            [
              89.71273834200008,
              22.577777136000066
            ],
            [
              89.7139560060001,
              22.57769348800008
            ],
            [
              89.71438239300011,
              22.577750708000167
            ],
            [
              89.71465558900019,
              22.57809222000003
            ],
            [
              89.71489861900005,
              22.5783184980001
            ],
            [
              89.7149894150001,
              22.578515145000097
            ],
            [
              89.71501912800016,
              22.578996250000046
            ],
            [
              89.7152009560001,
              22.57942116300012
            ],
            [
              89.71547967400005,
              22.57965581400009
            ],
            [
              89.71550473200017,
              22.579676910000046
            ],
            [
              89.71614317200005,
              22.580100368000103
            ],
            [
              89.71626461200015,
              22.580326429000024
            ],
            [
              89.7163251770001,
              22.580441720000067
            ],
            [
              89.71620275200019,
              22.580694451000113
            ],
            [
              89.71620229200016,
              22.58092029500017
            ],
            [
              89.7162628120002,
              22.58120496800018
            ],
            [
              89.71638424200012,
              22.58128874500011
            ],
            [
              89.7166887910002,
              22.581318641000053
            ],
            [
              89.71909384500003,
              22.581266404000075
            ],
            [
              89.71973298900019,
              22.581351083000072
            ],
            [
              89.71973276000006,
              22.581464005000043
            ],
            [
              89.71982317800007,
              22.582001677999983
            ],
            [
              89.71985328900018,
              22.58214401400005
            ],
            [
              89.72003576600008,
              22.582257254000183
            ],
            [
              89.72033995800001,
              22.582314247
            ],
            [
              89.72067508200007,
              22.582258366000133
            ],
            [
              89.7213754280001,
              22.582146661000024
            ],
            [
              89.72253336400013,
              22.581694713000104
            ],
            [
              89.72295974100018,
              22.581611884000097
            ],
            [
              89.72338583800018,
              22.581669081000086
            ],
            [
              89.72365974400009,
              22.58166955200005
            ],
            [
              89.72393412200006,
              22.581584203000034
            ],
            [
              89.72420825300009,
              22.58147175100015
            ],
            [
              89.72440266700016,
              22.58145635900007
            ],
            [
              89.72454331300008,
              22.58144522500004
            ],
            [
              89.725303612,
              22.581755934000114
            ],
            [
              89.7255169410002,
              22.58164337700009
            ],
            [
              89.72579131600008,
              22.58156028100018
            ],
            [
              89.7263389580001,
              22.581644778000168
            ],
            [
              89.72679609400006,
              22.58153263200012
            ],
            [
              89.72710017600019,
              22.581646073000172
            ],
            [
              89.7274039780001,
              22.581901796000068
            ],
            [
              89.72773876700018,
              22.58201528400008
            ],
            [
              89.72865019400018,
              22.58200102000012
            ],
            [
              89.7284896430001,
              22.581399995000027
            ],
            [
              89.72847250900014,
              22.580835351000076
            ],
            [
              89.72849152000003,
              22.58044241000016
            ],
            [
              89.7285657540001,
              22.58010151000019
            ],
            [
              89.72873217200004,
              22.57972462700019
            ],
            [
              89.72889848700004,
              22.579399688000024
            ],
            [
              89.72899667300015,
              22.57924628000012
            ],
            [
              89.72902777800016,
              22.579196645000025
            ],
            [
              89.7294336710001,
              22.578700466000043
            ],
            [
              89.72982104700014,
              22.578188448000162
            ],
            [
              89.73004274800013,
              22.577829725000072
            ],
            [
              89.7301535310001,
              22.577608582000153
            ],
            [
              89.73019058000006,
              22.577470877000053
            ],
            [
              89.73020945300016,
              22.577301523000074
            ],
            [
              89.73022830100007,
              22.577145720000033
            ],
            [
              89.73046707100013,
              22.57723194600004
            ],
            [
              89.73089046400008,
              22.57726653100019
            ],
            [
              89.73129507900006,
              22.577423041000145
            ],
            [
              89.73166241500007,
              22.57767886400012
            ],
            [
              89.7321034200001,
              22.57803869300011
            ],
            [
              89.73236044900011,
              22.57843209400005
            ],
            [
              89.73254370600011,
              22.57877342800009
            ],
            [
              89.73272759700012,
              22.57894537500016
            ],
            [
              89.7329666440001,
              22.579047404000164
            ],
            [
              89.7332793870001,
              22.579084062
            ],
            [
              89.73383157400008,
              22.579014962000144
            ],
            [
              89.73508354699999,
              22.57879570200015
            ],
            [
              89.73532279000017,
              22.5787960990001
            ],
            [
              89.73565414500013,
              22.57879664100011
            ],
            [
              89.73593013800013,
              22.57881516300006
            ],
            [
              89.73631675600018,
              22.578849675000072
            ],
            [
              89.73688682200009,
              22.578970307000077
            ],
            [
              89.73788036700012,
              22.5792452070001
            ],
            [
              89.73861874600004,
              22.579527351000024
            ],
            [
              89.73900222200012,
              22.579673881000076
            ],
            [
              89.74003206600008,
              22.580050456000038
            ],
            [
              89.74106169100008,
              22.580548982000096
            ],
            [
              89.74170535400015,
              22.580823290000012
            ],
            [
              89.74214654900015,
              22.580999998000095
            ],
            [
              89.74222055400014,
              22.581029638000075
            ],
            [
              89.74247804300006,
              22.581030052000074
            ],
            [
              89.74264375600018,
              22.58101224900014
            ],
            [
              89.74280968800002,
              22.580877006000037
            ],
            [
              89.74288347600009,
              22.580757429000187
            ],
            [
              89.74288369800013,
              22.580637727000067
            ],
            [
              89.74286577700013,
              22.580466056000148
            ],
            [
              89.742792226,
              22.580294296000147
            ],
            [
              89.74235163000014,
              22.579695095000034
            ],
            [
              89.74203960900019,
              22.57926774500004
            ],
            [
              89.74196645400008,
              22.579046300000073
            ],
            [
              89.74198540900016,
              22.578825
            ],
            [
              89.74211432100014,
              22.578653564000092
            ],
            [
              89.74229870100015,
              22.578568038000128
            ],
            [
              89.74262981200008,
              22.578534692
            ],
            [
              89.7430533100001,
              22.57851730100009
            ],
            [
              89.74343981300007,
              22.57845016500005
            ],
            [
              89.7436424620002,
              22.578348859000187
            ],
            [
              89.74380835800008,
              22.578229423000096
            ],
            [
              89.74410372199998,
              22.57780078700017
            ],
            [
              89.74443620500006,
              22.577187013000184
            ],
            [
              89.74474986200016,
              22.576726784000186
            ],
            [
              89.74504444000002,
              22.57655560900014
            ],
            [
              89.74528410900007,
              22.576488233000077
            ],
            [
              89.74548662900014,
              22.576454679000165
            ],
            [
              89.74563375900004,
              22.576454912000088
            ],
            [
              89.74583606300007,
              22.5765387940001
            ],
            [
              89.74596479800016,
              22.57662482000012
            ],
            [
              89.7465159690002,
              22.5771044870001
            ],
            [
              89.74686496600003,
              22.577430255000024
            ],
            [
              89.74701172099998,
              22.57763600600009
            ],
            [
              89.74706667200019,
              22.57784161400008
            ],
            [
              89.74715816000014,
              22.578182784000035
            ],
            [
              89.74719416500017,
              22.578609692000043
            ],
            [
              89.74726735600012,
              22.578815327000086
            ],
            [
              89.74748801900017,
              22.579003128000068
            ],
            [
              89.74759830700003,
              22.579037176000043
            ],
            [
              89.74787430300012,
              22.579055678000145
            ],
            [
              89.74813212500015,
              22.579038014000105
            ],
            [
              89.74825855900013,
              22.57898924000017
            ],
            [
              89.74848196500017,
              22.578903057000048
            ],
            [
              89.74890549900005,
              22.578698197000165
            ],
            [
              89.74949522800006,
              22.578373898000052
            ],
            [
              89.75015796999998,
              22.578187475000163
            ],
            [
              89.75045272300014,
              22.578086304000067
            ],
            [
              89.75067363700015,
              22.577966948000153
            ],
            [
              89.7507021150002,
              22.577960302000122
            ],
            [
              89.750894732,
              22.577915347000044
            ],
            [
              89.75122608700019,
              22.577915859000086
            ],
            [
              89.75153886600003,
              22.577932153000177
            ],
            [
              89.75175944200015,
              22.578002506000075
            ],
            [
              89.75201701200018,
              22.578122604000043
            ],
            [
              89.75225598100013,
              22.578276547000087
            ],
            [
              89.75240274800012,
              22.578482296000118
            ],
            [
              89.75243931700004,
              22.578602048000107
            ],
            [
              89.7524391030002,
              22.578721746000042
            ],
            [
              89.75238371700004,
              22.578924926000184
            ],
            [
              89.75223597200016,
              22.579096339000046
            ],
            [
              89.75207023200011,
              22.579301606000058
            ],
            [
              89.75199605200004,
              22.579473134000068
            ],
            [
              89.75197751000007,
              22.57964249100013
            ],
            [
              89.752014079,
              22.579762245000097
            ],
            [
              89.75210603600004,
              22.579848207999987
            ],
            [
              89.75223438100011,
              22.57998617200002
            ],
            [
              89.75247317200007,
              22.58024174600007
            ],
            [
              89.7525283170001,
              22.580343462000144
            ],
            [
              89.75256482500009,
              22.580499355000143
            ],
            [
              89.75260121200017,
              22.580720738000082
            ],
            [
              89.7526005110002,
              22.581113712000104
            ],
            [
              89.75263665400007,
              22.581472862000112
            ],
            [
              89.75267285700016,
              22.58179813600003
            ],
            [
              89.75274645500019,
              22.58195182800017
            ],
            [
              89.75294852600013,
              22.582173467000075
            ],
            [
              89.75322407300013,
              22.582447166000122
            ],
            [
              89.75360973100004,
              22.582858797000142
            ],
            [
              89.75370006000014,
              22.58295547100016
            ],
            [
              89.75384852800016,
              22.58311436700012
            ],
            [
              89.75388711400018,
              22.583182757000145
            ],
            [
              89.75403217900003,
              22.583439870000177
            ],
            [
              89.75414210700006,
              22.583679435000192
            ],
            [
              89.7542888210001,
              22.583919059000095
            ],
            [
              89.75439890300015,
              22.584072801000048
            ],
            [
              89.75450943700008,
              22.58414298200006
            ],
            [
              89.7546931500001,
              22.58426296100015
            ],
            [
              89.75484022900008,
              22.584297063000122
            ],
            [
              89.75498755300003,
              22.58436504100007
            ],
            [
              89.7550978810001,
              22.584381019000148
            ],
            [
              89.75533710300016,
              22.58439945100008
            ],
            [
              89.75548424200014,
              22.5843996750001
            ],
            [
              89.75579748900003,
              22.584332397000026
            ],
            [
              89.75616548800002,
              22.584247137999967
            ],
            [
              89.75690221400009,
              22.58400885400016
            ],
            [
              89.7572151870001,
              22.58392350600002
            ],
            [
              89.75824690900004,
              22.583446267000056
            ],
            [
              89.75883618400002,
              22.58320775600015
            ],
            [
              89.75914909200014,
              22.583158541000046
            ],
            [
              89.75948051800003,
              22.583122900000035
            ],
            [
              89.75977510000007,
              22.583123340999975
            ],
            [
              89.7599222390001,
              22.583123561000036
            ],
            [
              89.76021669700015,
              22.583194010000057
            ],
            [
              89.76052937000014,
              22.583280302000105
            ],
            [
              89.76104436800011,
              22.583450451999965
            ],
            [
              89.761412398,
              22.583521011000016
            ],
            [
              89.76161483800007,
              22.583537122000052
            ],
            [
              89.76178052100005,
              22.58353736900017
            ],
            [
              89.76198301600016,
              22.583521857000108
            ],
            [
              89.76218861500001,
              22.583467959000075
            ],
            [
              89.76216744400017,
              22.583228529000166
            ],
            [
              89.76235243000019,
              22.582786144000067
            ],
            [
              89.76261056600003,
              22.582409362000192
            ],
            [
              89.76308965200008,
              22.582069038999975
            ],
            [
              89.76342136400018,
              22.58186400900007
            ],
            [
              89.76408442800016,
              22.581487819000017
            ],
            [
              89.76441607700013,
              22.58131892000017
            ],
            [
              89.76450592700013,
              22.58121968100005
            ],
            [
              89.76460065100014,
              22.581113672000072
            ],
            [
              89.76471123800013,
              22.58097606800004
            ],
            [
              89.76471158200013,
              22.58077280800012
            ],
            [
              89.76471187400017,
              22.58060116100006
            ],
            [
              89.76463871400017,
              22.58036166000005
            ],
            [
              89.76438138700013,
              22.580088006000096
            ],
            [
              89.76397675400011,
              22.57991576700016
            ],
            [
              89.76327814000001,
              22.579573715000095
            ],
            [
              89.76257934800014,
              22.579161640000052
            ],
            [
              89.76213834200007,
              22.57875220699998
            ],
            [
              89.76191840700005,
              22.578306963000102
            ],
            [
              89.76184530000012,
              22.577861938000126
            ],
            [
              89.76180928100007,
              22.5774169660001
            ],
            [
              89.76192134200005,
              22.576597307000043
            ],
            [
              89.76203263200017,
              22.57605092300014
            ],
            [
              89.76218110900015,
              22.575265198000068
            ],
            [
              89.76232976600011,
              22.574375578000172
            ],
            [
              89.76234413700013,
              22.57409396000014
            ],
            [
              89.76236814100014,
              22.573623565000048
            ],
            [
              89.76244381400011,
              22.572392813000135
            ],
            [
              89.76255597300008,
              22.571333755000126
            ],
            [
              89.76266742800016,
              22.570685740000044
            ],
            [
              89.76295970800015,
              22.569383963000064
            ],
            [
              89.76311249500009,
              22.568703460000165
            ],
            [
              89.76315021100004,
              22.56815696600006
            ],
            [
              89.76322505600007,
              22.567405005000126
            ],
            [
              89.7631895610001,
              22.56665288400012
            ],
            [
              89.76304419300016,
              22.565627322000182
            ],
            [
              89.76271456400013,
              22.564635369000086
            ],
            [
              89.76223759300018,
              22.563778704000185
            ],
            [
              89.76128406800007,
              22.561830488000112
            ],
            [
              89.7604771020001,
              22.56022125400017
            ],
            [
              89.7600373460001,
              22.55912749700019
            ],
            [
              89.75985458100018,
              22.558476784000106
            ],
            [
              89.75985528900009,
              22.558068004000177
            ],
            [
              89.75992955700019,
              22.55765707100005
            ],
            [
              89.76007719900014,
              22.55735014100003
            ],
            [
              89.76040915400017,
              22.556973468000024
            ],
            [
              89.76088803900006,
              22.556700905000127
            ],
            [
              89.76114471699998,
              22.556615469000178
            ],
            [
              89.76221370600007,
              22.55625795200018
            ],
            [
              89.76401777000012,
              22.555817951999984
            ],
            [
              89.76446881900006,
              22.555802005000032
            ],
            [
              89.76493786900016,
              22.555785421000053
            ],
            [
              89.76582096100003,
              22.555888340000138
            ],
            [
              89.76633622000008,
              22.556026858000052
            ],
            [
              89.76707144500011,
              22.55640282899998
            ],
            [
              89.76736550900011,
              22.55667653100005
            ],
            [
              89.76780645500014,
              22.557088211
            ],
            [
              89.76824729300006,
              22.557567644000187
            ],
            [
              89.76872411400018,
              22.558523666000042
            ],
            [
              89.76920128200004,
              22.559276420000174
            ],
            [
              89.76967885300019,
              22.55978977799998
            ],
            [
              89.7703036740001,
              22.560407236000117
            ],
            [
              89.77063388700014,
              22.560886503000063
            ],
            [
              89.77096429800008,
              22.56143352500004
            ],
            [
              89.77107395600007,
              22.56184472300015
            ],
            [
              89.77118381100018,
              22.562321415000156
            ],
            [
              89.77120461600003,
              22.56263971800007
            ],
            [
              89.77121968600005,
              22.56287027700006
            ],
            [
              89.77121856100007,
              22.56355233400012
            ],
            [
              89.77121658500005,
              22.56474932200001
            ],
            [
              89.77117771900004,
              22.566014011000107
            ],
            [
              89.77132280800004,
              22.567245087
            ],
            [
              89.7715789410002,
              22.568236918000082
            ],
            [
              89.77185413700005,
              22.56896089800017
            ],
            [
              89.77198178700013,
              22.569296713000142
            ],
            [
              89.77227532500007,
              22.569913690000135
            ],
            [
              89.7726794420002,
              22.570390801000087
            ],
            [
              89.77315706200011,
              22.57090414800018
            ],
            [
              89.77378250400017,
              22.571180564000144
            ],
            [
              89.77418698800005,
              22.57124888600009
            ],
            [
              89.77470248300017,
              22.571283484000105
            ],
            [
              89.77521778200008,
              22.571250332000034
            ],
            [
              89.77661721500016,
              22.570739609000157
            ],
            [
              89.77750107100007,
              22.570433682000157
            ],
            [
              89.77819013800018,
              22.570327562000045
            ],
            [
              89.77860569400008,
              22.570263563000026
            ],
            [
              89.77915771500005,
              22.570264325000096
            ],
            [
              89.77996729400013,
              22.570400944000085
            ],
            [
              89.78114425500007,
              22.570813593000025
            ],
            [
              89.78324108200013,
              22.57160238000006
            ],
            [
              89.78434500000014,
              22.57208266300006
            ],
            [
              89.7846393760002,
              22.57180978100007
            ],
            [
              89.78466150700012,
              22.571792554000126
            ],
            [
              89.785489784,
              22.57114783100019
            ],
            [
              89.78596616100009,
              22.571475041000042
            ],
            [
              89.7869012930002,
              22.571616309000035
            ],
            [
              89.78828529500015,
              22.572227926000096
            ],
            [
              89.78879367700011,
              22.572669127000097
            ],
            [
              89.78998202100018,
              22.57370041700017
            ],
            [
              89.79118598600007,
              22.575192577000166
            ],
            [
              89.79224546200015,
              22.576562585000033
            ],
            [
              89.793214396,
              22.577708878000067
            ],
            [
              89.79361491900005,
              22.578213031000132
            ],
            [
              89.79405698200009,
              22.578583987000115
            ],
            [
              89.79444537700016,
              22.578864535000037
            ],
            [
              89.79481471100019,
              22.579084081000076
            ],
            [
              89.79480372600005,
              22.57911342500006
            ],
            [
              89.79672545300019,
              22.578381865000097
            ],
            [
              89.79843739800015,
              22.577864573000113
            ],
            [
              89.7995906110001,
              22.57754305500015
            ],
            [
              89.79970647400017,
              22.577513837000026
            ],
            [
              89.80021950399998,
              22.577381229000082
            ],
            [
              89.80070841900005,
              22.577316338000117
            ],
            [
              89.80126750500011,
              22.57728541300014
            ],
            [
              89.801721365,
              22.577285973000187
            ],
            [
              89.80214048200014,
              22.57734972800006
            ],
            [
              89.80252449900019,
              22.57751280800005
            ],
            [
              89.80294641500012,
              22.57774595000012
            ],
            [
              89.80311750300007,
              22.57800136900005
            ],
            [
              89.80319307100012,
              22.57830635400012
            ],
            [
              89.80322178700015,
              22.578421570000103
            ],
            [
              89.80325587100015,
              22.579038176000097
            ],
            [
              89.803429258,
              22.57981755900005
            ],
            [
              89.80360301800016,
              22.580337219000057
            ],
            [
              89.80374235300008,
              22.580694229000073
            ],
            [
              89.80391679000019,
              22.580951909000078
            ],
            [
              89.8041610630001,
              22.581051578000086
            ],
            [
              89.80418994200005,
              22.581053874000077
            ],
            [
              89.804510317,
              22.581083624000087
            ],
            [
              89.80499915200005,
              22.581084215000033
            ],
            [
              89.80569770200015,
              22.58111668200013
            ],
            [
              89.806466215,
              22.58111760900016
            ],
            [
              89.80704235700011,
              22.581077651000044
            ],
            [
              89.80742665800017,
              22.58104649200004
            ],
            [
              89.80775869500019,
              22.58099720500013
            ],
            [
              89.80803815900003,
              22.580934299999967
            ],
            [
              89.80836998300015,
              22.580819513000165
            ],
            [
              89.80875444200007,
              22.580675429000166
            ],
            [
              89.80905158200017,
              22.580578668000044
            ],
            [
              89.80936596800007,
              22.580545166000093
            ],
            [
              89.80964534300017,
              22.580545498000163
            ],
            [
              89.80987238500012,
              22.580579642000146
            ],
            [
              89.81023885400015,
              22.58069300000011
            ],
            [
              89.81069269700015,
              22.580937448000043
            ],
            [
              89.81104159600017,
              22.581229205000113
            ],
            [
              89.81133788300008,
              22.581536702999983
            ],
            [
              89.81151239600018,
              22.581749205000165
            ],
            [
              89.81154709200007,
              22.581943474000184
            ],
            [
              89.81156645100015,
              22.582015768000133
            ],
            [
              89.81163389900001,
              22.582268796000108
            ],
            [
              89.81172088500011,
              22.582463126000164
            ],
            [
              89.81189531300015,
              22.582738862999975
            ],
            [
              89.81213940100014,
              22.58298306500012
            ],
            [
              89.81246362800005,
              22.583106523000026
            ],
            [
              89.81275038600012,
              22.583259312000166
            ],
            [
              89.81313421200008,
              22.58335687100015
            ],
            [
              89.81342260000014,
              22.58344303000007
            ],
            [
              89.81351832500019,
              22.5834702410001
            ],
            [
              89.81385015000018,
              22.583583550000128
            ],
            [
              89.81428650600003,
              22.583730856999978
            ],
            [
              89.814670578,
              22.5838758430001
            ],
            [
              89.81508923700011,
              22.584072810000123
            ],
            [
              89.81545598400015,
              22.584217774000024
            ],
            [
              89.81573519300008,
              22.58434908600009
            ],
            [
              89.81604936700018,
              22.58447817900003
            ],
            [
              89.81622369500019,
              22.58460936900002
            ],
            [
              89.81634601700017,
              22.584754051000118
            ],
            [
              89.81648527700014,
              22.58496650799998
            ],
            [
              89.81660725300014,
              22.58514506500012
            ],
            [
              89.81667691900003,
              22.585339375000046
            ],
            [
              89.8166939690002,
              22.585549432000107
            ],
            [
              89.81669379500016,
              22.585680422999985
            ],
            [
              89.81660620400015,
              22.585937786999978
            ],
            [
              89.81651841400014,
              22.586344212000142
            ],
            [
              89.8165006540001,
              22.586669411000116
            ],
            [
              89.81650029000008,
              22.586944945000027
            ],
            [
              89.81651742500014,
              22.58708950500005
            ],
            [
              89.81663929700011,
              22.587349369000094
            ],
            [
              89.81686601000013,
              22.58764097100004
            ],
            [
              89.81707489900009,
              22.588079351999966
            ],
            [
              89.81721427400015,
              22.58843634900012
            ],
            [
              89.81730107700014,
              22.58877747700012
            ],
            [
              89.81738773400014,
              22.589231527000038
            ],
            [
              89.81737020700018,
              22.589658812000096
            ],
            [
              89.81736954900015,
              22.58987968800011
            ],
            [
              89.8173693560002,
              22.590026490000184
            ],
            [
              89.81743911100006,
              22.590155301000095
            ],
            [
              89.817560292,
              22.59025029300011
            ],
            [
              89.81764836800005,
              22.590318148000108
            ],
            [
              89.81791015400017,
              22.590530743000045
            ],
            [
              89.81810213000011,
              22.590659692000145
            ],
            [
              89.818147469,
              22.59072812100004
            ],
            [
              89.81824140000009,
              22.59086988600012
            ],
            [
              89.818346008,
              22.59108230100003
            ],
            [
              89.81839802700017,
              22.591292396000085
            ],
            [
              89.81841523200006,
              22.59161763700007
            ],
            [
              89.81844979300018,
              22.591924828
            ],
            [
              89.81848428000006,
              22.59205585900014
            ],
            [
              89.8186412280001,
              22.59223445400005
            ],
            [
              89.81883567600005,
              22.592276572000173
            ],
            [
              89.81900808400007,
              22.59231391600008
            ],
            [
              89.81927002300017,
              22.592413583000052
            ],
            [
              89.81939207500017,
              22.592542451000043
            ],
            [
              89.81956639300017,
              22.592689450000023
            ],
            [
              89.81988044500008,
              22.592931457000077
            ],
            [
              89.82009009700016,
              22.593028808000042
            ],
            [
              89.82033432400004,
              22.59319169100013
            ],
            [
              89.82049129800004,
              22.59335447500007
            ],
            [
              89.82050831000004,
              22.593598407
            ],
            [
              89.82050812300014,
              22.59374295100008
            ],
            [
              89.82042061200008,
              22.593939338000098
            ],
            [
              89.82028044400005,
              22.59418083800017
            ],
            [
              89.82029786500016,
              22.594343468000147
            ],
            [
              89.82036768900002,
              22.59442485200009
            ],
            [
              89.82052483200016,
              22.594456644000047
            ],
            [
              89.82071699800008,
              22.594441051000103
            ],
            [
              89.82096158400009,
              22.594328399
            ],
            [
              89.82127628799998,
              22.59406902600017
            ],
            [
              89.8214859110002,
              22.59395633700018
            ],
            [
              89.82164315900008,
              22.593906824000044
            ],
            [
              89.82178305000019,
              22.593875361000016
            ],
            [
              89.8219224990001,
              22.59395682000013
            ],
            [
              89.82206222400004,
              22.594054092000135
            ],
            [
              89.82209700400006,
              22.59419867100013
            ],
            [
              89.82207914000014,
              22.594377072000043
            ],
            [
              89.82192160000011,
              22.594654687
            ],
            [
              89.82185170700006,
              22.594864646000076
            ],
            [
              89.82185156200018,
              22.594977570000026
            ],
            [
              89.82192097500013,
              22.59514025600015
            ],
            [
              89.82214800300011,
              22.59520600400009
            ],
            [
              89.82232278300017,
              22.595237816000065
            ],
            [
              89.82247996500018,
              22.595237988000065
            ],
            [
              89.8226545460002,
              22.59518849700015
            ],
            [
              89.82281189500014,
              22.595059936999974
            ],
            [
              89.82291695000004,
              22.594931321
            ],
            [
              89.82295208099998,
              22.594800368000108
            ],
            [
              89.82295224500018,
              22.594671637000033
            ],
            [
              89.82295262200012,
              22.594378035000034
            ],
            [
              89.82290029400008,
              22.594167939999977
            ],
            [
              89.82290050100016,
              22.594005330000016
            ],
            [
              89.82293558700007,
              22.59390825300011
            ],
            [
              89.82311058800008,
              22.59376390700004
            ],
            [
              89.8236173740001,
              22.593552166
            ],
            [
              89.8238622410002,
              22.59345532100008
            ],
            [
              89.82411201400015,
              22.595239785000103
            ],
            [
              89.82438250200016,
              22.595800182000062
            ],
            [
              89.82462310500006,
              22.596191160000046
            ],
            [
              89.82483396200018,
              22.596304313000076
            ],
            [
              89.82507506200005,
              22.596304576000023
            ],
            [
              89.8251959070002,
              22.59619178500003
            ],
            [
              89.82525645600015,
              22.59591405700013
            ],
            [
              89.82546784400006,
              22.595604878000017
            ],
            [
              89.8256789470002,
              22.595521545000167
            ],
            [
              89.82592024799999,
              22.595605369000168
            ],
            [
              89.82594974700004,
              22.59608193700018
            ],
            [
              89.82619014300008,
              22.596642297000187
            ],
            [
              89.8264914680002,
              22.596866213000055
            ],
            [
              89.82724469200019,
              22.597007051000162
            ],
            [
              89.8279680930001,
              22.597174953000035
            ],
            [
              89.82851034900017,
              22.597539147000134
            ],
            [
              89.82872103900019,
              22.59779232
            ],
            [
              89.82875068800007,
              22.59815596499999
            ],
            [
              89.82872010300014,
              22.59854890700018
            ],
            [
              89.82874971900009,
              22.598939653000173
            ],
            [
              89.82877947000014,
              22.59921973600018
            ],
            [
              89.82905040100007,
              22.59944361300012
            ],
            [
              89.82935166700014,
              22.59972398400015
            ],
            [
              89.82965272900003,
              22.599920788000077
            ],
            [
              89.82986349500004,
              22.60011750000001
            ],
            [
              89.8298598670001,
              22.60037433600013
            ],
            [
              89.82974250900014,
              22.600591650000183
            ],
            [
              89.8294708950001,
              22.600674923000042
            ],
            [
              89.82907877400004,
              22.600843892000114
            ],
            [
              89.82880739000018,
              22.600983627
            ],
            [
              89.82862617400008,
              22.601234125000133
            ],
            [
              89.82841495500008,
              22.60140328300008
            ],
            [
              89.82802286600008,
              22.601542889000086
            ],
            [
              89.82766094600015,
              22.601626063000083
            ],
            [
              89.82735939000008,
              22.601822229000106
            ],
            [
              89.82729898300016,
              22.601989288000027
            ],
            [
              89.8272988080002,
              22.602129312000045
            ],
            [
              89.8272985980002,
              22.6022964390001
            ],
            [
              89.8275092230001,
              22.602606075000153
            ],
            [
              89.82796068400006,
              22.603137300000128
            ],
            [
              89.82808081100018,
              22.603361018000157
            ],
            [
              89.82808056700014,
              22.60355750300016
            ],
            [
              89.82807289400012,
              22.60361396800016
            ],
            [
              89.8280583830001,
              22.60372074700018
            ],
            [
              89.82805018700014,
              22.603781058000095
            ],
            [
              89.82796764500006,
              22.603896153000107
            ],
            [
              89.82786896200014,
              22.60403381300017
            ],
            [
              89.827053858,
              22.604956649000144
            ],
            [
              89.82654082700009,
              22.605516198000146
            ],
            [
              89.82626874400006,
              22.60596307700007
            ],
            [
              89.82599696400013,
              22.606409959000132
            ],
            [
              89.82563464000003,
              22.606802541000093
            ],
            [
              89.825363245,
              22.60694227
            ],
            [
              89.82504814600014,
              22.607142461000137
            ],
            [
              89.82488061900006,
              22.607248895000055
            ],
            [
              89.82451829000019,
              22.607641474000104
            ],
            [
              89.8242767100001,
              22.608004821000065
            ],
            [
              89.82406487300005,
              22.608648254000116
            ],
            [
              89.8240596500001,
              22.608691158000113
            ],
            [
              89.82394291500009,
              22.60962603400003
            ],
            [
              89.82391220900007,
              22.610102538000035
            ],
            [
              89.82403154800005,
              22.61094281600009
            ],
            [
              89.82424104100005,
              22.612146806000055
            ],
            [
              89.82454133100003,
              22.613210874000174
            ],
            [
              89.82454727800013,
              22.613298126000075
            ],
            [
              89.82460043700013,
              22.614078187000075
            ],
            [
              89.82483725200012,
              22.615085719000092
            ],
            [
              89.82516017000017,
              22.61581555600003
            ],
            [
              89.82549567200005,
              22.616215668999985
            ],
            [
              89.82591735000011,
              22.61652101600015
            ],
            [
              89.82602161200003,
              22.61679214700007
            ],
            [
              89.82608612500013,
              22.61699548100006
            ],
            [
              89.82614107900008,
              22.61754773399997
            ],
            [
              89.8261604560002,
              22.618097690000184
            ],
            [
              89.82618847900011,
              22.61830324000016
            ],
            [
              89.82627568700019,
              22.61859467800008
            ],
            [
              89.82634505700008,
              22.618807044999983
            ],
            [
              89.82639746000007,
              22.618969715000162
            ],
            [
              89.82653681100015,
              22.61914828099998
            ],
            [
              89.82658629600007,
              22.619211573000086
            ],
            [
              89.82667646600004,
              22.61932685100004
            ],
            [
              89.82686834700002,
              22.61956871300015
            ],
            [
              89.8272869290002,
              22.619926002000113
            ],
            [
              89.82751384100015,
              22.620120475000135
            ],
            [
              89.82767083300018,
              22.620299062000072
            ],
            [
              89.82779289300015,
              22.62044599300009
            ],
            [
              89.82786269100006,
              22.62055899000012
            ],
            [
              89.82791497600005,
              22.620818768999982
            ],
            [
              89.82791461400018,
              22.621110110000018
            ],
            [
              89.82794911600018,
              22.621241140000052
            ],
            [
              89.82794865400018,
              22.621613784000147
            ],
            [
              89.82789578500012,
              22.622067678000064
            ],
            [
              89.82784311900002,
              22.62235896200019
            ],
            [
              89.82777301400017,
              22.622489881000092
            ],
            [
              89.82777279000015,
              22.62266829800018
            ],
            [
              89.82778992200019,
              22.62283092600012
            ],
            [
              89.82789459300005,
              22.623025265000138
            ],
            [
              89.82801659699999,
              22.62321962400017
            ],
            [
              89.82833066900008,
              22.62351130200011
            ],
            [
              89.82867969100016,
              22.62382108300011
            ],
            [
              89.8289065890001,
              22.624031363000086
            ],
            [
              89.82911589100019,
              22.624210005000123
            ],
            [
              89.82925545400008,
              22.624469875000102
            ],
            [
              89.82956941200013,
              22.624858664000044
            ],
            [
              89.82979617300015,
              22.625184123000054
            ],
            [
              89.83000535900004,
              22.625459876000036
            ],
            [
              89.83024953500018,
              22.62571986000006
            ],
            [
              89.83056367600017,
              22.625964105000094
            ],
            [
              89.83100031100014,
              22.626255907000086
            ],
            [
              89.83136676300006,
              22.626497949000054
            ],
            [
              89.83152386200004,
              22.626597485000104
            ],
            [
              89.83152370500011,
              22.626726220000023
            ],
            [
              89.83152356700009,
              22.62683914000013
            ],
            [
              89.83150611600018,
              22.626936236000176
            ],
            [
              89.83138344400015,
              22.627033220000044
            ],
            [
              89.8312088080001,
              22.627098531
            ],
            [
              89.83116559100012,
              22.62712784700011
            ],
            [
              89.83108646000005,
              22.627179707000153
            ],
            [
              89.83098146499998,
              22.627245093000056
            ],
            [
              89.83098136400008,
              22.62732639800015
            ],
            [
              89.83115573000015,
              22.627730845000087
            ],
            [
              89.83178244600009,
              22.629515686000104
            ],
            [
              89.83237452100013,
              22.63104076700006
            ],
            [
              89.83261824300007,
              22.63168919900005
            ],
            [
              89.832827086,
              22.632258550000188
            ],
            [
              89.83308821700007,
              22.6331012280001
            ],
            [
              89.83333143300013,
              22.63417198900015
            ],
            [
              89.83350487600018,
              22.635355602000118
            ],
            [
              89.83359141700015,
              22.635972251000055
            ],
            [
              89.83373037700005,
              22.636751562000143
            ],
            [
              89.83378170900005,
              22.63756240200007
            ],
            [
              89.8338510750001,
              22.638048043000026
            ],
            [
              89.83383318000017,
              22.638260316000128
            ],
            [
              89.83390266400005,
              22.638648845000034
            ],
            [
              89.83388517200018,
              22.638777560000108
            ],
            [
              89.83390201800017,
              22.63918409600018
            ],
            [
              89.83389731200015,
              22.63921215199997
            ],
            [
              89.83386679000006,
              22.63939409800014
            ],
            [
              89.8338842350002,
              22.63955672800006
            ],
            [
              89.8338839610002,
              22.63978483000011
            ],
            [
              89.83391870200012,
              22.639979093000136
            ],
            [
              89.83395306100005,
              22.640238851000106
            ],
            [
              89.83395287000008,
              22.640399199000058
            ],
            [
              89.83398660700016,
              22.64067025100013
            ],
            [
              89.83402229300009,
              22.6408374130001
            ],
            [
              89.83407473100016,
              22.64098426900017
            ],
            [
              89.83408623300005,
              22.641284655000163
            ],
            [
              89.83409154100013,
              22.641422424000098
            ],
            [
              89.83410857800004,
              22.64192382100009
            ],
            [
              89.83410834500006,
              22.642120307000027
            ],
            [
              89.83417771700016,
              22.64234622300006
            ],
            [
              89.834229887,
              22.642718923000132
            ],
            [
              89.83430769700004,
              22.643267807000086
            ],
            [
              89.83439406200017,
              22.644038031000036
            ],
            [
              89.83446343800006,
              22.64451689600014
            ],
            [
              89.83448077200006,
              22.644774376000157
            ],
            [
              89.83448889800002,
              22.64509960100014
            ],
            [
              89.83452334900016,
              22.64553777800006
            ],
            [
              89.83454899800006,
              22.645960135999985
            ],
            [
              89.83454856399999,
              22.6463237480001
            ],
            [
              89.83453985500006,
              22.6464863490001
            ],
            [
              89.8345457490002,
              22.646639928000127
            ],
            [
              89.83454811700005,
              22.646696394000173
            ],
            [
              89.8345655710001,
              22.646852241000033
            ],
            [
              89.83456541700008,
              22.646980976000123
            ],
            [
              89.83459145900008,
              22.64707811600016
            ],
            [
              89.83460858900008,
              22.647249776000137
            ],
            [
              89.83461721700007,
              22.647410134000097
            ],
            [
              89.83465206700015,
              22.647516319999966
            ],
            [
              89.83466956100017,
              22.647638292000124
            ],
            [
              89.83466940700015,
              22.64776702600011
            ],
            [
              89.83473887100001,
              22.64792293000005
            ],
            [
              89.83486966800012,
              22.648164717999975
            ],
            [
              89.8350442150001,
              22.648449466000102
            ],
            [
              89.83536658500009,
              22.64898504700011
            ],
            [
              89.83557596800011,
              22.649389530000064
            ],
            [
              89.83561939200013,
              22.649448293000034
            ],
            [
              89.835680324,
              22.64961774000011
            ],
            [
              89.83569305100013,
              22.64965840600013
            ],
            [
              89.83574122800007,
              22.649812031000124
            ],
            [
              89.83577601200011,
              22.649974671999985
            ],
            [
              89.83583690500012,
              22.650177997000014
            ],
            [
              89.8358894000001,
              22.650281937000102
            ],
            [
              89.83598543500017,
              22.650347532000126
            ],
            [
              89.83612493400005,
              22.650438012000166
            ],
            [
              89.83635207100008,
              22.650494705000142
            ],
            [
              89.8365880680002,
              22.65051753400013
            ],
            [
              89.83682378600014,
              22.65051777200017
            ],
            [
              89.83714716000009,
              22.650470671999983
            ],
            [
              89.83757519000017,
              22.650398837000182
            ],
            [
              89.83797731100009,
              22.6503743990001
            ],
            [
              89.83824805300014,
              22.65033402300014
            ],
            [
              89.8385063120001,
              22.650307181000073
            ],
            [
              89.83862373300013,
              22.650293747000035
            ],
            [
              89.83913936800008,
              22.650212963000058
            ],
            [
              89.83927991300004,
              22.650190518999977
            ],
            [
              89.83978581900016,
              22.650107462000165
            ],
            [
              89.84035374700011,
              22.650044793
            ],
            [
              89.84063360600004,
              22.650011192000022
            ],
            [
              89.84084317300011,
              22.650004625000065
            ],
            [
              89.84096545600016,
              22.64999571600015
            ],
            [
              89.84109661100007,
              22.649939384999982
            ],
            [
              89.84128889200008,
              22.64988989000011
            ],
            [
              89.84142000900005,
              22.64986743200018
            ],
            [
              89.84158577000017,
              22.649867596000036
            ],
            [
              89.84176067000004,
              22.64985873400019
            ],
            [
              89.84203143900015,
              22.649793507000027
            ],
            [
              89.8422848940001,
              22.649712453000063
            ],
            [
              89.84269558900007,
              22.649633811000115
            ],
            [
              89.843097736,
              22.649584517000108
            ],
            [
              89.84342080300019,
              22.64953514800004
            ],
            [
              89.84368305100003,
              22.64947216800016
            ],
            [
              89.84386651900013,
              22.6494158860001
            ],
            [
              89.84411109500013,
              22.649382248
            ],
            [
              89.84415550300008,
              22.64938229100011
            ],
            [
              89.84446939600019,
              22.649375822000025
            ],
            [
              89.84486267300014,
              22.649367167000094
            ],
            [
              89.8452033430001,
              22.649351687000035
            ],
            [
              89.84554400900004,
              22.6493362060001
            ],
            [
              89.8459196820001,
              22.64929591300006
            ],
            [
              89.84630423800013,
              22.649199170000145
            ],
            [
              89.84657502600015,
              22.64911812600019
            ],
            [
              89.84694216200012,
              22.649093633
            ],
            [
              89.8473089960001,
              22.64906913900012
            ],
            [
              89.84763235400004,
              22.64902879699997
            ],
            [
              89.84781580900005,
              22.648981544000094
            ],
            [
              89.84794697100006,
              22.648916172000156
            ],
            [
              89.84814807700019,
              22.648859903000016
            ],
            [
              89.84849759000008,
              22.648819581000055
            ],
            [
              89.84904788800009,
              22.648738792000074
            ],
            [
              89.84934512300009,
              22.648666803000026
            ],
            [
              89.849642,
              22.648642241000175
            ],
            [
              89.84993036900005,
              22.64861089300007
            ],
            [
              89.85000762400011,
              22.648610963000067
            ],
            [
              89.85013141300016,
              22.648611082000173
            ],
            [
              89.85041094700017,
              22.648593275
            ],
            [
              89.85073425900009,
              22.64859357600011
            ],
            [
              89.8509176500001,
              22.64860278100008
            ],
            [
              89.85111862400004,
              22.648668461
            ],
            [
              89.85162501000019,
              22.648691516000042
            ],
            [
              89.85179986100019,
              22.648725553000133
            ],
            [
              89.85193970900019,
              22.648782144999984
            ],
            [
              89.85214038000004,
              22.648847825000132
            ],
            [
              89.85237636600016,
              22.648879659999977
            ],
            [
              89.85276928700011,
              22.64892067599999
            ],
            [
              89.85303142900011,
              22.648952533000056
            ],
            [
              89.85321476500019,
              22.6490181960001
            ],
            [
              89.8533719310002,
              22.649090609000098
            ],
            [
              89.85358142500013,
              22.649156296000115
            ],
            [
              89.85373004200011,
              22.649262580000027
            ],
            [
              89.85397443500017,
              22.649400566999986
            ],
            [
              89.85412324200013,
              22.6495817550001
            ],
            [
              89.85414900600011,
              22.64970110500019
            ],
            [
              89.85415738500018,
              22.649829844000067
            ],
            [
              89.85415721300018,
              22.649992453000152
            ],
            [
              89.85413962800004,
              22.650227313000016
            ],
            [
              89.85402558400006,
              22.650502742000185
            ],
            [
              89.85382432600005,
              22.65099038599999
            ],
            [
              89.85377248400005,
              22.65111681200017
            ],
            [
              89.85367520900007,
              22.651353857000174
            ],
            [
              89.85363154200013,
              22.651516430000186
            ],
            [
              89.85357878600018,
              22.65164511400019
            ],
            [
              89.85347391400006,
              22.65187312200004
            ],
            [
              89.853359926,
              22.652092087000142
            ],
            [
              89.85333362100005,
              22.652229829000134
            ],
            [
              89.85329848700019,
              22.652376596000124
            ],
            [
              89.8532460450001,
              22.652496246999988
            ],
            [
              89.85298323800009,
              22.653080944000124
            ],
            [
              89.85281702000003,
              22.653503123000178
            ],
            [
              89.85265928500007,
              22.65395692700008
            ],
            [
              89.85252781000008,
              22.65431364300008
            ],
            [
              89.85239629900013,
              22.65470197700006
            ],
            [
              89.85228222,
              22.65500224500005
            ],
            [
              89.85219458800003,
              22.655318349000083
            ],
            [
              89.85212436700004,
              22.65556219900003
            ],
            [
              89.85208953800009,
              22.655706707000093
            ],
            [
              89.8520279060001,
              22.6558850670001
            ],
            [
              89.85193189300008,
              22.656072428000016
            ],
            [
              89.85179169600013,
              22.656332022000015
            ],
            [
              89.85164300300016,
              22.656573539000192
            ],
            [
              89.85148555600017,
              22.656751810000117
            ],
            [
              89.85141550100019,
              22.656842083000015
            ],
            [
              89.85131919899999,
              22.65701138100019
            ],
            [
              89.85123173800014,
              22.65716487200018
            ],
            [
              89.85115285300009,
              22.657264170000076
            ],
            [
              89.85111780500006,
              22.65732737700006
            ],
            [
              89.85110923300005,
              22.657377055000097
            ],
            [
              89.85114382200015,
              22.65745839000016
            ],
            [
              89.8511826830001,
              22.65752618100015
            ],
            [
              89.85121364800005,
              22.657580410000094
            ],
            [
              89.85122240800007,
              22.65763688200019
            ],
            [
              89.85125724000011,
              22.657774679000113
            ],
            [
              89.8512570580001,
              22.65794406100008
            ],
            [
              89.85126551100018,
              22.658285099000068
            ],
            [
              89.8512998000001,
              22.658641964000026
            ],
            [
              89.85136062800018,
              22.65893336200014
            ],
            [
              89.851386838,
              22.659168264000016
            ],
            [
              89.85146503500016,
              22.659428059000106
            ],
            [
              89.85151739300005,
              22.659672021000063
            ],
            [
              89.85163055500004,
              22.65994765800002
            ],
            [
              89.85172638800003,
              22.660214243000155
            ],
            [
              89.85178732800011,
              22.660401749000073
            ],
            [
              89.85183100799998,
              22.660514712000065
            ],
            [
              89.85188325500013,
              22.660580256000173
            ],
            [
              89.85194431600013,
              22.660652584000104
            ],
            [
              89.852110284,
              22.660758884000188
            ],
            [
              89.85232851800015,
              22.660912661000054
            ],
            [
              89.85242453600006,
              22.661009863000118
            ],
            [
              89.8526601690001,
              22.661107193000134
            ],
            [
              89.85284348400012,
              22.661204476000137
            ],
            [
              89.8529659720001,
              22.661294924000117
            ],
            [
              89.85323655400009,
              22.661423904000173
            ],
            [
              89.85341988800019,
              22.66150537900006
            ],
            [
              89.85367316700007,
              22.661602721000122
            ],
            [
              89.85394409600002,
              22.661693307000178
            ],
            [
              89.85413621500004,
              22.661806402000025
            ],
            [
              89.85435448700014,
              22.661928559000103
            ],
            [
              89.85445045400019,
              22.662075446000074
            ],
            [
              89.85450115600014,
              22.662225002000184
            ],
            [
              89.85417915500005,
              22.66233492400005
            ],
            [
              89.85375949200005,
              22.662519733000124
            ],
            [
              89.85329628800008,
              22.662747412000044
            ],
            [
              89.85311279799998,
              22.662810480000132
            ],
            [
              89.85298167800016,
              22.66282843
            ],
            [
              89.85287673300007,
              22.662828333999983
            ],
            [
              89.85273711500008,
              22.66282820300006
            ],
            [
              89.8522566380002,
              22.66270580600019
            ],
            [
              89.85196832600019,
              22.662655852000114
            ],
            [
              89.85168876700004,
              22.662671406000186
            ],
            [
              89.85126925700013,
              22.662711669000032
            ],
            [
              89.85094591400014,
              22.66271136800009
            ],
            [
              89.85071018800016,
              22.662695340000027
            ],
            [
              89.85043951100005,
              22.662654433000114
            ],
            [
              89.85022081199998,
              22.662647454000137
            ],
            [
              89.85002005300015,
              22.662647268000114
            ],
            [
              89.84990628900016,
              22.66264715800014
            ],
            [
              89.8498101690002,
              22.662647069
            ],
            [
              89.84955673500019,
              22.6626942580001
            ],
            [
              89.84936470600002,
              22.662775383000167
            ],
            [
              89.849189679,
              22.662888141000053
            ],
            [
              89.849058459,
              22.662994165000157
            ],
            [
              89.84890098500011,
              22.663188242000103
            ],
            [
              89.84876115200018,
              22.663382339000123
            ],
            [
              89.84862973800017,
              22.663666777
            ],
            [
              89.84855928700011,
              22.664111629000047
            ],
            [
              89.84854145900005,
              22.664558783000075
            ],
            [
              89.84854120100005,
              22.664793660999976
            ],
            [
              89.84859330800015,
              22.66498793700009
            ],
            [
              89.84865425200007,
              22.66516641200019
            ],
            [
              89.84867147600005,
              22.665272577
            ],
            [
              89.8486862760002,
              22.66536744600012
            ],
            [
              89.84903867400004,
              22.665232271000036
            ],
            [
              89.84953683800006,
              22.665038513000184
            ],
            [
              89.84997389900008,
              22.664810818999968
            ],
            [
              89.85046358000017,
              22.664585430999978
            ],
            [
              89.85101405400007,
              22.66439849500017
            ],
            [
              89.8514598500002,
              22.664245333999986
            ],
            [
              89.85167835200014,
              22.664155199000106
            ],
            [
              89.851896845,
              22.664074096000036
            ],
            [
              89.85207181700014,
              22.66401102100008
            ],
            [
              89.85222029800008,
              22.663977281000143
            ],
            [
              89.85236879500019,
              22.663962492000053
            ],
            [
              89.85254366000015,
              22.663961770000185
            ],
            [
              89.85272710000004,
              22.663946128000134
            ],
            [
              89.85283202800002,
              22.663962034
            ],
            [
              89.85307655600019,
              22.66399613599998
            ],
            [
              89.85336488000007,
              22.664037054000175
            ],
            [
              89.85361819800005,
              22.664100522000126
            ],
            [
              89.85391500200012,
              22.66417531899998
            ],
            [
              89.85414215300017,
              22.664247800000055
            ],
            [
              89.85443039100005,
              22.664370018
            ],
            [
              89.85463988000004,
              22.664458284000034
            ],
            [
              89.85515520200005,
              22.664718474000097
            ],
            [
              89.85563547600003,
              22.665044126
            ],
            [
              89.8560807720001,
              22.665367485000047
            ],
            [
              89.85652608000015,
              22.66568406600004
            ],
            [
              89.85694487900008,
              22.66604127800008
            ],
            [
              89.85758224400013,
              22.66654548000008
            ],
            [
              89.85819359300018,
              22.66691189200003
            ],
            [
              89.85863891999998,
              22.66721943400006
            ],
            [
              89.85911923600014,
              22.667520230000093
            ],
            [
              89.85950315000008,
              22.667796097000064
            ],
            [
              89.85984392600005,
              22.668015468000192
            ],
            [
              89.86007950599998,
              22.668185056000027
            ],
            [
              89.86031536900009,
              22.668372713
            ],
            [
              89.86045487900009,
              22.66848576000001
            ],
            [
              89.86049347000016,
              22.66852870400004
            ],
            [
              89.86058583900007,
              22.668632669000033
            ],
            [
              89.86064676900014,
              22.668842758999972
            ],
            [
              89.86070770200013,
              22.66905285000007
            ],
            [
              89.86079476700013,
              22.66929006000015
            ],
            [
              89.86088212100009,
              22.669540825000013
            ],
            [
              89.8610652270001,
              22.669863942
            ],
            [
              89.8612046670001,
              22.670051517
            ],
            [
              89.86123101700014,
              22.670164460000024
            ],
            [
              89.86121319400019,
              22.67034286200004
            ],
            [
              89.86114172000015,
              22.67063414100005
            ],
            [
              89.86112553000004,
              22.670699622000086
            ],
            [
              89.86109027600014,
              22.67096834600011
            ],
            [
              89.86102008400019,
              22.67119413400013
            ],
            [
              89.86092367700013,
              22.671469579000075
            ],
            [
              89.86078376300009,
              22.671754021000027
            ],
            [
              89.86065236400015,
              22.6720384730001
            ],
            [
              89.86049481300017,
              22.672313867000128
            ],
            [
              89.86028460699998,
              22.67261405500011
            ],
            [
              89.8601621460001,
              22.672783335000076
            ],
            [
              89.85999616000004,
              22.672977416000037
            ],
            [
              89.85964624900015,
              22.673349756000164
            ],
            [
              89.85924367000013,
              22.673762695000107
            ],
            [
              89.85868398200017,
              22.674306491000152
            ],
            [
              89.85836031500014,
              22.674590770000123
            ],
            [
              89.85806316700007,
              22.674825383000098
            ],
            [
              89.85766463900012,
              22.675144804000183
            ],
            [
              89.85747709000015,
              22.675285588000065
            ],
            [
              89.8573808820002,
              22.675360033000118
            ],
            [
              89.85732845300004,
              22.675463874000116
            ],
            [
              89.85732836000011,
              22.675554212000122
            ],
            [
              89.85732817400009,
              22.67573262700006
            ],
            [
              89.85741524100007,
              22.675967586000013
            ],
            [
              89.85765075400013,
              22.676503046999983
            ],
            [
              89.85778151200009,
              22.676850964000096
            ],
            [
              89.85782562700012,
              22.676948575000097
            ],
            [
              89.85794693000014,
              22.677216980000026
            ],
            [
              89.85804282100014,
              22.677451943
            ],
            [
              89.85813015800017,
              22.677720774000136
            ],
            [
              89.85819962200009,
              22.67791506500015
            ],
            [
              89.85821713400009,
              22.678043812000055
            ],
            [
              89.85821694200007,
              22.678231261000178
            ],
            [
              89.85825160300004,
              22.67854747600012
            ],
            [
              89.85824252300017,
              22.678798153
            ],
            [
              89.85823344300013,
              22.679048833000138
            ],
            [
              89.85818963000014,
              22.679349168000044
            ],
            [
              89.85810147100005,
              22.679877567000176
            ],
            [
              89.85808404500017,
              22.679961114000037
            ],
            [
              89.8580225930001,
              22.680256918
            ],
            [
              89.85800466300003,
              22.680532430000085
            ],
            [
              89.85800445500018,
              22.68073569100011
            ],
            [
              89.85804812700007,
              22.68086672000004
            ],
            [
              89.8581702080001,
              22.68107686500008
            ],
            [
              89.8583448940002,
              22.68131189899998
            ],
            [
              89.85860654800018,
              22.68158765900006
            ],
            [
              89.85885122400015,
              22.68180694199998
            ],
            [
              89.85898190400013,
              22.681938050000042
            ],
            [
              89.85915676900015,
              22.682001440000136
            ],
            [
              89.85942743800007,
              22.68209201500008
            ],
            [
              89.85979452100014,
              22.682205258000124
            ],
            [
              89.86012633800016,
              22.682295888000112
            ],
            [
              89.86044967100014,
              22.682352630000025
            ],
            [
              89.86073805500007,
              22.682375467000043
            ],
            [
              89.86092998200019,
              22.68241628400017
            ],
            [
              89.86118360700016,
              22.68251362
            ],
            [
              89.86138428800012,
              22.682619939000062
            ],
            [
              89.86155027300009,
              22.682742040000107
            ],
            [
              89.86177726100004,
              22.68301099100006
            ],
            [
              89.86188203900019,
              22.683189498
            ],
            [
              89.86195145500005,
              22.683440245000043
            ],
            [
              89.86197745600003,
              22.683602877
            ],
            [
              89.86195998800014,
              22.683731594000108
            ],
            [
              89.86192482000007,
              22.683909980000124
            ],
            [
              89.86185463000015,
              22.684128987
            ],
            [
              89.86179334200006,
              22.68426670100007
            ],
            [
              89.86163581000017,
              22.684510477000117
            ],
            [
              89.86145205900016,
              22.68481069100011
            ],
            [
              89.8613820380001,
              22.6848580570001
            ],
            [
              89.86135495400003,
              22.68486481000008
            ],
            [
              89.86123353200009,
              22.684898581000084
            ],
            [
              89.86093615800019,
              22.685036089000107
            ],
            [
              89.860464068,
              22.685263780000014
            ],
            [
              89.86002690200007,
              22.685545706000084
            ],
            [
              89.85965975200008,
              22.685789297999975
            ],
            [
              89.85939737200005,
              22.685917798000162
            ],
            [
              89.85925767900011,
              22.685967361000053
            ],
            [
              89.85894281300017,
              22.68595127500015
            ],
            [
              89.85831368600009,
              22.685925876000113
            ],
            [
              89.85785061000013,
              22.68595708300012
            ],
            [
              89.85771096800016,
              22.685956959000123
            ],
            [
              89.85761483900006,
              22.68595009800015
            ],
            [
              89.85740502000004,
              22.68585279900003
            ],
            [
              89.85684600700006,
              22.685689691
            ],
            [
              89.8563131620001,
              22.685526607000043
            ],
            [
              89.85559656900006,
              22.68535658100018
            ],
            [
              89.85524740600005,
              22.68526592400002
            ],
            [
              89.8549477840001,
              22.68522274500009
            ],
            [
              89.8546880340001,
              22.685161530000073
            ],
            [
              89.85459190799997,
              22.685152410000057
            ],
            [
              89.85425116900012,
              22.685152098
            ],
            [
              89.85399777700013,
              22.685120250000068
            ],
            [
              89.85388704900004,
              22.68510885600017
            ],
            [
              89.85363942900017,
              22.685086045000162
            ],
            [
              89.85332486200014,
              22.685078981000117
            ],
            [
              89.85290561300019,
              22.685094409000158
            ],
            [
              89.8525559840001,
              22.685159582000097
            ],
            [
              89.85223250900009,
              22.685231553000108
            ],
            [
              89.85204017400008,
              22.685287836000043
            ],
            [
              89.85176927900011,
              22.685409543000105
            ],
            [
              89.85163803000017,
              22.685522342000127
            ],
            [
              89.8515768360001,
              22.685562939000192
            ],
            [
              89.85161163100003,
              22.685741387
            ],
            [
              89.85175088900019,
              22.686098351000055
            ],
            [
              89.85186418700016,
              22.686552402000075
            ],
            [
              89.85195117800015,
              22.686852858000066
            ],
            [
              89.85203818000008,
              22.687144275000094
            ],
            [
              89.85217782400008,
              22.687428969000052
            ],
            [
              89.85227376500012,
              22.687614252000174
            ],
            [
              89.85242191800006,
              22.687907984000162
            ],
            [
              89.85261360500016,
              22.68845922200012
            ],
            [
              89.85279645700001,
              22.68902625900006
            ],
            [
              89.85279631600008,
              22.689157250000108
            ],
            [
              89.85279624000009,
              22.68922951900015
            ],
            [
              89.85274381500011,
              22.689317550000055
            ],
            [
              89.85271701500005,
              22.689342368000155
            ],
            [
              89.8526387460002,
              22.689416826000127
            ],
            [
              89.85252518600004,
              22.689488991000133
            ],
            [
              89.8523939660002,
              22.689576951000106
            ],
            [
              89.85219282600008,
              22.689610640000183
            ],
            [
              89.85200047900008,
              22.68967369700016
            ],
            [
              89.8518958090001,
              22.689682636999976
            ],
            [
              89.85179084700013,
              22.68968253900016
            ],
            [
              89.85156357800008,
              22.68968232800006
            ],
            [
              89.85135393900003,
              22.689697944000102
            ],
            [
              89.85120513800007,
              22.689722647999986
            ],
            [
              89.85101285800016,
              22.689722471000096
            ],
            [
              89.85062855900009,
              22.689762762000157
            ],
            [
              89.85031394600009,
              22.68978731200002
            ],
            [
              89.85023235200003,
              22.689784424000152
            ],
            [
              89.85005170000005,
              22.689778032000163
            ],
            [
              89.84982443900014,
              22.68977104400011
            ],
            [
              89.84956217500013,
              22.689777574000118
            ],
            [
              89.84932636200006,
              22.689802194000038
            ],
            [
              89.84912521400014,
              22.689842656000167
            ],
            [
              89.84883671400007,
              22.689914655000166
            ],
            [
              89.84860083700016,
              22.68999573600007
            ],
            [
              89.84847845800005,
              22.690061114000116
            ],
            [
              89.84846074300009,
              22.690124333000142
            ],
            [
              89.84846064600004,
              22.69021467400006
            ],
            [
              89.84847819400005,
              22.69030276900014
            ],
            [
              89.84853924800012,
              22.69039316500016
            ],
            [
              89.8485914150001,
              22.69054001300003
            ],
            [
              89.84868742500004,
              22.690659799
            ],
            [
              89.84882720700006,
              22.69081576500014
            ],
            [
              89.8489492380001,
              22.691066568
            ],
            [
              89.84907134800011,
              22.691245101000106
            ],
            [
              89.8490948290002,
              22.691361659000165
            ],
            [
              89.84915837300008,
              22.691511680000076
            ],
            [
              89.84924553300004,
              22.691658559000075
            ],
            [
              89.84933287900014,
              22.691909329
            ],
            [
              89.84944613500011,
              22.692121729000178
            ],
            [
              89.84954198300005,
              22.69238831400014
            ],
            [
              89.84963778100018,
              22.692704590000176
            ],
            [
              89.84970748200016,
              22.69295760000017
            ],
            [
              89.84977684800003,
              22.69323997099997
            ],
            [
              89.84989028200016,
              22.693565292000187
            ],
            [
              89.84997731200008,
              22.69383186800019
            ],
            [
              89.85005587300009,
              22.694051011000113
            ],
            [
              89.85015167900002,
              22.694360508000045
            ],
            [
              89.85019495100005,
              22.69457961700016
            ],
            [
              89.85027351200011,
              22.694798760000083
            ],
            [
              89.85029070500019,
              22.694936541
            ],
            [
              89.85036056000018,
              22.695049528000027
            ],
            [
              89.85047381100003,
              22.695268704000057
            ],
            [
              89.8505174390001,
              22.695438129000138
            ],
            [
              89.85057845000011,
              22.695569173000138
            ],
            [
              89.85068320700015,
              22.695763498000133
            ],
            [
              89.85076150500004,
              22.695948763000104
            ],
            [
              89.85084011500015,
              22.696127252000053
            ],
            [
              89.85084916800014,
              22.696169544000156
            ],
            [
              89.8508583630001,
              22.696212501000105
            ],
            [
              89.85087492800011,
              22.696289894000188
            ],
            [
              89.85093585100009,
              22.696502243000054
            ],
            [
              89.85098795800008,
              22.69671232800016
            ],
            [
              89.85107496600017,
              22.6970037480001
            ],
            [
              89.85107484900004,
              22.697109895999972
            ],
            [
              89.85105735100018,
              22.69725441900016
            ],
            [
              89.85103956200004,
              22.697385392000058
            ],
            [
              89.85100445000018,
              22.697498283000073
            ],
            [
              89.85097817000013,
              22.69760440400006
            ],
            [
              89.85086453300005,
              22.697742061000156
            ],
            [
              89.85061967200011,
              22.69796090400007
            ],
            [
              89.8505465720001,
              22.698030847000098
            ],
            [
              89.85036595800011,
              22.698204578000173
            ],
            [
              89.85023040500016,
              22.698348992000035
            ],
            [
              89.85014724300004,
              22.69843925100014
            ],
            [
              89.85002449500018,
              22.698561092000148
            ],
            [
              89.8499020320001,
              22.698698741999976
            ],
            [
              89.84981454100006,
              22.69885223400007
            ],
            [
              89.84973584,
              22.69903735200012
            ],
            [
              89.84965679600003,
              22.699256347000016
            ],
            [
              89.84955162200004,
              22.699443699000085
            ],
            [
              89.84949912200017,
              22.699597224000115
            ],
            [
              89.84946406000006,
              22.69966268600018
            ],
            [
              89.84939402900005,
              22.699710046000177
            ],
            [
              89.84926314900008,
              22.699750576000156
            ],
            [
              89.84900960900006,
              22.699831639000024
            ],
            [
              89.84872961400009,
              22.699896870000032
            ],
            [
              89.84839755500002,
              22.699993668000047
            ],
            [
              89.84813523600008,
              22.700034072000165
            ],
            [
              89.84801292200012,
              22.70003395599997
            ],
            [
              89.84791679200015,
              22.700018054999987
            ],
            [
              89.84782953100012,
              22.69996151100014
            ],
            [
              89.84768114100007,
              22.69988006700015
            ],
            [
              89.84751511300004,
              22.69978956800003
            ],
            [
              89.84735787200009,
              22.69973296000012
            ],
            [
              89.84725295300018,
              22.699685433000184
            ],
            [
              89.8471918350001,
              22.699651497000048
            ],
            [
              89.84708695400002,
              22.699570093999967
            ],
            [
              89.84687752200011,
              22.69938470300019
            ],
            [
              89.846668056,
              22.699230928000134
            ],
            [
              89.84650206500004,
              22.699108811000087
            ],
            [
              89.84636214900019,
              22.69906802600019
            ],
            [
              89.84602151200016,
              22.69894574300008
            ],
            [
              89.84580316200004,
              22.698848419000058
            ],
            [
              89.84565476600005,
              22.69877375100009
            ],
            [
              89.84540147200005,
              22.698635737000018
            ],
            [
              89.84516546500015,
              22.698547432999987
            ],
            [
              89.84503436500012,
              22.698515687000054
            ],
            [
              89.84486858600019,
              22.698474875000045
            ],
            [
              89.84476361800017,
              22.698474773000044
            ],
            [
              89.84465864700013,
              22.698474669
            ],
            [
              89.84455395700019,
              22.698497152000186
            ],
            [
              89.84444896000008,
              22.69852189000011
            ],
            [
              89.84437010700003,
              22.69856246800009
            ],
            [
              89.844282712,
              22.69862787599999
            ],
            [
              89.84423918600015,
              22.698643645000175
            ],
            [
              89.84413421400018,
              22.698643543000117
            ],
            [
              89.84398575400013,
              22.69862758900007
            ],
            [
              89.84385463500001,
              22.698611652000068
            ],
            [
              89.84376731400016,
              22.69861156700017
            ],
            [
              89.84363615900008,
              22.698627247000047
            ],
            [
              89.84343500600005,
              22.698658669000167
            ],
            [
              89.84328648000019,
              22.698699175000115
            ],
            [
              89.84318145400005,
              22.69874875800008
            ],
            [
              89.84307637400019,
              22.69884576800007
            ],
            [
              89.8429539620002,
              22.698933728999975
            ],
            [
              89.84286655100016,
              22.699008169000138
            ],
            [
              89.84278798200017,
              22.699071329
            ],
            [
              89.84269178900007,
              22.69911188800006
            ],
            [
              89.84248172700012,
              22.69921782700004
            ],
            [
              89.84231550700002,
              22.699298967
            ],
            [
              89.84224576700012,
              22.69935536000014
            ],
            [
              89.84221949800019,
              22.69944341300004
            ],
            [
              89.8421755920001,
              22.699524676000124
            ],
            [
              89.84209671100007,
              22.69959009200005
            ],
            [
              89.84197426800017,
              22.699702891000015
            ],
            [
              89.84187801000019,
              22.69979991100007
            ],
            [
              89.84179938800008,
              22.69990597800006
            ],
            [
              89.84174662100003,
              22.700018850000163
            ],
            [
              89.84173802700008,
              22.700084335000156
            ],
            [
              89.84173791600011,
              22.700181445
            ],
            [
              89.84177280199998,
              22.700271817000043
            ],
            [
              89.84188619900004,
              22.700353236000126
            ],
            [
              89.84207835700016,
              22.700473122000062
            ],
            [
              89.84226170800014,
              22.70057945000019
            ],
            [
              89.8424189370001,
              22.700645100000088
            ],
            [
              89.84257615900015,
              22.70071752500013
            ],
            [
              89.84281216,
              22.700814869000055
            ],
            [
              89.8429343630001,
              22.700912099999982
            ],
            [
              89.84305648200018,
              22.701083863000065
            ],
            [
              89.8431437230002,
              22.701156220000144
            ],
            [
              89.84314357800008,
              22.701284950000115
            ],
            [
              89.84307334600015,
              22.70150395200011
            ],
            [
              89.84297702000015,
              22.701659690000042
            ],
            [
              89.84281946400012,
              22.701878603000125
            ],
            [
              89.84264452000019,
              22.70213589200017
            ],
            [
              89.84256547300015,
              22.70234810600016
            ],
            [
              89.84253065600018,
              22.70246099600007
            ],
            [
              89.84253058200017,
              22.70252648999997
            ],
            [
              89.84253047000016,
              22.70262360300012
            ],
            [
              89.84254770200016,
              22.702720732000046
            ],
            [
              89.84261762100016,
              22.70277726300003
            ],
            [
              89.84284481700013,
              22.70285879100004
            ],
            [
              89.84347390100015,
              22.70298813900007
            ],
            [
              89.84368347700007,
              22.703047063000156
            ],
            [
              89.84389305400009,
              22.703103728000144
            ],
            [
              89.8440852710001,
              22.703176184000085
            ],
            [
              89.84424249900013,
              22.70324861200004
            ],
            [
              89.84435623200005,
              22.70330517900004
            ],
            [
              89.84442612300006,
              22.703386552000097
            ],
            [
              89.84447389800005,
              22.703490487000067
            ],
            [
              89.84454819100006,
              22.703605740000114
            ],
            [
              89.84456541500003,
              22.703711903000112
            ],
            [
              89.8445564700001,
              22.7038180400001
            ],
            [
              89.84452141700012,
              22.70387447000013
            ],
            [
              89.8444254900001,
              22.703946646000077
            ],
            [
              89.84437274800018,
              22.70403693100019
            ],
            [
              89.84430268200009,
              22.704109132000042
            ],
            [
              89.84422408100005,
              22.70419713800004
            ],
            [
              89.84422396800011,
              22.70429650600005
            ],
            [
              89.84423262000013,
              22.70445008900009
            ],
            [
              89.84424864400006,
              22.704504329000144
            ],
            [
              89.8443020310001,
              22.70468503400008
            ],
            [
              89.84433620599998,
              22.704872518000116
            ],
            [
              89.84448658600019,
              22.705349195000053
            ],
            [
              89.84454626500008,
              22.70585288600006
            ],
            [
              89.84454588100004,
              22.706189392
            ],
            [
              89.84451554200007,
              22.706383588000108
            ],
            [
              89.84433408600017,
              22.706747020000137
            ],
            [
              89.8440923180001,
              22.70716685600007
            ],
            [
              89.84342751800011,
              22.707922783000186
            ],
            [
              89.84321590200005,
              22.708313286000077
            ],
            [
              89.84315530100008,
              22.708622633000175
            ],
            [
              89.84315498300003,
              22.70890267800013
            ],
            [
              89.84327546600014,
              22.709182841000143
            ],
            [
              89.84363691100015,
              22.709490345
            ],
            [
              89.84370929700009,
              22.709519773000125
            ],
            [
              89.84415849200002,
              22.709703287000025
            ],
            [
              89.84439088300019,
              22.70979822700008
            ],
            [
              89.84496403000009,
              22.70991170500008
            ],
            [
              89.84577848100002,
              22.710023155000044
            ],
            [
              89.84614035900017,
              22.7102199900001
            ],
            [
              89.84635134500019,
              22.71038957400009
            ],
            [
              89.84647858900007,
              22.71061553900006
            ],
            [
              89.8466826670001,
              22.710977086000184
            ],
            [
              89.84713377600019,
              22.712208366000084
            ],
            [
              89.84713893000009,
              22.712259091000135
            ],
            [
              89.8471430840001,
              22.712299986000062
            ],
            [
              89.847189764,
              22.71275947900017
            ],
            [
              89.84701992999999,
              22.71279545100009
            ],
            [
              89.8467925400002,
              22.71286976200014
            ],
            [
              89.84666134399998,
              22.712910289000035
            ],
            [
              89.84652161100007,
              22.712966615000028
            ],
            [
              89.84636420300018,
              22.713047770000117
            ],
            [
              89.8460928770001,
              22.71322592300004
            ],
            [
              89.84574292900015,
              22.713507890000187
            ],
            [
              89.84558545500005,
              22.713645503000066
            ],
            [
              89.8454194520001,
              22.713792142000045
            ],
            [
              89.84522044100004,
              22.71394386300011
            ],
            [
              89.84499062900005,
              22.714123717000064
            ],
            [
              89.84447481400008,
              22.714423588000102
            ],
            [
              89.84415994300008,
              22.714626541000086
            ],
            [
              89.84393250700009,
              22.71473924100019
            ],
            [
              89.84367005700005,
              22.714867712000057
            ],
            [
              89.84346032100007,
              22.714933003000056
            ],
            [
              89.8431805530002,
              22.71503887800003
            ],
            [
              89.84280429400008,
              22.71516723900004
            ],
            [
              89.84253389300017,
              22.71525469000011
            ],
            [
              89.84242834700012,
              22.715288825000187
            ],
            [
              89.84198051600015,
              22.71547222000015
            ],
            [
              89.84195608500016,
              22.715548079000143
            ],
            [
              89.84197349300018,
              22.71575813200019
            ],
            [
              89.84200835500002,
              22.715873345000034
            ],
            [
              89.84206940800004,
              22.715970517000073
            ],
            [
              89.84221779500012,
              22.716067778000024
            ],
            [
              89.84255844400019,
              22.71621265300007
            ],
            [
              89.84285551800008,
              22.71640942900018
            ],
            [
              89.84313498800009,
              22.716570052000066
            ],
            [
              89.84316826500009,
              22.71659506200018
            ],
            [
              89.84330950800012,
              22.716701213000135
            ],
            [
              89.84349305600006,
              22.716920462000076
            ],
            [
              89.84365862400006,
              22.717164532000027
            ],
            [
              89.84378075900014,
              22.717334037000114
            ],
            [
              89.84399912200018,
              22.717715925000107
            ],
            [
              89.84403431000004,
              22.71778514800002
            ],
            [
              89.84414729100007,
              22.71800740800012
            ],
            [
              89.84435651600006,
              22.718396065000036
            ],
            [
              89.84454844200013,
              22.71874630700006
            ],
            [
              89.844653171,
              22.718972252000015
            ],
            [
              89.84472296000018,
              22.71915073700012
            ],
            [
              89.8447400770001,
              22.7193540130001
            ],
            [
              89.8447487090001,
              22.719523404000142
            ],
            [
              89.84474859300008,
              22.719628220000118
            ],
            [
              89.84472229400012,
              22.719742445000065
            ],
            [
              89.84460812500004,
              22.720058516
            ],
            [
              89.84434499600019,
              22.72078095800009
            ],
            [
              89.84409977800016,
              22.721266284000137
            ],
            [
              89.84396820699999,
              22.721632022
            ],
            [
              89.84389285000009,
              22.721799072000124
            ],
            [
              89.84383702200006,
              22.72192323200011
            ],
            [
              89.84376373400005,
              22.72214674200012
            ],
            [
              89.84374907600011,
              22.72219190100003
            ],
            [
              89.84367022400016,
              22.722489938000137
            ],
            [
              89.84362615300012,
              22.722708961000023
            ],
            [
              89.84361711500009,
              22.72289640100007
            ],
            [
              89.84361702300009,
              22.722977705000062
            ],
            [
              89.84358222000014,
              22.723074785999984
            ],
            [
              89.8435206210001,
              22.7231876460001
            ],
            [
              89.84347696500004,
              22.723309560000075
            ],
            [
              89.84341550300013,
              22.723569219000126
            ],
            [
              89.84334509200005,
              22.72393501700003
            ],
            [
              89.84331862700009,
              22.724192452000125
            ],
            [
              89.84324832400006,
              22.724467911999966
            ],
            [
              89.84316070500017,
              22.724711736000074
            ],
            [
              89.84300281500009,
              22.725199404000136
            ],
            [
              89.84288866000014,
              22.725497404000066
            ],
            [
              89.84274861400007,
              22.725813447
            ],
            [
              89.84267467900008,
              22.725981365000052
            ],
            [
              89.84265219900004,
              22.726032421000014
            ],
            [
              89.84260822800019,
              22.726163366000094
            ],
            [
              89.84245051300019,
              22.726495200000045
            ],
            [
              89.8423540600001,
              22.726745793000077
            ],
            [
              89.84227528399998,
              22.726973816000054
            ],
            [
              89.84221424000009,
              22.727075979000062
            ],
            [
              89.84213502500006,
              22.727208555000175
            ],
            [
              89.842012405,
              22.727452343000095
            ],
            [
              89.84193372400017,
              22.727596806000065
            ],
            [
              89.84171459900006,
              22.727872118000107
            ],
            [
              89.84154843300018,
              22.728140707000023
            ],
            [
              89.8414433100001,
              22.728253525000127
            ],
            [
              89.84136466200016,
              22.72836637100005
            ],
            [
              89.84132957800011,
              22.728440861000024
            ],
            [
              89.84130301000005,
              22.72852213700014
            ],
            [
              89.84127675400015,
              22.728594381999983
            ],
            [
              89.84125046900004,
              22.728691470000058
            ],
            [
              89.84118921700014,
              22.728763678000178
            ],
            [
              89.84109292500017,
              22.72886972900011
            ],
            [
              89.84100547200012,
              22.728966754000055
            ],
            [
              89.84095301600019,
              22.729063811
            ],
            [
              89.84089131600007,
              22.72925797800019
            ],
            [
              89.84086500200004,
              22.729379907000066
            ],
            [
              89.84084745000018,
              22.72955830500007
            ],
            [
              89.84085460900013,
              22.729646022000168
            ],
            [
              89.8408711580002,
              22.729848807000167
            ],
            [
              89.84087325600018,
              22.729874512000038
            ],
            [
              89.84093398600004,
              22.73025624799999
            ],
            [
              89.84094255800005,
              22.7304753250001
            ],
            [
              89.84096844700014,
              22.730719261000047
            ],
            [
              89.84096819600006,
              22.73093832800015
            ],
            [
              89.84093296400016,
              22.73113929400006
            ],
            [
              89.84088894200005,
              22.731310892000067
            ],
            [
              89.84086246900006,
              22.731570585000156
            ],
            [
              89.84082686200009,
              22.73209676100015
            ],
            [
              89.84080644100004,
              22.732174804000124
            ],
            [
              89.84076541800016,
              22.73233157900006
            ],
            [
              89.8407039,
              22.732631889
            ],
            [
              89.84064246300017,
              22.73285993000013
            ],
            [
              89.84061604700014,
              22.733069938000142
            ],
            [
              89.84061573700012,
              22.733336432000158
            ],
            [
              89.84060676100006,
              22.733467412000152
            ],
            [
              89.84059809800016,
              22.73358935800013
            ],
            [
              89.84055416200005,
              22.733686427000066
            ],
            [
              89.84051020300006,
              22.73379930500016
            ],
            [
              89.84050157000013,
              22.73389640900001
            ],
            [
              89.84048374700018,
              22.73404318700011
            ],
            [
              89.84046958900007,
              22.73418093900011
            ],
            [
              89.84046620600009,
              22.734212555000056
            ],
            [
              89.84046605400005,
              22.73434354500006
            ],
            [
              89.84043976700008,
              22.73444062900012
            ],
            [
              89.84038695700019,
              22.734578341000145
            ],
            [
              89.8403517970001,
              22.73471606800007
            ],
            [
              89.84034313500013,
              22.734838016000026
            ],
            [
              89.84033418800016,
              22.734941896000123
            ],
            [
              89.84026395300015,
              22.735145084000067
            ],
            [
              89.84014119300008,
              22.73550179299997
            ],
            [
              89.83996583100014,
              22.736077519
            ],
            [
              89.83992171200015,
              22.736328160000028
            ],
            [
              89.8398512710001,
              22.736709765000114
            ],
            [
              89.83984327800005,
              22.736777509000035
            ],
            [
              89.83982483000011,
              22.736937840000053
            ],
            [
              89.83979843200007,
              22.737132037000038
            ],
            [
              89.83979826200004,
              22.737276577000102
            ],
            [
              89.83979815000004,
              22.73737369100013
            ],
            [
              89.83981534400004,
              22.73750469300012
            ],
            [
              89.83989397400018,
              22.73767415700013
            ],
            [
              89.84005109999998,
              22.737861763000012
            ],
            [
              89.84027822300004,
              22.738056215000142
            ],
            [
              89.84045268400018,
              22.738259646000188
            ],
            [
              89.84055744800014,
              22.738463013000057
            ],
            [
              89.8407057550001,
              22.738648348000027
            ],
            [
              89.8408801400002,
              22.738917276000052
            ],
            [
              89.84101986300016,
              22.73915906500008
            ],
            [
              89.84109850900006,
              22.739314976000117
            ],
            [
              89.84112452500011,
              22.73945276800015
            ],
            [
              89.8411328790001,
              22.73959731200017
            ],
            [
              89.84113269100004,
              22.73975992100003
            ],
            [
              89.84113256800015,
              22.73986606900013
            ],
            [
              89.84112389700005,
              22.739994790000026
            ],
            [
              89.84102759300009,
              22.740107617000035
            ],
            [
              89.84097810200012,
              22.740213922000066
            ],
            [
              89.84092354900014,
              22.74033109900006
            ],
            [
              89.84075573600006,
              22.74069228000019
            ],
            [
              89.84059793600011,
              22.741080572000158
            ],
            [
              89.84040492400015,
              22.74164950400018
            ],
            [
              89.84017732900008,
              22.742119028000104
            ],
            [
              89.84006325900003,
              22.742322174000037
            ],
            [
              89.83999309799998,
              22.742459868000083
            ],
            [
              89.83981812400009,
              22.742694568000104
            ],
            [
              89.83964291000018,
              22.74287280800013
            ],
            [
              89.83952912900008,
              22.74309176000014
            ],
            [
              89.83951308400009,
              22.74312113400009
            ],
            [
              89.83944159000004,
              22.743252020000057
            ],
            [
              89.83929283300006,
              22.743448354000122
            ],
            [
              89.83909123200016,
              22.743804984000178
            ],
            [
              89.8389948470001,
              22.74398330100007
            ],
            [
              89.83892472900015,
              22.7440803450001
            ],
            [
              89.83886344000013,
              22.744177397000158
            ],
            [
              89.83881095700013,
              22.744290265000075
            ],
            [
              89.83877579500012,
              22.744427991000123
            ],
            [
              89.83872328100017,
              22.744565702000045
            ],
            [
              89.83867045600016,
              22.74471244700004
            ],
            [
              89.83859173800005,
              22.744874974000027
            ],
            [
              89.8385388860001,
              22.745044305000135
            ],
            [
              89.83850374100012,
              22.745166224000172
            ],
            [
              89.83850357000006,
              22.745310764000067
            ],
            [
              89.83850343400019,
              22.7454259430001
            ],
            [
              89.83848598300011,
              22.745514002000164
            ],
            [
              89.83841585500016,
              22.745620077000126
            ],
            [
              89.83834240700014,
              22.745701308000037
            ],
            [
              89.83824092000015,
              22.745814127000017
            ],
            [
              89.83814460800016,
              22.74592695000007
            ],
            [
              89.83807454600009,
              22.74597656600008
            ],
            [
              89.83793447000005,
              22.746032885000034
            ],
            [
              89.83774223400013,
              22.746186262000037
            ],
            [
              89.83757583,
              22.74637354200007
            ],
            [
              89.83753065500008,
              22.74648190200014
            ],
            [
              89.83750562700016,
              22.74654285400004
            ],
            [
              89.83743068000007,
              22.74660375400009
            ],
            [
              89.83747197000014,
              22.746689617000186
            ],
            [
              89.83753336900014,
              22.746761947000152
            ],
            [
              89.83759448700005,
              22.746811694000087
            ],
            [
              89.83770827200016,
              22.74685246500013
            ],
            [
              89.8378044160001,
              22.746884178000016
            ],
            [
              89.83798823200004,
              22.746902435000038
            ],
            [
              89.8381544080001,
              22.746909377000065
            ],
            [
              89.83824175200004,
              22.746918497000138
            ],
            [
              89.83831173800013,
              22.74693437600007
            ],
            [
              89.83842546700004,
              22.747022573000038
            ],
            [
              89.83860911300013,
              22.747185364000075
            ],
            [
              89.83868784000003,
              22.747275780999985
            ],
            [
              89.83883608500008,
              22.74751984200003
            ],
            [
              89.83894071400016,
              22.747842902000116
            ],
            [
              89.83911523200004,
              22.748265404999984
            ],
            [
              89.83918493300018,
              22.748525192000102
            ],
            [
              89.83927205700013,
              22.74898148300008
            ],
            [
              89.83928070500014,
              22.749135062000107
            ],
            [
              89.83928902500008,
              22.749308972000108
            ],
            [
              89.83929775000018,
              22.749394797000036
            ],
            [
              89.8393236710001,
              22.74961389500004
            ],
            [
              89.83935841800007,
              22.749832996000123
            ],
            [
              89.83941077100008,
              22.750092767000012
            ],
            [
              89.83947173000001,
              22.750280279000094
            ],
            [
              89.8395763530001,
              22.750612371000045
            ],
            [
              89.83969859000013,
              22.7509783590001
            ],
            [
              89.83986426700011,
              22.751416659000142
            ],
            [
              89.84003865400007,
              22.75195885700009
            ],
            [
              89.84018713700016,
              22.75226841
            ],
            [
              89.8402918910001,
              22.75248758400005
            ],
            [
              89.84041402600019,
              22.752681929
            ],
            [
              89.84052766600018,
              22.752853682000136
            ],
            [
              89.84065037800019,
              22.752813154000137
            ],
            [
              89.8407115510002,
              22.752819989000102
            ],
            [
              89.84085149000015,
              22.7528856240001
            ],
            [
              89.84101754000005,
              22.75300774500016
            ],
            [
              89.84130606900004,
              22.753292591000104
            ],
            [
              89.84147202600013,
              22.753496014000177
            ],
            [
              89.84159453300009,
              22.753633901000114
            ],
            [
              89.84165562100014,
              22.753715267000075
            ],
            [
              89.84183934800018,
              22.753819335000173
            ],
            [
              89.84212166100019,
              22.753955120000114
            ],
            [
              89.8405748420002,
              22.755216043000075
            ],
            [
              89.839999868,
              22.755468413000187
            ],
            [
              89.83936485200007,
              22.75552423700003
            ],
            [
              89.83872949800008,
              22.755607154000018
            ],
            [
              89.83818515800016,
              22.75569016700007
            ],
            [
              89.83761031,
              22.755829606000134
            ],
            [
              89.83718664200012,
              22.756055015000072
            ],
            [
              89.8371336290001,
              22.756095617000028
            ],
            [
              89.83670572800014,
              22.755013392000137
            ],
            [
              89.83644162800016,
              22.754412382000112
            ],
            [
              89.83607112000004,
              22.754472980000173
            ],
            [
              89.83525659800017,
              22.754210162000106
            ],
            [
              89.83383898200009,
              22.75353794299997
            ],
            [
              89.83242155600004,
              22.752723433000085
            ],
            [
              89.8317470520002,
              22.752221351000117
            ],
            [
              89.83136631900004,
              22.751938646999974
            ],
            [
              89.82888353400006,
              22.750201533000165
            ],
            [
              89.82829953800007,
              22.749537834000023
            ],
            [
              89.82774056700009,
              22.749019149
            ],
            [
              89.82750390000012,
              22.74891048900008
            ],
            [
              89.82708457700016,
              22.748828733000096
            ],
            [
              89.82663198000012,
              22.748828241000012
            ],
            [
              89.8261792720001,
              22.74891131300018
            ],
            [
              89.8258218250001,
              22.749003519000155
            ],
            [
              89.82539135500002,
              22.74907080000014
            ],
            [
              89.8248508370001,
              22.7492734650001
            ],
            [
              89.82410121500004,
              22.749713039000028
            ],
            [
              89.82356968100015,
              22.75002411500003
            ],
            [
              89.82281468800011,
              22.750608211000042
            ],
            [
              89.82247488600007,
              22.750935304
            ],
            [
              89.8223057460001,
              22.75109772200011
            ],
            [
              89.8219334850001,
              22.75134121500014
            ],
            [
              89.821301323,
              22.751550546000146
            ],
            [
              89.82060697800006,
              22.7518873840001
            ],
            [
              89.82046527700015,
              22.751956124000117
            ],
            [
              89.81922096700004,
              22.752426729000035
            ],
            [
              89.81836914100006,
              22.752787111000032
            ],
            [
              89.81743140100008,
              22.75320385300006
            ],
            [
              89.81684349900013,
              22.75330932500009
            ],
            [
              89.81584851600013,
              22.753506921000053
            ],
            [
              89.81484336900019,
              22.753922482000064
            ],
            [
              89.81410632300015,
              22.754564108000068
            ],
            [
              89.81343515300006,
              22.755464431000064
            ],
            [
              89.81271738700013,
              22.75637373700016
            ],
            [
              89.81183251900012,
              22.75749287100018
            ],
            [
              89.81118360300007,
              22.75834579400015
            ],
            [
              89.81084732100015,
              22.758736100000135
            ],
            [
              89.81070090600019,
              22.75890638200019
            ],
            [
              89.81043024200017,
              22.75922116700019
            ],
            [
              89.8101147370001,
              22.759771846000035
            ],
            [
              89.80988680500008,
              22.76038812400003
            ],
            [
              89.80976375000012,
              22.76066350600007
            ],
            [
              89.80967616100003,
              22.760826009000084
            ],
            [
              89.80958857399997,
              22.760988510000118
            ],
            [
              89.80944839500006,
              22.761101263000114
            ],
            [
              89.80929083800004,
              22.761232065000115
            ],
            [
              89.80902868600003,
              22.761279176000016
            ],
            [
              89.80855651800005,
              22.7613124880001
            ],
            [
              89.80820678800006,
              22.761294002
            ],
            [
              89.80789212800016,
              22.761230388000058
            ],
            [
              89.8072453650002,
              22.760954079000044
            ],
            [
              89.80626680400013,
              22.760465077000106
            ],
            [
              89.80567279900009,
              22.76012333200015
            ],
            [
              89.80518336900013,
              22.759881087000053
            ],
            [
              89.80488658100006,
              22.759668432000183
            ],
            [
              89.80472941500005,
              22.759523700999978
            ],
            [
              89.80455471200003,
              22.759295387000122
            ],
            [
              89.80425806,
              22.758987880000177
            ],
            [
              89.80413586000003,
              22.758872549000102
            ],
            [
              89.80401330100011,
              22.75879335600007
            ],
            [
              89.80389093600019,
              22.758793206000064
            ],
            [
              89.80368123300019,
              22.75877487800011
            ],
            [
              89.80348881000015,
              22.758808517000148
            ],
            [
              89.80326122000014,
              22.758952778000094
            ],
            [
              89.80301613800009,
              22.759196385999985
            ],
            [
              89.80285857700011,
              22.759327177999978
            ],
            [
              89.80259600500005,
              22.759455586000115
            ],
            [
              89.80215882300013,
              22.759504728000138
            ],
            [
              89.80207809700005,
              22.759548668000036
            ],
            [
              89.80224562500007,
              22.75989328200012
            ],
            [
              89.80236724500014,
              22.76041287200013
            ],
            [
              89.80236693100011,
              22.76063080800003
            ],
            [
              89.8023687110001,
              22.76066355500018
            ],
            [
              89.80238422200006,
              22.76088264499998
            ],
            [
              89.80236619500005,
              22.76114234000005
            ],
            [
              89.80233399000014,
              22.76125015600013
            ],
            [
              89.80228054999998,
              22.761429056000168
            ],
            [
              89.80222580100019,
              22.76161191600005
            ],
            [
              89.80201598100007,
              22.76196759400017
            ],
            [
              89.8019102790002,
              22.762146773000154
            ],
            [
              89.80092937600011,
              22.76328153700007
            ],
            [
              89.80087011900008,
              22.763347980000162
            ],
            [
              89.7996155530002,
              22.76475464100008
            ],
            [
              89.7995054860001,
              22.76487419700004
            ],
            [
              89.79891490900013,
              22.765517106
            ],
            [
              89.79885086500019,
              22.765596072000164
            ],
            [
              89.79814426700017,
              22.766471445000036
            ],
            [
              89.79758361200004,
              22.767249888000038
            ],
            [
              89.79681242600003,
              22.7683510170001
            ],
            [
              89.79621631800006,
              22.769420748000073
            ],
            [
              89.79606558200004,
              22.769718063000084
            ],
            [
              89.79595313900006,
              22.769939848000035
            ],
            [
              89.795567414,
              22.77057171000007
            ],
            [
              89.79474369100018,
              22.771769872000107
            ],
            [
              89.79390281600013,
              22.772823469000173
            ],
            [
              89.79311458300003,
              22.77368290600009
            ],
            [
              89.79304264000018,
              22.77374830700012
            ],
            [
              89.79218633100015,
              22.774524088000078
            ],
            [
              89.79166098900004,
              22.775058652000098
            ],
            [
              89.79125789400013,
              22.775480445000085
            ],
            [
              89.79097763100015,
              22.775803031000123
            ],
            [
              89.79074967700012,
              22.776159565000114
            ],
            [
              89.79059174200012,
              22.776516185000162
            ],
            [
              89.79045148500012,
              22.776857021000126
            ],
            [
              89.79032834400016,
              22.777399175000028
            ],
            [
              89.79029302800006,
              22.777554663000103
            ],
            [
              89.79020438900011,
              22.778381127999978
            ],
            [
              89.79021188400009,
              22.778799245000073
            ],
            [
              89.79022038000011,
              22.779273219000174
            ],
            [
              89.79020176300008,
              22.780099777000032
            ],
            [
              89.79009586100017,
              22.780668757
            ],
            [
              89.79004274800013,
              22.780960022000045
            ],
            [
              89.79000436800015,
              22.78103901999998
            ],
            [
              89.78988485300016,
              22.781285025000045
            ],
            [
              89.78972713400015,
              22.78149485000006
            ],
            [
              89.78953478000005,
              22.78165720200019
            ],
            [
              89.78916704300008,
              22.781835133000072
            ],
            [
              89.78879968600012,
              22.78196337600008
            ],
            [
              89.78802984700013,
              22.78209334400003
            ],
            [
              89.787592743,
              22.78204307800013
            ],
            [
              89.78689325600016,
              22.781960840000067
            ],
            [
              89.78669755200013,
              22.781926704000114
            ],
            [
              89.78631618300011,
              22.781862956000168
            ],
            [
              89.7860014900001,
              22.781797041000118
            ],
            [
              89.785599418,
              22.781733265000184
            ],
            [
              89.7851622890002,
              22.78169880200005
            ],
            [
              89.78463740300009,
              22.781713905000174
            ],
            [
              89.78379787199998,
              22.78182794700018
            ],
            [
              89.78301063100014,
              22.781987228000105
            ],
            [
              89.78250317100009,
              22.782149141000104
            ],
            [
              89.78178571100005,
              22.782457565000072
            ],
            [
              89.78098028700003,
              22.782942020000064
            ],
            [
              89.7803857950002,
              22.783264154000108
            ],
            [
              89.77979007900012,
              22.783588547000022
            ],
            [
              89.77900243000005,
              22.783993969000164
            ],
            [
              89.77872610800011,
              22.784108767000077
            ],
            [
              89.77843142300014,
              22.783530205000147
            ],
            [
              89.77802625500004,
              22.782933420000063
            ],
            [
              89.777519557,
              22.782431349000035
            ],
            [
              89.77687764100006,
              22.7817709950001
            ],
            [
              89.77670903400019,
              22.78136198500016
            ],
            [
              89.77610163700012,
              22.78026354700006
            ],
            [
              89.77542630500005,
              22.779384077000145
            ],
            [
              89.7752239140001,
              22.77897501700005
            ],
            [
              89.77512264300015,
              22.778724193000073
            ],
            [
              89.77481851400012,
              22.778536314000064
            ],
            [
              89.77464697800013,
              22.778249255
            ],
            [
              89.77454531700016,
              22.77828234100008
            ],
            [
              89.77215960600017,
              22.77905875200014
            ],
            [
              89.77169266400011,
              22.779202622000128
            ],
            [
              89.77054164200007,
              22.77941491500019
            ],
            [
              89.77013741700011,
              22.779489468000065
            ],
            [
              89.76873749100008,
              22.779918799000143
            ],
            [
              89.76858119300016,
              22.78035219000003
            ],
            [
              89.76827011900014,
              22.780494017000137
            ],
            [
              89.76803630600011,
              22.780855022000082
            ],
            [
              89.76718125400004,
              22.780781507000086
            ],
            [
              89.76647712800002,
              22.780931793000093
            ],
            [
              89.7665734090001,
              22.78106518000004
            ],
            [
              89.76657835200007,
              22.78111176300007
            ],
            [
              89.76659018800018,
              22.781223295000075
            ],
            [
              89.76658984400012,
              22.781426549000173
            ],
            [
              89.76643708800009,
              22.78174024600014
            ],
            [
              89.76636879700004,
              22.781975021999983
            ],
            [
              89.76635170300005,
              22.782180510000103
            ],
            [
              89.76633430700002,
              22.78238374299997
            ],
            [
              89.76636778000005,
              22.782571240000152
            ],
            [
              89.76641814300007,
              22.782853616000068
            ],
            [
              89.76650243000017,
              22.78305925300009
            ],
            [
              89.76651913300003,
              22.78326253600011
            ],
            [
              89.76653553100016,
              22.78346581500017
            ],
            [
              89.76651851700018,
              22.783623879000118
            ],
            [
              89.7663992480002,
              22.78393762600001
            ],
            [
              89.76633067300008,
              22.78451793300019
            ],
            [
              89.766279376,
              22.784784354000124
            ],
            [
              89.76632960400008,
              22.78514577100009
            ],
            [
              89.76639657700002,
              22.78550721500011
            ],
            [
              89.76641010100008,
              22.785543244
            ],
            [
              89.76653144500017,
              22.78586649700003
            ],
            [
              89.76666639400008,
              22.78618061500009
            ],
            [
              89.76678452900018,
              22.786354684000173
            ],
            [
              89.76691946800003,
              22.78649490300012
            ],
            [
              89.76713934700001,
              22.786637505000044
            ],
            [
              89.7674266050002,
              22.786904416000027
            ],
            [
              89.76754461300015,
              22.787155271000074
            ],
            [
              89.7675439730001,
              22.787532425
            ],
            [
              89.7675267410001,
              22.787640802
            ],
            [
              89.76742506200014,
              22.787814551999986
            ],
            [
              89.76732318500012,
              22.787925068000106
            ],
            [
              89.76713268600008,
              22.78805126000003
            ],
            [
              89.766899814,
              22.788206750000143
            ],
            [
              89.76637451500017,
              22.78862830300011
            ],
            [
              89.76612022199998,
              22.788846997000064
            ],
            [
              89.7658317040001,
              22.789318581000032
            ],
            [
              89.76562798300006,
              22.789695435000112
            ],
            [
              89.76545822100019,
              22.78997748800009
            ],
            [
              89.76530572500019,
              22.790133093000065
            ],
            [
              89.76489887100013,
              22.790541266
            ],
            [
              89.764746478,
              22.790635896000026
            ],
            [
              89.76444904800013,
              22.790759670000114
            ],
            [
              89.76437451300006,
              22.790759557000058
            ],
            [
              89.76366547200013,
              22.790905307
            ],
            [
              89.76245997100011,
              22.791154198000072
            ],
            [
              89.76164351300008,
              22.791261383000176
            ],
            [
              89.7606326930001,
              22.79125986800011
            ],
            [
              89.76008837400008,
              22.79122292000011
            ],
            [
              89.7590389500001,
              22.791185201000076
            ],
            [
              89.75830032100004,
              22.791184084000065
            ],
            [
              89.75744489000004,
              22.791291190000038
            ]
          ]
        ]
      }
    }
  ]
}