{
  "type": "FeatureCollection",
  "features": [
    {
      "type": "Feature",
      "properties": {
        "adm3_name": "Alamdanga",
        "adm3_name1": null,
        "adm3_name2": null,
        "adm3_name3": null,
        "adm3_pcode": "BD40180007",
        "adm2_name": "Chuadanga",
        "adm2_name1": null,
        "adm2_name2": null,
        "adm2_name3": null,
        "adm2_pcode": "BD4018",
        "adm1_name": "Khulna",
        "adm1_name1": null,
        "adm1_name2": null,
        "adm1_name3": null,
        "adm1_pcode": "BD40",
        "adm0_name": "Bangladesh",
        "adm0_name1": null,
        "adm0_name2": null,
        "adm0_name3": null,
        "adm0_pcode": "BD",
        "valid_on": "2023-05-21",
        "valid_to": null,
        "area_sqkm": 366.02754835,
        "version": "v03",
        "lang": "en",
        "lang1": null,
        "lang2": null,
        "lang3": null,
        "adm3_ref_name": null,
        "center_lat": 23.72952308,
        "center_lon": 88.90824581
      },
      "geometry": {
        "type": "Polygon",
        "coordinates": [
          [
            [
              88.91215903,
              23.82741011800016
            ],
            [
              88.91183306300013,
              23.82757137900012
            ],
            [
              88.91148860700008,
              23.82776011400017
            ],
            [
              88.91125891700005,
              23.827892309
            ],
            [
              88.91113543100016,
              23.828017325000076
            ],
            [
              88.91108074500005,
              23.828072666000082
            ],
            [
              88.9110028950002,
              23.828203737000024
            ],
            [
              88.91099954200018,
              23.82840985500019
            ],
            [
              88.91093243200015,
              23.82860400700008
            ],
            [
              88.91088165100012,
              23.828712614000096
            ],
            [
              88.91086059100013,
              23.828763891
            ],
            [
              88.91082716400012,
              23.82884683200001
            ],
            [
              88.91076131300008,
              23.829200848000028
            ],
            [
              88.91074401999998,
              23.82932061300005
            ],
            [
              88.91062129000017,
              23.83017073200017
            ],
            [
              88.91056053500017,
              23.830648967
            ],
            [
              88.91049304400019,
              23.831199404000188
            ],
            [
              88.91043898200019,
              23.83146374200004
            ],
            [
              88.91030560500008,
              23.831821243000036
            ],
            [
              88.910216032,
              23.83206738800004
            ],
            [
              88.91019004800017,
              23.832138781000026
            ],
            [
              88.91011863500006,
              23.83238663999998
            ],
            [
              88.91002165700019,
              23.832720115000143
            ],
            [
              88.90993157200012,
              23.832963327000186
            ],
            [
              88.90983400800019,
              23.83336679000007
            ],
            [
              88.90966692600006,
              23.83382846500018
            ],
            [
              88.90944293200016,
              23.83430780100008
            ],
            [
              88.90919423300011,
              23.834732774000145
            ],
            [
              88.90887561500006,
              23.83526337300009
            ],
            [
              88.90861028200004,
              23.83566472400014
            ],
            [
              88.90856362400007,
              23.83573530700005
            ],
            [
              88.90819498700006,
              23.836229422000144
            ],
            [
              88.90788366900006,
              23.83662008000016
            ],
            [
              88.90767400300007,
              23.836889535000125
            ],
            [
              88.90721764800008,
              23.837342383000134
            ],
            [
              88.90691407600019,
              23.837577306000128
            ],
            [
              88.9067055970001,
              23.83770452300007
            ],
            [
              88.90656691000004,
              23.837778045000107
            ],
            [
              88.90628974000003,
              23.83782800900019
            ],
            [
              88.9061734230001,
              23.837834649
            ],
            [
              88.90611384700014,
              23.837838050000016
            ],
            [
              88.90591258400008,
              23.837836622999987
            ],
            [
              88.90573047700002,
              23.83781952400011
            ],
            [
              88.90554268800003,
              23.837748200000078
            ],
            [
              88.90532962100008,
              23.837654110000074
            ],
            [
              88.905148499,
              23.83751961300004
            ],
            [
              88.90491755300013,
              23.837362182000106
            ],
            [
              88.90462409800006,
              23.837123024
            ],
            [
              88.9043057670001,
              23.836849819000065
            ],
            [
              88.90398804500012,
              23.83650436700009
            ],
            [
              88.90360211300015,
              23.836097470000084
            ],
            [
              88.90355882600005,
              23.836052604000088
            ],
            [
              88.90349318400013,
              23.835984580000172
            ],
            [
              88.90320943500018,
              23.83569052300004
            ],
            [
              88.90315146900019,
              23.83561560200019
            ],
            [
              88.90300423500008,
              23.83542940800004
            ],
            [
              88.90284871100016,
              23.83524315699998
            ],
            [
              88.90268104700016,
              23.835004889000174
            ],
            [
              88.90220268200011,
              23.834353483000086
            ],
            [
              88.90203624800017,
              23.83411349000005
            ],
            [
              88.90192877200019,
              23.833958514000187
            ],
            [
              88.90184862600012,
              23.833842947000164
            ],
            [
              88.90122679799998,
              23.83306859200013
            ],
            [
              88.90054807000013,
              23.832311892
            ],
            [
              88.90000662700004,
              23.83168486400018
            ],
            [
              88.89983769999998,
              23.8314848870001
            ],
            [
              88.89977636600008,
              23.83141228
            ],
            [
              88.89954033400011,
              23.83109675500009
            ],
            [
              88.89933582200001,
              23.830754360000128
            ],
            [
              88.89917773000008,
              23.830434656000136
            ],
            [
              88.89913190200002,
              23.830341979000025
            ],
            [
              88.89887294800013,
              23.82976212200009
            ],
            [
              88.89876412200016,
              23.8294971790001
            ],
            [
              88.89874442600012,
              23.829460099000073
            ],
            [
              88.89858538200014,
              23.829160714000068
            ],
            [
              88.89842119600002,
              23.828857586000026
            ],
            [
              88.898374779,
              23.82877188700013
            ],
            [
              88.8983319840001,
              23.828724079999972
            ],
            [
              88.89795778600006,
              23.828306050000037
            ],
            [
              88.89770231300014,
              23.82813232100017
            ],
            [
              88.89767256800008,
              23.82811209500005
            ],
            [
              88.8972015720002,
              23.827792628
            ],
            [
              88.89660531900017,
              23.827483552000047
            ],
            [
              88.89582715000017,
              23.82728154800003
            ],
            [
              88.89521590100014,
              23.827239437000173
            ],
            [
              88.89498226200004,
              23.82722334000016
            ],
            [
              88.89395024600014,
              23.827306419000024
            ],
            [
              88.89370992200014,
              23.827325764000136
            ],
            [
              88.892076928,
              23.82767754800011
            ],
            [
              88.89199271700005,
              23.827695004000134
            ],
            [
              88.89196503000016,
              23.82770383800016
            ],
            [
              88.8917537160001,
              23.827767797000035
            ],
            [
              88.89166008300009,
              23.82779651200019
            ],
            [
              88.89026462900006,
              23.828224454000065
            ],
            [
              88.88885091499998,
              23.828943552000055
            ],
            [
              88.88668295800011,
              23.83021487400009
            ],
            [
              88.88518813300016,
              23.830978507999987
            ],
            [
              88.88363121000003,
              23.83160977
            ],
            [
              88.88353886800002,
              23.831646176
            ],
            [
              88.88145887900015,
              23.83252293600009
            ],
            [
              88.87994754900018,
              23.83287998900005
            ],
            [
              88.87823256400009,
              23.833192642000085
            ],
            [
              88.87736671400006,
              23.833307577000085
            ],
            [
              88.87634598700004,
              23.83344306600003
            ],
            [
              88.87626524000007,
              23.833443636000027
            ],
            [
              88.87461578500006,
              23.833455278000145
            ],
            [
              88.87187764600009,
              23.83308529699997
            ],
            [
              88.87097156200008,
              23.832757316000084
            ],
            [
              88.87060439500016,
              23.83262440800013
            ],
            [
              88.86877238000005,
              23.831748483000013
            ],
            [
              88.8673570470001,
              23.830941080000116
            ],
            [
              88.86728107300019,
              23.830897738999965
            ],
            [
              88.86721379000005,
              23.83085935500003
            ],
            [
              88.86615879700003,
              23.830257506000066
            ],
            [
              88.86507166600006,
              23.829637309000134
            ],
            [
              88.86307241800006,
              23.827999202000058
            ],
            [
              88.86259688000013,
              23.827824101000033
            ],
            [
              88.86243969700018,
              23.827838779000047
            ],
            [
              88.86234319099998,
              23.827839136000136
            ],
            [
              88.86205701800003,
              23.82785354700019
            ],
            [
              88.86169753100006,
              23.828119717000163
            ],
            [
              88.86157454900018,
              23.828245880000054
            ],
            [
              88.86120608700008,
              23.828623867000147
            ],
            [
              88.86055230200009,
              23.829126815
            ],
            [
              88.86009636000017,
              23.829477555999972
            ],
            [
              88.85989851000016,
              23.82962976000016
            ],
            [
              88.85925192400009,
              23.830135157000143
            ],
            [
              88.85917925500007,
              23.830191956000135
            ],
            [
              88.85878180100019,
              23.83108509500005
            ],
            [
              88.85863674500013,
              23.83192999300013
            ],
            [
              88.8584834400001,
              23.83197562400011
            ],
            [
              88.8577340600001,
              23.832198665000135
            ],
            [
              88.85664614000018,
              23.83252246100011
            ],
            [
              88.85471367800017,
              23.832974553000042
            ],
            [
              88.8541870270002,
              23.833016183000097
            ],
            [
              88.85365912100019,
              23.833057911000026
            ],
            [
              88.85258837000015,
              23.83314254200019
            ],
            [
              88.85232633200013,
              23.83316325100003
            ],
            [
              88.8517324230001,
              23.833148320000134
            ],
            [
              88.85146202300012,
              23.833141520000083
            ],
            [
              88.85109963000008,
              23.832952305000163
            ],
            [
              88.8509247830001,
              23.83286101300007
            ],
            [
              88.85089820100018,
              23.832845060000068
            ],
            [
              88.85081290700009,
              23.832815495000034
            ],
            [
              88.85052640200007,
              23.832729263000033
            ],
            [
              88.84852355800007,
              23.831735556000126
            ],
            [
              88.84735030200017,
              23.830931547000148
            ],
            [
              88.84639533800004,
              23.829996972000174
            ],
            [
              88.84565508700018,
              23.828892219000124
            ],
            [
              88.84552141600005,
              23.82830648400011
            ],
            [
              88.84552543300009,
              23.828254007000112
            ],
            [
              88.84561186100012,
              23.8271374790001
            ],
            [
              88.84568314100017,
              23.826216931000147
            ],
            [
              88.84561534000017,
              23.82542500700015
            ],
            [
              88.84543361700014,
              23.824121823000155
            ],
            [
              88.84505574200006,
              23.82336313999997
            ],
            [
              88.84489461200002,
              23.823039624000046
            ],
            [
              88.84369814200016,
              23.820880067000132
            ],
            [
              88.84328164300007,
              23.820045382000103
            ],
            [
              88.84319350000015,
              23.81986875000007
            ],
            [
              88.84277458600013,
              23.819660161000115
            ],
            [
              88.84270492300016,
              23.819622843000047
            ],
            [
              88.84256392000009,
              23.819547306000118
            ],
            [
              88.84160298799998,
              23.819032523000033
            ],
            [
              88.84105292000015,
              23.818809525000063
            ],
            [
              88.83921010500018,
              23.818386457000088
            ],
            [
              88.83849610500005,
              23.818222532000107
            ],
            [
              88.83815828700017,
              23.818130839000048
            ],
            [
              88.83806147400009,
              23.818104560999984
            ],
            [
              88.83770311800009,
              23.81800729200006
            ],
            [
              88.83634148700014,
              23.817620262000162
            ],
            [
              88.83548109200007,
              23.817375697000102
            ],
            [
              88.834804082,
              23.817101044000026
            ],
            [
              88.83443692400004,
              23.81690572500014
            ],
            [
              88.83371584300016,
              23.81650599900007
            ],
            [
              88.8332283150001,
              23.816129543000045
            ],
            [
              88.83318450500008,
              23.81608062500004
            ],
            [
              88.83274999200006,
              23.815595446000145
            ],
            [
              88.83234173200003,
              23.815069047
            ],
            [
              88.8319656650001,
              23.814428192000037
            ],
            [
              88.83163551600006,
              23.813880877000145
            ],
            [
              88.83155077500004,
              23.813772705000076
            ],
            [
              88.83154121200005,
              23.813707282000053
            ],
            [
              88.83152140600004,
              23.813571762000038
            ],
            [
              88.83154225000015,
              23.812984094000115
            ],
            [
              88.83163292800003,
              23.811558226000045
            ],
            [
              88.83174406200015,
              23.810418192000043
            ],
            [
              88.83174793500001,
              23.80998532900003
            ],
            [
              88.83152496800017,
              23.809129141000085
            ],
            [
              88.83088495400011,
              23.80751278600019
            ],
            [
              88.8300572070001,
              23.805981028000076
            ],
            [
              88.82990784100019,
              23.805692049000072
            ],
            [
              88.82974473900003,
              23.805376493999972
            ],
            [
              88.82971396800002,
              23.805330350000077
            ],
            [
              88.82865082000018,
              23.803641989000084
            ],
            [
              88.82763686900006,
              23.80202851600012
            ],
            [
              88.82714139799998,
              23.801354331000027
            ],
            [
              88.82698416200014,
              23.80114038100004
            ],
            [
              88.8267193640001,
              23.80078280400005
            ],
            [
              88.82655371700014,
              23.80048906600007
            ],
            [
              88.8264075410001,
              23.800109451000026
            ],
            [
              88.82636695500014,
              23.7997707830001
            ],
            [
              88.82630133600014,
              23.79944339499997
            ],
            [
              88.82624164100008,
              23.79915046200017
            ],
            [
              88.82610089100012,
              23.79877038799998
            ],
            [
              88.82607125900017,
              23.798690374000103
            ],
            [
              88.82581955100017,
              23.798264076
            ],
            [
              88.82506958400018,
              23.797105653000187
            ],
            [
              88.8248789650001,
              23.796817458000078
            ],
            [
              88.82467619200014,
              23.796494759000097
            ],
            [
              88.82444241500008,
              23.796154619
            ],
            [
              88.82432560400008,
              23.795975948000034
            ],
            [
              88.82422136100007,
              23.795785902000148
            ],
            [
              88.82404802500014,
              23.795433558000127
            ],
            [
              88.82384188700013,
              23.795014535000178
            ],
            [
              88.82357185700016,
              23.794547950000037
            ],
            [
              88.82340016900014,
              23.79409023700009
            ],
            [
              88.82336626700004,
              23.79392218200013
            ],
            [
              88.8231975490001,
              23.79321489000006
            ],
            [
              88.8229789670001,
              23.79229855400007
            ],
            [
              88.8225689030001,
              23.791119773000162
            ],
            [
              88.82251328900014,
              23.79095775500008
            ],
            [
              88.82221229900011,
              23.79008087500017
            ],
            [
              88.82217416600008,
              23.789969782000128
            ],
            [
              88.82195325700019,
              23.789127016
            ],
            [
              88.82173416200004,
              23.788602621000052
            ],
            [
              88.8216313330002,
              23.788356502000056
            ],
            [
              88.82110506700013,
              23.787498146000075
            ],
            [
              88.82083671700013,
              23.78684805300003
            ],
            [
              88.82074347700006,
              23.786130479000178
            ],
            [
              88.82015353100013,
              23.78382627800005
            ],
            [
              88.82005933000005,
              23.78339335600009
            ],
            [
              88.8198722950001,
              23.782533776000037
            ],
            [
              88.81990976800012,
              23.781834405000154
            ],
            [
              88.81996735300015,
              23.78166853300013
            ],
            [
              88.82001870500017,
              23.781502614000146
            ],
            [
              88.82025454600006,
              23.780919457000152
            ],
            [
              88.820263054,
              23.78066718600013
            ],
            [
              88.82017961700012,
              23.780408995000187
            ],
            [
              88.82014786600007,
              23.780310742000097
            ],
            [
              88.81996397900008,
              23.779970977000175
            ],
            [
              88.81980548200016,
              23.779579793000153
            ],
            [
              88.81965934700008,
              23.779200173000163
            ],
            [
              88.81947572200005,
              23.77883173500004
            ],
            [
              88.81935368400008,
              23.778544056000158
            ],
            [
              88.81922603700013,
              23.77818751700005
            ],
            [
              88.81915359300018,
              23.777928892000034
            ],
            [
              88.819148708,
              23.777779748000114
            ],
            [
              88.81921138800004,
              23.777583028000038
            ],
            [
              88.81930041100003,
              23.777303628000027
            ],
            [
              88.81936779400019,
              23.77704615
            ],
            [
              88.8194482880001,
              23.776348313000085
            ],
            [
              88.81943254700013,
              23.77630057000016
            ],
            [
              88.81926632300008,
              23.77579637100007
            ],
            [
              88.81902817600019,
              23.77525547
            ],
            [
              88.81905202100012,
              23.774984413000027
            ],
            [
              88.819078004,
              23.774689055000124
            ],
            [
              88.81916219400006,
              23.77382871000009
            ],
            [
              88.81903342400005,
              23.773294174000057
            ],
            [
              88.8186032590001,
              23.77262563400018
            ],
            [
              88.8179000240001,
              23.771834571
            ],
            [
              88.81707727100013,
              23.7711687580001
            ],
            [
              88.8165564140001,
              23.770883757000036
            ],
            [
              88.81631032799999,
              23.770757031000016
            ],
            [
              88.81604020200001,
              23.77070473700013
            ],
            [
              88.81567341100015,
              23.77048299900008
            ],
            [
              88.81519160500005,
              23.77063437400011
            ],
            [
              88.81508466500009,
              23.770667879000143
            ],
            [
              88.81476234399997,
              23.770995163
            ],
            [
              88.81428333800017,
              23.771421602000032
            ],
            [
              88.81394030500013,
              23.771758861000137
            ],
            [
              88.81365077500016,
              23.77219153300007
            ],
            [
              88.81354101300013,
              23.77313613400014
            ],
            [
              88.81329917500017,
              23.773134276000178
            ],
            [
              88.81287479200012,
              23.77304693800005
            ],
            [
              88.81168087800012,
              23.77280122200017
            ],
            [
              88.808514011,
              23.772158180000076
            ],
            [
              88.80587920900012,
              23.771584666000024
            ],
            [
              88.80481667800007,
              23.771278416000087
            ],
            [
              88.80391780600013,
              23.770781512000042
            ],
            [
              88.80336433200017,
              23.770542413000044
            ],
            [
              88.80276419600006,
              23.770369427000105
            ],
            [
              88.80230181400003,
              23.770236145000126
            ],
            [
              88.80176676000013,
              23.769984215000022
            ],
            [
              88.80170213000014,
              23.76995378400011
            ],
            [
              88.8011695080001,
              23.769949650000115
            ],
            [
              88.80105703600003,
              23.769931053000107
            ],
            [
              88.80068236000011,
              23.76986910200003
            ],
            [
              88.80057121900006,
              23.769850176000034
            ],
            [
              88.80036025900006,
              23.769814671000063
            ],
            [
              88.80012914399998,
              23.76976997800017
            ],
            [
              88.79971555900016,
              23.769425836000096
            ],
            [
              88.79951057400018,
              23.769040414000187
            ],
            [
              88.79923510600008,
              23.768783141000142
            ],
            [
              88.79884100100008,
              23.768822975000035
            ],
            [
              88.7987811910001,
              23.768837694000126
            ],
            [
              88.79870994300006,
              23.768844895000086
            ],
            [
              88.79838678500016,
              23.768924422
            ],
            [
              88.79829195200006,
              23.768947760000174
            ],
            [
              88.7978041200002,
              23.76892866500009
            ],
            [
              88.79764392400006,
              23.768922395000118
            ],
            [
              88.79692786800018,
              23.76872490700009
            ],
            [
              88.79675139800014,
              23.768735433000074
            ],
            [
              88.79647373600005,
              23.76938028500018
            ],
            [
              88.7961928810002,
              23.76967612700014
            ],
            [
              88.79606499599998,
              23.76969470100005
            ],
            [
              88.79557523000017,
              23.76975746700009
            ],
            [
              88.79514817500007,
              23.769703392000167
            ],
            [
              88.7949863880001,
              23.769921847000035
            ],
            [
              88.79495946300011,
              23.770348361000174
            ],
            [
              88.79488473800006,
              23.770903197000052
            ],
            [
              88.7947413190002,
              23.771392020000064
            ],
            [
              88.79478371000005,
              23.771816818000048
            ],
            [
              88.79475776000004,
              23.77213722400012
            ],
            [
              88.79463559000004,
              23.772283026000082
            ],
            [
              88.7945493000002,
              23.77238778800006
            ],
            [
              88.79410470300007,
              23.772622066000054
            ],
            [
              88.79352360500013,
              23.77285233800012
            ],
            [
              88.792919902,
              23.773039533000087
            ],
            [
              88.79285609300013,
              23.773040594000065
            ],
            [
              88.79278883900008,
              23.773061448000192
            ],
            [
              88.79195766000015,
              23.77307526800007
            ],
            [
              88.79129323000006,
              23.772334027000113
            ],
            [
              88.79087452200008,
              23.77180473900006
            ],
            [
              88.79060849000007,
              23.771468445000096
            ],
            [
              88.79043991800017,
              23.771060720000037
            ],
            [
              88.79032843900006,
              23.770680538000192
            ],
            [
              88.79008111300004,
              23.770233815000097
            ],
            [
              88.78995667200013,
              23.769991777000143
            ],
            [
              88.78970031300014,
              23.76953091500019
            ],
            [
              88.78944476400005,
              23.769045741000184
            ],
            [
              88.78926598700014,
              23.7684821470001
            ],
            [
              88.78917429600006,
              23.76821726700001
            ],
            [
              88.78825153000008,
              23.767826205000176
            ],
            [
              88.78797492000012,
              23.767695340000103
            ],
            [
              88.78752984699997,
              23.76757394100008
            ],
            [
              88.78754165400017,
              23.767328433000046
            ],
            [
              88.787543131,
              23.767301352
            ],
            [
              88.78772293100013,
              23.76656220500007
            ],
            [
              88.78779563600006,
              23.766194756000118
            ],
            [
              88.78788228100018,
              23.765547448
            ],
            [
              88.78789821400017,
              23.764820561000192
            ],
            [
              88.78787726100012,
              23.764235628
            ],
            [
              88.78747468800015,
              23.763105828000164
            ],
            [
              88.78724957600014,
              23.762415431000136
            ],
            [
              88.78702593500003,
              23.76173182100007
            ],
            [
              88.78681503899998,
              23.76083156300018
            ],
            [
              88.78666768700009,
              23.759919401000047
            ],
            [
              88.78661929700013,
              23.75961984500009
            ],
            [
              88.78660775800017,
              23.75835087100012
            ],
            [
              88.78669262300019,
              23.757796119000034
            ],
            [
              88.78669401800005,
              23.757618081000032
            ],
            [
              88.78669596800017,
              23.757369419999975
            ],
            [
              88.78669723500019,
              23.75716622900012
            ],
            [
              88.78661603900008,
              23.757027866000158
            ],
            [
              88.78624680300004,
              23.756769834000124
            ],
            [
              88.7858115860002,
              23.756253895000157
            ],
            [
              88.78558781400017,
              23.755421265000166
            ],
            [
              88.7853638580001,
              23.754805761000057
            ],
            [
              88.78520124500005,
              23.754358843000034
            ],
            [
              88.7851363330002,
              23.75418044200012
            ],
            [
              88.7848431590001,
              23.753326947000062
            ],
            [
              88.78496962000014,
              23.752156143000036
            ],
            [
              88.78521960400008,
              23.750196080000137
            ],
            [
              88.78541743000011,
              23.7488339250001
            ],
            [
              88.78567505500018,
              23.748495021000167
            ],
            [
              88.78588668900011,
              23.74815575700012
            ],
            [
              88.78604038200012,
              23.74702651500013
            ],
            [
              88.786060738,
              23.746876950000114
            ],
            [
              88.78614654100011,
              23.744760274000157
            ],
            [
              88.78618077800019,
              23.743915657000173
            ],
            [
              88.78575428900018,
              23.742462798000133
            ],
            [
              88.78569457600008,
              23.741396645000066
            ],
            [
              88.78558136900006,
              23.741140626000117
            ],
            [
              88.78521113000005,
              23.74109481800008
            ],
            [
              88.78502630700012,
              23.74101535700015
            ],
            [
              88.78491156500007,
              23.740966024999977
            ],
            [
              88.784637282,
              23.740557464
            ],
            [
              88.78429816500011,
              23.740503268000168
            ],
            [
              88.78422125200007,
              23.740490975000114
            ],
            [
              88.78408298700009,
              23.740424409000127
            ],
            [
              88.78392278700017,
              23.740210917000013
            ],
            [
              88.78353727500007,
              23.73933411400003
            ],
            [
              88.78326393500015,
              23.73850312100012
            ],
            [
              88.78322579500019,
              23.738498176000178
            ],
            [
              88.78265723000015,
              23.73851627900018
            ],
            [
              88.7825984230002,
              23.738535884999976
            ],
            [
              88.78214666100007,
              23.7386865200001
            ],
            [
              88.78165836100004,
              23.7388493360001
            ],
            [
              88.78157300200013,
              23.73885601500001
            ],
            [
              88.780662173,
              23.738927277000073
            ],
            [
              88.78052470800009,
              23.738774921000072
            ],
            [
              88.78035545800014,
              23.73822022500019
            ],
            [
              88.78027748500017,
              23.737964679000186
            ],
            [
              88.779846325,
              23.73702202800007
            ],
            [
              88.779848491,
              23.736789494
            ],
            [
              88.77984054600017,
              23.73668783100004
            ],
            [
              88.77983817700004,
              23.736657598000136
            ],
            [
              88.77974493500017,
              23.73546560400007
            ],
            [
              88.77933321000012,
              23.734238163000043
            ],
            [
              88.77927185200019,
              23.734055260000105
            ],
            [
              88.77881929900013,
              23.732943106000107
            ],
            [
              88.77858990500016,
              23.731818829000076
            ],
            [
              88.77857570100002,
              23.731746231000102
            ],
            [
              88.77858381500016,
              23.73087535900015
            ],
            [
              88.77861308700011,
              23.73023437100005
            ],
            [
              88.7787535280001,
              23.730066147000173
            ],
            [
              88.77898655900009,
              23.729896397000175
            ],
            [
              88.77915128700005,
              23.729622244000097
            ],
            [
              88.77913276100014,
              23.729109575000052
            ],
            [
              88.77923486100002,
              23.728087598000172
            ],
            [
              88.77910155400014,
              23.727490486000136
            ],
            [
              88.77892377100005,
              23.72669885000016
            ],
            [
              88.77900506700001,
              23.725441896000063
            ],
            [
              88.77882616100015,
              23.724738307000052
            ],
            [
              88.77856075400013,
              23.72341539600012
            ],
            [
              88.77833608500009,
              23.722688866000055
            ],
            [
              88.77833888100014,
              23.722388598000066
            ],
            [
              88.77854988400014,
              23.722114817000033
            ],
            [
              88.77865880900015,
              23.72209948200009
            ],
            [
              88.77899034400014,
              23.722052815999973
            ],
            [
              88.7791433490001,
              23.72201564100004
            ],
            [
              88.77924834400017,
              23.72198099300016
            ],
            [
              88.77926835100016,
              23.721910208999986
            ],
            [
              88.77931729700009,
              23.721737047000033
            ],
            [
              88.77934266600016,
              23.721482112
            ],
            [
              88.77948243200018,
              23.721417741000096
            ],
            [
              88.77952760500011,
              23.721407834000104
            ],
            [
              88.77976072100006,
              23.721356719000028
            ],
            [
              88.77994606900012,
              23.72133560400016
            ],
            [
              88.78022355900015,
              23.72136036700016
            ],
            [
              88.7804508270001,
              23.72180920699998
            ],
            [
              88.78054170700017,
              23.722024419000036
            ],
            [
              88.78077253800018,
              23.72208945300008
            ],
            [
              88.78112021900006,
              23.72204929300011
            ],
            [
              88.78116617200004,
              23.722007431000065
            ],
            [
              88.78126026900014,
              23.72192170600016
            ],
            [
              88.78133192000007,
              23.72148603400018
            ],
            [
              88.78135976500016,
              23.7211774110001
            ],
            [
              88.78173261600006,
              23.720902639000144
            ],
            [
              88.78182330600009,
              23.720884706000163
            ],
            [
              88.78187013800004,
              23.72085019700006
            ],
            [
              88.78228748500004,
              23.720767687000148
            ],
            [
              88.78272556000013,
              23.72096305000008
            ],
            [
              88.78291100000018,
              23.720964505999973
            ],
            [
              88.78317805500018,
              23.720921085000043
            ],
            [
              88.78328185600014,
              23.720904205000068
            ],
            [
              88.78342209100009,
              23.720756298000026
            ],
            [
              88.78342506600006,
              23.720435710000118
            ],
            [
              88.78322533100015,
              23.719497147000027
            ],
            [
              88.78318378200004,
              23.71898655700005
            ],
            [
              88.78309240800007,
              23.71885714100017
            ],
            [
              88.78293078200005,
              23.718833294000035
            ],
            [
              88.78253722700009,
              23.71883019800015
            ],
            [
              88.78228546800011,
              23.71850986400011
            ],
            [
              88.78224195300015,
              23.718211492000137
            ],
            [
              88.78224612400004,
              23.717762220000054
            ],
            [
              88.78238872900005,
              23.71735919300005
            ],
            [
              88.7828036860002,
              23.717180194000036
            ],
            [
              88.78315624000004,
              23.717163628000094
            ],
            [
              88.78357308800008,
              23.717166905000113
            ],
            [
              88.78383147500006,
              23.717168936000178
            ],
            [
              88.78394785300009,
              23.717147274000183
            ],
            [
              88.78417538200017,
              23.71710616100006
            ],
            [
              88.78420695200015,
              23.717072861000133
            ],
            [
              88.7843128990001,
              23.71705371700017
            ],
            [
              88.78445312500014,
              23.716905802999975
            ],
            [
              88.78445509200003,
              23.716693586000133
            ],
            [
              88.7844109880001,
              23.716458427000134
            ],
            [
              88.78379194800004,
              23.715814601000147
            ],
            [
              88.78147880500006,
              23.71315250700013
            ],
            [
              88.7813888010001,
              23.712876344000108
            ],
            [
              88.78162199000013,
              23.71268626900013
            ],
            [
              88.78171633400012,
              23.712495096
            ],
            [
              88.78171811700014,
              23.712303196000107
            ],
            [
              88.78164915000008,
              23.712237177000077
            ],
            [
              88.78128186100014,
              23.711915934000046
            ],
            [
              88.78128622500014,
              23.71144634400008
            ],
            [
              88.78159016000012,
              23.71113038500016
            ],
            [
              88.78180084500008,
              23.710854334000146
            ],
            [
              88.78182711600004,
              23.71053393200009
            ],
            [
              88.78164377700006,
              23.710340574999975
            ],
            [
              88.78122753800017,
              23.71027407700018
            ],
            [
              88.78030470900012,
              23.709968777000142
            ],
            [
              88.78013149100013,
              23.70980633400012
            ],
            [
              88.7800521960001,
              23.709731971999986
            ],
            [
              88.77998499600005,
              23.70947631100006
            ],
            [
              88.78005656300019,
              23.709262382000077
            ],
            [
              88.78022709800018,
              23.709068629000114
            ],
            [
              88.78031343900011,
              23.70902959700004
            ],
            [
              88.7803828930002,
              23.70900982300003
            ],
            [
              88.78054264000014,
              23.708981518000087
            ],
            [
              88.7806146900001,
              23.70896875200009
            ],
            [
              88.78082429900013,
              23.70884170800008
            ],
            [
              88.78089643200013,
              23.708566823000126
            ],
            [
              88.78083002600016,
              23.70822537300012
            ],
            [
              88.78078592800006,
              23.70799021200014
            ],
            [
              88.78035214800019,
              23.707407001000092
            ],
            [
              88.78026199400006,
              23.707285789000025
            ],
            [
              88.779786173,
              23.70664604700005
            ],
            [
              88.77941430000004,
              23.70614605700007
            ],
            [
              88.77852092800003,
              23.705116221000083
            ],
            [
              88.77815408700013,
              23.70474981899997
            ],
            [
              88.77799294900012,
              23.70464242900016
            ],
            [
              88.77776175000008,
              23.70462028300011
            ],
            [
              88.77743662200004,
              23.704744150000124
            ],
            [
              88.77715775500013,
              23.704870642000117
            ],
            [
              88.7768558050002,
              23.704974374000187
            ],
            [
              88.77660112200016,
              23.704972361000102
            ],
            [
              88.77636992200007,
              23.704950213000018
            ],
            [
              88.77616549700008,
              23.704521870000065
            ],
            [
              88.77584531999997,
              23.704115190000152
            ],
            [
              88.77536462300009,
              23.70353564700008
            ],
            [
              88.77509014000003,
              23.703192546000025
            ],
            [
              88.77486174700005,
              23.702870129000075
            ],
            [
              88.77465810900009,
              23.70235825300017
            ],
            [
              88.77438483100019,
              23.70188646500003
            ],
            [
              88.7742268830001,
              23.701438166000173
            ],
            [
              88.77423226100018,
              23.700862470000118
            ],
            [
              88.774260127,
              23.700372746000085
            ],
            [
              88.77412438700014,
              23.700008163000064
            ],
            [
              88.7737311030001,
              23.699495803000104
            ],
            [
              88.77371287800014,
              23.69947205900013
            ],
            [
              88.77360001,
              23.699152816000094
            ],
            [
              88.77350958900007,
              23.698989536000056
            ],
            [
              88.77339236700016,
              23.698776484
            ],
            [
              88.7732823230001,
              23.69857796600013
            ],
            [
              88.77346793800012,
              23.69856729700001
            ],
            [
              88.773999414,
              23.698619298000153
            ],
            [
              88.77447275900005,
              23.698643954999966
            ],
            [
              88.77481360900015,
              23.69863882700008
            ],
            [
              88.7752079490001,
              23.69868104200009
            ],
            [
              88.77673865800017,
              23.69882504900005
            ],
            [
              88.77893602500018,
              23.698939892000055
            ],
            [
              88.77896991600005,
              23.69894519000013
            ],
            [
              88.78021088600008,
              23.699139196000033
            ],
            [
              88.78170286100016,
              23.69943195600007
            ],
            [
              88.78295995400015,
              23.69953360300002
            ],
            [
              88.78301742800011,
              23.69953430200019
            ],
            [
              88.78378868600015,
              23.699543679000158
            ],
            [
              88.78385673800011,
              23.699544506000166
            ],
            [
              88.7842839130002,
              23.69961327400017
            ],
            [
              88.78555436100015,
              23.699817787000086
            ],
            [
              88.7857534630001,
              23.699856195999985
            ],
            [
              88.78697115400001,
              23.700091097000154
            ],
            [
              88.78756861800008,
              23.700206348
            ],
            [
              88.78834541400005,
              23.70039021300005
            ],
            [
              88.78895226999998,
              23.70076773100004
            ],
            [
              88.78919182300018,
              23.700939568000138
            ],
            [
              88.78945341900015,
              23.701127217000078
            ],
            [
              88.79027339300018,
              23.7013572890001
            ],
            [
              88.79054745800016,
              23.70135369600007
            ],
            [
              88.79080933300008,
              23.701321332000077
            ],
            [
              88.79110271400009,
              23.701249071000063
            ],
            [
              88.79145889900019,
              23.70111994900003
            ],
            [
              88.79189023700019,
              23.700945534000084
            ],
            [
              88.7932280440001,
              23.700399684000047
            ],
            [
              88.7940738170002,
              23.699855724000145
            ],
            [
              88.79473075900017,
              23.699528215000157
            ],
            [
              88.79488692000007,
              23.69947781700006
            ],
            [
              88.79508128700007,
              23.699335957000017
            ],
            [
              88.79520527900019,
              23.69921604200016
            ],
            [
              88.79523780500006,
              23.699184586000058
            ],
            [
              88.79529941600009,
              23.699098071000094
            ],
            [
              88.79566650200007,
              23.698582602000158
            ],
            [
              88.79592141100011,
              23.69832493600012
            ],
            [
              88.79643590500007,
              23.69796768700013
            ],
            [
              88.79652094400006,
              23.697902473000113
            ],
            [
              88.79670542100013,
              23.6977204370001
            ],
            [
              88.79678875400003,
              23.697570423000172
            ],
            [
              88.79704615100007,
              23.697107066000115
            ],
            [
              88.79716136700006,
              23.69692346500011
            ],
            [
              88.7980509510001,
              23.696379148000062
            ],
            [
              88.79824733400011,
              23.696243035000123
            ],
            [
              88.79836895400001,
              23.696110164
            ],
            [
              88.7984911690001,
              23.69591230200018
            ],
            [
              88.79853361700009,
              23.69583633900004
            ],
            [
              88.79878936900008,
              23.695594929000094
            ],
            [
              88.79900049200006,
              23.69539788300017
            ],
            [
              88.79934985500012,
              23.69516577900015
            ],
            [
              88.7997931320001,
              23.69478538700008
            ],
            [
              88.80028567400018,
              23.694044123000083
            ],
            [
              88.80087263400009,
              23.693131993000065
            ],
            [
              88.80150791800003,
              23.692028320000134
            ],
            [
              88.8016377470002,
              23.691805801000157
            ],
            [
              88.80221310900004,
              23.690819069000042
            ],
            [
              88.80256498800009,
              23.69030926300013
            ],
            [
              88.80312862500011,
              23.689396943000133
            ],
            [
              88.8031690860002,
              23.689292941000076
            ],
            [
              88.80348417900007,
              23.6884830140001
            ],
            [
              88.80364520500007,
              23.68801843
            ],
            [
              88.80379324900002,
              23.687591304000023
            ],
            [
              88.804109836,
              23.68664771800013
            ],
            [
              88.80412651000017,
              23.6865980660001
            ],
            [
              88.80428970400015,
              23.686112109000135
            ],
            [
              88.80485974300018,
              23.684829181
            ],
            [
              88.80509917199998,
              23.683977569000092
            ],
            [
              88.80517501800006,
              23.683253392000097
            ],
            [
              88.80513359300011,
              23.68272022500014
            ],
            [
              88.80513591300013,
              23.682465108000088
            ],
            [
              88.80513747500004,
              23.6822935240001
            ],
            [
              88.80518567600006,
              23.682081659000062
            ],
            [
              88.80524896100007,
              23.681873622000182
            ],
            [
              88.80572264700015,
              23.681947084000058
            ],
            [
              88.80576045700008,
              23.681950762000156
            ],
            [
              88.805905425,
              23.68233684100005
            ],
            [
              88.80604150700009,
              23.68263818400004
            ],
            [
              88.80628605700008,
              23.682722479000176
            ],
            [
              88.80670142700012,
              23.682792286000165
            ],
            [
              88.80679395100015,
              23.682795257000123
            ],
            [
              88.8076400610002,
              23.682862732000103
            ],
            [
              88.80803437800006,
              23.682737072
            ],
            [
              88.80850951300016,
              23.682485598000028
            ],
            [
              88.80875494100007,
              23.682487483000045
            ],
            [
              88.80891614300009,
              23.68248872099997
            ],
            [
              88.80916904500003,
              23.682682584000133
            ],
            [
              88.8092806210002,
              23.68315307100005
            ],
            [
              88.80927656700004,
              23.683600090000027
            ],
            [
              88.80927539900011,
              23.68372877799999
            ],
            [
              88.80923291400006,
              23.68398699000005
            ],
            [
              88.80903275100013,
              23.684050775000117
            ],
            [
              88.8087293750001,
              23.684221631000014
            ],
            [
              88.80865832100005,
              23.68451752500016
            ],
            [
              88.80854221900006,
              23.684647582000025
            ],
            [
              88.80846672900003,
              23.684661074000076
            ],
            [
              88.80838935100019,
              23.68464189200006
            ],
            [
              88.80800557700007,
              23.684618617000183
            ],
            [
              88.80797391599998,
              23.68470394800005
            ],
            [
              88.8079345770002,
              23.68480998700005
            ],
            [
              88.8079310940002,
              23.685193791000188
            ],
            [
              88.8082522110002,
              23.685537196999974
            ],
            [
              88.80849674500018,
              23.685539077000158
            ],
            [
              88.80891335500019,
              23.685541153000145
            ],
            [
              88.80951595100015,
              23.685462246999975
            ],
            [
              88.80993354900005,
              23.68521885800004
            ],
            [
              88.81042071300004,
              23.684631684000124
            ],
            [
              88.81079648600013,
              23.684015919000046
            ],
            [
              88.81100756100011,
              23.68371950900007
            ],
            [
              88.81128749600009,
              23.68346652600019
            ],
            [
              88.81135990200005,
              23.683447367999975
            ],
            [
              88.81167774700015,
              23.683366790000093
            ],
            [
              88.81204184900008,
              23.683430540000018
            ],
            [
              88.8123422320001,
              23.683474614000147
            ],
            [
              88.81273551800018,
              23.68347989
            ],
            [
              88.81326755300006,
              23.68354379600015
            ],
            [
              88.81345092400005,
              23.683693152000103
            ],
            [
              88.81350682200019,
              23.683738680000147
            ],
            [
              88.81391225800019,
              23.683891930000186
            ],
            [
              88.81426970100017,
              23.68398046700014
            ],
            [
              88.81432142400013,
              23.683987631000036
            ],
            [
              88.81432639500008,
              23.684463580000056
            ],
            [
              88.8141882320001,
              23.68452609899998
            ],
            [
              88.81398604800006,
              23.684585516000027
            ],
            [
              88.81394831500006,
              23.68463724300011
            ],
            [
              88.8138545590001,
              23.684664799000075
            ],
            [
              88.81371864600015,
              23.684851153000068
            ],
            [
              88.81371642300007,
              23.685097241000165
            ],
            [
              88.81378016800011,
              23.685470273000135
            ],
            [
              88.81384393400003,
              23.685841047000054
            ],
            [
              88.81397511600005,
              23.686212337000086
            ],
            [
              88.8142396400001,
              23.686647866000158
            ],
            [
              88.8144396080001,
              23.68683454000012
            ],
            [
              88.81484090700019,
              23.687022754000054
            ],
            [
              88.81509954199998,
              23.687024734000033
            ],
            [
              88.81562722700005,
              23.687028771000143
            ],
            [
              88.81575754500017,
              23.687463274000095
            ],
            [
              88.81609228200006,
              23.687590011
            ],
            [
              88.81643683100009,
              23.687716825000052
            ],
            [
              88.8168394760001,
              23.687722163000103
            ],
            [
              88.81765384000016,
              23.68784804800015
            ],
            [
              88.81775449500003,
              23.687833011000066
            ],
            [
              88.81781461900005,
              23.687825124000028
            ],
            [
              88.81806029800003,
              23.687792889000093
            ],
            [
              88.81851879800013,
              23.687732727000082
            ],
            [
              88.81993157500006,
              23.68749626800019
            ],
            [
              88.82049559000006,
              23.687432020000188
            ],
            [
              88.82248610100004,
              23.687205262000077
            ],
            [
              88.82268645600016,
              23.68716539800016
            ],
            [
              88.82396711500019,
              23.686910582
            ],
            [
              88.82426462900008,
              23.686877201000186
            ],
            [
              88.82504142300007,
              23.686790040000176
            ],
            [
              88.8261938760001,
              23.686429626
            ],
            [
              88.82719416500004,
              23.686498165000103
            ],
            [
              88.82741958700018,
              23.686413201000164
            ],
            [
              88.82767570300007,
              23.68631666699997
            ],
            [
              88.828484399,
              23.68601346600002
            ],
            [
              88.83050388000004,
              23.685473299000023
            ],
            [
              88.83132186800003,
              23.685036628000034
            ],
            [
              88.83185666400004,
              23.68443135600006
            ],
            [
              88.83194861800018,
              23.684396784000057
            ],
            [
              88.83198814200011,
              23.684352057000183
            ],
            [
              88.83278298400012,
              23.684053243000108
            ],
            [
              88.83305308100017,
              23.684300255000153
            ],
            [
              88.8335900460001,
              23.68436300100018
            ],
            [
              88.83418771900011,
              23.684318474000122
            ],
            [
              88.83431943500017,
              23.684308660000056
            ],
            [
              88.83544282800011,
              23.683971664000012
            ],
            [
              88.83570443899998,
              23.683948795
            ],
            [
              88.83585258300019,
              23.683963391000134
            ],
            [
              88.83587807300017,
              23.683972351000023
            ],
            [
              88.83587297399998,
              23.68405096900011
            ],
            [
              88.83581264800017,
              23.68494462400008
            ],
            [
              88.83562565900007,
              23.685848614000065
            ],
            [
              88.8354332130001,
              23.68660806200006
            ],
            [
              88.83522868800014,
              23.68713937400014
            ],
            [
              88.83509721100006,
              23.68741609900019
            ],
            [
              88.834862052,
              23.68791105600019
            ],
            [
              88.83417516200007,
              23.688716453000154
            ],
            [
              88.83389048600009,
              23.68926522200013
            ],
            [
              88.83368576800007,
              23.68981685300008
            ],
            [
              88.83433757100005,
              23.690686515000095
            ],
            [
              88.83489491000006,
              23.691081317000055
            ],
            [
              88.83513469200005,
              23.691171177
            ],
            [
              88.83538536900005,
              23.6912839310001
            ],
            [
              88.83572688700008,
              23.691437543000063
            ],
            [
              88.8360555430001,
              23.691528070000174
            ],
            [
              88.83626782300007,
              23.691574823000053
            ],
            [
              88.83654649300007,
              23.691599496000038
            ],
            [
              88.83694282600004,
              23.691627309000125
            ],
            [
              88.83797444200013,
              23.69179762200008
            ],
            [
              88.83822555400013,
              23.69181982500004
            ],
            [
              88.83888100500013,
              23.691865385000085
            ],
            [
              88.83937552499998,
              23.69188038300007
            ],
            [
              88.84033763800011,
              23.691939521
            ],
            [
              88.84231970000013,
              23.69192951900004
            ],
            [
              88.84299908900016,
              23.69193685600004
            ],
            [
              88.84304700000013,
              23.691933218000088
            ],
            [
              88.84309876000015,
              23.691933777000088
            ],
            [
              88.84369433100011,
              23.69188855300007
            ],
            [
              88.84375016900009,
              23.691882198000144
            ],
            [
              88.84394161200004,
              23.691858789000094
            ],
            [
              88.84442313000011,
              23.691679498999974
            ],
            [
              88.84485558900008,
              23.691258259000108
            ],
            [
              88.84485308000018,
              23.69119501200015
            ],
            [
              88.8449181850001,
              23.69110970300011
            ],
            [
              88.84529104300009,
              23.69056608600016
            ],
            [
              88.84560835200011,
              23.689891094000075
            ],
            [
              88.8459860230002,
              23.688798853000037
            ],
            [
              88.84608331100009,
              23.688126358999966
            ],
            [
              88.84610674900006,
              23.68796434500007
            ],
            [
              88.84622577800002,
              23.687287879000053
            ],
            [
              88.84634932000012,
              23.686376627000186
            ],
            [
              88.84637027200012,
              23.686189382
            ],
            [
              88.84650009300009,
              23.684965334000026
            ],
            [
              88.8464045880001,
              23.684550435000062
            ],
            [
              88.84619117900013,
              23.683830850000106
            ],
            [
              88.84615992100004,
              23.68281909800004
            ],
            [
              88.8460538490001,
              23.681253617000095
            ],
            [
              88.84616699600014,
              23.680726696000136
            ],
            [
              88.84618625900004,
              23.680636988000174
            ],
            [
              88.84632569800016,
              23.679987620000077
            ],
            [
              88.8463452530001,
              23.679896561000078
            ],
            [
              88.84628971100011,
              23.67983518400007
            ],
            [
              88.84658151700006,
              23.679024531000096
            ],
            [
              88.84683633500003,
              23.678338793000023
            ],
            [
              88.84692958300008,
              23.678087855
            ],
            [
              88.84730308500008,
              23.67746520600008
            ],
            [
              88.84767612900004,
              23.676894489000063
            ],
            [
              88.84813380700007,
              23.676351493000084
            ],
            [
              88.8485644610002,
              23.675675081000065
            ],
            [
              88.84927721800011,
              23.675082044000078
            ],
            [
              88.84951214000017,
              23.67495509200006
            ],
            [
              88.84972275600018,
              23.674839249000172
            ],
            [
              88.85069165800007,
              23.674722710000026
            ],
            [
              88.85116301400018,
              23.67476344700009
            ],
            [
              88.8518892030001,
              23.67491107600017
            ],
            [
              88.85202404300009,
              23.674964648000127
            ],
            [
              88.85236406200005,
              23.67509973700004
            ],
            [
              88.85302805000009,
              23.675493009000093
            ],
            [
              88.85315380200007,
              23.675620378000076
            ],
            [
              88.85322689900016,
              23.675776712000186
            ],
            [
              88.85323173600011,
              23.67584340800005
            ],
            [
              88.8532696600002,
              23.67636633000012
            ],
            [
              88.85298235300013,
              23.677041559000145
            ],
            [
              88.85268640400011,
              23.67759480300009
            ],
            [
              88.85254004700016,
              23.677826274000154
            ],
            [
              88.85251920200011,
              23.677862247000178
            ],
            [
              88.85209358500015,
              23.678595158000178
            ],
            [
              88.85168982100015,
              23.679070824000064
            ],
            [
              88.85148585800005,
              23.679511855000044
            ],
            [
              88.85168145700015,
              23.680028096000058
            ],
            [
              88.85206266799997,
              23.680414758000097
            ],
            [
              88.85255472200004,
              23.68063742000004
            ],
            [
              88.85307959900001,
              23.68079645200004
            ],
            [
              88.85352482500008,
              23.680931349000105
            ],
            [
              88.85407087700014,
              23.681041508000078
            ],
            [
              88.85441960400016,
              23.68109786800011
            ],
            [
              88.85500080000008,
              23.68118225900008
            ],
            [
              88.85504151499998,
              23.681179191000183
            ],
            [
              88.85501865000015,
              23.681204015000105
            ],
            [
              88.85541673800003,
              23.681252542000095
            ],
            [
              88.856122846,
              23.68133861400014
            ],
            [
              88.85694325500015,
              23.681369508000046
            ],
            [
              88.8573195370002,
              23.68131301600016
            ],
            [
              88.857595468,
              23.681271589000175
            ],
            [
              88.85875751200007,
              23.681150327000125
            ],
            [
              88.85900219300015,
              23.68110491300007
            ],
            [
              88.85969354100013,
              23.680976594000015
            ],
            [
              88.86065798600009,
              23.680777099000125
            ],
            [
              88.86121248200016,
              23.680749142000025
            ],
            [
              88.86231352500005,
              23.680678419000117
            ],
            [
              88.8628842220001,
              23.680726254000092
            ],
            [
              88.86367164700016,
              23.680792251000128
            ],
            [
              88.86480119800007,
              23.681114378000075
            ],
            [
              88.86559259199998,
              23.681275969000183
            ],
            [
              88.86588959500017,
              23.68139586100017
            ],
            [
              88.86677749799998,
              23.681754280000064
            ],
            [
              88.86747924200017,
              23.681997679000062
            ],
            [
              88.8681606770001,
              23.68223403000013
            ],
            [
              88.86886835800016,
              23.682607551000046
            ],
            [
              88.86976449600007,
              23.683392739
            ],
            [
              88.87015811200013,
              23.683734291
            ],
            [
              88.87063450400007,
              23.684286427000075
            ],
            [
              88.87096695100013,
              23.685149098000124
            ],
            [
              88.87117412300006,
              23.685781548000023
            ],
            [
              88.8712004960002,
              23.685862023000027
            ],
            [
              88.87136404500012,
              23.68583842400011
            ],
            [
              88.87166649400001,
              23.68565103600008
            ],
            [
              88.87233930600013,
              23.685136628000123
            ],
            [
              88.87264483700005,
              23.684914466000066
            ],
            [
              88.872679694,
              23.684911624
            ],
            [
              88.87292048600006,
              23.68489238100011
            ],
            [
              88.87329701800013,
              23.68489512000008
            ],
            [
              88.87328082000005,
              23.684858884000107
            ],
            [
              88.87350414600019,
              23.684830165000108
            ],
            [
              88.8741951070001,
              23.686064015000056
            ],
            [
              88.87465903900011,
              23.68689136200004
            ],
            [
              88.87535760000009,
              23.686649743000032
            ],
            [
              88.87569637100012,
              23.686480152000115
            ],
            [
              88.8758251210001,
              23.686540094000122
            ],
            [
              88.8762112070001,
              23.686662205000175
            ],
            [
              88.87660676100012,
              23.687341939000078
            ],
            [
              88.87666858200004,
              23.687961042999973
            ],
            [
              88.87686914000011,
              23.688211939000155
            ],
            [
              88.87747360100008,
              23.688403505000167
            ],
            [
              88.87780789000016,
              23.688591073000055
            ],
            [
              88.87827428200018,
              23.68902796300017
            ],
            [
              88.87873958800014,
              23.68940033100006
            ],
            [
              88.87920377200015,
              23.69014633200004
            ],
            [
              88.8797447840002,
              23.690644985000176
            ],
            [
              88.87981951500007,
              23.690637461999984
            ],
            [
              88.87988211900006,
              23.69069594500013
            ],
            [
              88.88035273600019,
              23.69063838500017
            ],
            [
              88.88069285000012,
              23.69014411700016
            ],
            [
              88.88141598000004,
              23.689760410000076
            ],
            [
              88.88148891500015,
              23.68971095699999
            ],
            [
              88.88184018000015,
              23.689472788000103
            ],
            [
              88.88244744300005,
              23.689167842000074
            ],
            [
              88.88312414199999,
              23.6885540720001
            ],
            [
              88.88312783100002,
              23.688120582000124
            ],
            [
              88.88364227000005,
              23.687715742000023
            ],
            [
              88.88393278700005,
              23.687434800000062
            ],
            [
              88.88398676600013,
              23.687382599999978
            ],
            [
              88.88434729100004,
              23.686892064000062
            ],
            [
              88.88488636800014,
              23.686710801000117
            ],
            [
              88.88562490500004,
              23.686716117000174
            ],
            [
              88.88616136200011,
              23.686844156
            ],
            [
              88.88649849300003,
              23.68666143900009
            ],
            [
              88.88684855400015,
              23.686543726000025
            ],
            [
              88.88703756700005,
              23.686480167000013
            ],
            [
              88.88737710599997,
              23.68604909900006
            ],
            [
              88.88753010500011,
              23.68565152600013
            ],
            [
              88.8877054990001,
              23.68567533000015
            ],
            [
              88.88784844300017,
              23.685693091000076
            ],
            [
              88.88805502000014,
              23.68612629900008
            ],
            [
              88.88825373600008,
              23.68643705300019
            ],
            [
              88.88845090500013,
              23.68649604500007
            ],
            [
              88.88878023400008,
              23.686439757000073
            ],
            [
              88.88945022900003,
              23.686201915000083
            ],
            [
              88.88971181100015,
              23.6864475160001
            ],
            [
              88.88997764400006,
              23.68675874900015
            ],
            [
              88.89044355600004,
              23.68725656400005
            ],
            [
              88.89071075000015,
              23.68744362300015
            ],
            [
              88.89118892500016,
              23.687633323000057
            ],
            [
              88.89164884000013,
              23.687698705000116
            ],
            [
              88.89184840700005,
              23.68794624300017
            ],
            [
              88.89184579800008,
              23.688255553000033
            ],
            [
              88.89190820500016,
              23.688813696000125
            ],
            [
              88.89203825900012,
              23.68930910000006
            ],
            [
              88.89216966800007,
              23.68968033400006
            ],
            [
              88.89226827600004,
              23.689773756000136
            ],
            [
              88.89243539900008,
              23.68993077500005
            ],
            [
              88.8929754620001,
              23.690178489000118
            ],
            [
              88.89311769200015,
              23.69023345100004
            ],
            [
              88.89357773600005,
              23.690026944000124
            ],
            [
              88.89365738400005,
              23.689991185999986
            ],
            [
              88.89406351200006,
              23.689621538000154
            ],
            [
              88.89408788700007,
              23.68957769800005
            ],
            [
              88.89419981100008,
              23.689376404000143
            ],
            [
              88.89460488800012,
              23.68913092700012
            ],
            [
              88.89521053900006,
              23.688950175000116
            ],
            [
              88.89554901200006,
              23.688643257000138
            ],
            [
              88.89608811100015,
              23.688461955000037
            ],
            [
              88.89679626300017,
              23.68846936600005
            ],
            [
              88.89721505700015,
              23.688666611000087
            ],
            [
              88.89741921000007,
              23.688758784000186
            ],
            [
              88.8974828210001,
              23.688787505000164
            ],
            [
              88.89753294700017,
              23.688798358999975
            ],
            [
              88.89788514800011,
              23.688856472999987
            ],
            [
              88.89800097800008,
              23.68890413000014
            ],
            [
              88.8982792560002,
              23.68901853500006
            ],
            [
              88.89834540000015,
              23.689045711
            ],
            [
              88.89849730800012,
              23.689108124000143
            ],
            [
              88.89902803500007,
              23.68923376400005
            ],
            [
              88.89942771400018,
              23.689113616000043
            ],
            [
              88.8997744620001,
              23.6889941500001
            ],
            [
              88.9001675950002,
              23.688996941000084
            ],
            [
              88.90064663400011,
              23.689122269000165
            ],
            [
              88.90104894000001,
              23.689188345000105
            ],
            [
              88.90145897500014,
              23.68919125499997
            ],
            [
              88.9014751580001,
              23.689240826000116
            ],
            [
              88.90158931100007,
              23.689243871000087
            ],
            [
              88.90199327900007,
              23.689122572000088
            ],
            [
              88.90239730500014,
              23.68900125300007
            ],
            [
              88.90226639500014,
              23.68856681000011
            ],
            [
              88.90186495700016,
              23.688378817000114
            ],
            [
              88.9018303150001,
              23.688378397000065
            ],
            [
              88.90171829700006,
              23.688325940000084
            ],
            [
              88.90145965300019,
              23.688324104000117
            ],
            [
              88.90078825500007,
              23.688259506000065
            ],
            [
              88.90038806900014,
              23.68820263599997
            ],
            [
              88.9000547780002,
              23.687995677000174
            ],
            [
              88.89985656000016,
              23.68762171800006
            ],
            [
              88.90019781500001,
              23.686944520000168
            ],
            [
              88.90087081200005,
              23.68666852300015
            ],
            [
              88.90107373000012,
              23.686669896000183
            ],
            [
              88.90110593700001,
              23.686641670000142
            ],
            [
              88.90134215100005,
              23.686643315000026
            ],
            [
              88.90168068800006,
              23.686336386000107
            ],
            [
              88.90155163700013,
              23.685716811000077
            ],
            [
              88.90209193300007,
              23.68535035000008
            ],
            [
              88.90209451900012,
              23.68504103900017
            ],
            [
              88.90209630300006,
              23.684827531000053
            ],
            [
              88.90209710400006,
              23.68473172500012
            ],
            [
              88.90226982300004,
              23.684679856
            ],
            [
              88.90250105700017,
              23.684610425000017
            ],
            [
              88.90284189200003,
              23.684922161000088
            ],
            [
              88.90303558000011,
              23.6849235360001
            ],
            [
              88.90323887700015,
              23.68473982900008
            ],
            [
              88.90331062900003,
              23.68454569100004
            ],
            [
              88.90344744900017,
              23.683874279000065
            ],
            [
              88.90398722400016,
              23.68356877000008
            ],
            [
              88.90430388000004,
              23.683483932000172
            ],
            [
              88.90533356400016,
              23.68320805100018
            ],
            [
              88.90611296300006,
              23.68291539100011
            ],
            [
              88.90614226700018,
              23.68290438700012
            ],
            [
              88.90617295200013,
              23.682869556000128
            ],
            [
              88.9064130770002,
              23.6825970270001
            ],
            [
              88.90655068600012,
              23.682227702000148
            ],
            [
              88.90641976900008,
              23.681793264000078
            ],
            [
              88.90635730100001,
              23.681235125
            ],
            [
              88.90612652700014,
              23.68097670000003
            ],
            [
              88.90602453000014,
              23.680862479000098
            ],
            [
              88.90574531200014,
              23.68073172700008
            ],
            [
              88.90522169100007,
              23.680486516000144
            ],
            [
              88.90475419900008,
              23.68017388000004
            ],
            [
              88.90449092100016,
              23.67955335800002
            ],
            [
              88.90349007800006,
              23.67874246800011
            ],
            [
              88.90342322700008,
              23.678741995000166
            ],
            [
              88.90322165700013,
              23.678740570000116
            ],
            [
              88.9027329130002,
              23.67873710900011
            ],
            [
              88.90268366500004,
              23.678735300000028
            ],
            [
              88.90255307400014,
              23.678363279000052
            ],
            [
              88.90277215500004,
              23.6780161210001
            ],
            [
              88.90282543300003,
              23.67793169500004
            ],
            [
              88.90289545800005,
              23.677847132000068
            ],
            [
              88.90323251300015,
              23.677440102000162
            ],
            [
              88.9032387150001,
              23.67669730200015
            ],
            [
              88.90337860100016,
              23.67601866900003
            ],
            [
              88.9033848000002,
              23.675275869000075
            ],
            [
              88.90352519200007,
              23.674536276000083
            ],
            [
              88.90326038600006,
              23.67410088700018
            ],
            [
              88.90285931800008,
              23.673788776000038
            ],
            [
              88.90257176600011,
              23.673810451000122
            ],
            [
              88.90212074200008,
              23.67384444700008
            ],
            [
              88.9015835900002,
              23.67384063900016
            ],
            [
              88.90138247500016,
              23.673778251000158
            ],
            [
              88.901455795,
              23.673159014000134
            ],
            [
              88.90149830899998,
              23.673110753000174
            ],
            [
              88.9017260660001,
              23.672852696
            ],
            [
              88.90189319000007,
              23.67270112099999
            ],
            [
              88.90206207500012,
              23.67254714600017
            ],
            [
              88.90206282600008,
              23.672499276999986
            ],
            [
              88.9020672010002,
              23.67222034000008
            ],
            [
              88.90206774700005,
              23.672185556000045
            ],
            [
              88.90206886900012,
              23.672051248000173
            ],
            [
              88.90205707000013,
              23.671920809000085
            ],
            [
              88.90204155900017,
              23.67175220600012
            ],
            [
              88.90201526800007,
              23.67146398400007
            ],
            [
              88.90202967600015,
              23.671047704000046
            ],
            [
              88.90208647000009,
              23.66940679700008
            ],
            [
              88.90209210500012,
              23.66926744600005
            ],
            [
              88.90216415700019,
              23.669213819000106
            ],
            [
              88.90208403600008,
              23.66917631900003
            ],
            [
              88.90202196700017,
              23.669147095000085
            ],
            [
              88.90223899900019,
              23.668985336000162
            ],
            [
              88.90226701100016,
              23.66898308900005
            ],
            [
              88.90289175200007,
              23.668933493
            ],
            [
              88.90296351300009,
              23.66885886700004
            ],
            [
              88.90336571300014,
              23.668440107000038
            ],
            [
              88.90378242200006,
              23.667945212000063
            ],
            [
              88.90385221000014,
              23.667939046000072
            ],
            [
              88.90438776500014,
              23.66789189499997
            ],
            [
              88.90484776300019,
              23.66789289000019
            ],
            [
              88.90492104800012,
              23.66781343300005
            ],
            [
              88.90497918200015,
              23.667813527000078
            ],
            [
              88.90531817600015,
              23.66744562800011
            ],
            [
              88.90520866600014,
              23.667107943000133
            ],
            [
              88.90505617200012,
              23.666637709000156
            ],
            [
              88.90519813800012,
              23.665653060000125
            ],
            [
              88.90574822800016,
              23.66534321000006
            ],
            [
              88.90642039,
              23.66528922400005
            ],
            [
              88.90728719300006,
              23.66516971200008
            ],
            [
              88.907689392,
              23.664924494000047
            ],
            [
              88.90776038500013,
              23.664493735
            ],
            [
              88.907899724,
              23.663876054000184
            ],
            [
              88.90831137200018,
              23.662826777000134
            ],
            [
              88.90844864800016,
              23.662457450000034
            ],
            [
              88.90818457100005,
              23.661897893000173
            ],
            [
              88.90798790400004,
              23.661338809000085
            ],
            [
              88.90806115300018,
              23.660598736000054
            ],
            [
              88.90840158500009,
              23.660043433000055
            ],
            [
              88.90887214300011,
              23.659669466000082
            ],
            [
              88.90894227900003,
              23.659613728000124
            ],
            [
              88.90929143900019,
              23.65947908700008
            ],
            [
              88.90941380700013,
              23.659431900000186
            ],
            [
              88.90955241400019,
              23.658938396
            ],
            [
              88.9092862810001,
              23.65862719200004
            ],
            [
              88.90888748900011,
              23.658129904000077
            ],
            [
              88.90876048600018,
              23.657261981000147
            ],
            [
              88.90903348500012,
              23.656708458000082
            ],
            [
              88.90924018499999,
              23.656537991000107
            ],
            [
              88.90977729000014,
              23.65609503200011
            ],
            [
              88.91032133900012,
              23.655295050000177
            ],
            [
              88.91073057300002,
              23.654494109000098
            ],
            [
              88.91118901200002,
              23.653782545000183
            ],
            [
              88.91120701000011,
              23.653754615000025
            ],
            [
              88.91191368100004,
              23.653434084000025
            ],
            [
              88.91201585000005,
              23.653387740000085
            ],
            [
              88.91255801800014,
              23.65277514100012
            ],
            [
              88.91222684700006,
              23.65221511200008
            ],
            [
              88.91248699500005,
              23.651745349
            ],
            [
              88.91249962400013,
              23.651722547000077
            ],
            [
              88.91309607700003,
              23.651438460000122
            ],
            [
              88.91356851500018,
              23.651213438000127
            ],
            [
              88.91364544900017,
              23.651172883000072
            ],
            [
              88.91366766900006,
              23.651159533000055
            ],
            [
              88.91391910700008,
              23.65100846500013
            ],
            [
              88.9141952990002,
              23.650082920000045
            ],
            [
              88.91321229800013,
              23.64716785899998
            ],
            [
              88.91255557700003,
              23.64537048400007
            ],
            [
              88.91240239500019,
              23.645100878000108
            ],
            [
              88.91202621200006,
              23.644438774000037
            ],
            [
              88.91205100600013,
              23.643664291
            ],
            [
              88.91236245100004,
              23.642174607000015
            ],
            [
              88.91248639899999,
              23.641201240000044
            ],
            [
              88.91248140600004,
              23.64048160900012
            ],
            [
              88.91248394300015,
              23.6401745550001
            ],
            [
              88.91242707600014,
              23.63893682700018
            ],
            [
              88.91250338000009,
              23.637821960000053
            ],
            [
              88.91261732200007,
              23.637590547000173
            ],
            [
              88.91303639800014,
              23.636739406000174
            ],
            [
              88.91304957600016,
              23.636712642000077
            ],
            [
              88.91316826000019,
              23.636659006000116
            ],
            [
              88.91318094100012,
              23.636633277000044
            ],
            [
              88.91326193500004,
              23.636596676000124
            ],
            [
              88.91385498000017,
              23.636328670000125
            ],
            [
              88.91442814700008,
              23.636332678000088
            ],
            [
              88.91450653200008,
              23.63633322400017
            ],
            [
              88.91471064400008,
              23.636025330000052
            ],
            [
              88.91478078100016,
              23.635655524000015
            ],
            [
              88.91485424500019,
              23.634855084000037
            ],
            [
              88.91519177800012,
              23.634669433000056
            ],
            [
              88.91574062000007,
              23.63442490500006
            ],
            [
              88.91628106700011,
              23.63442596699997
            ],
            [
              88.91697213400016,
              23.63432728900017
            ],
            [
              88.91710122800004,
              23.633896037
            ],
            [
              88.91744580700004,
              23.632785298000044
            ],
            [
              88.91772056100018,
              23.63204436300009
            ],
            [
              88.91792720500007,
              23.631427137
            ],
            [
              88.91819960600014,
              23.630934558000035
            ],
            [
              88.91820214700004,
              23.630625241000132
            ],
            [
              88.91820620800013,
              23.630130790000123
            ],
            [
              88.91861259800004,
              23.629700100000036
            ],
            [
              88.918668508,
              23.629700700000114
            ],
            [
              88.91887082600005,
              23.62970287899998
            ],
            [
              88.91907659100013,
              23.62970509500019
            ],
            [
              88.91920698700005,
              23.62970649900012
            ],
            [
              88.91980088000008,
              23.62977160700018
            ],
            [
              88.92013558600007,
              23.629898121000167
            ],
            [
              88.92061378400001,
              23.630086594000034
            ],
            [
              88.92073814700012,
              23.630087450000133
            ],
            [
              88.92107538800002,
              23.62990465500019
            ],
            [
              88.92111354200017,
              23.629875807000076
            ],
            [
              88.92120676000008,
              23.629825276000076
            ],
            [
              88.92161208600004,
              23.62951876600016
            ],
            [
              88.92187614900013,
              23.62932642000004
            ],
            [
              88.92194986200008,
              23.629272741000136
            ],
            [
              88.9224986690001,
              23.629028185000152
            ],
            [
              88.92296855799998,
              23.629031442000155
            ],
            [
              88.92323613600013,
              23.629033302000096
            ],
            [
              88.9233042840001,
              23.62903377100008
            ],
            [
              88.92345008900014,
              23.62884963300013
            ],
            [
              88.92345363400017,
              23.628416138000034
            ],
            [
              88.92352475600018,
              23.62792215100012
            ],
            [
              88.92379561600006,
              23.62761469500009
            ],
            [
              88.92406829200007,
              23.62712210600006
            ],
            [
              88.9241389170001,
              23.62668907800014
            ],
            [
              88.92373914300009,
              23.626316008000174
            ],
            [
              88.92401080000008,
              23.625947590000067
            ],
            [
              88.92436057000009,
              23.62572099000016
            ],
            [
              88.92467771400004,
              23.625723183000048
            ],
            [
              88.92520556900007,
              23.6259052100001
            ],
            [
              88.92524678800004,
              23.625794752000047
            ],
            [
              88.92527195600019,
              23.625727304000122
            ],
            [
              88.92527398300007,
              23.625478949000126
            ],
            [
              88.92528668100005,
              23.625107605000096
            ],
            [
              88.92541580600016,
              23.62509386900001
            ],
            [
              88.92581476900006,
              23.625051427000074
            ],
            [
              88.9259335980002,
              23.624973380000085
            ],
            [
              88.92621598100004,
              23.62478650899999
            ],
            [
              88.92621899900007,
              23.624416231999987
            ],
            [
              88.92635598100009,
              23.62392707100014
            ],
            [
              88.92669171000006,
              23.62374907500015
            ],
            [
              88.92649871800006,
              23.62350750300004
            ],
            [
              88.92656860400018,
              23.62313742400005
            ],
            [
              88.92657314900009,
              23.622579754000128
            ],
            [
              88.92660847100018,
              23.62255515800001
            ],
            [
              88.92693099000013,
              23.622275144000128
            ],
            [
              88.92727074300007,
              23.621780752000063
            ],
            [
              88.92736731400015,
              23.621751987000096
            ],
            [
              88.92807831100009,
              23.621540218000064
            ],
            [
              88.92813113400013,
              23.621484226000064
            ],
            [
              88.92848462500012,
              23.621109507000085
            ],
            [
              88.92888853500017,
              23.620559110999977
            ],
            [
              88.9289488570002,
              23.620597896000106
            ],
            [
              88.92949240900003,
              23.620992286000046
            ],
            [
              88.93036254100008,
              23.62130762300012
            ],
            [
              88.93082738600009,
              23.621929494000142
            ],
            [
              88.93136161200005,
              23.622305729000118
            ],
            [
              88.9317525690002,
              23.6225891790001
            ],
            [
              88.93196214500011,
              23.62274112500006
            ],
            [
              88.93222625000004,
              23.623300644999972
            ],
            [
              88.93269312000012,
              23.62367415900019
            ],
            [
              88.93262353500012,
              23.623983012000053
            ],
            [
              88.93241997300015,
              23.624229983000134
            ],
            [
              88.93248505800011,
              23.624476544
            ],
            [
              88.93261751500017,
              23.624725825000155
            ],
            [
              88.93261350900019,
              23.62522027900019
            ],
            [
              88.93254291400012,
              23.625653315000136
            ],
            [
              88.93274115999998,
              23.626024976000053
            ],
            [
              88.93294020400015,
              23.626335678000032
            ],
            [
              88.93313899500015,
              23.62652671100011
            ],
            [
              88.93353002800006,
              23.62660322100004
            ],
            [
              88.93365848500014,
              23.626524499000084
            ],
            [
              88.93391689200013,
              23.626465308000093
            ],
            [
              88.93400034700016,
              23.626448949000064
            ],
            [
              88.93439734600008,
              23.626333140000156
            ],
            [
              88.93452668000009,
              23.626514660999987
            ],
            [
              88.93465834300008,
              23.626824899999974
            ],
            [
              88.93493530500007,
              23.627011947000085
            ],
            [
              88.93532542600013,
              23.627014620000068
            ],
            [
              88.93568561400008,
              23.626768726000137
            ],
            [
              88.93595574500011,
              23.626585430999967
            ],
            [
              88.93632879900008,
              23.626189944000032
            ],
            [
              88.93636206600007,
              23.626154690000135
            ],
            [
              88.93661907400002,
              23.626039051000078
            ],
            [
              88.93695531100008,
              23.626282946000117
            ],
            [
              88.9372855420001,
              23.626236202000143
            ],
            [
              88.93735698100011,
              23.626226087000077
            ],
            [
              88.93757163200019,
              23.62597783600006
            ],
            [
              88.93757361800016,
              23.62573173700008
            ],
            [
              88.93751103500006,
              23.625173603000064
            ],
            [
              88.93778265400005,
              23.624805163000133
            ],
            [
              88.93778565900004,
              23.62443262900001
            ],
            [
              88.93772056200004,
              23.624186069000075
            ],
            [
              88.93772256300014,
              23.62393771400002
            ],
            [
              88.93799387300004,
              23.62356927400009
            ],
            [
              88.93819691700014,
              23.623385511000095
            ],
            [
              88.93826699700008,
              23.623013437000054
            ],
            [
              88.93833806600014,
              23.622519440000076
            ],
            [
              88.93848277600006,
              23.62225804500008
            ],
            [
              88.93853981900008,
              23.622155037000084
            ],
            [
              88.93892477700012,
              23.622277338000117
            ],
            [
              88.93940297900008,
              23.622465755000178
            ],
            [
              88.93986302700011,
              23.622468895999987
            ],
            [
              88.93999569800019,
              23.622654956000133
            ],
            [
              88.93999320600017,
              23.62296427400014
            ],
            [
              88.94047171000011,
              23.623093984000036
            ],
            [
              88.94079730100015,
              23.62315491600009
            ],
            [
              88.9409304620001,
              23.623280010000144
            ],
            [
              88.94092897400014,
              23.623465149000083
            ],
            [
              88.94106144500017,
              23.623714423000138
            ],
            [
              88.9411270400002,
              23.623900021
            ],
            [
              88.94140300499998,
              23.624211237
            ],
            [
              88.94167118700017,
              23.624211933000083
            ],
            [
              88.942209236,
              23.62415577200011
            ],
            [
              88.9424005410001,
              23.624154809000117
            ],
            [
              88.94260811300006,
              23.624042256000166
            ],
            [
              88.94273774300012,
              23.62397196400019
            ],
            [
              88.94280781200018,
              23.62360213400018
            ],
            [
              88.94254808800014,
              23.62348070100012
            ],
            [
              88.9421461730002,
              23.62359763000012
            ],
            [
              88.94188767200006,
              23.623595871000077
            ],
            [
              88.94189066300004,
              23.623223327000176
            ],
            [
              88.94209388400009,
              23.62297860100017
            ],
            [
              88.94229691800018,
              23.62279483400016
            ],
            [
              88.94229842200014,
              23.622607438000102
            ],
            [
              88.94243604300004,
              23.62217711400001
            ],
            [
              88.94261020500005,
              23.622018637000167
            ],
            [
              88.94270450400012,
              23.62193283000005
            ],
            [
              88.94273540500012,
              23.62193755600009
            ],
            [
              88.94317553800005,
              23.622057966000114
            ],
            [
              88.94343875500005,
              23.622180556000103
            ],
            [
              88.94391018500016,
              23.622065225000085
            ],
            [
              88.94476641300014,
              23.622190720000106
            ],
            [
              88.94476460700014,
              23.622378114000128
            ],
            [
              88.94496237600009,
              23.62281298300013
            ],
            [
              88.94522903500001,
              23.623060907000024
            ],
            [
              88.94529412700007,
              23.623309720000123
            ],
            [
              88.9453674130001,
              23.62368277500019
            ],
            [
              88.94590447500013,
              23.623807225000178
            ],
            [
              88.94651667000005,
              23.62399765900011
            ],
            [
              88.94684241100009,
              23.62400213
            ],
            [
              88.94739285200012,
              23.624062314000014
            ],
            [
              88.94744595400005,
              23.624068319000116
            ],
            [
              88.94818413600018,
              23.62413315900011
            ],
            [
              88.94857712800001,
              23.62413582099998
            ],
            [
              88.94925003200012,
              23.62395523200007
            ],
            [
              88.949788969,
              23.623710508000045
            ],
            [
              88.95047136699998,
              23.623529977000146
            ],
            [
              88.95086435600007,
              23.62353263400007
            ],
            [
              88.95133832400006,
              23.623656637000124
            ],
            [
              88.95167974500015,
              23.62353814500011
            ],
            [
              88.95208253800018,
              23.623540867000145
            ],
            [
              88.95247553000019,
              23.623543520000112
            ],
            [
              88.95295422000015,
              23.6236709370001
            ],
            [
              88.95349115800019,
              23.623676816000113
            ],
            [
              88.95421889400018,
              23.623803650000127
            ],
            [
              88.95456229500007,
              23.624053207000088
            ],
            [
              88.9550316700001,
              23.624119593000046
            ],
            [
              88.955567304,
              23.62418077600006
            ],
            [
              88.95617986000008,
              23.624060713000176
            ],
            [
              88.95677836300013,
              23.623884103000137
            ],
            [
              88.95765052300015,
              23.62394791800017
            ],
            [
              88.95859175500004,
              23.623831935000055
            ],
            [
              88.95972680200009,
              23.623468117000186
            ],
            [
              88.96121845000005,
              23.622923790000186
            ],
            [
              88.96209148100007,
              23.622805446000143
            ],
            [
              88.96256185300012,
              23.622745370000132
            ],
            [
              88.96303250500011,
              23.62268868100017
            ],
            [
              88.96335797300009,
              23.622688599000128
            ],
            [
              88.96390709400009,
              23.62250824300014
            ],
            [
              88.96438369800012,
              23.622457345000043
            ],
            [
              88.96443440900015,
              23.622451929000135
            ],
            [
              88.96483984100013,
              23.622079819000078
            ],
            [
              88.96515931000016,
              23.621753467000076
            ],
            [
              88.96609768399998,
              23.621694724000065
            ],
            [
              88.96630204700011,
              23.621827996000093
            ],
            [
              88.96643203400015,
              23.62192062500003
            ],
            [
              88.96660604000016,
              23.62195619500011
            ],
            [
              88.9667119140002,
              23.62193950200009
            ],
            [
              88.96678054300008,
              23.621928681000156
            ],
            [
              88.96686765600009,
              23.62185300700014
            ],
            [
              88.96692468800006,
              23.621803466000188
            ],
            [
              88.96704416100005,
              23.621649410000032
            ],
            [
              88.96720079800014,
              23.62151854300015
            ],
            [
              88.96730070000007,
              23.621479062000162
            ],
            [
              88.9675064560002,
              23.621434549000128
            ],
            [
              88.96762328200009,
              23.621423846000027
            ],
            [
              88.96834961100006,
              23.62135729100015
            ],
            [
              88.96849320300004,
              23.62144158100017
            ],
            [
              88.96855931200008,
              23.621566207
            ],
            [
              88.96894952500014,
              23.621688470000095
            ],
            [
              88.9693560250002,
              23.621510535000027
            ],
            [
              88.96996146000015,
              23.621393757000135
            ],
            [
              88.97036442700016,
              23.621334338999986
            ],
            [
              88.97090108800006,
              23.621335641000144
            ],
            [
              88.9714261370001,
              23.62133912000013
            ],
            [
              88.97173221000008,
              23.621310132000076
            ],
            [
              88.97178663400013,
              23.621315272000118
            ],
            [
              88.97187723500008,
              23.62133738000017
            ],
            [
              88.97198322900016,
              23.62138109600005
            ],
            [
              88.9721223030001,
              23.62144991499997
            ],
            [
              88.97227814300004,
              23.62152417100009
            ],
            [
              88.97251588800009,
              23.621636386000034
            ],
            [
              88.97291626700007,
              23.621948374999988
            ],
            [
              88.97337619200005,
              23.621950287000175
            ],
            [
              88.9738471730002,
              23.621894682000118
            ],
            [
              88.9742140370002,
              23.621753926000167
            ],
            [
              88.97432444800017,
              23.62171157300014
            ],
            [
              88.97498815200004,
              23.621780310000076
            ],
            [
              88.97575244100011,
              23.621994215000086
            ],
            [
              88.97611712800017,
              23.621953722
            ],
            [
              88.97747077300016,
              23.62207538600012
            ],
            [
              88.97755399600004,
              23.622082866000028
            ],
            [
              88.97831387000019,
              23.62200658300003
            ],
            [
              88.97836329200004,
              23.622004652000157
            ],
            [
              88.97882714100012,
              23.622024766000038
            ],
            [
              88.97891587200007,
              23.622028595000074
            ],
            [
              88.97903561100014,
              23.62179457500008
            ],
            [
              88.97914942800008,
              23.621444040000142
            ],
            [
              88.97932986500018,
              23.62134619
            ],
            [
              88.97976247100007,
              23.62117742900017
            ],
            [
              88.9797693810001,
              23.621146535000094
            ],
            [
              88.97981895200002,
              23.620924912000135
            ],
            [
              88.97981296300014,
              23.620669725000084
            ],
            [
              88.9798023530002,
              23.620220326000094
            ],
            [
              88.97967308400007,
              23.62002303500003
            ],
            [
              88.97972524800008,
              23.619576309000024
            ],
            [
              88.98002528500012,
              23.61908153400003
            ],
            [
              88.98007744700004,
              23.618634805000113
            ],
            [
              88.97975482400005,
              23.618169804000104
            ],
            [
              88.97950147100016,
              23.617976214000066
            ],
            [
              88.97932034800016,
              23.617971488000023
            ],
            [
              88.97927964700011,
              23.61801187700007
            ],
            [
              88.97928615199999,
              23.61831899900011
            ],
            [
              88.97916691500018,
              23.618566586000043
            ],
            [
              88.97904088900003,
              23.61888073200015
            ],
            [
              88.97893646,
              23.6188931100001
            ],
            [
              88.97867066900017,
              23.61892459200004
            ],
            [
              88.97848806400003,
              23.61885113600016
            ],
            [
              88.97829685500011,
              23.61866246599999
            ],
            [
              88.97816330100011,
              23.618228066000142
            ],
            [
              88.97815301400004,
              23.617738026000097
            ],
            [
              88.97826490500017,
              23.617258123000056
            ],
            [
              88.97851371100012,
              23.61713074100004
            ],
            [
              88.97881157100011,
              23.617042106000042
            ],
            [
              88.97893656100013,
              23.616918042000066
            ],
            [
              88.97918071300006,
              23.616678048000153
            ],
            [
              88.97942424800004,
              23.61643805000017
            ],
            [
              88.97951141600015,
              23.616402137000136
            ],
            [
              88.979847753,
              23.616263572000094
            ],
            [
              88.98035793900016,
              23.616152911000086
            ],
            [
              88.98077047500016,
              23.61616464000008
            ],
            [
              88.98108733700008,
              23.615988357000163
            ],
            [
              88.98138988600016,
              23.615994861
            ],
            [
              88.98174203000019,
              23.616116839000142
            ],
            [
              88.9817752620001,
              23.61612835000011
            ],
            [
              88.98238915300016,
              23.61614364800016
            ],
            [
              88.9824499720001,
              23.61606247399999
            ],
            [
              88.98252051100019,
              23.61606421000016
            ],
            [
              88.98270225800002,
              23.615821534000133
            ],
            [
              88.98263085000019,
              23.61538980100005
            ],
            [
              88.98263279700006,
              23.615166523000028
            ],
            [
              88.98263351800006,
              23.61508390000006
            ],
            [
              88.98288253200019,
              23.615090048000184
            ],
            [
              88.9829722230001,
              23.615123495000034
            ],
            [
              88.98323209600017,
              23.61527112400006
            ],
            [
              88.98338171800015,
              23.61510242800017
            ],
            [
              88.98619155400007,
              23.61635587500001
            ],
            [
              88.98727090600005,
              23.6170504210001
            ],
            [
              88.98832913700011,
              23.617731363000132
            ],
            [
              88.99041551300007,
              23.61957335700015
            ],
            [
              88.99183733800004,
              23.620875057000035
            ],
            [
              88.99452959300015,
              23.623339752000106
            ],
            [
              88.99513017100008,
              23.62383813300005
            ],
            [
              88.9962026890002,
              23.62403022600006
            ],
            [
              88.99693649600005,
              23.624653649000038
            ],
            [
              88.9974701650001,
              23.62509062300012
            ],
            [
              88.99781622100011,
              23.625172988000088
            ],
            [
              88.99800655700005,
              23.62521826200009
            ],
            [
              88.9991494160002,
              23.624977271000148
            ],
            [
              88.99962168700011,
              23.62467097900003
            ],
            [
              89.00056272200004,
              23.62455284800012
            ],
            [
              89.00232648100007,
              23.624156930000026
            ],
            [
              89.00254083600015,
              23.624108812000145
            ],
            [
              89.00280347900008,
              23.623939661000122
            ],
            [
              89.00284486200007,
              23.623918133000075
            ],
            [
              89.00293479800007,
              23.62386021100008
            ],
            [
              89.00410252600005,
              23.62325274900013
            ],
            [
              89.00489500100014,
              23.62277194
            ],
            [
              89.00502574100011,
              23.622692721000135
            ],
            [
              89.00574542200007,
              23.622405235000144
            ],
            [
              89.00580709600018,
              23.622380605000046
            ],
            [
              89.00582751900004,
              23.622399689000076
            ],
            [
              89.00613357200001,
              23.622685988
            ],
            [
              89.00654716200017,
              23.623028684000133
            ],
            [
              89.00747052000014,
              23.62350424700014
            ],
            [
              89.00800932500005,
              23.62388443300017
            ],
            [
              89.00830202300011,
              23.62440034600013
            ],
            [
              89.00875954800006,
              23.625110011000118
            ],
            [
              89.0088009710002,
              23.625148683000134
            ],
            [
              89.0089960840001,
              23.625451320000025
            ],
            [
              89.00934941100013,
              23.62578119000017
            ],
            [
              89.00945389600014,
              23.62587873800004
            ],
            [
              89.00959136900008,
              23.62613249499998
            ],
            [
              89.00970581700011,
              23.626352255000086
            ],
            [
              89.00975161600007,
              23.627391205000038
            ],
            [
              89.00959125600014,
              23.628428840000026
            ],
            [
              89.00926304100005,
              23.63035954900016
            ],
            [
              89.00904186500009,
              23.63271995300005
            ],
            [
              89.00903414600003,
              23.633054116000096
            ],
            [
              89.00903416700015,
              23.633661466000092
            ],
            [
              89.00902648100003,
              23.63427557900019
            ],
            [
              89.00897299600013,
              23.634747149000077
            ],
            [
              89.00871364900007,
              23.635217407000084
            ],
            [
              89.00851525299998,
              23.63548406800004
            ],
            [
              89.00832928900007,
              23.63573401700006
            ],
            [
              89.00829399499997,
              23.635781462000125
            ],
            [
              89.00827660200008,
              23.635812962000102
            ],
            [
              89.00798124100004,
              23.636346206000155
            ],
            [
              89.00766834500013,
              23.636766442000123
            ],
            [
              89.00750812700016,
              23.637334418000023
            ],
            [
              89.0075081980001,
              23.637578334000125
            ],
            [
              89.0075082620001,
              23.637804071000062
            ],
            [
              89.00724883800012,
              23.638039498000126
            ],
            [
              89.00698927500002,
              23.63841491300019
            ],
            [
              89.00693590100008,
              23.638789391000046
            ],
            [
              89.00677562600004,
              23.639120282000192
            ],
            [
              89.00667657600019,
              23.639214478000156
            ],
            [
              89.0064629970002,
              23.639260529000126
            ],
            [
              89.00605861700012,
              23.63925793700014
            ],
            [
              89.00570010300015,
              23.639348217000133
            ],
            [
              89.0053338620001,
              23.639488119000134
            ],
            [
              89.00507444100009,
              23.640005781000184
            ],
            [
              89.00501317500016,
              23.640572131000113
            ],
            [
              89.00486067500015,
              23.640805982000018
            ],
            [
              89.00450199000005,
              23.640756262000025
            ],
            [
              89.00414345200005,
              23.640848794000192
            ],
            [
              89.00403674800009,
              23.641225183000188
            ],
            [
              89.00403675600012,
              23.641507428000182
            ],
            [
              89.00398334500005,
              23.64160191700006
            ],
            [
              89.0038231210001,
              23.641600888000085
            ],
            [
              89.00361698799998,
              23.64183664900014
            ],
            [
              89.00371630900014,
              23.642072112000164
            ],
            [
              89.00371609900014,
              23.64227248500015
            ],
            [
              89.0037160620002,
              23.64230693900015
            ],
            [
              89.00374041900017,
              23.64237691400018
            ],
            [
              89.00381531300013,
              23.642592076000028
            ],
            [
              89.0040087070002,
              23.642622670000094
            ],
            [
              89.00412804900009,
              23.642641501000128
            ],
            [
              89.00442044500011,
              23.64269762100014
            ],
            [
              89.00463925500014,
              23.642739617000075
            ],
            [
              89.00469511400001,
              23.64274796500007
            ],
            [
              89.00481470900007,
              23.642730608000136
            ],
            [
              89.00553211900012,
              23.642218141000058
            ],
            [
              89.00640935400014,
              23.64179927000015
            ],
            [
              89.0070273250002,
              23.64147130900011
            ],
            [
              89.00769868300011,
              23.641335614000184
            ],
            [
              89.00790485900012,
              23.641336933
            ],
            [
              89.00820990200003,
              23.641715962000035
            ],
            [
              89.00837746800005,
              23.641971542000192
            ],
            [
              89.00844646400009,
              23.642057271999988
            ],
            [
              89.00885082500008,
              23.64267401900014
            ],
            [
              89.00895005300009,
              23.64328881400013
            ],
            [
              89.00878969700017,
              23.643996782999977
            ],
            [
              89.00848464800004,
              23.644227402000126
            ],
            [
              89.00822529900017,
              23.644370252000044
            ],
            [
              89.00817159899998,
              23.64474698500004
            ],
            [
              89.00827092900005,
              23.645266948000028
            ],
            [
              89.00851510700016,
              23.64673165800008
            ],
            [
              89.00870582300013,
              23.647769273
            ],
            [
              89.0094151560001,
              23.649756281000123
            ],
            [
              89.01047559100004,
              23.651463284000044
            ],
            [
              89.01068155300004,
              23.651983926000128
            ],
            [
              89.01164288200005,
              23.653877701000056
            ],
            [
              89.01224559000019,
              23.655629192000106
            ],
            [
              89.01226162600011,
              23.655778318000046
            ],
            [
              89.01229142100016,
              23.656053978000102
            ],
            [
              89.01226098900014,
              23.656134341000097
            ],
            [
              89.01226355600011,
              23.656171017000077
            ],
            [
              89.01213609600018,
              23.656562112000017
            ],
            [
              89.01183122700013,
              23.657085899000094
            ],
            [
              89.01157874500018,
              23.65755769400016
            ],
            [
              89.01150495700011,
              23.657695576000037
            ],
            [
              89.01136440500005,
              23.65795877400012
            ],
            [
              89.01119972400016,
              23.658267153000168
            ],
            [
              89.01111116800013,
              23.658424570000136
            ],
            [
              89.01091574500003,
              23.658771952999984
            ],
            [
              89.01057944900009,
              23.65933377100015
            ],
            [
              89.01021891,
              23.659954922999987
            ],
            [
              89.01004325800005,
              23.66025754300017
            ],
            [
              89.00991636200001,
              23.660572170000023
            ],
            [
              89.00973700500003,
              23.660962931000086
            ],
            [
              89.00950540300005,
              23.661401152000053
            ],
            [
              89.00934658100005,
              23.661820720000094
            ],
            [
              89.0091668610001,
              23.662259272000142
            ],
            [
              89.0091270870002,
              23.662346254000056
            ],
            [
              89.00908176000007,
              23.66244537900019
            ],
            [
              89.00899526800004,
              23.66282708300014
            ],
            [
              89.00852228300005,
              23.66390786900007
            ],
            [
              89.00832270900008,
              23.664317612000104
            ],
            [
              89.00829290600018,
              23.66437880100011
            ],
            [
              89.00785702600018,
              23.66527369199997
            ],
            [
              89.00774386300014,
              23.665506022000045
            ],
            [
              89.00767097100015,
              23.66564440200011
            ],
            [
              89.0074973240001,
              23.665974097000117
            ],
            [
              89.0072177030001,
              23.666504394000015
            ],
            [
              89.00690297400013,
              23.6671012650001
            ],
            [
              89.00674728900009,
              23.667869409000104
            ],
            [
              89.00660080800014,
              23.668370301000152
            ],
            [
              89.0063199110001,
              23.66949164700003
            ],
            [
              89.0062382980002,
              23.67052083100009
            ],
            [
              89.00621953300015,
              23.670757531000106
            ],
            [
              89.00618375800008,
              23.671279114000015
            ],
            [
              89.00611754800013,
              23.672244179000018
            ],
            [
              89.00619494200015,
              23.67238732300018
            ],
            [
              89.00630560000008,
              23.672490364000055
            ],
            [
              89.00636273200018,
              23.67270792100004
            ],
            [
              89.00635863800017,
              23.67312895600014
            ],
            [
              89.00635514900017,
              23.673509438
            ],
            [
              89.00640075900003,
              23.674123889000157
            ],
            [
              89.00653403900003,
              23.674170762000188
            ],
            [
              89.00661769900006,
              23.67420018300004
            ],
            [
              89.00681275500017,
              23.674268780000148
            ],
            [
              89.00743092200008,
              23.674462411000093
            ],
            [
              89.0078884720001,
              23.674702424000145
            ],
            [
              89.00792391700008,
              23.674938209000175
            ],
            [
              89.00798768200013,
              23.67536237400003
            ],
            [
              89.00798444600008,
              23.675825556000177
            ],
            [
              89.00798152400017,
              23.676243731
            ],
            [
              89.00798009500016,
              23.676448393999976
            ],
            [
              89.0079647610001,
              23.677911439000184
            ],
            [
              89.00806350300013,
              23.678192733000174
            ],
            [
              89.00806385200008,
              23.678383983000174
            ],
            [
              89.00801040900018,
              23.678805874000034
            ],
            [
              89.00805642200015,
              23.679327749000095
            ],
            [
              89.00811973900016,
              23.68001411700004
            ],
            [
              89.0081468480002,
              23.680309630000068
            ],
            [
              89.00813940700016,
              23.68094881600001
            ],
            [
              89.00808986100014,
              23.680983740999977
            ],
            [
              89.00762805300013,
              23.681171701000096
            ],
            [
              89.0073862860001,
              23.681209147000175
            ],
            [
              89.00701610300013,
              23.681266482000012
            ],
            [
              89.00695613700015,
              23.681275769000024
            ],
            [
              89.00700171700004,
              23.682312834000072
            ],
            [
              89.0071971930002,
              23.683036244999983
            ],
            [
              89.00789800500007,
              23.68497520200009
            ],
            [
              89.00809306300005,
              23.685514997000098
            ],
            [
              89.00813610600017,
              23.686423938000075
            ],
            [
              89.00818885600012,
              23.68756543300009
            ],
            [
              89.00823368000005,
              23.688535397000066
            ],
            [
              89.00825364200011,
              23.688967362000028
            ],
            [
              89.0081629440001,
              23.689106392000156
            ],
            [
              89.00806376700012,
              23.689293164000162
            ],
            [
              89.00785025900007,
              23.689481463
            ],
            [
              89.00785022100007,
              23.68981112300014
            ],
            [
              89.00779685200018,
              23.69042493900008
            ],
            [
              89.00770663900005,
              23.69058354100008
            ],
            [
              89.00758315200005,
              23.690800643000102
            ],
            [
              89.00718383100013,
              23.690960810000092
            ],
            [
              89.00718162300018,
              23.69125277300003
            ],
            [
              89.00722562200013,
              23.691704119000065
            ],
            [
              89.00731037700012,
              23.69257375799998
            ],
            [
              89.00771274500005,
              23.694453419000183
            ],
            [
              89.00803379200005,
              23.694839325000146
            ],
            [
              89.00840079400007,
              23.695968356000037
            ],
            [
              89.00841781400004,
              23.696119730000134
            ],
            [
              89.00841716600013,
              23.69620552700019
            ],
            [
              89.00841588700013,
              23.696374864000063
            ],
            [
              89.00852979300015,
              23.69663299700005
            ],
            [
              89.00855150000007,
              23.696802482000123
            ],
            [
              89.0085733430002,
              23.69699454500011
            ],
            [
              89.00861865000013,
              23.697123538000028
            ],
            [
              89.00866447900012,
              23.69736024200006
            ],
            [
              89.00884426500005,
              23.69789042100018
            ],
            [
              89.00884329400009,
              23.69801911700017
            ],
            [
              89.00884184400013,
              23.698211031000028
            ],
            [
              89.00890916700007,
              23.69850950900002
            ],
            [
              89.00897601300011,
              23.698830563000115
            ],
            [
              89.00902036600013,
              23.699085993000153
            ],
            [
              89.00906755000017,
              23.699523355999986
            ],
            [
              89.00933626300008,
              23.700196659000028
            ],
            [
              89.00947123500003,
              23.70071007300004
            ],
            [
              89.00951398800015,
              23.701177738000126
            ],
            [
              89.00975018200012,
              23.70363136100019
            ],
            [
              89.00987136200001,
              23.703896796000038
            ],
            [
              89.00994029000003,
              23.703889155000184
            ],
            [
              89.01030573899999,
              23.703856024
            ],
            [
              89.01034401000004,
              23.70400359600012
            ],
            [
              89.01037019000012,
              23.704105031000097
            ],
            [
              89.010608585,
              23.704106554000134
            ],
            [
              89.01062769600009,
              23.704627843000026
            ],
            [
              89.01064798700008,
              23.70513490700006
            ],
            [
              89.01102327500007,
              23.705192511
            ],
            [
              89.01126173700004,
              23.705300933000103
            ],
            [
              89.01133446100005,
              23.70532595900005
            ],
            [
              89.0114016550001,
              23.705601856000044
            ],
            [
              89.01135333000008,
              23.705858604000127
            ],
            [
              89.01132949300018,
              23.705985243000043
            ],
            [
              89.01114373500008,
              23.70602695700012
            ],
            [
              89.01086507200017,
              23.706153877000133
            ],
            [
              89.01070083700017,
              23.706430553000132
            ],
            [
              89.0107456720001,
              23.706663406000132
            ],
            [
              89.01106803200008,
              23.706879970000102
            ],
            [
              89.01125091600017,
              23.707179185000086
            ],
            [
              89.01143460100013,
              23.707372282000165
            ],
            [
              89.01157264900019,
              23.70747928700007
            ],
            [
              89.01196396200015,
              23.707779833000018
            ],
            [
              89.01203274000017,
              23.70788639400007
            ],
            [
              89.01203160100016,
              23.708037669000078
            ],
            [
              89.01228313000013,
              23.70842086400006
            ],
            [
              89.01247619800012,
              23.70860270300011
            ],
            [
              89.01267297000004,
              23.70861463099999
            ],
            [
              89.0136474860002,
              23.70864402600006
            ],
            [
              89.01379781400004,
              23.708612721
            ],
            [
              89.01444894800005,
              23.708451258000082
            ],
            [
              89.014717899,
              23.708389266000097
            ],
            [
              89.01494280300017,
              23.708356013000127
            ],
            [
              89.01527424700004,
              23.708307008000077
            ],
            [
              89.01588377500002,
              23.708286048000105
            ],
            [
              89.01641003500004,
              23.708251010000026
            ],
            [
              89.01643411200018,
              23.708273749000057
            ],
            [
              89.01603067400004,
              23.708966341000178
            ],
            [
              89.015323073,
              23.71020789400012
            ],
            [
              89.01479498200013,
              23.71066347600015
            ],
            [
              89.01344328500011,
              23.713154829000132
            ],
            [
              89.01302596200009,
              23.713923985
            ],
            [
              89.010599889,
              23.71804634200015
            ],
            [
              89.01047227800018,
              23.718263168000135
            ],
            [
              89.00882184900013,
              23.721059196
            ],
            [
              89.00855075800018,
              23.721518078000145
            ],
            [
              89.00846046800018,
              23.721696452000174
            ],
            [
              89.00819554000009,
              23.72221985600015
            ],
            [
              89.00817482100007,
              23.722260781000045
            ],
            [
              89.00786737800013,
              23.722904574000097
            ],
            [
              89.0075254210002,
              23.723733299
            ],
            [
              89.0073300300001,
              23.724363491000133
            ],
            [
              89.00726272500009,
              23.724580596000067
            ],
            [
              89.00723320500015,
              23.72475803100008
            ],
            [
              89.00712653800014,
              23.72539934300005
            ],
            [
              89.00705588800014,
              23.726712998000096
            ],
            [
              89.00750144500017,
              23.727871916000083
            ],
            [
              89.0086730970001,
              23.729622543000062
            ],
            [
              89.00878798700018,
              23.72988276500007
            ],
            [
              89.00883407300012,
              23.729987098000095
            ],
            [
              89.00921535200013,
              23.73084731300014
            ],
            [
              89.00955269700006,
              23.73160837300003
            ],
            [
              89.0099535980001,
              23.732961179000085
            ],
            [
              89.01014137599998,
              23.734281006000117
            ],
            [
              89.01018301700014,
              23.735708277000185
            ],
            [
              89.01002436500016,
              23.737188458000162
            ],
            [
              89.00996350600019,
              23.73773366100005
            ],
            [
              89.00995916300013,
              23.737772593000102
            ],
            [
              89.00994905900018,
              23.737863094000033
            ],
            [
              89.00990464900002,
              23.738262462000023
            ],
            [
              89.00961335000017,
              23.74001048200006
            ],
            [
              89.00914955800016,
              23.741540078000128
            ],
            [
              89.009009305,
              23.742002608000064
            ],
            [
              89.00898719800006,
              23.742047623000133
            ],
            [
              89.0087054390001,
              23.74261481300016
            ],
            [
              89.00772441300012,
              23.744866436000052
            ],
            [
              89.0064725380002,
              23.746845359000076
            ],
            [
              89.00613211600012,
              23.74728993200017
            ],
            [
              89.00606994700019,
              23.747371122000175
            ],
            [
              89.00595114000004,
              23.747526136000033
            ],
            [
              89.00440816200012,
              23.749539312000138
            ],
            [
              89.00365441600007,
              23.750374107000027
            ],
            [
              89.00361159099998,
              23.750421538000126
            ],
            [
              89.003544186,
              23.750495613000112
            ],
            [
              89.00332663100005,
              23.750610551000022
            ],
            [
              89.00216773300008,
              23.751222813000084
            ],
            [
              89.000463496,
              23.75138565900005
            ],
            [
              89.00036978000009,
              23.751394422000146
            ],
            [
              88.99992130400011,
              23.75143634200009
            ],
            [
              88.99826344300016,
              23.751147883999977
            ],
            [
              88.9981030560001,
              23.751100953000105
            ],
            [
              88.9967875980002,
              23.75071607500007
            ],
            [
              88.99533582100003,
              23.75057963000006
            ],
            [
              88.99487779300017,
              23.750536580000073
            ],
            [
              88.99345120900006,
              23.750599547000036
            ],
            [
              88.99307431700015,
              23.750734987000044
            ],
            [
              88.99265562400007,
              23.750885448000133
            ],
            [
              88.99249466100014,
              23.750943291000056
            ],
            [
              88.99244115500017,
              23.750963262000027
            ],
            [
              88.99174544700014,
              23.751478043000077
            ],
            [
              88.99143262700005,
              23.751802771000087
            ],
            [
              88.99131706300005,
              23.751922454000123
            ],
            [
              88.99120236800007,
              23.752041235000092
            ],
            [
              88.99103856700009,
              23.75248723100009
            ],
            [
              88.99089803200013,
              23.75345495400012
            ],
            [
              88.99109439200004,
              23.754235213000072
            ],
            [
              88.9920133070001,
              23.75607463200015
            ],
            [
              88.99252372000018,
              23.75692680900005
            ],
            [
              88.99271260600017,
              23.757100550000132
            ],
            [
              88.99328339800013,
              23.75762557400003
            ],
            [
              88.99330941900007,
              23.757661779000102
            ],
            [
              88.99338807200007,
              23.75773412500007
            ],
            [
              88.99455989200004,
              23.759364545000153
            ],
            [
              88.99494025500019,
              23.759893755000064
            ],
            [
              88.99581107800003,
              23.761184727000114
            ],
            [
              88.99604291200018,
              23.76140984000017
            ],
            [
              88.99607036000015,
              23.761471665000045
            ],
            [
              88.9961501320002,
              23.761651255000174
            ],
            [
              88.99627962400007,
              23.761942912000052
            ],
            [
              88.99734984400015,
              23.764179114000115
            ],
            [
              88.99792739800017,
              23.76549094600017
            ],
            [
              88.9982510700001,
              23.766226110000048
            ],
            [
              88.99892621000004,
              23.767885532000037
            ],
            [
              88.99970423700017,
              23.770008489000077
            ],
            [
              88.99973474100005,
              23.770069650000096
            ],
            [
              89.00057744500015,
              23.771757272000116
            ],
            [
              89.00078103600003,
              23.772164982999982
            ],
            [
              89.00106046200005,
              23.772581176000074
            ],
            [
              89.00114035600006,
              23.772700174000136
            ],
            [
              89.0026465250001,
              23.774940723000157
            ],
            [
              89.002909843,
              23.77531310600017
            ],
            [
              89.00373880800015,
              23.776485407000052
            ],
            [
              89.00467302000015,
              23.778090027000133
            ],
            [
              89.00476414000008,
              23.778317490000063
            ],
            [
              89.00481176699998,
              23.778436381
            ],
            [
              89.00529847300015,
              23.779645940000023
            ],
            [
              89.00567804399998,
              23.78058923300017
            ],
            [
              89.00595053300009,
              23.781699619
            ],
            [
              89.0058813060001,
              23.78265652400006
            ],
            [
              89.00593970300008,
              23.783971001
            ],
            [
              89.00615224700005,
              23.785625155000105
            ],
            [
              89.00605775300005,
              23.786516417000144
            ],
            [
              89.0059337450001,
              23.787093644000038
            ],
            [
              89.00591241400019,
              23.787137999000038
            ],
            [
              89.00587204100015,
              23.787221948000138
            ],
            [
              89.00569628300019,
              23.787586594000118
            ],
            [
              89.00543546800003,
              23.78796424000012
            ],
            [
              89.00501091500013,
              23.788214392000043
            ],
            [
              89.00460942400002,
              23.788335988000142
            ],
            [
              89.00410599800011,
              23.78831016000015
            ],
            [
              89.0038294060002,
              23.788159263000182
            ],
            [
              89.00355315200005,
              23.788008549000153
            ],
            [
              89.00298277000013,
              23.787553286000048
            ],
            [
              89.00295290900004,
              23.787504480000052
            ],
            [
              89.0025223130001,
              23.786800689000188
            ],
            [
              89.00210997300007,
              23.785531340999967
            ],
            [
              89.00175632600008,
              23.78380627300004
            ],
            [
              89.00151568400003,
              23.782465780999985
            ],
            [
              89.00143462900019,
              23.782488948000037
            ],
            [
              89.00141098400007,
              23.782357235000063
            ],
            [
              89.00076981200016,
              23.782540491000134
            ],
            [
              89.0000585680001,
              23.7828226420001
            ],
            [
              88.99909246800007,
              23.783103132000065
            ],
            [
              88.99823903999999,
              23.7834882140001
            ],
            [
              88.99793002800004,
              23.783664901000066
            ],
            [
              88.997774579,
              23.78375378300018
            ],
            [
              88.99746983700004,
              23.783928025000023
            ],
            [
              88.99728708800012,
              23.78402830100015
            ],
            [
              88.99706872900009,
              23.784148115000107
            ],
            [
              88.99667273800009,
              23.784365396000055
            ],
            [
              88.99646555900006,
              23.78447050400007
            ],
            [
              88.99596086900004,
              23.784726547
            ],
            [
              88.9953635760001,
              23.78498457800015
            ],
            [
              88.99450942100003,
              23.785421566000025
            ],
            [
              88.99448290500015,
              23.78543945600012
            ],
            [
              88.99425196200013,
              23.785478592000118
            ],
            [
              88.99322960400013,
              23.785652561000063
            ],
            [
              88.99154696500005,
              23.78597800299997
            ],
            [
              88.99070657400011,
              23.786019927999973
            ],
            [
              88.98997105400014,
              23.78606478900008
            ],
            [
              88.98928830300008,
              23.786107736000133
            ],
            [
              88.9886445410001,
              23.786103518000175
            ],
            [
              88.98861358700003,
              23.78610331600015
            ],
            [
              88.98861373500006,
              23.78620798600008
            ],
            [
              88.98830830300017,
              23.7857591720001
            ],
            [
              88.9882525640001,
              23.78535238600017
            ],
            [
              88.98811340800012,
              23.785196474000088
            ],
            [
              88.98776430400017,
              23.785236980000036
            ],
            [
              88.98752581600019,
              23.785259008000082
            ],
            [
              88.98729533000011,
              23.784962958000108
            ],
            [
              88.9868501250001,
              23.784961949000092
            ],
            [
              88.9867539600001,
              23.784963229000027
            ],
            [
              88.986399188,
              23.78515056100008
            ],
            [
              88.98624945500018,
              23.78547471600018
            ],
            [
              88.98598363600013,
              23.78558134900004
            ],
            [
              88.9856290680001,
              23.785741589000168
            ],
            [
              88.98541960900008,
              23.786173727
            ],
            [
              88.98535715100007,
              23.786633927000082
            ],
            [
              88.98547134199998,
              23.787095289000035
            ],
            [
              88.98523243700004,
              23.787527233000105
            ],
            [
              88.9846124610001,
              23.787739914000042
            ],
            [
              88.98410941200012,
              23.788061741000092
            ],
            [
              88.98369363300009,
              23.78851961400005
            ],
            [
              88.98337788100008,
              23.788649185
            ],
            [
              88.98302681300015,
              23.788646871000026
            ],
            [
              88.98271999000008,
              23.788634762000186
            ],
            [
              88.98220262500018,
              23.788614343000177
            ],
            [
              88.98208738600016,
              23.788288447000184
            ],
            [
              88.98175685700005,
              23.78828818000011
            ],
            [
              88.9812913770001,
              23.78841867100016
            ],
            [
              88.98064279400018,
              23.788522766000142
            ],
            [
              88.98035042500004,
              23.788532123000095
            ],
            [
              88.98029304900007,
              23.788533933000053
            ],
            [
              88.98025068100014,
              23.788535288000105
            ],
            [
              88.97993582200013,
              23.788545215000113
            ],
            [
              88.97964110800007,
              23.788597432000074
            ],
            [
              88.97940429800019,
              23.78875843300017
            ],
            [
              88.97902027100014,
              23.788918462000026
            ],
            [
              88.97856849200014,
              23.788972111000078
            ],
            [
              88.97837189400019,
              23.788995457000055
            ],
            [
              88.97783977200004,
              23.789018489
            ],
            [
              88.97774196900002,
              23.789022203000172
            ],
            [
              88.97744817600017,
              23.78893897300003
            ],
            [
              88.97719132400005,
              23.788897830000053
            ],
            [
              88.97709528600012,
              23.78888244600006
            ],
            [
              88.97700335300004,
              23.78934244600009
            ],
            [
              88.97684977600005,
              23.790154267000048
            ],
            [
              88.97684553300013,
              23.79069613400003
            ],
            [
              88.97695757800005,
              23.7914284310001
            ],
            [
              88.97692904000019,
              23.791430501000093
            ],
            [
              88.9765824800001,
              23.791468829999985
            ],
            [
              88.97648606100006,
              23.791479494000157
            ],
            [
              88.97634139200005,
              23.79115339900011
            ],
            [
              88.97607767800008,
              23.79098908100019
            ],
            [
              88.97576073400018,
              23.790889524000193
            ],
            [
              88.97572520700015,
              23.79087836399998
            ],
            [
              88.9754892360001,
              23.790930986999967
            ],
            [
              88.97530981500006,
              23.79128202700008
            ],
            [
              88.97513039200004,
              23.791633066000088
            ],
            [
              88.97503824000006,
              23.792120158000046
            ],
            [
              88.97494629400012,
              23.79258015700003
            ],
            [
              88.97488379700019,
              23.793040350000183
            ],
            [
              88.97485095100012,
              23.79347364700004
            ],
            [
              88.97487699300012,
              23.793907334000153
            ],
            [
              88.97487342100004,
              23.7943618380001
            ],
            [
              88.97487188300005,
              23.794557574000123
            ],
            [
              88.97492630800002,
              23.79512692200018
            ],
            [
              88.97492099300007,
              23.795804253000142
            ],
            [
              88.97490652599998,
              23.796026516000154
            ],
            [
              88.97488750800005,
              23.796318827999983
            ],
            [
              88.97486516200013,
              23.796528176000095
            ],
            [
              88.97485572400007,
              23.79661665900005
            ],
            [
              88.97473624600013,
              23.796832621000135
            ],
            [
              88.97461612800015,
              23.797129866000148
            ],
            [
              88.97440129700004,
              23.798239317000025
            ],
            [
              88.9743438660002,
              23.79856706000004
            ],
            [
              88.97427798600006,
              23.798942957000122
            ],
            [
              88.97418497000018,
              23.799538422000126
            ],
            [
              88.97418092700008,
              23.800053194999975
            ],
            [
              88.97388328000005,
              23.800457631000086
            ],
            [
              88.97361429500012,
              23.80054393900008
            ],
            [
              88.97349794800016,
              23.800780201000123
            ],
            [
              88.97334880800008,
              23.801023060000034
            ],
            [
              88.97322612500017,
              23.80164542
            ],
            [
              88.97298800200008,
              23.801968970000132
            ],
            [
              88.97260222500006,
              23.802345726000055
            ],
            [
              88.97221580700005,
              23.802803759000028
            ],
            [
              88.971816193,
              23.803080734000105
            ],
            [
              88.97171245300012,
              23.80315263600005
            ],
            [
              88.97111752100011,
              23.803799621000167
            ],
            [
              88.97058518200004,
              23.80420180800013
            ],
            [
              88.97005194500008,
              23.804604669000184
            ],
            [
              88.96969794900008,
              23.804683588000046
            ],
            [
              88.96913333900011,
              23.80533008500015
            ],
            [
              88.96874839700001,
              23.805598458000077
            ],
            [
              88.96839311400004,
              23.805839934000176
            ],
            [
              88.96794734600007,
              23.806351748000054
            ],
            [
              88.96753123700006,
              23.806836666000038
            ],
            [
              88.96702721600019,
              23.807266803000175
            ],
            [
              88.96697901800007,
              23.807304674000022
            ],
            [
              88.96658272800016,
              23.807616057000132
            ],
            [
              88.96625580900019,
              23.80799319000016
            ],
            [
              88.96589986800018,
              23.808315939000124
            ],
            [
              88.96560518400008,
              23.808341058000167
            ],
            [
              88.96525010300013,
              23.808555432000105
            ],
            [
              88.96462870800013,
              23.808930586000088
            ],
            [
              88.9637149830001,
              23.80903282600019
            ],
            [
              88.96357818700017,
              23.809078979
            ],
            [
              88.96324254000018,
              23.809192220000057
            ],
            [
              88.96289980700016,
              23.809294777000105
            ],
            [
              88.96224068700019,
              23.809266766000178
            ],
            [
              88.96164254000013,
              23.80918761600003
            ],
            [
              88.9615934950001,
              23.8091811270001
            ],
            [
              88.96123635000009,
              23.80924903000016
            ],
            [
              88.96118058700006,
              23.80925963100003
            ],
            [
              88.96068063400014,
              23.809174979000147
            ],
            [
              88.96000442700006,
              23.80903494900008
            ],
            [
              88.95879709400009,
              23.80902680300011
            ],
            [
              88.95829649400008,
              23.809023423000042
            ],
            [
              88.9577567130001,
              23.808967455000186
            ],
            [
              88.95745416199998,
              23.808986814000093
            ],
            [
              88.95698279200008,
              23.809010722000153
            ],
            [
              88.95694956000017,
              23.80901049700003
            ],
            [
              88.95688303200018,
              23.809013871000104
            ],
            [
              88.95641187700016,
              23.80901068200012
            ],
            [
              88.95585259799998,
              23.80897980500015
            ],
            [
              88.95564668800017,
              23.808951315000115
            ],
            [
              88.9552944030001,
              23.808813457000042
            ],
            [
              88.95488214600016,
              23.80881066500018
            ],
            [
              88.95470801000016,
              23.808759812000176
            ],
            [
              88.95420638200005,
              23.808616424000036
            ],
            [
              88.9539420110001,
              23.808533348000083
            ],
            [
              88.95315215600004,
              23.807877723000104
            ],
            [
              88.95253855500016,
              23.807277477000184
            ],
            [
              88.95209449700019,
              23.806642588000102
            ],
            [
              88.95178098800011,
              23.806269836000183
            ],
            [
              88.95143111200008,
              23.805833947999986
            ],
            [
              88.95116935900018,
              23.805425750000154
            ],
            [
              88.9510510950002,
              23.805254828000045
            ],
            [
              88.95084915100017,
              23.804962966000062
            ],
            [
              88.95041181600016,
              23.80441810299999
            ],
            [
              88.9502675920001,
              23.804209661000186
            ],
            [
              88.95009161000013,
              23.80395531700009
            ],
            [
              88.95003485,
              23.803829289000134
            ],
            [
              88.94985667200001,
              23.8034336610001
            ],
            [
              88.94977336900013,
              23.803248695000093
            ],
            [
              88.94956986400013,
              23.80292217800013
            ],
            [
              88.9492208760002,
              23.802377912000054
            ],
            [
              88.94910241200017,
              23.802196545000072
            ],
            [
              88.94890090000018,
              23.801888030000043
            ],
            [
              88.94880117300016,
              23.801663824000116
            ],
            [
              88.948756291,
              23.80156191200001
            ],
            [
              88.94852334300009,
              23.801235191000103
            ],
            [
              88.94817349000004,
              23.800799295000104
            ],
            [
              88.9481000510001,
              23.8005773000001
            ],
            [
              88.9480297550001,
              23.800364803000036
            ],
            [
              88.94777151600016,
              23.799523114000124
            ],
            [
              88.94759833900014,
              23.79908842200018
            ],
            [
              88.94743879100008,
              23.798939055000176
            ],
            [
              88.94735053000016,
              23.798856428000192
            ],
            [
              88.94733421000007,
              23.79897824000011
            ],
            [
              88.94697803200006,
              23.799328038000112
            ],
            [
              88.94656471300004,
              23.799460690000103
            ],
            [
              88.94591211700003,
              23.800052311000115
            ],
            [
              88.94552692700017,
              23.800347718000125
            ],
            [
              88.94496462500018,
              23.800696102000188
            ],
            [
              88.9443733170001,
              23.800990097000067
            ],
            [
              88.94360511000002,
              23.80130997100008
            ],
            [
              88.94289710900017,
              23.80146768800006
            ],
            [
              88.94230579100008,
              23.801761675000137
            ],
            [
              88.94183334700011,
              23.801921000999982
            ],
            [
              88.94082957100017,
              23.802239246000113
            ],
            [
              88.94018089100013,
              23.802343171000132
            ],
            [
              88.93955945600015,
              23.802718220000145
            ],
            [
              88.938821336,
              23.80295699400017
            ],
            [
              88.93831856000014,
              23.803224480000097
            ],
            [
              88.93805692000018,
              23.80362916900009
            ],
            [
              88.9380250910001,
              23.80367839900009
            ],
            [
              88.93766899500014,
              23.80343676299998
            ],
            [
              88.93764329300012,
              23.80297598100009
            ],
            [
              88.93791183100018,
              23.802544321000028
            ],
            [
              88.93794479800016,
              23.80211103800019
            ],
            [
              88.9378885550002,
              23.801785516000052
            ],
            [
              88.93801051900016,
              23.801271565000093
            ],
            [
              88.93824850300012,
              23.800975162000157
            ],
            [
              88.93843001800013,
              23.800380334000124
            ],
            [
              88.93861219300004,
              23.799704227000063
            ],
            [
              88.93885193200003,
              23.799191082000164
            ],
            [
              88.93897147200016,
              23.798975148000068
            ],
            [
              88.93891368300012,
              23.798839282000188
            ],
            [
              88.93861923600014,
              23.79883725500008
            ],
            [
              88.93865242300018,
              23.798376878000113
            ],
            [
              88.93880206900008,
              23.79807986800006
            ],
            [
              88.93903982300003,
              23.79781056000013
            ],
            [
              88.93927647800018,
              23.79767671400009
            ],
            [
              88.93933844900005,
              23.797297818000175
            ],
            [
              88.93940041500002,
              23.79691892200009
            ],
            [
              88.93963794700016,
              23.796676704000106
            ],
            [
              88.93975814300018,
              23.796379492000028
            ],
            [
              88.93974921200004,
              23.795596360000104
            ],
            [
              88.9397412940001,
              23.794902082000192
            ],
            [
              88.93886367700003,
              23.79548443400006
            ],
            [
              88.93619199100016,
              23.796628840999972
            ],
            [
              88.93549409200006,
              23.79679111100012
            ],
            [
              88.93503769600011,
              23.796864727000127
            ],
            [
              88.93469038400013,
              23.796914262000087
            ],
            [
              88.93462590200016,
              23.796912367000175
            ],
            [
              88.93459063400007,
              23.796917397000072
            ],
            [
              88.93418891700014,
              23.796905592000087
            ],
            [
              88.93354239500013,
              23.796785171000124
            ],
            [
              88.93296292600007,
              23.796492962
            ],
            [
              88.93261114900014,
              23.796075081000026
            ],
            [
              88.93245044899999,
              23.795884310000133
            ],
            [
              88.93224945500009,
              23.795546625000156
            ],
            [
              88.9321379180002,
              23.795359238
            ],
            [
              88.93106590900004,
              23.79355815400004
            ],
            [
              88.92996894200013,
              23.791739745000143
            ],
            [
              88.92864012000013,
              23.789960359000133
            ],
            [
              88.92804988000017,
              23.789416173000063
            ],
            [
              88.92682403300006,
              23.78828595200008
            ],
            [
              88.92569754900012,
              23.787234980000164
            ],
            [
              88.92449969600005,
              23.786436387000094
            ],
            [
              88.92330008700014,
              23.785852270000134
            ],
            [
              88.9211538020001,
              23.784922849000054
            ],
            [
              88.91879696000018,
              23.78420190500009
            ],
            [
              88.91714409600019,
              23.783804225999972
            ],
            [
              88.91678597400005,
              23.783718171000032
            ],
            [
              88.91556133900008,
              23.78355134200001
            ],
            [
              88.9151433350001,
              23.783494396000094
            ],
            [
              88.91395785200018,
              23.78342610900006
            ],
            [
              88.91389323000016,
              23.783422387000087
            ],
            [
              88.91276399300006,
              23.783642481000186
            ],
            [
              88.9127726430001,
              23.78367189500011
            ],
            [
              88.91249694600009,
              23.783706079000126
            ],
            [
              88.91209870000017,
              23.78387093900011
            ],
            [
              88.91159060600006,
              23.784081267999966
            ],
            [
              88.91100680400007,
              23.784652905000144
            ],
            [
              88.91083977300019,
              23.785227480000174
            ],
            [
              88.91085880800006,
              23.785740148000116
            ],
            [
              88.91091485900017,
              23.78610040899997
            ],
            [
              88.91103464200006,
              23.786870319000116
            ],
            [
              88.91141776300003,
              23.78815322500003
            ],
            [
              88.91263732700008,
              23.79055740600006
            ],
            [
              88.91278302700005,
              23.790844624000044
            ],
            [
              88.91299021900011,
              23.791253058999985
            ],
            [
              88.913156345,
              23.791550569000094
            ],
            [
              88.91379924000017,
              23.792701903000136
            ],
            [
              88.91402576200011,
              23.79310756600006
            ],
            [
              88.91426919300011,
              23.79354350700015
            ],
            [
              88.91453479800015,
              23.794114835000187
            ],
            [
              88.9155347910002,
              23.79608525200007
            ],
            [
              88.91558061400013,
              23.796175543000118
            ],
            [
              88.91609870700012,
              23.7975842620001
            ],
            [
              88.91632118000012,
              23.798145717000068
            ],
            [
              88.91659321200007,
              23.79883223300004
            ],
            [
              88.91706752400006,
              23.80029975000008
            ],
            [
              88.91724344900013,
              23.80084405300005
            ],
            [
              88.91761307000007,
              23.802101382000103
            ],
            [
              88.9177001110001,
              23.80239746400008
            ],
            [
              88.91770715400008,
              23.802434414000118
            ],
            [
              88.91777011800013,
              23.802764728000056
            ],
            [
              88.91797970500016,
              23.80386422200013
            ],
            [
              88.91814097300016,
              23.806145740000034
            ],
            [
              88.91817421100006,
              23.80644327800013
            ],
            [
              88.918125176,
              23.806737400000145
            ],
            [
              88.91827393600005,
              23.807738674000063
            ],
            [
              88.9183193950002,
              23.808583432000148
            ],
            [
              88.91843168300005,
              23.80924802800007
            ],
            [
              88.91857147400015,
              23.80977734700008
            ],
            [
              88.91894592500017,
              23.81041894300006
            ],
            [
              88.9194382720001,
              23.811086203000173
            ],
            [
              88.91970528500008,
              23.811533729000075
            ],
            [
              88.91992933500018,
              23.811909245000038
            ],
            [
              88.92033098200011,
              23.812453942000104
            ],
            [
              88.92063575500015,
              23.812807308
            ],
            [
              88.92066903600016,
              23.812845896
            ],
            [
              88.92070714800013,
              23.812890084000117
            ],
            [
              88.92108440800007,
              23.813231401000053
            ],
            [
              88.92144760100018,
              23.81367874
            ],
            [
              88.92170706700017,
              23.81398310700007
            ],
            [
              88.92190100000016,
              23.814273467000078
            ],
            [
              88.9222636020001,
              23.81479305
            ],
            [
              88.92294891100005,
              23.815872578000153
            ],
            [
              88.92322554500004,
              23.816429218000053
            ],
            [
              88.92329684600014,
              23.81657268600003
            ],
            [
              88.923448437,
              23.817273680000085
            ],
            [
              88.9234450670001,
              23.81768232800016
            ],
            [
              88.923442137,
              23.818037353000136
            ],
            [
              88.92344128500014,
              23.818140645000142
            ],
            [
              88.92334637900007,
              23.81852607500008
            ],
            [
              88.923250989,
              23.818970207000064
            ],
            [
              88.9229962930001,
              23.819578466
            ],
            [
              88.92294367700015,
              23.81970412100003
            ],
            [
              88.92257100800015,
              23.820401452000056
            ],
            [
              88.92208014900012,
              23.821145371000057
            ],
            [
              88.92174724500012,
              23.8217820160001
            ],
            [
              88.92138766400012,
              23.82249072400009
            ],
            [
              88.92101658600012,
              23.822993887000052
            ],
            [
              88.92075304100013,
              23.823402975000192
            ],
            [
              88.92073812300009,
              23.823425447999966
            ],
            [
              88.92035435200006,
              23.82386755800013
            ],
            [
              88.92006448300015,
              23.82408453900007
            ],
            [
              88.9199168620001,
              23.824178773000085
            ],
            [
              88.91981662700005,
              23.824235759000146
            ],
            [
              88.919634466,
              23.824338843000135
            ],
            [
              88.91931861800015,
              23.82451757900003
            ],
            [
              88.918765044,
              23.824867356000084
            ],
            [
              88.91802358400014,
              23.825320954000176
            ],
            [
              88.9174073480001,
              23.82570851900016
            ],
            [
              88.91729078700018,
              23.825767250000126
            ],
            [
              88.9168647890001,
              23.8259819000001
            ],
            [
              88.91649980300008,
              23.82614182700013
            ],
            [
              88.91572851000012,
              23.826432711000052
            ],
            [
              88.9151767460001,
              23.82656264800005
            ],
            [
              88.91496441100003,
              23.826639052000132
            ],
            [
              88.91482653800011,
              23.826688665000063
            ],
            [
              88.91469715200003,
              23.82675999500009
            ],
            [
              88.91431170200013,
              23.82688154000016
            ],
            [
              88.91396812600016,
              23.82696514500003
            ],
            [
              88.91370634700007,
              23.827024930999983
            ],
            [
              88.9135621330002,
              23.827057867000065
            ],
            [
              88.91317193200018,
              23.82713330900009
            ],
            [
              88.91298974500012,
              23.827168532000087
            ],
            [
              88.91256313000008,
              23.827241990000118
            ],
            [
              88.91215903,
              23.82741011800016
            ]
          ]
        ]
      }
    }
  ]
}