{
  "type": "FeatureCollection",
  "features": [
    {
      "type": "Feature",
      "properties": {
        "adm3_name": "Batiaghata",
        "adm3_name1": null,
        "adm3_name2": null,
        "adm3_name3": null,
        "adm3_pcode": "BD40470012",
        "adm2_name": "Khulna",
        "adm2_name1": null,
        "adm2_name2": null,
        "adm2_name3": null,
        "adm2_pcode": "BD4047",
        "adm1_name": "Khulna",
        "adm1_name1": null,
        "adm1_name2": null,
        "adm1_name3": null,
        "adm1_pcode": "BD40",
        "adm0_name": "Bangladesh",
        "adm0_name1": null,
        "adm0_name2": null,
        "adm0_name3": null,
        "adm0_pcode": "BD",
        "valid_on": "2023-05-21",
        "valid_to": null,
        "area_sqkm": 237.38377989,
        "version": "v03",
        "lang": "en",
        "lang1": null,
        "lang2": null,
        "lang3": null,
        "adm3_ref_name": null,
        "center_lat": 22.71333993,
        "center_lon": 89.51491534
      },
      "geometry": {
        "type": "Polygon",
        "coordinates": [
          [
            [
              89.50506013800009,
              22.810129657000118
            ],
            [
              89.50446623300007,
              22.81033332700008
            ],
            [
              89.50392367600006,
              22.810315829000047
            ],
            [
              89.50387413200002,
              22.809954340000047
            ],
            [
              89.50395974700012,
              22.80968812000009
            ],
            [
              89.50399476700017,
              22.809435291
            ],
            [
              89.50399561700004,
              22.809200426000018
            ],
            [
              89.50394682000018,
              22.808633425000096
            ],
            [
              89.50388010799998,
              22.808303497000168
            ],
            [
              89.50367750200013,
              22.808083806000013
            ],
            [
              89.5033727440001,
              22.807988005000027
            ],
            [
              89.50291450100013,
              22.808065620000093
            ],
            [
              89.50264401700014,
              22.807922502000167
            ],
            [
              89.50244107700001,
              22.807795401000078
            ],
            [
              89.50211960500008,
              22.807606952000185
            ],
            [
              89.5018473930001,
              22.80785678100017
            ],
            [
              89.50184658800015,
              22.808078096000088
            ],
            [
              89.5017439770001,
              22.808328454
            ],
            [
              89.50155686200014,
              22.808454333000043
            ],
            [
              89.50113280000005,
              22.80859302600004
            ],
            [
              89.50070951400005,
              22.80843587800001
            ],
            [
              89.50030355100012,
              22.80812069300015
            ],
            [
              89.50001602000003,
              22.80797751400013
            ],
            [
              89.49955900300012,
              22.807802189000085
            ],
            [
              89.49916986300008,
              22.807550287000026
            ],
            [
              89.4987983600002,
              22.807140357000037
            ],
            [
              89.49849440800006,
              22.80682549
            ],
            [
              89.49800353900002,
              22.806665863000035
            ],
            [
              89.49763042500007,
              22.80669630300008
            ],
            [
              89.497324805,
              22.806837617000042
            ],
            [
              89.497053214,
              22.806915801000116
            ],
            [
              89.4968155970002,
              22.806946671000162
            ],
            [
              89.4964769890002,
              22.806866559000127
            ],
            [
              89.49571469400013,
              22.806658638000044
            ],
            [
              89.495334689,
              22.80674099500004
            ],
            [
              89.49530803500011,
              22.806702516000144
            ],
            [
              89.49507879800007,
              22.806793710000022
            ],
            [
              89.49420415100008,
              22.807141658000035
            ],
            [
              89.49352430500016,
              22.807611494000014
            ],
            [
              89.49287897000016,
              22.807970781000165
            ],
            [
              89.4925910250002,
              22.807859206000103
            ],
            [
              89.49240519600005,
              22.807718595000097
            ],
            [
              89.49216034300008,
              22.807729107000057
            ],
            [
              89.49152475200003,
              22.808004859000164
            ],
            [
              89.49093828500008,
              22.808088802999976
            ],
            [
              89.49031787000018,
              22.808213288000104
            ],
            [
              89.48945846800012,
              22.808325716000127
            ],
            [
              89.48927318800003,
              22.808609674000024
            ],
            [
              89.48908864400005,
              22.80877845800012
            ],
            [
              89.48878171400008,
              22.808777476000046
            ],
            [
              89.48816879200018,
              22.80860613400006
            ],
            [
              89.4878000270001,
              22.80877432600016
            ],
            [
              89.48712377200019,
              22.809171877999972
            ],
            [
              89.48701074100018,
              22.809202685000116
            ],
            [
              89.48650958400003,
              22.809339279000085
            ],
            [
              89.4861414470002,
              22.80933809300018
            ],
            [
              89.48578443600007,
              22.809375335000027
            ],
            [
              89.48547525400005,
              22.809405955000102
            ],
            [
              89.48494027700008,
              22.809155806999968
            ],
            [
              89.48521678300006,
              22.807772332000184
            ],
            [
              89.48482117100019,
              22.805523993000065
            ],
            [
              89.48540348300008,
              22.80486469800013
            ],
            [
              89.48549941200008,
              22.804756085000122
            ],
            [
              89.48577447900004,
              22.80375200300017
            ],
            [
              89.48564134100019,
              22.80312375300008
            ],
            [
              89.48524134100012,
              22.801234477000037
            ],
            [
              89.48518398900018,
              22.799965998000175
            ],
            [
              89.48513371200005,
              22.798853991999977
            ],
            [
              89.48511624100007,
              22.798467591000076
            ],
            [
              89.4845802860001,
              22.796706600000164
            ],
            [
              89.48350210800004,
              22.794941594000136
            ],
            [
              89.4833580990001,
              22.79473981700005
            ],
            [
              89.48215315400017,
              22.793051495000157
            ],
            [
              89.48134171200019,
              22.79242103500019
            ],
            [
              89.48107433000007,
              22.791794600000173
            ],
            [
              89.48237611700006,
              22.78990929300005
            ],
            [
              89.48298183100007,
              22.789032049000127
            ],
            [
              89.48434919200014,
              22.786019310000142
            ],
            [
              89.48355618600004,
              22.784641462000025
            ],
            [
              89.48340640200013,
              22.784381208000127
            ],
            [
              89.481918453,
              22.78336915600005
            ],
            [
              89.48061219700008,
              22.782217662
            ],
            [
              89.47948588800011,
              22.781224832000078
            ],
            [
              89.47879176000004,
              22.77978625100019
            ],
            [
              89.4776022910001,
              22.77732075
            ],
            [
              89.47680517000015,
              22.773043065000024
            ],
            [
              89.47622011600004,
              22.77111928400012
            ],
            [
              89.47600154899999,
              22.770400405000032
            ],
            [
              89.47342709700018,
              22.770014788000026
            ],
            [
              89.4718577380001,
              22.769413397999983
            ],
            [
              89.47085769400013,
              22.768244770000138
            ],
            [
              89.47113617900015,
              22.766359964000117
            ],
            [
              89.471961137,
              22.7633455240001
            ],
            [
              89.47238614700018,
              22.76261296200005
            ],
            [
              89.47305291800018,
              22.76146340100007
            ],
            [
              89.47319832700003,
              22.75894806300016
            ],
            [
              89.47212540700008,
              22.755927347000124
            ],
            [
              89.47164614400015,
              22.755180502000087
            ],
            [
              89.47091243,
              22.7540376
            ],
            [
              89.47039577300018,
              22.7534396800001
            ],
            [
              89.46807800100004,
              22.750758075000192
            ],
            [
              89.46740749000008,
              22.748870108
            ],
            [
              89.4674085310001,
              22.74860136500007
            ],
            [
              89.46741333700015,
              22.747361540999975
            ],
            [
              89.46715123200005,
              22.74509778300012
            ],
            [
              89.46661278000005,
              22.74409101400005
            ],
            [
              89.46642086600019,
              22.743821630000127
            ],
            [
              89.46580396400009,
              22.74295461200012
            ],
            [
              89.46455537200018,
              22.742523602000176
            ],
            [
              89.46323659900003,
              22.742062988999976
            ],
            [
              89.46121411700005,
              22.73928968600012
            ],
            [
              89.46040786100014,
              22.736899419000167
            ],
            [
              89.46226580000013,
              22.73507460600007
            ],
            [
              89.46244683300006,
              22.734896797000033
            ],
            [
              89.46281878600001,
              22.73400194600015
            ],
            [
              89.46343107600006,
              22.732528857000034
            ],
            [
              89.46354451500014,
              22.732255935000182
            ],
            [
              89.46410161800014,
              22.728615058000116
            ],
            [
              89.46431486800003,
              22.728010528000027
            ],
            [
              89.46456011300012,
              22.72731577400009
            ],
            [
              89.46574503000005,
              22.72396831500015
            ],
            [
              89.46618090900012,
              22.721587189000104
            ],
            [
              89.46657689400013,
              22.71944531700018
            ],
            [
              89.46704368100012,
              22.717903686000056
            ],
            [
              89.46768284400014,
              22.715792697000097
            ],
            [
              89.46794910800014,
              22.714924108000105
            ],
            [
              89.46863423000019,
              22.71290965900016
            ],
            [
              89.46864031800015,
              22.71148536900006
            ],
            [
              89.46865302500004,
              22.708512665000114
            ],
            [
              89.46825497000003,
              22.706243933000167
            ],
            [
              89.46753676900005,
              22.706040548000146
            ],
            [
              89.46689634800009,
              22.705866778000143
            ],
            [
              89.465949943,
              22.70586136300011
            ],
            [
              89.46418549900005,
              22.706484422000074
            ],
            [
              89.46393791000008,
              22.706579573000056
            ],
            [
              89.4611976020002,
              22.707604700000047
            ],
            [
              89.45984239100005,
              22.707600133000142
            ],
            [
              89.45916478600003,
              22.707597843000087
            ],
            [
              89.45884803400014,
              22.707599027000015
            ],
            [
              89.45862286800013,
              22.70760052600008
            ],
            [
              89.45754269000014,
              22.70721745900005
            ],
            [
              89.45659894900012,
              22.705956345000175
            ],
            [
              89.45502373800008,
              22.704115089000084
            ],
            [
              89.45490276900011,
              22.703973685000108
            ],
            [
              89.45487362700015,
              22.7039402100001
            ],
            [
              89.45344719600018,
              22.702273179000088
            ],
            [
              89.45144653400018,
              22.699934972000165
            ],
            [
              89.45120323300006,
              22.699650615000166
            ],
            [
              89.4503459410002,
              22.69857726400005
            ],
            [
              89.44969726900013,
              22.697765098000048
            ],
            [
              89.44964158700014,
              22.697695373000045
            ],
            [
              89.44954029900015,
              22.697568538000098
            ],
            [
              89.44840050600004,
              22.696141259000058
            ],
            [
              89.4479465770001,
              22.695572827000092
            ],
            [
              89.44623614300014,
              22.693430884000065
            ],
            [
              89.4440512770002,
              22.69069469800013
            ],
            [
              89.44365241300005,
              22.690193574999967
            ],
            [
              89.4424734230002,
              22.68857436600001
            ],
            [
              89.43906336200001,
              22.683895851999978
            ],
            [
              89.43731666000014,
              22.681499273000043
            ],
            [
              89.4368622450001,
              22.68088663300017
            ],
            [
              89.43480316800014,
              22.67811051300015
            ],
            [
              89.43451029400006,
              22.677715639000155
            ],
            [
              89.43273506200012,
              22.67532226100019
            ],
            [
              89.43206279900016,
              22.674061962999986
            ],
            [
              89.43197656600006,
              22.673940927000103
            ],
            [
              89.43125466200019,
              22.67292765000002
            ],
            [
              89.43114444600013,
              22.67219156900012
            ],
            [
              89.43085915500006,
              22.67028620200017
            ],
            [
              89.43095237700015,
              22.668873217000055
            ],
            [
              89.43100841400008,
              22.668023839000114
            ],
            [
              89.43142207300008,
              22.666776423999977
            ],
            [
              89.43202052500004,
              22.664971847000174
            ],
            [
              89.43292753500015,
              22.66224467900014
            ],
            [
              89.433539284,
              22.661117655000112
            ],
            [
              89.43388163700018,
              22.660484258000054
            ],
            [
              89.43388878200017,
              22.659483820000048
            ],
            [
              89.433891302,
              22.65784605100015
            ],
            [
              89.4330348000002,
              22.657161447000192
            ],
            [
              89.43222459900005,
              22.65699371500017
            ],
            [
              89.42958980700018,
              22.656812721000108
            ],
            [
              89.42949211700011,
              22.65682592400003
            ],
            [
              89.42799539700007,
              22.657035133000022
            ],
            [
              89.42658517000018,
              22.657143012000176
            ],
            [
              89.42597135,
              22.657368912000038
            ],
            [
              89.42568618300015,
              22.657631545000186
            ],
            [
              89.42528127300005,
              22.65793470200009
            ],
            [
              89.4249780790002,
              22.65827151100018
            ],
            [
              89.42487378400017,
              22.65838736699999
            ],
            [
              89.42480947000018,
              22.658555510000156
            ],
            [
              89.4247699280001,
              22.658590157000106
            ],
            [
              89.42460111900004,
              22.658930146000046
            ],
            [
              89.42453524300015,
              22.65928843000006
            ],
            [
              89.42455256500011,
              22.65976652100005
            ],
            [
              89.42456812800009,
              22.659923287000083
            ],
            [
              89.42454914400014,
              22.66009937700005
            ],
            [
              89.42463854900012,
              22.661281648000113
            ],
            [
              89.42461004500012,
              22.66142189900006
            ],
            [
              89.42458307200008,
              22.661714596000024
            ],
            [
              89.42462048100009,
              22.662007522000124
            ],
            [
              89.4246817940001,
              22.66220739400012
            ],
            [
              89.42470305700016,
              22.662276709000082
            ],
            [
              89.42488827300019,
              22.662635895000165
            ],
            [
              89.42502560800011,
              22.66367012400019
            ],
            [
              89.42493382800018,
              22.66406416700005
            ],
            [
              89.4248871150001,
              22.66445837200007
            ],
            [
              89.42493126300019,
              22.664679620000072
            ],
            [
              89.42515995700012,
              22.66542138300008
            ],
            [
              89.42521774400018,
              22.665870041000062
            ],
            [
              89.4252223250001,
              22.66590561099997
            ],
            [
              89.42526138100015,
              22.66600151800003
            ],
            [
              89.42526082300014,
              22.666135548000113
            ],
            [
              89.42536125800018,
              22.666557421999983
            ],
            [
              89.42539637000004,
              22.666667588000053
            ],
            [
              89.42538998300017,
              22.668626987000096
            ],
            [
              89.42537446,
              22.66874098599999
            ],
            [
              89.42510305300004,
              22.670734060000086
            ],
            [
              89.4248730990002,
              22.67214580500007
            ],
            [
              89.4247828570002,
              22.67271360600006
            ],
            [
              89.42463505500001,
              22.673643567
            ],
            [
              89.42429601100002,
              22.67430419200008
            ],
            [
              89.42374787900019,
              22.67516050500012
            ],
            [
              89.42317434000006,
              22.67558149500013
            ],
            [
              89.4226252680001,
              22.675694243000066
            ],
            [
              89.42209976600014,
              22.675713858000165
            ],
            [
              89.42175427500007,
              22.675666361000083
            ],
            [
              89.42158936100009,
              22.675637908000112
            ],
            [
              89.42129074500008,
              22.675591597000107
            ],
            [
              89.42089516200014,
              22.67553024600005
            ],
            [
              89.42002283500017,
              22.675340660000188
            ],
            [
              89.41915040200018,
              22.67491168100014
            ],
            [
              89.41862718800007,
              22.674654411000176
            ],
            [
              89.41665391300012,
              22.673528652000186
            ],
            [
              89.41636269100019,
              22.673390626000128
            ],
            [
              89.41398586900016,
              22.672264092000034
            ],
            [
              89.41353844200017,
              22.672178138
            ],
            [
              89.41238777900008,
              22.671957080000027
            ],
            [
              89.41132947200003,
              22.67190300100009
            ],
            [
              89.41065448200015,
              22.67197052300014
            ],
            [
              89.41008496700016,
              22.672027490000175
            ],
            [
              89.40927314000004,
              22.67215356500003
            ],
            [
              89.40811251300005,
              22.67253648200017
            ],
            [
              89.40713747000012,
              22.672884225000075
            ],
            [
              89.40556751500014,
              22.673222586000122
            ],
            [
              89.40490285100003,
              22.673263140000074
            ],
            [
              89.40365839000003,
              22.67337323700002
            ],
            [
              89.40248942300019,
              22.673469758000124
            ],
            [
              89.40232893600012,
              22.67348300900005
            ],
            [
              89.40130106400017,
              22.67353653300006
            ],
            [
              89.40084501300004,
              22.673577850000186
            ],
            [
              89.40064091099998,
              22.673570753000035
            ],
            [
              89.40012096600009,
              22.67355267300013
            ],
            [
              89.39986880100008,
              22.672928645000013
            ],
            [
              89.39981016600012,
              22.672783542
            ],
            [
              89.39973433700015,
              22.672593555
            ],
            [
              89.3997036900002,
              22.672568088000105
            ],
            [
              89.39936850200013,
              22.672289563000106
            ],
            [
              89.39900321900006,
              22.671719084000017
            ],
            [
              89.3989334310001,
              22.671579995000172
            ],
            [
              89.39882835700013,
              22.671369237000135
            ],
            [
              89.39851896300013,
              22.670751068000072
            ],
            [
              89.3988361910001,
              22.668247727000164
            ],
            [
              89.39940761600019,
              22.665349984000102
            ],
            [
              89.4002150230001,
              22.66125646900008
            ],
            [
              89.40024010300004,
              22.66115492700004
            ],
            [
              89.40037563000016,
              22.66060305100018
            ],
            [
              89.40066854000008,
              22.65941910300012
            ],
            [
              89.40124475300007,
              22.65709520300004
            ],
            [
              89.40139725600017,
              22.65648013900011
            ],
            [
              89.40162173500016,
              22.655574769000168
            ],
            [
              89.40196008900011,
              22.654209716000082
            ],
            [
              89.4022298000001,
              22.652036596000073
            ],
            [
              89.4022629440002,
              22.651769544
            ],
            [
              89.40253144400003,
              22.64960476500005
            ],
            [
              89.40256434700018,
              22.64938131000008
            ],
            [
              89.40419665500002,
              22.646335329000067
            ],
            [
              89.40556689599998,
              22.64464158400017
            ],
            [
              89.40655051600004,
              22.643450157000075
            ],
            [
              89.40830720800005,
              22.642118171
            ],
            [
              89.40995699300004,
              22.641694025000106
            ],
            [
              89.41072713500017,
              22.641611539
            ],
            [
              89.41340899600016,
              22.641324267000016
            ],
            [
              89.41465738000005,
              22.64089219200008
            ],
            [
              89.41622937800008,
              22.64119083200012
            ],
            [
              89.4192341660002,
              22.641759564999973
            ],
            [
              89.42005987300018,
              22.641960233000077
            ],
            [
              89.42353147100005,
              22.642803868000158
            ],
            [
              89.42439420400007,
              22.64301350800008
            ],
            [
              89.42480747600018,
              22.643168560000163
            ],
            [
              89.42575412600019,
              22.643485868000084
            ],
            [
              89.42690267600017,
              22.64418104400005
            ],
            [
              89.42702407300015,
              22.644242455000096
            ],
            [
              89.42926840400014,
              22.64538416700003
            ],
            [
              89.4315673870002,
              22.64633634000006
            ],
            [
              89.43188222600008,
              22.646321648000082
            ],
            [
              89.43292224600015,
              22.64627790300011
            ],
            [
              89.43522796500002,
              22.645592719000092
            ],
            [
              89.4357104720001,
              22.64549981500005
            ],
            [
              89.43592419600003,
              22.64545866300017
            ],
            [
              89.43792998400005,
              22.645072438000113
            ],
            [
              89.43875259900017,
              22.64491403100004
            ],
            [
              89.44168405500005,
              22.643880890000105
            ],
            [
              89.44176691500019,
              22.643851651999967
            ],
            [
              89.44227978100014,
              22.643670679000024
            ],
            [
              89.44485835600005,
              22.642421703000082
            ],
            [
              89.44519861600014,
              22.642212884000116
            ],
            [
              89.4479138160001,
              22.640546503000166
            ],
            [
              89.45029742200018,
              22.63870642500018
            ],
            [
              89.45083506900016,
              22.638291366000033
            ],
            [
              89.45354884000005,
              22.637108206000164
            ],
            [
              89.4542103890002,
              22.636929787000042
            ],
            [
              89.45470145500013,
              22.63679595600007
            ],
            [
              89.4550412230002,
              22.636546429000134
            ],
            [
              89.4562145490001,
              22.636611389
            ],
            [
              89.45630108600005,
              22.637264358000095
            ],
            [
              89.45632371300007,
              22.63761900200018
            ],
            [
              89.45672604900011,
              22.638627608000093
            ],
            [
              89.45679115000013,
              22.63931889700001
            ],
            [
              89.45678546800019,
              22.640764249000085
            ],
            [
              89.45684315600016,
              22.643341269000132
            ],
            [
              89.45697403400015,
              22.644475422000085
            ],
            [
              89.45744645100007,
              22.64491515000003
            ],
            [
              89.45839348700008,
              22.645234528
            ],
            [
              89.45974710400009,
              22.645489775999977
            ],
            [
              89.46327016100014,
              22.645187695000118
            ],
            [
              89.46398374700004,
              22.645165238000118
            ],
            [
              89.46542872600014,
              22.645117786000128
            ],
            [
              89.46679278600004,
              22.645072979000076
            ],
            [
              89.46862315200013,
              22.645079057000032
            ],
            [
              89.47011145500011,
              22.645083983000063
            ],
            [
              89.47094090200005,
              22.644779243000073
            ],
            [
              89.47138004500005,
              22.64461789800015
            ],
            [
              89.47214623600013,
              22.64433639000015
            ],
            [
              89.47397807800019,
              22.643524873000047
            ],
            [
              89.47470950500002,
              22.64352727100004
            ],
            [
              89.47533266300007,
              22.643529311000066
            ],
            [
              89.47587270700018,
              22.64403470000002
            ],
            [
              89.47607109100005,
              22.645293273000163
            ],
            [
              89.47710121700004,
              22.646466177000036
            ],
            [
              89.47805837100003,
              22.647555971000145
            ],
            [
              89.47822937800004,
              22.64775067400018
            ],
            [
              89.48032386600016,
              22.649078638000105
            ],
            [
              89.48086466100006,
              22.649394307000023
            ],
            [
              89.48127028300019,
              22.6495853240001
            ],
            [
              89.48148105000013,
              22.649586006000163
            ],
            [
              89.48154127200013,
              22.649586202000023
            ],
            [
              89.4817372170001,
              22.649446991000104
            ],
            [
              89.4824241230001,
              22.64895896300004
            ],
            [
              89.48337766300011,
              22.64855427500015
            ],
            [
              89.48683385600003,
              22.647087377000105
            ],
            [
              89.4869131210001,
              22.647063516000173
            ],
            [
              89.49045629500017,
              22.645996888000013
            ],
            [
              89.49137695900015,
              22.64571971800018
            ],
            [
              89.49368331699998,
              22.64478300800016
            ],
            [
              89.49537419900008,
              22.643704424000077
            ],
            [
              89.49544836600012,
              22.64365711300013
            ],
            [
              89.49694378800001,
              22.642153200000166
            ],
            [
              89.499053043,
              22.63951973100012
            ],
            [
              89.50007298100002,
              22.63845243000003
            ],
            [
              89.501124855,
              22.63780639100014
            ],
            [
              89.50119249700009,
              22.637764847000028
            ],
            [
              89.50312732200007,
              22.636576157000093
            ],
            [
              89.50359549700016,
              22.636366964000104
            ],
            [
              89.50787575700014,
              22.634454348000133
            ],
            [
              89.509221916,
              22.63381031200015
            ],
            [
              89.51213126500016,
              22.632416252999974
            ],
            [
              89.51223292800012,
              22.632367538000153
            ],
            [
              89.51296393500013,
              22.632017251000036
            ],
            [
              89.51419637000004,
              22.631087224000055
            ],
            [
              89.51669879900004,
              22.629198758000143
            ],
            [
              89.5187574580001,
              22.627657098000157
            ],
            [
              89.51965168300012,
              22.62698742500004
            ],
            [
              89.51995780900006,
              22.62675816799998
            ],
            [
              89.52151994300016,
              22.62544166800012
            ],
            [
              89.52213225100019,
              22.624689182000054
            ],
            [
              89.52281726500001,
              22.62242829100012
            ],
            [
              89.52369306700018,
              22.618975521000095
            ],
            [
              89.52370971200008,
              22.618910074000098
            ],
            [
              89.52371939300008,
              22.61880787700005
            ],
            [
              89.52392690900018,
              22.61661734000012
            ],
            [
              89.52406090900007,
              22.615202802000113
            ],
            [
              89.52454122000012,
              22.61337942299997
            ],
            [
              89.52537851100004,
              22.612272637000046
            ],
            [
              89.52568070300015,
              22.612105221000093
            ],
            [
              89.52649197900013,
              22.61103293000008
            ],
            [
              89.52685708000007,
              22.61055070800012
            ],
            [
              89.52838163600006,
              22.609505023000054
            ],
            [
              89.53123964200012,
              22.60815435000012
            ],
            [
              89.531048387,
              22.61012428600003
            ],
            [
              89.530965788,
              22.61097504600008
            ],
            [
              89.53154388600007,
              22.614078273000075
            ],
            [
              89.53181779599998,
              22.615548570000158
            ],
            [
              89.53314592200013,
              22.61893248100006
            ],
            [
              89.53411578200007,
              22.620063786000173
            ],
            [
              89.53452933600016,
              22.621111886
            ],
            [
              89.53459690300019,
              22.62142744800019
            ],
            [
              89.53478579100016,
              22.62230961199998
            ],
            [
              89.5354869190001,
              22.623366582000074
            ],
            [
              89.53627961600006,
              22.624563573000046
            ],
            [
              89.53704443300018,
              22.625645307000013
            ],
            [
              89.5370910060002,
              22.625711272000046
            ],
            [
              89.53829231100002,
              22.627412727999968
            ],
            [
              89.54244127000004,
              22.63177658000012
            ],
            [
              89.54347459900004,
              22.632337353000025
            ],
            [
              89.54717723900012,
              22.634344290000115
            ],
            [
              89.55015237700007,
              22.636098452000113
            ],
            [
              89.55492107300012,
              22.63890990100009
            ],
            [
              89.55502355400017,
              22.639479304000076
            ],
            [
              89.55517698300014,
              22.63999916600011
            ],
            [
              89.55452818100014,
              22.641539862
            ],
            [
              89.55387661300006,
              22.643085067000072
            ],
            [
              89.55177487600014,
              22.646701699000175
            ],
            [
              89.55049435200004,
              22.64913964100009
            ],
            [
              89.54948997200006,
              22.651051770000095
            ],
            [
              89.54914130399999,
              22.652762666000115
            ],
            [
              89.54889815300004,
              22.653955368000027
            ],
            [
              89.54846182800009,
              22.654595104
            ],
            [
              89.54791676100001,
              22.65589860300014
            ],
            [
              89.54755776000007,
              22.657001851000132
            ],
            [
              89.54738459700008,
              22.65797655300014
            ],
            [
              89.54748786900007,
              22.65946831399998
            ],
            [
              89.54765610000004,
              22.659999407000157
            ],
            [
              89.54769780800012,
              22.660092363000047
            ],
            [
              89.54797824000008,
              22.660717369000054
            ],
            [
              89.54803441299998,
              22.6608725750001
            ],
            [
              89.54826919800013,
              22.66152128700014
            ],
            [
              89.54831433400017,
              22.66189428100006
            ],
            [
              89.54825130500018,
              22.66226697100018
            ],
            [
              89.54818851100015,
              22.662567956000146
            ],
            [
              89.54806404900012,
              22.66282574300004
            ],
            [
              89.54779599100016,
              22.66329134200015
            ],
            [
              89.54779095900011,
              22.663376121000113
            ],
            [
              89.54839572500003,
              22.665064378000125
            ],
            [
              89.55144894600016,
              22.666701267000064
            ],
            [
              89.55166788700006,
              22.666910257000154
            ],
            [
              89.55258830300005,
              22.667434447000176
            ],
            [
              89.55369885600015,
              22.668068550000157
            ],
            [
              89.55473611500008,
              22.668903558000125
            ],
            [
              89.55553723300011,
              22.669548458
            ],
            [
              89.55562549200005,
              22.669636845000127
            ],
            [
              89.55566947700004,
              22.669677730000046
            ],
            [
              89.55598094800018,
              22.669965458000092
            ],
            [
              89.55632992500017,
              22.670367974000158
            ],
            [
              89.55684180100008,
              22.67137326400001
            ],
            [
              89.5574348740002,
              22.672761204000096
            ],
            [
              89.55791512500008,
              22.673995858000126
            ],
            [
              89.55819747900017,
              22.675703803000147
            ],
            [
              89.55814524700008,
              22.676128527000117
            ],
            [
              89.55791693900005,
              22.676644174000046
            ],
            [
              89.55773995700014,
              22.67721732600006
            ],
            [
              89.5576870640001,
              22.67764741100018
            ],
            [
              89.55769620200016,
              22.67801074200014
            ],
            [
              89.55783909000007,
              22.678431807000095
            ],
            [
              89.55815031900016,
              22.678925962
            ],
            [
              89.55847984200017,
              22.679254957000126
            ],
            [
              89.55876314400012,
              22.67942866700014
            ],
            [
              89.55916449000011,
              22.679573182000127
            ],
            [
              89.55965889800018,
              22.679612785000074
            ],
            [
              89.5600607040002,
              22.679613889
            ],
            [
              89.56059678000014,
              22.679510194000045
            ],
            [
              89.5607721090002,
              22.679453310000156
            ],
            [
              89.56110228200004,
              22.67930124500009
            ],
            [
              89.56142245600006,
              22.679053544999988
            ],
            [
              89.5624607790001,
              22.67779804500003
            ],
            [
              89.56315468600008,
              22.677140360000067
            ],
            [
              89.56483795600008,
              22.675555303000124
            ],
            [
              89.56512657800016,
              22.675283516000093
            ],
            [
              89.56554486200014,
              22.674922789000163
            ],
            [
              89.56778154000006,
              22.672993838000025
            ],
            [
              89.56885077800007,
              22.67205021100017
            ],
            [
              89.56922293300005,
              22.671642491
            ],
            [
              89.56962417100004,
              22.671048049000035
            ],
            [
              89.5699137960001,
              22.670618963000038
            ],
            [
              89.57002088100018,
              22.67048153800016
            ],
            [
              89.57009222100004,
              22.6703899850001
            ],
            [
              89.57023341899998,
              22.670285140000033
            ],
            [
              89.570409745,
              22.670154209000145
            ],
            [
              89.57070338300014,
              22.670031678000043
            ],
            [
              89.57090489000007,
              22.669947591000096
            ],
            [
              89.5719103150002,
              22.669634778000045
            ],
            [
              89.57318327899998,
              22.66902327500003
            ],
            [
              89.57336506700011,
              22.66893594700008
            ],
            [
              89.57396020500016,
              22.668549031000055
            ],
            [
              89.57465024400017,
              22.668100413000047
            ],
            [
              89.57511455700012,
              22.66786501700011
            ],
            [
              89.57570224700004,
              22.66770882300017
            ],
            [
              89.57632454700001,
              22.667587141000013
            ],
            [
              89.57660678500014,
              22.66753195200016
            ],
            [
              89.5767846230001,
              22.66748939900009
            ],
            [
              89.5770168320002,
              22.667353772000183
            ],
            [
              89.57710531200007,
              22.667269490000137
            ],
            [
              89.57744484800008,
              22.666946062000022
            ],
            [
              89.57748245800019,
              22.666992879000077
            ],
            [
              89.57770093200014,
              22.667136866000135
            ],
            [
              89.579899065,
              22.667358956000044
            ],
            [
              89.58022034200008,
              22.667346342000087
            ],
            [
              89.58032115100013,
              22.66807322
            ],
            [
              89.58024124399998,
              22.66931808200013
            ],
            [
              89.5802635880001,
              22.67048063699997
            ],
            [
              89.58010038200007,
              22.67121519000011
            ],
            [
              89.58006750300012,
              22.671323345000076
            ],
            [
              89.5800253770002,
              22.67146192000007
            ],
            [
              89.57961750300018,
              22.673764876
            ],
            [
              89.5796069380001,
              22.673824525999976
            ],
            [
              89.57954095300005,
              22.674197085000174
            ],
            [
              89.57949819600015,
              22.67443849500006
            ],
            [
              89.57946586300005,
              22.674730214000135
            ],
            [
              89.57943252800004,
              22.67485248200012
            ],
            [
              89.57942285400014,
              22.67488444700001
            ],
            [
              89.57902055300019,
              22.675661010000056
            ],
            [
              89.57873033200002,
              22.67623389000005
            ],
            [
              89.57868774300016,
              22.676397119000114
            ],
            [
              89.57838556500019,
              22.67755524100005
            ],
            [
              89.578271643,
              22.677991852
            ],
            [
              89.5781611430001,
              22.678175200000055
            ],
            [
              89.57813395500017,
              22.678220312000064
            ],
            [
              89.57793150100014,
              22.678556232000176
            ],
            [
              89.57775387900017,
              22.67885095100013
            ],
            [
              89.57744413600005,
              22.67942175600018
            ],
            [
              89.57680180400018,
              22.680605446000072
            ],
            [
              89.5767591870001,
              22.680683979000094
            ],
            [
              89.5763126270001,
              22.68128854700018
            ],
            [
              89.5745037320001,
              22.68373742300014
            ],
            [
              89.57412087500012,
              22.684078338000177
            ],
            [
              89.57322706300005,
              22.68487422100003
            ],
            [
              89.57295221500004,
              22.68511895400013
            ],
            [
              89.57272669100007,
              22.685319765000145
            ],
            [
              89.57206461900017,
              22.686178459000132
            ],
            [
              89.5715182350001,
              22.686555486000145
            ],
            [
              89.5713422550001,
              22.686676918000046
            ],
            [
              89.5710646280001,
              22.68686849000011
            ],
            [
              89.57090272100015,
              22.687060394000184
            ],
            [
              89.57083279100004,
              22.687143279
            ],
            [
              89.57070362600007,
              22.687296505000063
            ],
            [
              89.57002296899998,
              22.688301928000044
            ],
            [
              89.56920564600011,
              22.689713493000056
            ],
            [
              89.56900044700012,
              22.690343034000023
            ],
            [
              89.56901887200013,
              22.690483103000133
            ],
            [
              89.56906641800015,
              22.690844577
            ],
            [
              89.56953973600008,
              22.69116202700019
            ],
            [
              89.570284136,
              22.69147794700001
            ],
            [
              89.57211254200013,
              22.691796763000127
            ],
            [
              89.57228462100005,
              22.69183561700015
            ],
            [
              89.5733988990001,
              22.692082497000115
            ],
            [
              89.57411051300016,
              22.692084392000027
            ],
            [
              89.5743911740002,
              22.69206728
            ],
            [
              89.57560127300007,
              22.691993499000034
            ],
            [
              89.57648204399999,
              22.691995831000042
            ],
            [
              89.57749792300012,
              22.692188222000084
            ],
            [
              89.57757087300013,
              22.69221099900011
            ],
            [
              89.57810704600018,
              22.692377278000095
            ],
            [
              89.57932616300008,
              22.692570191000186
            ],
            [
              89.57993528700018,
              22.692759239000168
            ],
            [
              89.58115479500003,
              22.69282567100015
            ],
            [
              89.58149332000005,
              22.692858174000094
            ],
            [
              89.58220415500017,
              22.6930181190001
            ],
            [
              89.58291453700014,
              22.69342874300014
            ],
            [
              89.58342224800015,
              22.693554277000032
            ],
            [
              89.58406602600007,
              22.693555952999986
            ],
            [
              89.58450569100017,
              22.6937468000001
            ],
            [
              89.5854189420001,
              22.694284412000172
            ],
            [
              89.58663637300003,
              22.694947015000025
            ],
            [
              89.58734309500011,
              22.695572160000097
            ],
            [
              89.58856235500008,
              22.696648040000127
            ],
            [
              89.58877310600019,
              22.69678183000019
            ],
            [
              89.58981352400014,
              22.697437179000133
            ],
            [
              89.59133560700019,
              22.698290234000126
            ],
            [
              89.59248611400011,
              22.698765177000098
            ],
            [
              89.59311320400013,
              22.698818905999985
            ],
            [
              89.59381720500016,
              22.698879222000187
            ],
            [
              89.59438297700012,
              22.698928083000055
            ],
            [
              89.5976688720001,
              22.6990605900001
            ],
            [
              89.60014149000006,
              22.69919325900014
            ],
            [
              89.60069325400008,
              22.699206599000036
            ],
            [
              89.60095922000005,
              22.699236233000136
            ],
            [
              89.60133260100008,
              22.69928795500016
            ],
            [
              89.60155781700007,
              22.69935424600004
            ],
            [
              89.60186649500002,
              22.699510375000102
            ],
            [
              89.60214933600008,
              22.699693329000127
            ],
            [
              89.60225532300007,
              22.69978920000017
            ],
            [
              89.6023835740001,
              22.69998073300013
            ],
            [
              89.60244124600007,
              22.700143004000154
            ],
            [
              89.60246737400013,
              22.700242673000105
            ],
            [
              89.60262677600014,
              22.700869844000067
            ],
            [
              89.60270254000005,
              22.70139706600014
            ],
            [
              89.60274610699997,
              22.702368778999983
            ],
            [
              89.6027056870002,
              22.702985343000023
            ],
            [
              89.60261164300005,
              22.703436853000085
            ],
            [
              89.60258719500018,
              22.703874193000047
            ],
            [
              89.60249116300002,
              22.705014067000036
            ],
            [
              89.60220908600007,
              22.706347082000093
            ],
            [
              89.60181842700018,
              22.707808896000074
            ],
            [
              89.60159105600007,
              22.708265906000065
            ],
            [
              89.60147637400019,
              22.708496413000034
            ],
            [
              89.6012669930002,
              22.708739689000083
            ],
            [
              89.60113531400003,
              22.708839748000116
            ],
            [
              89.60095724200005,
              22.70894686200006
            ],
            [
              89.60049295800019,
              22.7091393070001
            ],
            [
              89.60016816400014,
              22.709203029000037
            ],
            [
              89.59978803500019,
              22.70918168200012
            ],
            [
              89.59963610900007,
              22.70917315000014
            ],
            [
              89.59906268400016,
              22.709091415000046
            ],
            [
              89.59831244700013,
              22.70894725100004
            ],
            [
              89.59797397200015,
              22.708883167000067
            ],
            [
              89.5977419400001,
              22.708837415000175
            ],
            [
              89.59706148500004,
              22.708698127
            ],
            [
              89.5966584410001,
              22.708615623000128
            ],
            [
              89.59506706200011,
              22.708202830000175
            ],
            [
              89.59344099300012,
              22.70810385300007
            ],
            [
              89.59286935500012,
              22.70806986399998
            ],
            [
              89.59189225000017,
              22.70801176100008
            ],
            [
              89.59017613600008,
              22.708108531000107
            ],
            [
              89.58917029700012,
              22.708478817000184
            ],
            [
              89.58810176600008,
              22.70913575600008
            ],
            [
              89.58790983000017,
              22.709362850000048
            ],
            [
              89.58738818900008,
              22.709980037000037
            ],
            [
              89.58575552600007,
              22.713173861000143
            ],
            [
              89.58497701200014,
              22.71503617200011
            ],
            [
              89.58485036200017,
              22.716025372000104
            ],
            [
              89.58484447300009,
              22.716426612000078
            ],
            [
              89.58506986700013,
              22.71692404600003
            ],
            [
              89.58538739000016,
              22.71735808700015
            ],
            [
              89.58549331500018,
              22.717474882000147
            ],
            [
              89.58691525000012,
              22.71884454100001
            ],
            [
              89.58738753400013,
              22.719438521000143
            ],
            [
              89.58797845300006,
              22.719994562000068
            ],
            [
              89.58916605900009,
              22.72090588100008
            ],
            [
              89.58955683900012,
              22.721188924000103
            ],
            [
              89.5901395300001,
              22.721579858000155
            ],
            [
              89.59017910500006,
              22.721606409000117
            ],
            [
              89.59039016300011,
              22.72167865400013
            ],
            [
              89.59051895800002,
              22.721688545000177
            ],
            [
              89.59090565700018,
              22.721613049000098
            ],
            [
              89.59141138300009,
              22.721365765000087
            ],
            [
              89.59186614700002,
              22.720927136000114
            ],
            [
              89.59385023000016,
              22.719115661000103
            ],
            [
              89.5949346650001,
              22.718324877000043
            ],
            [
              89.59526489500007,
              22.71817274200015
            ],
            [
              89.59537918100011,
              22.71817303100005
            ],
            [
              89.59555031700006,
              22.718173464000188
            ],
            [
              89.59576471900004,
              22.718174006000083
            ],
            [
              89.5962895360002,
              22.71843825100018
            ],
            [
              89.59632282500019,
              22.71847583100009
            ],
            [
              89.59699828900011,
              22.719238354000026
            ],
            [
              89.59724946500012,
              22.71968833800014
            ],
            [
              89.5978654910001,
              22.72048342400018
            ],
            [
              89.59823956000008,
              22.721201414000063
            ],
            [
              89.59895637400007,
              22.722780724000188
            ],
            [
              89.59935042600017,
              22.723718657000063
            ],
            [
              89.59949865400017,
              22.72413491700007
            ],
            [
              89.59974263600009,
              22.72529236800017
            ],
            [
              89.59984379100018,
              22.725701277000155
            ],
            [
              89.5998620370001,
              22.72577503400015
            ],
            [
              89.59997692600012,
              22.726239460000045
            ],
            [
              89.5999936500001,
              22.726366358000064
            ],
            [
              89.60005759600006,
              22.726851544000056
            ],
            [
              89.60016347900017,
              22.72765490500018
            ],
            [
              89.6001614920001,
              22.72833848700003
            ],
            [
              89.60011170900015,
              22.72950954300012
            ],
            [
              89.60001646100011,
              22.73036498400012
            ],
            [
              89.6000005300001,
              22.730516480000063
            ],
            [
              89.59995816300005,
              22.730919356000186
            ],
            [
              89.59989582300005,
              22.73109129200003
            ],
            [
              89.59975023700008,
              22.73153549799997
            ],
            [
              89.59929528200018,
              22.732036292000032
            ],
            [
              89.5987882460002,
              22.732723388000068
            ],
            [
              89.59847785800008,
              22.733128936000014
            ],
            [
              89.598322586,
              22.73335800200016
            ],
            [
              89.59802142600012,
              22.734131657000148
            ],
            [
              89.59778189500014,
              22.734977172000185
            ],
            [
              89.59772073300002,
              22.73517835400014
            ],
            [
              89.59764069500017,
              22.735679525000137
            ],
            [
              89.59769037000012,
              22.73631543300013
            ],
            [
              89.59779732100014,
              22.736750712
            ],
            [
              89.59818675400015,
              22.737516543000083
            ],
            [
              89.5988638,
              22.738622497999984
            ],
            [
              89.59947430699998,
              22.73957531400015
            ],
            [
              89.59966411400018,
              22.739876950000053
            ],
            [
              89.60029569,
              22.740676845000053
            ],
            [
              89.60050603600018,
              22.740903076000052
            ],
            [
              89.60058300300005,
              22.740985856000123
            ],
            [
              89.60093276100008,
              22.741362024000182
            ],
            [
              89.60115938100017,
              22.741585437000083
            ],
            [
              89.60129249300019,
              22.741716665000126
            ],
            [
              89.60169793300014,
              22.7423056560001
            ],
            [
              89.60211916800006,
              22.742779956999982
            ],
            [
              89.60275491100003,
              22.743530213999975
            ],
            [
              89.60414275500011,
              22.74521243099997
            ],
            [
              89.60484344900016,
              22.746054718000153
            ],
            [
              89.6048748990001,
              22.746092524000062
            ],
            [
              89.6055295170001,
              22.7468794130001
            ],
            [
              89.6064539620001,
              22.74801940900005
            ],
            [
              89.60687649500017,
              22.748630404000096
            ],
            [
              89.60770744700017,
              22.750033775000134
            ],
            [
              89.60775165000018,
              22.750128756000095
            ],
            [
              89.6083205170001,
              22.751351099000033
            ],
            [
              89.60922252200004,
              22.753150709000067
            ],
            [
              89.6095198320001,
              22.7537250740001
            ],
            [
              89.60955943500011,
              22.753791194000087
            ],
            [
              89.60967309799997,
              22.75420348100016
            ],
            [
              89.60961927500006,
              22.755006443000184
            ],
            [
              89.60937864700009,
              22.756248737000078
            ],
            [
              89.60928421200015,
              22.756831704000092
            ],
            [
              89.6092007370001,
              22.75718524300015
            ],
            [
              89.60914146900018,
              22.757288730000084
            ],
            [
              89.60899746300015,
              22.757532502000174
            ],
            [
              89.60896335100017,
              22.757551369000055
            ],
            [
              89.60884902000004,
              22.757614611000122
            ],
            [
              89.60827122000018,
              22.757794847000127
            ],
            [
              89.60812687200013,
              22.757804052999973
            ],
            [
              89.60729176400014,
              22.75784024400008
            ],
            [
              89.60713289000012,
              22.75781898200006
            ],
            [
              89.60612732700014,
              22.757684407000056
            ],
            [
              89.60609226200017,
              22.75767967200011
            ],
            [
              89.60562239600006,
              22.757616237000093
            ],
            [
              89.60468436800005,
              22.757594795999978
            ],
            [
              89.60402041700007,
              22.757652727000107
            ],
            [
              89.60340576900006,
              22.75770635300006
            ],
            [
              89.6018381950002,
              22.75793190799999
            ],
            [
              89.60106465900014,
              22.75806382700017
            ],
            [
              89.60027409800017,
              22.75819984900005
            ],
            [
              89.59830065800014,
              22.758496687000104
            ],
            [
              89.59782836200014,
              22.75854992300009
            ],
            [
              89.59662202700008,
              22.75875019800003
            ],
            [
              89.59610688700008,
              22.758836184000018
            ],
            [
              89.59528033999999,
              22.758974148000107
            ],
            [
              89.59362456400015,
              22.759250507000104
            ],
            [
              89.59314241600003,
              22.75933629000002
            ],
            [
              89.59213300700009,
              22.759515878000173
            ],
            [
              89.59167233500017,
              22.75959783500008
            ],
            [
              89.58998233500012,
              22.75989848900008
            ],
            [
              89.5891113720001,
              22.760284650000187
            ],
            [
              89.58813485400015,
              22.76109617200018
            ],
            [
              89.58802252500016,
              22.761180937000177
            ],
            [
              89.58785267500014,
              22.761350281000148
            ],
            [
              89.58740632000007,
              22.761795306000124
            ],
            [
              89.5870660810001,
              22.762134527
            ],
            [
              89.58692493200004,
              22.76225726100006
            ],
            [
              89.5862077330001,
              22.762945500000058
            ],
            [
              89.58615830400004,
              22.762992933000135
            ],
            [
              89.58568322400015,
              22.763469430000043
            ],
            [
              89.5855148980001,
              22.763574864000077
            ],
            [
              89.584965823,
              22.76391878400011
            ],
            [
              89.58467617900004,
              22.764100204000044
            ],
            [
              89.58350123800011,
              22.76485004100016
            ],
            [
              89.58287950800013,
              22.76519917400003
            ],
            [
              89.58146058500006,
              22.76546335900008
            ],
            [
              89.58065518100005,
              22.76546124600003
            ],
            [
              89.57986175900015,
              22.76544647300011
            ],
            [
              89.57915758200005,
              22.76499650000011
            ],
            [
              89.57632807500016,
              22.76314843200015
            ],
            [
              89.57434690899998,
              22.761916858
            ],
            [
              89.5730242910002,
              22.761825251000175
            ],
            [
              89.57239719100016,
              22.76197529400008
            ],
            [
              89.5709333550002,
              22.762325526000097
            ],
            [
              89.57206005000006,
              22.76414203000013
            ],
            [
              89.57272775400008,
              22.765202470000077
            ],
            [
              89.57328076000016,
              22.766080733000024
            ],
            [
              89.57425863100013,
              22.76721931200018
            ],
            [
              89.57440576900007,
              22.767381124000053
            ],
            [
              89.57446291899998,
              22.767443972000137
            ],
            [
              89.57460082300003,
              22.767595628000038
            ],
            [
              89.57472911299999,
              22.767736711999987
            ],
            [
              89.57556441000008,
              22.768672311000046
            ],
            [
              89.57566533800014,
              22.768903340000065
            ],
            [
              89.57557655900013,
              22.769010538000032
            ],
            [
              89.57510126000017,
              22.7693534550001
            ],
            [
              89.5748945680001,
              22.769515435000187
            ],
            [
              89.57483752500008,
              22.769625230000088
            ],
            [
              89.57482680100009,
              22.769759050000175
            ],
            [
              89.57484146600018,
              22.770017224000014
            ],
            [
              89.57486408200009,
              22.770514960000185
            ],
            [
              89.57482180700003,
              22.770755554
            ],
            [
              89.57471054700005,
              22.77100571000011
            ],
            [
              89.57468165000006,
              22.77107068000015
            ],
            [
              89.57443299700003,
              22.771464391000166
            ],
            [
              89.57421522800001,
              22.771872525000163
            ],
            [
              89.57405147200018,
              22.772316656000044
            ],
            [
              89.57374882300007,
              22.772667200000114
            ],
            [
              89.57366461600014,
              22.772707480000065
            ],
            [
              89.57349067400014,
              22.77279068400003
            ],
            [
              89.57311787900011,
              22.772935925000013
            ],
            [
              89.5723887420001,
              22.773219947000086
            ],
            [
              89.57197863400006,
              22.77337757700019
            ],
            [
              89.57187262600019,
              22.773418322000055
            ],
            [
              89.57131172500004,
              22.77349799100017
            ],
            [
              89.57115478600014,
              22.773520282000163
            ],
            [
              89.57040893300012,
              22.77372153200014
            ],
            [
              89.57004961900009,
              22.773849290000044
            ],
            [
              89.56944220200018,
              22.773976382000058
            ],
            [
              89.56902731300005,
              22.774255301000153
            ],
            [
              89.56875023700019,
              22.77456169400017
            ],
            [
              89.56841653400005,
              22.77535348500004
            ],
            [
              89.56819405100003,
              22.77591747499997
            ],
            [
              89.5679747100001,
              22.77707193400005
            ],
            [
              89.56794145300006,
              22.777246978000107
            ],
            [
              89.56779552900008,
              22.77830440200006
            ],
            [
              89.56778473200018,
              22.7783588260001
            ],
            [
              89.56778443700006,
              22.778384782000103
            ],
            [
              89.56778001000015,
              22.77877367400015
            ],
            [
              89.56777825500006,
              22.77892785100005
            ],
            [
              89.56772941500014,
              22.77920427700019
            ],
            [
              89.56766111400009,
              22.779479230000106
            ],
            [
              89.5676518350001,
              22.77953033300014
            ],
            [
              89.56766701300012,
              22.779751176000048
            ],
            [
              89.56767327600016,
              22.779842293
            ],
            [
              89.5677423960002,
              22.77999305900005
            ],
            [
              89.56787624100019,
              22.780214063000074
            ],
            [
              89.56800443400004,
              22.780260371000168
            ],
            [
              89.56804783100017,
              22.780278477000024
            ],
            [
              89.56813277900011,
              22.780440364000015
            ],
            [
              89.56821532700019,
              22.780628697000054
            ],
            [
              89.56822875000012,
              22.78065932200002
            ],
            [
              89.56829742000014,
              22.781105062000165
            ],
            [
              89.56830831900004,
              22.781175808000114
            ],
            [
              89.5683023250001,
              22.781495092000057
            ],
            [
              89.56830068500011,
              22.781582383000114
            ],
            [
              89.56829903099998,
              22.781670543000132
            ],
            [
              89.56829414900011,
              22.781993198000066
            ],
            [
              89.56831009500019,
              22.782166554000014
            ],
            [
              89.56832779600018,
              22.782358981000073
            ],
            [
              89.56832132800014,
              22.782425698000168
            ],
            [
              89.56829982500005,
              22.782647492000024
            ],
            [
              89.5682958270001,
              22.78268873400009
            ],
            [
              89.56821236000019,
              22.78298641700013
            ],
            [
              89.56818633600017,
              22.78307922600004
            ],
            [
              89.56811716600015,
              22.78330262600008
            ],
            [
              89.56809649500013,
              22.783369385000185
            ],
            [
              89.56796837100018,
              22.783511919999967
            ],
            [
              89.56787145100014,
              22.78361974100011
            ],
            [
              89.56779360000019,
              22.78368993000015
            ],
            [
              89.56775978900015,
              22.783720414000186
            ],
            [
              89.56767145100014,
              22.7838000590001
            ],
            [
              89.5675185990001,
              22.783937869000113
            ],
            [
              89.56748717500017,
              22.7839682500001
            ],
            [
              89.56738773900008,
              22.78406438600001
            ],
            [
              89.56736526300017,
              22.784086116000083
            ],
            [
              89.56734889800015,
              22.784119753000084
            ],
            [
              89.56733169400019,
              22.784165058000042
            ],
            [
              89.56732168700012,
              22.78419140900013
            ],
            [
              89.56729924500007,
              22.784254774000146
            ],
            [
              89.56728977900013,
              22.78430140600011
            ],
            [
              89.56728371700018,
              22.784331270999985
            ],
            [
              89.56727427600003,
              22.78437778300014
            ],
            [
              89.56726412000006,
              22.78442782200011
            ],
            [
              89.56726268100005,
              22.78446411400006
            ],
            [
              89.5672689070002,
              22.784647064000126
            ],
            [
              89.56735980000019,
              22.784948655000107
            ],
            [
              89.56740193900004,
              22.78508847400002
            ],
            [
              89.5674181390001,
              22.785142227000108
            ],
            [
              89.56747933600013,
              22.78535392100008
            ],
            [
              89.5675102510001,
              22.785481326000024
            ],
            [
              89.56747562599998,
              22.785511687000167
            ],
            [
              89.56755027600013,
              22.785743418000038
            ],
            [
              89.5675617710001,
              22.785779103000095
            ],
            [
              89.5676689390001,
              22.786426861
            ],
            [
              89.5677321570002,
              22.78680897200013
            ],
            [
              89.56776956200014,
              22.78703505900006
            ],
            [
              89.56781219400011,
              22.7872927410001
            ],
            [
              89.56783416500008,
              22.78759421100017
            ],
            [
              89.5678900530001,
              22.788361036000083
            ],
            [
              89.56789373400011,
              22.788411547000123
            ],
            [
              89.56789347000012,
              22.78849559400004
            ],
            [
              89.56789326000006,
              22.78856203600003
            ],
            [
              89.56789283100017,
              22.788698362000105
            ],
            [
              89.56778386600007,
              22.788920350000183
            ],
            [
              89.56768843000003,
              22.789012513000102
            ],
            [
              89.5676209720001,
              22.78907765700012
            ],
            [
              89.56744852400004,
              22.789249168000026
            ],
            [
              89.56732618300015,
              22.789370845000064
            ],
            [
              89.56710121800012,
              22.789592518
            ],
            [
              89.56690729900015,
              22.78977842300003
            ],
            [
              89.56689103800011,
              22.789805562000083
            ],
            [
              89.56678291000003,
              22.789986027000168
            ],
            [
              89.56672043300011,
              22.79017945800007
            ],
            [
              89.56672741800008,
              22.79041610200011
            ],
            [
              89.5667341910002,
              22.790485262000175
            ],
            [
              89.56673724900008,
              22.79051649200011
            ],
            [
              89.56674989400017,
              22.79064561600012
            ],
            [
              89.56674941800014,
              22.790796193000062
            ],
            [
              89.56671229800008,
              22.790967948000116
            ],
            [
              89.56670312,
              22.791010413000038
            ],
            [
              89.56667557100013,
              22.791064205
            ],
            [
              89.56665532900007,
              22.79119348900008
            ],
            [
              89.56653505900005,
              22.79141440500007
            ],
            [
              89.56651660300014,
              22.791448307
            ],
            [
              89.5663872840002,
              22.7915913650001
            ],
            [
              89.56596267500015,
              22.7920610810001
            ],
            [
              89.56564565900004,
              22.792527732000053
            ],
            [
              89.56547722800019,
              22.792775663000043
            ],
            [
              89.56514582200015,
              22.79325785000009
            ],
            [
              89.56502483900016,
              22.79343387600005
            ],
            [
              89.56496033700017,
              22.793511048000084
            ],
            [
              89.56483689900006,
              22.79365872900013
            ],
            [
              89.56474610500004,
              22.793767356000103
            ],
            [
              89.56468953400002,
              22.79384493600014
            ],
            [
              89.56468845000012,
              22.794186289000038
            ],
            [
              89.56461083400012,
              22.794547668
            ],
            [
              89.56460983900013,
              22.79461335900004
            ],
            [
              89.56460820200004,
              22.79472137300013
            ],
            [
              89.56460733200015,
              22.79477875300006
            ],
            [
              89.56452514100005,
              22.79507247500004
            ],
            [
              89.56451397500018,
              22.79516321000017
            ],
            [
              89.56448809400007,
              22.795373532000156
            ],
            [
              89.56447197400018,
              22.795579039000188
            ],
            [
              89.56449192100013,
              22.795791816000133
            ],
            [
              89.56450060500015,
              22.79587373700008
            ],
            [
              89.56450362700019,
              22.795902235000085
            ],
            [
              89.56453073200004,
              22.79615791900011
            ],
            [
              89.5645433470001,
              22.796482706000063
            ],
            [
              89.56454232500005,
              22.796557461000134
            ],
            [
              89.5644809210001,
              22.796581235000133
            ],
            [
              89.56436662700008,
              22.796625487000085
            ],
            [
              89.56414669600008,
              22.796710637000047
            ],
            [
              89.5639292640002,
              22.796818446000145
            ],
            [
              89.5637915920002,
              22.796839807000083
            ],
            [
              89.56362890500014,
              22.79686504900019
            ],
            [
              89.56341147200015,
              22.796972855000035
            ],
            [
              89.56314396100015,
              22.797125693999988
            ],
            [
              89.56274343200016,
              22.79717202300003
            ],
            [
              89.56247621600005,
              22.797232266000094
            ],
            [
              89.56244638600009,
              22.79729016800013
            ],
            [
              89.56232517600017,
              22.79752543900014
            ],
            [
              89.5622129690002,
              22.79780717400007
            ],
            [
              89.56215384800004,
              22.79795561600008
            ],
            [
              89.56214009300004,
              22.79799015600014
            ],
            [
              89.5620677460002,
              22.7980812510001
            ],
            [
              89.56197170900015,
              22.798202174000096
            ],
            [
              89.56195575300006,
              22.798222264000117
            ],
            [
              89.56171503300004,
              22.79835978800014
            ],
            [
              89.56168823900015,
              22.798375095000097
            ],
            [
              89.56133714600014,
              22.798575127000106
            ],
            [
              89.5609367450001,
              22.798745433000192
            ],
            [
              89.56063242699997,
              22.798814831000072
            ],
            [
              89.56060226200009,
              22.798821524000175
            ],
            [
              89.56056564300013,
              22.798813258
            ],
            [
              89.56050729300011,
              22.798835049000104
            ],
            [
              89.5604595760002,
              22.798852868999973
            ],
            [
              89.56028931900005,
              22.798888251000108
            ],
            [
              89.56025838400006,
              22.79888816500005
            ],
            [
              89.56023861400018,
              22.798858179999968
            ],
            [
              89.56006632100008,
              22.798888813000133
            ],
            [
              89.56004689100007,
              22.79884717800013
            ],
            [
              89.56005929800011,
              22.79882099300005
            ],
            [
              89.56007872700019,
              22.798782510000137
            ],
            [
              89.56011227800002,
              22.798716324000168
            ],
            [
              89.56011718400009,
              22.798586370000066
            ],
            [
              89.56012231400018,
              22.79845045000019
            ],
            [
              89.56008526300019,
              22.798255139000105
            ],
            [
              89.56002358300009,
              22.798114563000183
            ],
            [
              89.55999229500014,
              22.79804325400005
            ],
            [
              89.55998049100003,
              22.79801635200016
            ],
            [
              89.55989916200019,
              22.79790004900002
            ],
            [
              89.55985065300013,
              22.797873353000114
            ],
            [
              89.55980352600005,
              22.797847418
            ],
            [
              89.5597749310001,
              22.79783266800007
            ],
            [
              89.55974428800016,
              22.79782079100005
            ],
            [
              89.55962231100011,
              22.797776760000033
            ],
            [
              89.55958034500014,
              22.797755892999987
            ],
            [
              89.55952212600005,
              22.79772694500008
            ],
            [
              89.55949798900008,
              22.797714944000063
            ],
            [
              89.5594292510001,
              22.797657242000128
            ],
            [
              89.5594015920002,
              22.79762022400007
            ],
            [
              89.55935979500003,
              22.797564287000114
            ],
            [
              89.55923086400014,
              22.797391733000097
            ],
            [
              89.55919712000019,
              22.79733742400009
            ],
            [
              89.5589869060002,
              22.7969971710001
            ],
            [
              89.55901161300017,
              22.7969810460001
            ],
            [
              89.5591009760002,
              22.796959218999973
            ],
            [
              89.55914971600015,
              22.796931964000123
            ],
            [
              89.5591868790001,
              22.796909922999987
            ],
            [
              89.55924246300009,
              22.797005678
            ],
            [
              89.55932035700016,
              22.79708893700007
            ],
            [
              89.55938974900005,
              22.79711268300008
            ],
            [
              89.55944394300008,
              22.79710458400001
            ],
            [
              89.55967238800008,
              22.79700569300013
            ],
            [
              89.5599265370002,
              22.796918480999977
            ],
            [
              89.56010999,
              22.79685940600018
            ],
            [
              89.56016702100004,
              22.796817997
            ],
            [
              89.56024524400004,
              22.79675668100009
            ],
            [
              89.56027965200019,
              22.796726712
            ],
            [
              89.56034535100002,
              22.796667017000175
            ],
            [
              89.56036242800013,
              22.796646705000057
            ],
            [
              89.56043515300018,
              22.79656020800013
            ],
            [
              89.56058209200017,
              22.796560613000054
            ],
            [
              89.56089143700012,
              22.79656146500014
            ],
            [
              89.56093017300014,
              22.796540061000144
            ],
            [
              89.56093816000015,
              22.796461208000096
            ],
            [
              89.56090418200017,
              22.796357309000086
            ],
            [
              89.56056967700016,
              22.795334423000043
            ],
            [
              89.56053319100016,
              22.795222851
            ],
            [
              89.56050161900004,
              22.79512630900001
            ],
            [
              89.56054879400011,
              22.794907539000064
            ],
            [
              89.56054779900012,
              22.79487823700009
            ],
            [
              89.56054585000004,
              22.794820889000164
            ],
            [
              89.56053957700016,
              22.794767093000132
            ],
            [
              89.56051835100016,
              22.79472196800009
            ],
            [
              89.56050202600011,
              22.79469584200001
            ],
            [
              89.5605207800001,
              22.79467614900011
            ],
            [
              89.56071400200011,
              22.79463611600005
            ],
            [
              89.56076763200008,
              22.794597610999972
            ],
            [
              89.56078818999998,
              22.794506404000174
            ],
            [
              89.56084036100015,
              22.794421352000086
            ],
            [
              89.56070287500012,
              22.794086354000058
            ],
            [
              89.56062655900007,
              22.793899369000144
            ],
            [
              89.56056859300003,
              22.793757340000184
            ],
            [
              89.56051695700006,
              22.793582445000027
            ],
            [
              89.56049727499999,
              22.7935157820001
            ],
            [
              89.56047508300014,
              22.793471412000144
            ],
            [
              89.56008135900004,
              22.79354049
            ],
            [
              89.55959820200013,
              22.793720038000117
            ],
            [
              89.55935354100006,
              22.79381095700012
            ],
            [
              89.55878791400005,
              22.794146403000127
            ],
            [
              89.55874466600005,
              22.794146996999984
            ],
            [
              89.55837675900005,
              22.794152049000047
            ],
            [
              89.55838847500013,
              22.79412182600015
            ],
            [
              89.55838932100005,
              22.79392902799998
            ],
            [
              89.55836934000007,
              22.793848874000105
            ],
            [
              89.55833276400006,
              22.79379246300016
            ],
            [
              89.55826244700017,
              22.793726054000103
            ],
            [
              89.55813026800018,
              22.793654600000025
            ],
            [
              89.55804415000017,
              22.793580433000045
            ],
            [
              89.55802667500006,
              22.793559662000177
            ],
            [
              89.55800418200005,
              22.79349984800001
            ],
            [
              89.5579928950001,
              22.793392070000152
            ],
            [
              89.55799095100014,
              22.79323073000012
            ],
            [
              89.55780147800016,
              22.793080237000027
            ],
            [
              89.55764069300011,
              22.792836146000184
            ],
            [
              89.5573378850001,
              22.79280343200014
            ],
            [
              89.5571816750001,
              22.792790513000057
            ],
            [
              89.55696267800005,
              22.792754053000067
            ],
            [
              89.55658403300004,
              22.792789189000132
            ],
            [
              89.55643273100014,
              22.792992413000036
            ],
            [
              89.55628193000018,
              22.793208799000183
            ],
            [
              89.55616422000003,
              22.793454635000103
            ],
            [
              89.55594633400011,
              22.793702449000023
            ],
            [
              89.55572915300019,
              22.793826055000125
            ],
            [
              89.55569597100009,
              22.79383287100012
            ],
            [
              89.55559582400008,
              22.79385344400015
            ],
            [
              89.55551222899999,
              22.79387061700004
            ],
            [
              89.55544712200003,
              22.79389913
            ],
            [
              89.55540646800006,
              22.793916934000094
            ],
            [
              89.55519452300018,
              22.79400975300001
            ],
            [
              89.55487742300005,
              22.794056293000153
            ],
            [
              89.55448930300008,
              22.794133940999984
            ],
            [
              89.5543430420002,
              22.794163202
            ],
            [
              89.5539923030002,
              22.794254815000045
            ],
            [
              89.55392774600011,
              22.794293444000118
            ],
            [
              89.55380501500014,
              22.794366879999984
            ],
            [
              89.55356136800015,
              22.794534223000085
            ],
            [
              89.55337682300006,
              22.794660973000077
            ],
            [
              89.55334250300007,
              22.79469978500009
            ],
            [
              89.55320605400004,
              22.794854096000165
            ],
            [
              89.55287533900014,
              22.79537419100012
            ],
            [
              89.55263559000014,
              22.795843167000044
            ],
            [
              89.55247900900002,
              22.796019939000075
            ],
            [
              89.55238788800006,
              22.796122808000177
            ],
            [
              89.55233427300016,
              22.79618333500008
            ],
            [
              89.55208298500014,
              22.796352029000047
            ],
            [
              89.55183276400015,
              22.796382921000088
            ],
            [
              89.55177352100009,
              22.796396790000074
            ],
            [
              89.55172545300002,
              22.796408043000042
            ],
            [
              89.55163257400011,
              22.796429786000147
            ],
            [
              89.55157647600004,
              22.79643510700015
            ],
            [
              89.55139915200016,
              22.79645192600003
            ],
            [
              89.55133196700018,
              22.796458299000108
            ],
            [
              89.55111648400003,
              22.796463880000147
            ],
            [
              89.55096497900018,
              22.79646780200011
            ],
            [
              89.55091936600007,
              22.796468984
            ],
            [
              89.5507814360002,
              22.79647255600014
            ],
            [
              89.55036431300005,
              22.79647138400003
            ],
            [
              89.5500805480001,
              22.796470582000154
            ],
            [
              89.54971305300018,
              22.796562139000173
            ],
            [
              89.54931247000013,
              22.796624239000153
            ],
            [
              89.54927377900003,
              22.796639145000142
            ],
            [
              89.5491125960001,
              22.796701238000026
            ],
            [
              89.54879451400012,
              22.79682377200004
            ],
            [
              89.548209574,
              22.797115702000042
            ],
            [
              89.54809284200013,
              22.7971515050001
            ],
            [
              89.54801088300019,
              22.797176739000065
            ],
            [
              89.54791376600008,
              22.797206639000024
            ],
            [
              89.54775849400016,
              22.797254443999975
            ],
            [
              89.54739099900007,
              22.797345995
            ],
            [
              89.54735528200001,
              22.79735654900003
            ],
            [
              89.54714303600008,
              22.797419261000016
            ],
            [
              89.54686684000012,
              22.797500869000032
            ],
            [
              89.54682321000007,
              22.79751376100006
            ],
            [
              89.54655583000016,
              22.79762140300005
            ],
            [
              89.54636452100004,
              22.797606914000028
            ],
            [
              89.54612206500002,
              22.797588551
            ],
            [
              89.54588878700008,
              22.79751110400008
            ],
            [
              89.54558863600005,
              22.797401845000024
            ],
            [
              89.54551434700005,
              22.797371435000173
            ],
            [
              89.54532197200018,
              22.79729268500006
            ],
            [
              89.54500573800016,
              22.79707497800007
            ],
            [
              89.54479984400018,
              22.796912917000043
            ],
            [
              89.54467006900018,
              22.796833166000113
            ],
            [
              89.5445000410001,
              22.796727607000037
            ],
            [
              89.54428979900013,
              22.79656254300005
            ],
            [
              89.5439232510002,
              22.796453101000054
            ],
            [
              89.54367269200014,
              22.79654497000007
            ],
            [
              89.5435218180001,
              22.796684557
            ],
            [
              89.54339539600011,
              22.79688646200009
            ],
            [
              89.54335899400013,
              22.796944599000028
            ],
            [
              89.54313954500003,
              22.797295071000065
            ],
            [
              89.5430007710001,
              22.79751670100012
            ],
            [
              89.54294740199998,
              22.797600147000082
            ],
            [
              89.54286657700015,
              22.797694429000046
            ],
            [
              89.54269589000018,
              22.797893648000127
            ],
            [
              89.5423820970002,
              22.798259891000157
            ],
            [
              89.54224860700003,
              22.798378826000146
            ],
            [
              89.54184645300012,
              22.798737127000038
            ],
            [
              89.5412739530002,
              22.799202622000053
            ],
            [
              89.54112684500012,
              22.799322234000044
            ],
            [
              89.54108014900015,
              22.799371769000118
            ],
            [
              89.54067461100016,
              22.79980196500003
            ],
            [
              89.5403467770002,
              22.800591448000034
            ],
            [
              89.54032160400016,
              22.800652351000053
            ],
            [
              89.540307971,
              22.800724457000115
            ],
            [
              89.54029762800013,
              22.800779157000022
            ],
            [
              89.54028077900006,
              22.800868269000148
            ],
            [
              89.54021981400012,
              22.80119070700016
            ],
            [
              89.54010049599998,
              22.801821766000046
            ],
            [
              89.54004975200007,
              22.80209014600007
            ],
            [
              89.54001730800002,
              22.802316055
            ],
            [
              89.53991078600012,
              22.80305778100012
            ],
            [
              89.53987889900003,
              22.803279813000188
            ],
            [
              89.53972702700008,
              22.803986439000028
            ],
            [
              89.53927274100016,
              22.804888278000135
            ],
            [
              89.53886980200014,
              22.80555107200007
            ],
            [
              89.53845139900005,
              22.805922492000093
            ],
            [
              89.53808999500018,
              22.806094656000084
            ],
            [
              89.53792835300015,
              22.806171657000164
            ],
            [
              89.5376899370001,
              22.806532304000086
            ],
            [
              89.53753627500004,
              22.806861578000166
            ],
            [
              89.53755010100008,
              22.807726571000046
            ],
            [
              89.53757156300009,
              22.808126641000115
            ],
            [
              89.53759020800015,
              22.808474205000095
            ],
            [
              89.53755775100018,
              22.808617186000106
            ],
            [
              89.53735644000017,
              22.808631492000018
            ],
            [
              89.53699766900002,
              22.808622182000136
            ],
            [
              89.53665320000005,
              22.80854166000006
            ],
            [
              89.5361661340001,
              22.808427803000143
            ],
            [
              89.53595793100015,
              22.8077767850001
            ],
            [
              89.53638278800008,
              22.806671426000037
            ],
            [
              89.53659517000006,
              22.806087127000126
            ],
            [
              89.53634420000009,
              22.805566972000122
            ],
            [
              89.53610062500007,
              22.80511233100009
            ],
            [
              89.53541178000017,
              22.80479090300014
            ],
            [
              89.53536522400009,
              22.804769179000118
            ],
            [
              89.53510091700014,
              22.804686438000147
            ],
            [
              89.5338465530001,
              22.804762144000165
            ],
            [
              89.53366553600011,
              22.804773069000078
            ],
            [
              89.53201534599998,
              22.804844718000084
            ],
            [
              89.5310666370001,
              22.804841931000112
            ],
            [
              89.53082662600008,
              22.804863470000043
            ],
            [
              89.53044771600014,
              22.804897472000164
            ],
            [
              89.53042286400006,
              22.80514753400007
            ],
            [
              89.53066868400015,
              22.805607207000037
            ],
            [
              89.53093596000002,
              22.806129005
            ],
            [
              89.5302036870001,
              22.807028226000057
            ],
            [
              89.52946586100018,
              22.807482237999977
            ],
            [
              89.52897463200014,
              22.807593705000045
            ],
            [
              89.52688816100004,
              22.807700446000126
            ],
            [
              89.52685302700019,
              22.80772206400013
            ],
            [
              89.526222029,
              22.80811032200006
            ],
            [
              89.52578140000008,
              22.808381442000154
            ],
            [
              89.52516764500018,
              22.80843607300011
            ],
            [
              89.52436879500016,
              22.80883116300015
            ],
            [
              89.52351706300004,
              22.809166288000085
            ],
            [
              89.52347767200007,
              22.80916025900018
            ],
            [
              89.52339248300018,
              22.809134532000087
            ],
            [
              89.52222616700016,
              22.808782295000185
            ],
            [
              89.52208872200003,
              22.80874078500011
            ],
            [
              89.52160842700005,
              22.80859481100009
            ],
            [
              89.52088358999998,
              22.808371314
            ],
            [
              89.52042648100013,
              22.80821411100004
            ],
            [
              89.52000284700006,
              22.80814960300006
            ],
            [
              89.51962978900008,
              22.808164289000047
            ],
            [
              89.51953047400013,
              22.808177538000166
            ],
            [
              89.51939247700017,
              22.80819519
            ],
            [
              89.51915527600016,
              22.808194473000015
            ],
            [
              89.51884986800013,
              22.80819355400007
            ],
            [
              89.51849397000018,
              22.80817667000008
            ],
            [
              89.51841004300007,
              22.807970906000094
            ],
            [
              89.51829206400015,
              22.807751486000086
            ],
            [
              89.51778406100016,
              22.807607677000135
            ],
            [
              89.51737786300009,
              22.807434812000167
            ],
            [
              89.51708945900003,
              22.80744748800015
            ],
            [
              89.51666527300011,
              22.807541052000033
            ],
            [
              89.51615671500014,
              22.80755532100011
            ],
            [
              89.51586921800009,
              22.807398619000082
            ],
            [
              89.51559864200004,
              22.807192289000056
            ],
            [
              89.51510711000009,
              22.807127559000037
            ],
            [
              89.51504501699998,
              22.80712323100005
            ],
            [
              89.51486997000018,
              22.80711103100009
            ],
            [
              89.51464946000004,
              22.80712616599999
            ],
            [
              89.51451298800009,
              22.807315453000115
            ],
            [
              89.51441023100006,
              22.807613245000084
            ],
            [
              89.51429083800019,
              22.807879365000076
            ],
            [
              89.51408721200005,
              22.807941981000113
            ],
            [
              89.51376506100013,
              22.807940998000106
            ],
            [
              89.51351130400019,
              22.807800206000024
            ],
            [
              89.51322633100017,
              22.80775350300013
            ],
            [
              89.51301982900014,
              22.80771966000009
            ],
            [
              89.51262996800011,
              22.807750088000148
            ],
            [
              89.5124099090001,
              22.807638755000085
            ],
            [
              89.51246143300011,
              22.807449212999984
            ],
            [
              89.51254736600004,
              22.80708813800004
            ],
            [
              89.51266801600008,
              22.806555533000164
            ],
            [
              89.51282173600015,
              22.80622628100008
            ],
            [
              89.51261889900019,
              22.80606757800018
            ],
            [
              89.51251798100014,
              22.805848208000157
            ],
            [
              89.5123153130001,
              22.80564207800012
            ],
            [
              89.51219711700008,
              22.80548588700009
            ],
            [
              89.51182428900012,
              22.805437320000067
            ],
            [
              89.51153691900015,
              22.80524673900004
            ],
            [
              89.51128282100012,
              22.805119494000053
            ],
            [
              89.51094499000016,
              22.804820354000185
            ],
            [
              89.51062441800008,
              22.804378988999986
            ],
            [
              89.51045633500013,
              22.803953902000103
            ],
            [
              89.51047479100004,
              22.803561004000073
            ],
            [
              89.51040778700019,
              22.803310121000038
            ],
            [
              89.51022178200014,
              22.8032146970001
            ],
            [
              89.50989907400009,
              22.803371793000167
            ],
            [
              89.50978851200017,
              22.803466303000164
            ],
            [
              89.50964404900003,
              22.803590071000087
            ],
            [
              89.50940570100005,
              22.8038264650001
            ],
            [
              89.50906664200016,
              22.803872845000058
            ],
            [
              89.5086764290001,
              22.80391906900013
            ],
            [
              89.5081507270001,
              22.803962616000092
            ],
            [
              89.50788086400007,
              22.803647871000067
            ],
            [
              89.50796652600008,
              22.803365840000083
            ],
            [
              89.50779845200003,
              22.802940751
            ],
            [
              89.50751052599998,
              22.80290824300016
            ],
            [
              89.50715464400002,
              22.802891336000073
            ],
            [
              89.50708888700018,
              22.802872251000053
            ],
            [
              89.50693442700003,
              22.80282742200012
            ],
            [
              89.50666324900016,
              22.802794966000135
            ],
            [
              89.50660739700015,
              22.80283378600012
            ],
            [
              89.50651506300017,
              22.802897961000042
            ],
            [
              89.50646721700008,
              22.802931217000094
            ],
            [
              89.50649240100006,
              22.80314222300018
            ],
            [
              89.50653862900015,
              22.803203223000082
            ],
            [
              89.50669483500008,
              22.803409337000062
            ],
            [
              89.50688058100019,
              22.803660588000128
            ],
            [
              89.5069130220001,
              22.804037836000077
            ],
            [
              89.50675996300015,
              22.80417963900004
            ],
            [
              89.50672543400003,
              22.804382785000143
            ],
            [
              89.50692831700007,
              22.80452568700008
            ],
            [
              89.50694441100012,
              22.80479222600019
            ],
            [
              89.50677362500005,
              22.805121417000123
            ],
            [
              89.50695850200015,
              22.80553075199998
            ],
            [
              89.50712685600007,
              22.805876798000043
            ],
            [
              89.50682062200013,
              22.806192023999984
            ],
            [
              89.50683646599998,
              22.80644275100002
            ],
            [
              89.50712312200011,
              22.80691563500011
            ],
            [
              89.5073257310001,
              22.80713532200008
            ],
            [
              89.50727414300007,
              22.807340673000112
            ],
            [
              89.50715437700012,
              22.807622597000147
            ],
            [
              89.50739103600006,
              22.80785819800019
            ],
            [
              89.50733877400017,
              22.808250989999976
            ],
            [
              89.50752421300018,
              22.808504499000094
            ],
            [
              89.50747263200009,
              22.808707592000133
            ],
            [
              89.5072506510001,
              22.809131476
            ],
            [
              89.50699475700003,
              22.80958687500015
            ],
            [
              89.50694277700018,
              22.80990062400008
            ],
            [
              89.506941762,
              22.810182917000077
            ],
            [
              89.50663636900003,
              22.810261011000136
            ],
            [
              89.50631477200017,
              22.81010419000006
            ],
            [
              89.50607751900003,
              22.810117007000144
            ],
            [
              89.50568723100002,
              22.81017903200018
            ],
            [
              89.50545036300014,
              22.81008570400013
            ],
            [
              89.50506013800009,
              22.810129657000118
            ]
          ]
        ]
      }
    }
  ]
}