{
  "type": "FeatureCollection",
  "features": [
    {
      "type": "Feature",
      "properties": {
        "adm3_name": "Chitalmari",
        "adm3_name1": null,
        "adm3_name2": null,
        "adm3_name3": null,
        "adm3_pcode": "BD40010014",
        "adm2_name": "Bagerhat",
        "adm2_name1": null,
        "adm2_name2": null,
        "adm2_name3": null,
        "adm2_pcode": "BD4001",
        "adm1_name": "Khulna",
        "adm1_name1": null,
        "adm1_name2": null,
        "adm1_name3": null,
        "adm1_pcode": "BD40",
        "adm0_name": "Bangladesh",
        "adm0_name1": null,
        "adm0_name2": null,
        "adm0_name3": null,
        "adm0_pcode": "BD",
        "valid_on": "2023-05-21",
        "valid_to": null,
        "area_sqkm": 194.33534039,
        "version": "v03",
        "lang": "en",
        "lang1": null,
        "lang2": null,
        "lang3": null,
        "adm3_ref_name": null,
        "center_lat": 22.81113978,
        "center_lon": 89.86525389
      },
      "geometry": {
        "type": "Polygon",
        "coordinates": [
          [
            [
              89.8376726250001,
              22.882309484000075
            ],
            [
              89.83764548800008,
              22.882582721000063
            ],
            [
              89.83759021400016,
              22.882854224000027
            ],
            [
              89.83756458400018,
              22.88298011600017
            ],
            [
              89.83745704400013,
              22.88322842800011
            ],
            [
              89.83721572300016,
              22.883501448000118
            ],
            [
              89.83713493600015,
              22.883799470999975
            ],
            [
              89.83710761999998,
              22.884221764000017
            ],
            [
              89.83697306000005,
              22.88464394200014
            ],
            [
              89.83691902200019,
              22.88499167800012
            ],
            [
              89.8368114500002,
              22.885264834
            ],
            [
              89.83678440400007,
              22.885461286000123
            ],
            [
              89.83678410700014,
              22.88570970700016
            ],
            [
              89.83678383900013,
              22.88593328900015
            ],
            [
              89.83675697700005,
              22.88623136600006
            ],
            [
              89.83662267900013,
              22.88642996600015
            ],
            [
              89.83616181700017,
              22.88688229500019
            ],
            [
              89.83554941700015,
              22.88759644800018
            ],
            [
              89.83520060000012,
              22.88806809000016
            ],
            [
              89.83498565300005,
              22.88844050000006
            ],
            [
              89.83487819499999,
              22.88861428700011
            ],
            [
              89.83471705200009,
              22.88883769800003
            ],
            [
              89.8345831470001,
              22.88896176999998
            ],
            [
              89.8344490250002,
              22.889011313000083
            ],
            [
              89.8340203350001,
              22.88901086700008
            ],
            [
              89.83394697700004,
              22.888952072999984
            ],
            [
              89.83380605100012,
              22.888836749000063
            ],
            [
              89.83369904500017,
              22.888637898000013
            ],
            [
              89.83359258400014,
              22.888240309000082
            ],
            [
              89.83337863400004,
              22.887792925000042
            ],
            [
              89.83316496200013,
              22.887370386000157
            ],
            [
              89.83289726900006,
              22.88702231100001
            ],
            [
              89.83254953800014,
              22.886599627000066
            ],
            [
              89.83233538100012,
              22.88632613699997
            ],
            [
              89.83220153700006,
              22.88615210000006
            ],
            [
              89.8320948400002,
              22.8859532460001
            ],
            [
              89.83204170700014,
              22.885555716000113
            ],
            [
              89.83180125700017,
              22.884862139000177
            ],
            [
              89.83173674500017,
              22.884450395000044
            ],
            [
              89.83164164599998,
              22.883843433000095
            ],
            [
              89.83126662500013,
              22.883818195000117
            ],
            [
              89.83086485600006,
              22.883743240000058
            ],
            [
              89.83046302500009,
              22.88371797100018
            ],
            [
              89.83011463600013,
              22.883593388000065
            ],
            [
              89.82971311500006,
              22.88331969300009
            ],
            [
              89.82947224600008,
              22.883220067000025
            ],
            [
              89.82907026800007,
              22.883070582000187
            ],
            [
              89.82880255600008,
              22.882995766000192
            ],
            [
              89.82861503500015,
              22.8828713530001
            ],
            [
              89.8285085350002,
              22.88252344800003
            ],
            [
              89.82845528600018,
              22.88222528100016
            ],
            [
              89.8283212950002,
              22.882175452000183
            ],
            [
              89.82783913100008,
              22.88207556300017
            ],
            [
              89.82515961200016,
              22.88204779600011
            ],
            [
              89.82312553700012,
              22.88219441700005
            ],
            [
              89.82272235400012,
              22.881277247000014
            ],
            [
              89.82270820999997,
              22.881143988000133
            ],
            [
              89.82269586800004,
              22.881028793999974
            ],
            [
              89.82266941100005,
              22.88075550100001
            ],
            [
              89.82266955400019,
              22.880645368000046
            ],
            [
              89.8226696370001,
              22.8805816040001
            ],
            [
              89.82253574700019,
              22.880457244000127
            ],
            [
              89.82237536800017,
              22.88008443000018
            ],
            [
              89.82221503800002,
              22.879910355999982
            ],
            [
              89.82208105100005,
              22.879860520000136
            ],
            [
              89.82186656700009,
              22.879860282000095
            ],
            [
              89.82154515100012,
              22.879859920000115
            ],
            [
              89.82076800100015,
              22.880057786000123
            ],
            [
              89.8200710390002,
              22.88020605200012
            ],
            [
              89.8192935140001,
              22.880453594000187
            ],
            [
              89.81910608000004,
              22.880503065000084
            ],
            [
              89.81883794300012,
              22.880527600999983
            ],
            [
              89.8183555920001,
              22.880576734000044
            ],
            [
              89.81800729500014,
              22.880626022000058
            ],
            [
              89.81790002100013,
              22.88065074400015
            ],
            [
              89.81784570400004,
              22.881172366000158
            ],
            [
              89.81779198400017,
              22.88124683100017
            ],
            [
              89.81722903300005,
              22.881420082000034
            ],
            [
              89.81677342600011,
              22.88151666900012
            ],
            [
              89.81642502700015,
              22.88164047800018
            ],
            [
              89.81629080800013,
              22.881764533000023
            ],
            [
              89.81600319700004,
              22.88212735200011
            ],
            [
              89.81608808400006,
              22.881400701000132
            ],
            [
              89.81613423400017,
              22.881064252999977
            ],
            [
              89.81613475200004,
              22.880682587000024
            ],
            [
              89.81627169400014,
              22.88034624200003
            ],
            [
              89.8163180750002,
              22.879840419000175
            ],
            [
              89.81640973400005,
              22.87941820900005
            ],
            [
              89.81663853100002,
              22.87874095400008
            ],
            [
              89.81691283000009,
              22.877982451000094
            ],
            [
              89.81723259700016,
              22.877391121000187
            ],
            [
              89.81759851400017,
              22.87646334500016
            ],
            [
              89.8178272940001,
              22.875788347000082
            ],
            [
              89.81805562900007,
              22.875449851000155
            ],
            [
              89.8183751590002,
              22.875027898000155
            ],
            [
              89.81860296100007,
              22.874858778000032
            ],
            [
              89.81887692900017,
              22.874563243000182
            ],
            [
              89.81915059000016,
              22.87426996100004
            ],
            [
              89.8193788600002,
              22.87397437000004
            ],
            [
              89.8195278500001,
              22.8737534870001
            ],
            [
              89.81960718300019,
              22.87363587200008
            ],
            [
              89.81974766399998,
              22.87337631700018
            ],
            [
              89.81951738000015,
              22.873353473000066
            ],
            [
              89.81943393300008,
              22.873345372000188
            ],
            [
              89.81874062700007,
              22.87327806200011
            ],
            [
              89.81815113300013,
              22.873277388000076
            ],
            [
              89.81790978600014,
              22.873326798999983
            ],
            [
              89.81780221900004,
              22.873575098
            ],
            [
              89.81769512200015,
              22.873699187000057
            ],
            [
              89.817346569,
              22.873723629000153
            ],
            [
              89.81718608700004,
              22.87367376200018
            ],
            [
              89.81691793000016,
              22.873723136000024
            ],
            [
              89.81681049700006,
              22.873869810000087
            ],
            [
              89.81656951900004,
              22.873869528000057
            ],
            [
              89.81614097500011,
              22.873796767000158
            ],
            [
              89.81504194600018,
              22.87414102600013
            ],
            [
              89.81442529900005,
              22.87438873000019
            ],
            [
              89.81359438200013,
              22.874710707000077
            ],
            [
              89.81303138500004,
              22.87493362800018
            ],
            [
              89.81278986300009,
              22.875107242000126
            ],
            [
              89.81257507700008,
              22.875554149000095
            ],
            [
              89.81257477200018,
              22.875777727000127
            ],
            [
              89.81246726200015,
              22.875976341000182
            ],
            [
              89.81230623300007,
              22.876100362000045
            ],
            [
              89.81182362400017,
              22.87634821300003
            ],
            [
              89.81147526700005,
              22.876447172000155
            ],
            [
              89.81096598300019,
              22.87659561999999
            ],
            [
              89.81042985300007,
              22.876768876000142
            ],
            [
              89.80989382700011,
              22.876867606000133
            ],
            [
              89.80927726400017,
              22.877040765000174
            ],
            [
              89.80839200100019,
              22.877209080000114
            ],
            [
              89.80831275900005,
              22.877014762000044
            ],
            [
              89.80809855900009,
              22.876815766000107
            ],
            [
              89.80788459800004,
              22.87666645400003
            ],
            [
              89.8076971750001,
              22.8764923330001
            ],
            [
              89.80759021400002,
              22.876293465000117
            ],
            [
              89.80753680700013,
              22.87614434600016
            ],
            [
              89.80753698000007,
              22.87602013500009
            ],
            [
              89.80753729600008,
              22.875796554000146
            ],
            [
              89.807537539,
              22.875622660000147
            ],
            [
              89.80759052300016,
              22.875510837000036
            ],
            [
              89.80772576600003,
              22.875225412000134
            ],
            [
              89.80791399200018,
              22.874828162000142
            ],
            [
              89.80791420100013,
              22.874679108000066
            ],
            [
              89.8079144830001,
              22.874480369000025
            ],
            [
              89.80791476000007,
              22.874281633000123
            ],
            [
              89.80786152700017,
              22.874008303000096
            ],
            [
              89.80740694800016,
              22.8733889560001
            ],
            [
              89.80705930900007,
              22.87276747700008
            ],
            [
              89.80684570300014,
              22.872369743000036
            ],
            [
              89.80663193600014,
              22.871872637000138
            ],
            [
              89.80644491000015,
              22.87142524800015
            ],
            [
              89.80633840400003,
              22.871127010000123
            ],
            [
              89.80633882500013,
              22.870828903000074
            ],
            [
              89.80633924800009,
              22.87053079700013
            ],
            [
              89.80633974100004,
              22.870183005000115
            ],
            [
              89.80639391600016,
              22.869787853000105
            ],
            [
              89.8064744940001,
              22.869465003000016
            ],
            [
              89.80658229200014,
              22.869067656000084
            ],
            [
              89.80668984100004,
              22.868844207
            ],
            [
              89.80682423300016,
              22.86859594599997
            ],
            [
              89.80714583400004,
              22.868447283000023
            ],
            [
              89.8076551260001,
              22.86827400599998
            ],
            [
              89.80800367600011,
              22.868026000999976
            ],
            [
              89.80835256200004,
              22.867753155000173
            ],
            [
              89.80872819400003,
              22.867306447000146
            ],
            [
              89.80905007000001,
              22.86695904300018
            ],
            [
              89.80942617600004,
              22.866388120000067
            ],
            [
              89.80953344600005,
              22.86614208200018
            ],
            [
              89.80985558400005,
              22.865819518000137
            ],
            [
              89.80998986500009,
              22.865645782000115
            ],
            [
              89.81033816000019,
              22.865571673000147
            ],
            [
              89.81079354700012,
              22.865597056000183
            ],
            [
              89.81151697700011,
              22.865647601000035
            ],
            [
              89.81229347900006,
              22.865872099000114
            ],
            [
              89.81274862900005,
              22.866071373000068
            ],
            [
              89.81325746900006,
              22.866218766000088
            ],
            [
              89.81349840000019,
              22.866467474000103
            ],
            [
              89.81392681200015,
              22.86661702900011
            ],
            [
              89.81422139300008,
              22.86661737100013
            ],
            [
              89.81443585300008,
              22.866617625000174
            ],
            [
              89.81462391500014,
              22.866319734000115
            ],
            [
              89.81524098400013,
              22.865502916000025
            ],
            [
              89.81572448800017,
              22.864559466000117
            ],
            [
              89.81628854000013,
              22.863516742
            ],
            [
              89.81693367300011,
              22.862428940000086
            ],
            [
              89.81693404900017,
              22.862148899999966
            ],
            [
              89.81693438600013,
              22.861895958000048
            ],
            [
              89.81698025300005,
              22.86176728300012
            ],
            [
              89.81711747800017,
              22.861430940000105
            ],
            [
              89.81729445400003,
              22.861144343000092
            ],
            [
              89.81816717300006,
              22.86008162400003
            ],
            [
              89.81844080900015,
              22.859786087000145
            ],
            [
              89.81862341800007,
              22.859447538000097
            ],
            [
              89.81880622000006,
              22.859194806000176
            ],
            [
              89.8189431360002,
              22.858856202000027
            ],
            [
              89.81903479900006,
              22.85864627700016
            ],
            [
              89.81917171700002,
              22.858307671000034
            ],
            [
              89.81921785300011,
              22.85797122100007
            ],
            [
              89.81924642500019,
              22.85793421800014
            ],
            [
              89.81944609400011,
              22.85767563400009
            ],
            [
              89.8195827830001,
              22.85750640800012
            ],
            [
              89.81981091100016,
              22.85729663500007
            ],
            [
              89.81999365400009,
              22.857084553000107
            ],
            [
              89.82013045400004,
              22.856831768000063
            ],
            [
              89.82022180900003,
              22.856619583000167
            ],
            [
              89.82026783700013,
              22.85636669500002
            ],
            [
              89.82031539700017,
              22.85586990100012
            ],
            [
              89.82043268900009,
              22.855856483000082
            ],
            [
              89.82060266200006,
              22.855856674
            ],
            [
              89.8207829910001,
              22.85585687700012
            ],
            [
              89.82104343300017,
              22.855857170000036
            ],
            [
              89.82118356300003,
              22.855848294000054
            ],
            [
              89.82140410099998,
              22.85584854300015
            ],
            [
              89.82160422800013,
              22.855848766000065
            ],
            [
              89.82177447999999,
              22.855867023000087
            ],
            [
              89.82191489500019,
              22.855876216000013
            ],
            [
              89.8221150220001,
              22.85587644000003
            ],
            [
              89.82233555800008,
              22.8558766860001
            ],
            [
              89.82252565900006,
              22.85585883100009
            ],
            [
              89.82271602800012,
              22.85586807500016
            ],
            [
              89.82287625100014,
              22.85586825500019
            ],
            [
              89.82332697600003,
              22.85594328300016
            ],
            [
              89.82358711300014,
              22.85594357000008
            ],
            [
              89.82366722600011,
              22.855943658000115
            ],
            [
              89.8237175110001,
              22.85592564800004
            ],
            [
              89.8237574640001,
              22.855887298000084
            ],
            [
              89.82378769300004,
              22.855830873000116
            ],
            [
              89.82379772400009,
              22.855803933000175
            ],
            [
              89.8238079250001,
              22.855729267000072
            ],
            [
              89.82382778500016,
              22.855684119000045
            ],
            [
              89.8238379460002,
              22.85560057300006
            ],
            [
              89.82387837000016,
              22.85543349599999
            ],
            [
              89.82393860200017,
              22.85525740999998
            ],
            [
              89.82395885100016,
              22.85514451299997
            ],
            [
              89.82413051000009,
              22.854069706000132
            ],
            [
              89.8242412670001,
              22.85368815700008
            ],
            [
              89.82432174899998,
              22.853401430000076
            ],
            [
              89.82434180000013,
              22.85320497300006
            ],
            [
              89.82436295900004,
              22.85317061799998
            ],
            [
              89.82443214900007,
              22.853058278000105
            ],
            [
              89.82451241600006,
              22.852936408000176
            ],
            [
              89.82461281100012,
              22.852796501000057
            ],
            [
              89.82471314400016,
              22.85270401500003
            ],
            [
              89.82480338700009,
              22.852640883000106
            ],
            [
              89.82490366299999,
              22.852593566000053
            ],
            [
              89.82501369700003,
              22.852537227000084
            ],
            [
              89.82512398600005,
              22.852519282000117
            ],
            [
              89.82524399700009,
              22.852519412000106
            ],
            [
              89.82531431300004,
              22.85255788300003
            ],
            [
              89.82546442200015,
              22.852603214000112
            ],
            [
              89.82558439600012,
              22.85263270500019
            ],
            [
              89.8257645920001,
              22.85273453200017
            ],
            [
              89.82612498300017,
              22.852938182000116
            ],
            [
              89.82628639300003,
              22.85301359300007
            ],
            [
              89.82658527100006,
              22.853153229000043
            ],
            [
              89.82726588400016,
              22.85353338100009
            ],
            [
              89.82791642500007,
              22.853850262000094
            ],
            [
              89.82819261000009,
              22.853922827000133
            ],
            [
              89.82843718400005,
              22.853943417000096
            ],
            [
              89.82871743000015,
              22.85393468500007
            ],
            [
              89.82884781300004,
              22.85392579000012
            ],
            [
              89.82903823900017,
              22.853887605000068
            ],
            [
              89.82912541000019,
              22.853842527000097
            ],
            [
              89.829238513,
              22.853768123000123
            ],
            [
              89.82935894800016,
              22.85367566000002
            ],
            [
              89.8295934890001,
              22.853434260000142
            ],
            [
              89.82982618100016,
              22.853210931000035
            ],
            [
              89.82992321500018,
              22.853097759000093
            ],
            [
              89.83004672800018,
              22.852953707000097
            ],
            [
              89.83007085200006,
              22.852906308000172
            ],
            [
              89.83017123000019,
              22.852775429000076
            ],
            [
              89.83026152800005,
              22.852664861000164
            ],
            [
              89.83033171300008,
              22.852563308000185
            ],
            [
              89.83037177800009,
              22.85243236700012
            ],
            [
              89.830371985,
              22.852265242000044
            ],
            [
              89.83041818400005,
              22.852155598000024
            ],
            [
              89.83052274800013,
              22.852032789000077
            ],
            [
              89.83058285600015,
              22.851949294
            ],
            [
              89.83063290000001,
              22.851877075000175
            ],
            [
              89.83078369800006,
              22.85161526400009
            ],
            [
              89.83096408400007,
              22.85131960500007
            ],
            [
              89.83099446500017,
              22.85113444900003
            ],
            [
              89.83104457100006,
              22.85101255000012
            ],
            [
              89.83114500200014,
              22.850836499000025
            ],
            [
              89.83119539600006,
              22.850725893000117
            ],
            [
              89.83125559800004,
              22.8505678680001
            ],
            [
              89.83134998800006,
              22.850427834000072
            ],
            [
              89.8314463120002,
              22.850290286000075
            ],
            [
              89.83153634100006,
              22.850150362000022
            ],
            [
              89.831578407,
              22.85010658500005
            ],
            [
              89.83161655300017,
              22.85006688700014
            ],
            [
              89.83175711000013,
              22.849956373000055
            ],
            [
              89.831867182,
              22.849863894000123
            ],
            [
              89.8320476290001,
              22.849760202000084
            ],
            [
              89.83225825000005,
              22.849640728000168
            ],
            [
              89.8325688170001,
              22.84949199900018
            ],
            [
              89.83276934400004,
              22.849408649000054
            ],
            [
              89.83305973500018,
              22.849316360000103
            ],
            [
              89.83326030400019,
              22.849196873000096
            ],
            [
              89.8335205410001,
              22.84910455200003
            ],
            [
              89.83373108400002,
              22.84904831200015
            ],
            [
              89.83397152200007,
              22.848955969000087
            ],
            [
              89.83420739600018,
              22.848850477000042
            ],
            [
              89.83441258100004,
              22.848696713000095
            ],
            [
              89.8345729460001,
              22.84857492700013
            ],
            [
              89.83472327800007,
              22.84843731900014
            ],
            [
              89.83486356700007,
              22.84828841000018
            ],
            [
              89.835034038,
              22.848121467000112
            ],
            [
              89.83519445600018,
              22.847954509000147
            ],
            [
              89.83532503300006,
              22.847778491000156
            ],
            [
              89.83547547700005,
              22.847546031000093
            ],
            [
              89.83557584300019,
              22.847417407000137
            ],
            [
              89.83564605300012,
              22.847286492000023
            ],
            [
              89.83565690500012,
              22.847182685000064
            ],
            [
              89.83575682700007,
              22.846859770000094
            ],
            [
              89.83582705200007,
              22.846719819000157
            ],
            [
              89.83585705600007,
              22.846591122000063
            ],
            [
              89.83588734400013,
              22.84648049100008
            ],
            [
              89.83591772200015,
              22.846293076999984
            ],
            [
              89.83595785400007,
              22.846098896
            ],
            [
              89.8360484260001,
              22.84575571000005
            ],
            [
              89.8360986580002,
              22.845523148000154
            ],
            [
              89.83612907500014,
              22.845301856000162
            ],
            [
              89.83622969600003,
              22.84495868500011
            ],
            [
              89.8363400410002,
              22.84463358800008
            ],
            [
              89.83644050300012,
              22.844419141
            ],
            [
              89.8365509530002,
              22.844261166000024
            ],
            [
              89.8366163070001,
              22.84419419600016
            ],
            [
              89.83664122000016,
              22.84416866800018
            ],
            [
              89.8368016190002,
              22.84401074400006
            ],
            [
              89.83683325900012,
              22.84398428300011
            ],
            [
              89.83701199299998,
              22.84383480200006
            ],
            [
              89.83719241400007,
              22.843742393000184
            ],
            [
              89.83743284100018,
              22.843650045000174
            ],
            [
              89.83761324000011,
              22.84357570400016
            ],
            [
              89.83786368400001,
              22.843510464000076
            ],
            [
              89.83804405100011,
              22.843465478999974
            ],
            [
              89.83824417300013,
              22.84345664900013
            ],
            [
              89.838554934,
              22.843382436000127
            ],
            [
              89.83880533200016,
              22.843355590000044
            ],
            [
              89.83909566400018,
              22.843299424
            ],
            [
              89.83931621200014,
              22.843272546000094
            ],
            [
              89.83954649900011,
              22.84325245200006
            ],
            [
              89.83976673400008,
              22.84323460600018
            ],
            [
              89.84009724600008,
              22.843198805000156
            ],
            [
              89.84035767100005,
              22.843190032000052
            ],
            [
              89.84090837800005,
              22.843170258000157
            ],
            [
              89.84139912400019,
              22.843116544000168
            ],
            [
              89.84172958400018,
              22.843125908000047
            ],
            [
              89.8421103300002,
              22.843108217000122
            ],
            [
              89.84236073000017,
              22.843079108000097
            ],
            [
              89.84257093200011,
              22.84304318100004
            ],
            [
              89.84271471900001,
              22.843020740000043
            ],
            [
              89.84148204700017,
              22.841552113000148
            ],
            [
              89.84062788400013,
              22.840534424000055
            ],
            [
              89.84008176300017,
              22.840027995000128
            ],
            [
              89.84026419500015,
              22.839775236000094
            ],
            [
              89.84053799600014,
              22.839522568000177
            ],
            [
              89.84062945900018,
              22.839183902
            ],
            [
              89.84072087100009,
              22.838888144000066
            ],
            [
              89.84099431500016,
              22.838678385000037
            ],
            [
              89.84140471800009,
              22.83855232500008
            ],
            [
              89.84140506200015,
              22.838256473000115
            ],
            [
              89.84140522300004,
              22.838117636000106
            ],
            [
              89.84140530800016,
              22.83804418400007
            ],
            [
              89.84108661700014,
              22.83787674300015
            ],
            [
              89.84058559400017,
              22.83762104400006
            ],
            [
              89.84035826700011,
              22.837198495000166
            ],
            [
              89.84029782300007,
              22.836775272000068
            ],
            [
              89.84029218800003,
              22.83673581400018
            ],
            [
              89.8402679420002,
              22.836566052000137
            ],
            [
              89.84026858200008,
              22.836017263000144
            ],
            [
              89.84036023800019,
              22.83551147100019
            ],
            [
              89.84063403300019,
              22.835256544000174
            ],
            [
              89.84113538300011,
              22.83496119600005
            ],
            [
              89.84145460100007,
              22.834667922000108
            ],
            [
              89.84140976000015,
              22.834202646000165
            ],
            [
              89.8410912280001,
              22.833906477000085
            ],
            [
              89.84081822400009,
              22.8334838830001
            ],
            [
              89.84045475800019,
              22.83280825700018
            ],
            [
              89.84022749200005,
              22.832342797000024
            ],
            [
              89.84009133500007,
              22.831836781000106
            ],
            [
              89.84009192500008,
              22.831330898000033
            ],
            [
              89.84009261900013,
              22.830739198000117
            ],
            [
              89.83995627200017,
              22.830400298000143
            ],
            [
              89.83972851300007,
              22.830359419000047
            ],
            [
              89.83936426600019,
              22.830359051000016
            ],
            [
              89.83909068200012,
              22.830442336999965
            ],
            [
              89.83845265000008,
              22.83069463200019
            ],
            [
              89.83763238800009,
              22.83103256000004
            ],
            [
              89.83726809600012,
              22.831072839000115
            ],
            [
              89.83681248099998,
              22.831072372000165
            ],
            [
              89.83644813100005,
              22.83090487700008
            ],
            [
              89.83631194300017,
              22.83069244799998
            ],
            [
              89.83631229899999,
              22.830396596000014
            ],
            [
              89.83635807900009,
              22.83006013900018
            ],
            [
              89.83644944500014,
              22.829805035
            ],
            [
              89.8366322220001,
              22.82951162900008
            ],
            [
              89.83667805400017,
              22.829130007000117
            ],
            [
              89.83667840700008,
              22.82883415700013
            ],
            [
              89.83667852500014,
              22.828734969000095
            ],
            [
              89.8366786570001,
              22.828624125000033
            ],
            [
              89.83658774800017,
              22.82849756300004
            ],
            [
              89.83626893800005,
              22.828454324000063
            ],
            [
              89.83599576,
              22.82845404500017
            ],
            [
              89.8358344900002,
              22.82845387700013
            ],
            [
              89.83576795800019,
              22.828453808000063
            ],
            [
              89.83535793100009,
              22.828539207000063
            ],
            [
              89.83508409500018,
              22.828832515000045
            ],
            [
              89.83490187000012,
              22.828918144000113
            ],
            [
              89.83462858900015,
              22.828748482000094
            ],
            [
              89.83417343900015,
              22.82862153500014
            ],
            [
              89.83376367300019,
              22.82849464000003
            ],
            [
              89.83339912800011,
              22.82849425900008
            ],
            [
              89.83326202700005,
              22.82878996600016
            ],
            [
              89.8331250710001,
              22.829212144000053
            ],
            [
              89.83266890099998,
              22.829674640000178
            ],
            [
              89.83234104000013,
              22.82993288
            ],
            [
              89.83224208600012,
              22.830035535000093
            ],
            [
              89.83202163200019,
              22.830249850000143
            ],
            [
              89.83189112500014,
              22.830378442000097
            ],
            [
              89.83180118000007,
              22.83046190700003
            ],
            [
              89.83168079100011,
              22.830536309000138
            ],
            [
              89.83157045200016,
              22.83061071900005
            ],
            [
              89.8314604270002,
              22.830676096000047
            ],
            [
              89.83137024300004,
              22.830703101999973
            ],
            [
              89.83123986300006,
              22.830730065000182
            ],
            [
              89.83105951800013,
              22.830768266000064
            ],
            [
              89.83086947800007,
              22.83076806100013
            ],
            [
              89.83075923100012,
              22.83076794900012
            ],
            [
              89.83065327700001,
              22.830767835000074
            ],
            [
              89.83060908600004,
              22.830767788000173
            ],
            [
              89.83051896200004,
              22.830747368000118
            ],
            [
              89.83029885900004,
              22.830674862000137
            ],
            [
              89.82998853900011,
              22.830414816000086
            ],
            [
              89.82986860400001,
              22.830367262000095
            ],
            [
              89.8297785950001,
              22.830256504000147
            ],
            [
              89.82975857500008,
              22.830190990000062
            ],
            [
              89.82970871000015,
              22.830125439000085
            ],
            [
              89.82965855100014,
              22.83005086000003
            ],
            [
              89.82962877200009,
              22.82999662600014
            ],
            [
              89.82959871600008,
              22.829922066
            ],
            [
              89.82959884500019,
              22.82981818000013
            ],
            [
              89.82960901900015,
              22.829716565000183
            ],
            [
              89.82962922500019,
              22.82963302500019
            ],
            [
              89.8296494650001,
              22.829522383999972
            ],
            [
              89.82964954600004,
              22.82945688899997
            ],
            [
              89.82964960000004,
              22.829411721000156
            ],
            [
              89.82955945400005,
              22.829411627000127
            ],
            [
              89.82946930800006,
              22.829411530000073
            ],
            [
              89.82926889300006,
              22.829429383000047
            ],
            [
              89.82918880699998,
              22.829420262000042
            ],
            [
              89.82914893400016,
              22.829402150000192
            ],
            [
              89.82910886000008,
              22.82929822400007
            ],
            [
              89.82905895,
              22.82927106900007
            ],
            [
              89.82898891400009,
              22.829261961000043
            ],
            [
              89.82888881000014,
              22.829187327000056
            ],
            [
              89.82882856800012,
              22.82913983400016
            ],
            [
              89.82878874000005,
              22.829085588999988
            ],
            [
              89.82877877300018,
              22.829020086000185
            ],
            [
              89.82875878700014,
              22.828927470000167
            ],
            [
              89.82875899600003,
              22.82876034700007
            ],
            [
              89.8287393870001,
              22.82861127400008
            ],
            [
              89.82871944900006,
              22.828482521000183
            ],
            [
              89.82865968700008,
              22.828295010000033
            ],
            [
              89.82863964300003,
              22.828249820000053
            ],
            [
              89.82861962500016,
              22.828184305000036
            ],
            [
              89.82854959100007,
              22.828175197000178
            ],
            [
              89.82843934400006,
              22.828175078000072
            ],
            [
              89.82828923500017,
              22.828147815000023
            ],
            [
              89.82820914100012,
              22.82814772800009
            ],
            [
              89.82814914300013,
              22.828147662000106
            ],
            [
              89.82811900700011,
              22.828138598000066
            ],
            [
              89.82806913000019,
              22.828082084000187
            ],
            [
              89.82805919700013,
              22.827989477000074
            ],
            [
              89.8280593020001,
              22.827905917000066
            ],
            [
              89.82809933600004,
              22.827795299000172
            ],
            [
              89.82813971400014,
              22.827655322000055
            ],
            [
              89.82813980700007,
              22.827580795000188
            ],
            [
              89.82812979100015,
              22.827553683000076
            ],
            [
              89.82812983800005,
              22.827515291999987
            ],
            [
              89.82809970000005,
              22.827506225000036
            ],
            [
              89.82805982800011,
              22.827488113000186
            ],
            [
              89.82799983400014,
              22.82748804900018
            ],
            [
              89.82790969600012,
              22.827478918
            ],
            [
              89.8278095010001,
              22.827478812000038
            ],
            [
              89.82768923000003,
              22.827460612000095
            ],
            [
              89.82754918500007,
              22.827422069000022
            ],
            [
              89.827449,
              22.827412925000147
            ],
            [
              89.82732907000008,
              22.827365370000052
            ],
            [
              89.82724897400016,
              22.827365284000052
            ],
            [
              89.82715883999998,
              22.827356150000185
            ],
            [
              89.82706871700009,
              22.827337983000177
            ],
            [
              89.82699874200006,
              22.82728145100009
            ],
            [
              89.82695860000013,
              22.827236238000182
            ],
            [
              89.82693862900015,
              22.827134589000025
            ],
            [
              89.82693877000008,
              22.82702166900009
            ],
            [
              89.82692886000018,
              22.826910993000183
            ],
            [
              89.82689912300009,
              22.826827401
            ],
            [
              89.8268489300001,
              22.826782181
            ],
            [
              89.82678900700006,
              22.826725655000132
            ],
            [
              89.82672905800013,
              22.826687200000038
            ],
            [
              89.82660883200015,
              22.82663286500008
            ],
            [
              89.82651871000013,
              22.826614699
            ],
            [
              89.82637862000013,
              22.82661454700019
            ],
            [
              89.82615843500008,
              22.826614308000046
            ],
            [
              89.82598819500004,
              22.82661411900017
            ],
            [
              89.82575796000009,
              22.826613867000106
            ],
            [
              89.82555757,
              22.826613650000183
            ],
            [
              89.82544735100004,
              22.826593202000083
            ],
            [
              89.8253974390002,
              22.82656604800019
            ],
            [
              89.8253274400002,
              22.826529837000123
            ],
            [
              89.82525742000007,
              22.826509434000116
            ],
            [
              89.82518741300004,
              22.82648225800017
            ],
            [
              89.8250570670001,
              22.826482115000033
            ],
            [
              89.82496688700007,
              22.826509116000068
            ],
            [
              89.82489674800007,
              22.826583565000078
            ],
            [
              89.82480648400008,
              22.826676061000114
            ],
            [
              89.82472629300008,
              22.826750500000173
            ],
            [
              89.82465618700013,
              22.826797850000162
            ],
            [
              89.82458608200011,
              22.826842941000052
            ],
            [
              89.82451599900008,
              22.82687222300018
            ],
            [
              89.82436554500009,
              22.82688108900004
            ],
            [
              89.82414535600009,
              22.826880844000073
            ],
            [
              89.82390516900017,
              22.826806057000056
            ],
            [
              89.82377514100006,
              22.82679687600006
            ],
            [
              89.82361498700016,
              22.826767342000096
            ],
            [
              89.82350477600016,
              22.8267401170001
            ],
            [
              89.82338457999998,
              22.826665457000104
            ],
            [
              89.82321474600013,
              22.826349092000157
            ],
            [
              89.82308496900015,
              22.82614569200001
            ],
            [
              89.82302508300018,
              22.826062065000144
            ],
            [
              89.82294507400007,
              22.82599648300004
            ],
            [
              89.8228747920001,
              22.82594220200008
            ],
            [
              89.8228048090001,
              22.82589470000005
            ],
            [
              89.82268486600003,
              22.82585843000004
            ],
            [
              89.82243464300018,
              22.82577458800006
            ],
            [
              89.8222846380001,
              22.825670536000132
            ],
            [
              89.8221245790001,
              22.825568731000146
            ],
            [
              89.82202449500016,
              22.82548505700015
            ],
            [
              89.82198432100006,
              22.825466945000073
            ],
            [
              89.82186437700005,
              22.8254306770001
            ],
            [
              89.82178429300018,
              22.825421552000137
            ],
            [
              89.82163385000007,
              22.825421385000027
            ],
            [
              89.82140368000006,
              22.825373702000093
            ],
            [
              89.8212037040002,
              22.825289916000088
            ],
            [
              89.8211434690001,
              22.825242421000155
            ],
            [
              89.8210034390001,
              22.825197096000068
            ],
            [
              89.82088357100008,
              22.825104366
            ],
            [
              89.82080363400013,
              22.824982323000143
            ],
            [
              89.82070366000005,
              22.824815090000072
            ],
            [
              89.82066356000013,
              22.824740516000134
            ],
            [
              89.82061366000005,
              22.82470432600013
            ],
            [
              89.82052360400007,
              22.82463873200004
            ],
            [
              89.82043354100017,
              22.82457539500001
            ],
            [
              89.82035351200005,
              22.824527877000037
            ],
            [
              89.82028355200009,
              22.82446230500011
            ],
            [
              89.82021355600017,
              22.82442609000003
            ],
            [
              89.82019356700005,
              22.824342509000132
            ],
            [
              89.82019368900006,
              22.824249914
            ],
            [
              89.82027424700016,
              22.823895435999987
            ],
            [
              89.82032457000014,
              22.823608675000173
            ],
            [
              89.82032472400016,
              22.823488978000114
            ],
            [
              89.82032494400016,
              22.823321857000053
            ],
            [
              89.8203251400002,
              22.823172802000045
            ],
            [
              89.82031522400007,
              22.823071163000122
            ],
            [
              89.82029558900012,
              22.82294918700012
            ],
            [
              89.82027568300009,
              22.822802369000044
            ],
            [
              89.82022603200016,
              22.82257873100002
            ],
            [
              89.82018602900013,
              22.822429631000148
            ],
            [
              89.8201162520001,
              22.822226294000075
            ],
            [
              89.82004646800004,
              22.822029737000094
            ],
            [
              89.8199766080001,
              22.821891894000146
            ],
            [
              89.81992651900015,
              22.82176988300006
            ],
            [
              89.81989678500014,
              22.821686291000105
            ],
            [
              89.81988689200017,
              22.82156658400004
            ],
            [
              89.81986696600012,
              22.821435573000144
            ],
            [
              89.81982126200006,
              22.82131492200017
            ],
            [
              89.81929203900006,
              22.821412339000176
            ],
            [
              89.81832828500006,
              22.821113133000097
            ],
            [
              89.81824989800003,
              22.82099858700002
            ],
            [
              89.81757967900012,
              22.820019210000112
            ],
            [
              89.81704511400005,
              22.819422374999988
            ],
            [
              89.81683615100008,
              22.81942213600007
            ],
            [
              89.81640225600012,
              22.81942163800005
            ],
            [
              89.81575966500014,
              22.819222156000023
            ],
            [
              89.81479539600002,
              22.819320409000113
            ],
            [
              89.81412154300017,
              22.81956950800003
            ],
            [
              89.81318758900017,
              22.81991475200016
            ],
            [
              89.81311111400015,
              22.81994715500008
            ],
            [
              89.81061494300008,
              22.821004780000123
            ],
            [
              89.80772096900012,
              22.822094385000128
            ],
            [
              89.80643396900018,
              22.82298489600015
            ],
            [
              89.80619447100008,
              22.823040128000116
            ],
            [
              89.80557672200007,
              22.82318259100009
            ],
            [
              89.80439845000006,
              22.822982408000144
            ],
            [
              89.80247013300016,
              22.822980031000043
            ],
            [
              89.80097029600012,
              22.82297816400012
            ],
            [
              89.79979188500005,
              22.822879574000126
            ],
            [
              89.7988277280001,
              22.822878365000122
            ],
            [
              89.79807765300018,
              22.82287741500005
            ],
            [
              89.79743508700011,
              22.82287659800005
            ],
            [
              89.79689897200006,
              22.82317176800018
            ],
            [
              89.79593392200013,
              22.823766751999983
            ],
            [
              89.7955046890001,
              22.82406431100003
            ],
            [
              89.79496840900009,
              22.824461100000065
            ],
            [
              89.79443257899999,
              22.824559780000072
            ],
            [
              89.79357560900013,
              22.82455867100009
            ],
            [
              89.79271908400005,
              22.82425945400007
            ],
            [
              89.79132688600015,
              22.823760784000058
            ],
            [
              89.79057756900005,
              22.82346169000016
            ],
            [
              89.79054213100017,
              22.82345753400017
            ],
            [
              89.78972075600012,
              22.82336119400003
            ],
            [
              89.7888636400001,
              22.823260692000076
            ],
            [
              89.78725645300011,
              22.823357924000106
            ],
            [
              89.78564863700012,
              22.82385261600018
            ],
            [
              89.78393438800009,
              22.824049041000023
            ],
            [
              89.782648317,
              22.824246031000143
            ],
            [
              89.78125487099999,
              22.82474097100004
            ],
            [
              89.78050383200014,
              22.825336158000027
            ],
            [
              89.77985997600013,
              22.826130225999975
            ],
            [
              89.77889515400005,
              22.82652636800009
            ],
            [
              89.77877668600001,
              22.826526205000164
            ],
            [
              89.77835946400018,
              22.826525623000123
            ],
            [
              89.77814619200012,
              22.825829740000188
            ],
            [
              89.77804092700018,
              22.824637156999984
            ],
            [
              89.77772060700016,
              22.824040496000123
            ],
            [
              89.77739982100007,
              22.823543198000152
            ],
            [
              89.77675773600015,
              22.823244192000118
            ],
            [
              89.77649723400009,
              22.822760529000163
            ],
            [
              89.77633055000013,
              22.822450894000042
            ],
            [
              89.77611697100014,
              22.82195374700018
            ],
            [
              89.77558129900007,
              22.82195299300014
            ],
            [
              89.77472483400015,
              22.82165367500005
            ],
            [
              89.77322468500012,
              22.821850286000085
            ],
            [
              89.77215317600019,
              22.821948127999974
            ],
            [
              89.7707597430001,
              22.822244238000167
            ],
            [
              89.77011651100014,
              22.822640790000094
            ],
            [
              89.7700280570001,
              22.82272196499997
            ],
            [
              89.76947264000012,
              22.82323381800012
            ],
            [
              89.76904399000017,
              22.823332568000126
            ],
            [
              89.7674364510001,
              22.823628339000038
            ],
            [
              89.76550812600016,
              22.823625513000138
            ],
            [
              89.76508053200013,
              22.822929295999984
            ],
            [
              89.76508257400013,
              22.821739123000043
            ],
            [
              89.764977219,
              22.820844641000065
            ],
            [
              89.76476470600011,
              22.819751265000036
            ],
            [
              89.76476573100013,
              22.81915504500006
            ],
            [
              89.76468053000008,
              22.81840738800014
            ],
            [
              89.76467693000012,
              22.818375765999974
            ],
            [
              89.76474119700003,
              22.818369088000168
            ],
            [
              89.76490206700004,
              22.81832189700009
            ],
            [
              89.76499537000018,
              22.818252025000163
            ],
            [
              89.76501159600014,
              22.818202362000022
            ],
            [
              89.76502935200017,
              22.818148189000112
            ],
            [
              89.7650039190001,
              22.81806233100008
            ],
            [
              89.76478456400014,
              22.81776389999999
            ],
            [
              89.76463273400003,
              22.817512994000026
            ],
            [
              89.76457366300019,
              22.817332235000094
            ],
            [
              89.76453161800003,
              22.81716730700009
            ],
            [
              89.7644896540001,
              22.816954956000018
            ],
            [
              89.76448988200013,
              22.816821712000035
            ],
            [
              89.764532697,
              22.816539475000013
            ],
            [
              89.76456687700016,
              22.816320461000032
            ],
            [
              89.76466056000004,
              22.81602926500011
            ],
            [
              89.76471172100008,
              22.815850925000063
            ],
            [
              89.76477101400008,
              22.815724541000122
            ],
            [
              89.76491548000013,
              22.815474074000065
            ],
            [
              89.76506825200016,
              22.815176191000035
            ],
            [
              89.76522090000003,
              22.814948317000187
            ],
            [
              89.7654160800002,
              22.814603069000043
            ],
            [
              89.76560306100009,
              22.81424199899999
            ],
            [
              89.76583215800014,
              22.81382679100011
            ],
            [
              89.76594247500014,
              22.813601114
            ],
            [
              89.76602739800012,
              22.81344314800009
            ],
            [
              89.766069943,
              22.813316741
            ],
            [
              89.7660701550002,
              22.81319253000015
            ],
            [
              89.76604521600018,
              22.812996013000145
            ],
            [
              89.76609633400017,
              22.812840257
            ],
            [
              89.76619806200006,
              22.812650700000063
            ],
            [
              89.76628292800012,
              22.81252661299999
            ],
            [
              89.76633399600013,
              22.812400218000107
            ],
            [
              89.7663342620001,
              22.812244387000078
            ],
            [
              89.76631764100006,
              22.811991420000027
            ],
            [
              89.76625033300019,
              22.811819686000035
            ],
            [
              89.76623352200016,
              22.81167738199997
            ],
            [
              89.76625089600014,
              22.811489959000028
            ],
            [
              89.76633586800006,
              22.811302637000153
            ],
            [
              89.76643764600016,
              22.811081463000164
            ],
            [
              89.76670911300016,
              22.81081536900018
            ],
            [
              89.76706543200004,
              22.810431962000166
            ],
            [
              89.76711607100009,
              22.810377833000018
            ],
            [
              89.76718331300015,
              22.810409550000088
            ],
            [
              89.76802915400003,
              22.810817293000127
            ],
            [
              89.76884084000005,
              22.811258861000113
            ],
            [
              89.76988949300005,
              22.81166689300011
            ],
            [
              89.77105660500013,
              22.812077343000112
            ],
            [
              89.77222380300009,
              22.812440357000128
            ],
            [
              89.77254531300002,
              22.81247243400003
            ],
            [
              89.77281646000017,
              22.812393780000093
            ],
            [
              89.77329074700009,
              22.81211215400009
            ],
            [
              89.774510588,
              22.811391196000102
            ],
            [
              89.77496814500012,
              22.811093732000188
            ],
            [
              89.77511846700014,
              22.810974248000093
            ],
            [
              89.77520536100002,
              22.810906621000072
            ],
            [
              89.77537497700007,
              22.810719413000072
            ],
            [
              89.77547681200019,
              22.81045306300001
            ],
            [
              89.7755331620001,
              22.809950434000086
            ],
            [
              89.7755454170001,
              22.80984113300002
            ],
            [
              89.77568223400016,
              22.809039592000033
            ],
            [
              89.77581879000007,
              22.808396139000024
            ],
            [
              89.77588700400003,
              22.808021339999982
            ],
            [
              89.77600620100003,
              22.807565310000086
            ],
            [
              89.77621027600014,
              22.806969375999984
            ],
            [
              89.77636314300008,
              22.806592438999985
            ],
            [
              89.77638453100008,
              22.80654730000009
            ],
            [
              89.77665189200007,
              22.805980815
            ],
            [
              89.77687280500015,
              22.805511377000073
            ],
            [
              89.77705951900015,
              22.805102867000016
            ],
            [
              89.77756940500007,
              22.80387952500007
            ],
            [
              89.77794329599999,
              22.80295635500005
            ],
            [
              89.77816410300005,
              22.802360445000147
            ],
            [
              89.77830049200008,
              22.801809582000146
            ],
            [
              89.77833486900016,
              22.801450542000055
            ],
            [
              89.77836933000009,
              22.801041823000105
            ],
            [
              89.77836973400014,
              22.80079113800008
            ],
            [
              89.77837009100006,
              22.80056981500013
            ],
            [
              89.77835334500008,
              22.800382346000163
            ],
            [
              89.77828595000011,
              22.80025803799998
            ],
            [
              89.77820664000012,
              22.8001585560001
            ],
            [
              89.7781847600001,
              22.80013142700011
            ],
            [
              89.77813401400016,
              22.800068120000105
            ],
            [
              89.77799871900004,
              22.799943718000122
            ],
            [
              89.77767741500014,
              22.799800993000133
            ],
            [
              89.77737313900019,
              22.799674097000093
            ],
            [
              89.7766624750002,
              22.799485654000023
            ],
            [
              89.77623980300018,
              22.799329231000172
            ],
            [
              89.77563086900005,
              22.79912286500013
            ],
            [
              89.77505578400019,
              22.798887178000086
            ],
            [
              89.77458257800009,
              22.798540976000027
            ],
            [
              89.77417697100003,
              22.798194863000106
            ],
            [
              89.77373766900013,
              22.79778772800006
            ],
            [
              89.7734843290001,
              22.79742602300007
            ],
            [
              89.77333250400005,
              22.797175123999978
            ],
            [
              89.773248228,
              22.796953681000048
            ],
            [
              89.77318074100003,
              22.796702901000117
            ],
            [
              89.77318089000016,
              22.796613007000133
            ],
            [
              89.77318107800016,
              22.796499645000154
            ],
            [
              89.77321549000015,
              22.796312247000117
            ],
            [
              89.77331719600005,
              22.79612268300008
            ],
            [
              89.77402882300004,
              22.795527477000178
            ],
            [
              89.7752155890002,
              22.79427347700016
            ],
            [
              89.7761988420001,
              22.79327212700008
            ],
            [
              89.77689405400008,
              22.792455556000107
            ],
            [
              89.77741984800002,
              22.791720048
            ],
            [
              89.77773766100012,
              22.791241176000028
            ],
            [
              89.77787357400013,
              22.79103638500004
            ],
            [
              89.77808168100017,
              22.790639194000107
            ],
            [
              89.77821734500003,
              22.79034127500006
            ],
            [
              89.77830234200007,
              22.790120066000156
            ],
            [
              89.77828595000011,
              22.78990098000014
            ],
            [
              89.77820166500015,
              22.789681795000035
            ],
            [
              89.77798204900012,
              22.78936757000008
            ],
            [
              89.77734024800003,
              22.78861236700004
            ],
            [
              89.77679958900012,
              22.788015390000112
            ],
            [
              89.77663094800016,
              22.787811900000122
            ],
            [
              89.7765295170002,
              22.78765366800019
            ],
            [
              89.7763943380001,
              22.787466030000132
            ],
            [
              89.77619172800001,
              22.787183444
            ],
            [
              89.77602321600011,
              22.786900906000085
            ],
            [
              89.7759218860001,
              22.786681699000155
            ],
            [
              89.775854632,
              22.7864760920001
            ],
            [
              89.77578717200015,
              22.786209501000144
            ],
            [
              89.77578755500008,
              22.78597463000017
            ],
            [
              89.77580488600017,
              22.78580301400018
            ],
            [
              89.7758222490001,
              22.78561333200014
            ],
            [
              89.7758562950001,
              22.785457549000114
            ],
            [
              89.77590734500006,
              22.785331149000115
            ],
            [
              89.77600893300007,
              22.785207082000056
            ],
            [
              89.77616131100007,
              22.785112443000173
            ],
            [
              89.77683894600011,
              22.784783662000052
            ],
            [
              89.77724503200017,
              22.7846283990001
            ],
            [
              89.77778703300015,
              22.784392023000066
            ],
            [
              89.77851499100012,
              22.784189778000098
            ],
            [
              89.77872610800011,
              22.784108767000077
            ],
            [
              89.77900243000005,
              22.783993969000164
            ],
            [
              89.77979007900012,
              22.783588547000022
            ],
            [
              89.7803857950002,
              22.783264154000108
            ],
            [
              89.78098028700003,
              22.782942020000064
            ],
            [
              89.78178571100005,
              22.782457565000072
            ],
            [
              89.78250317100009,
              22.782149141000104
            ],
            [
              89.78301063100014,
              22.781987228000105
            ],
            [
              89.78379787199998,
              22.78182794700018
            ],
            [
              89.78463740300009,
              22.781713905000174
            ],
            [
              89.7851622890002,
              22.78169880200005
            ],
            [
              89.785599418,
              22.781733265000184
            ],
            [
              89.7860014900001,
              22.781797041000118
            ],
            [
              89.78631618300011,
              22.781862956000168
            ],
            [
              89.78669755200013,
              22.781926704000114
            ],
            [
              89.78689325600016,
              22.781960840000067
            ],
            [
              89.787592743,
              22.78204307800013
            ],
            [
              89.78802984700013,
              22.78209334400003
            ],
            [
              89.78879968600012,
              22.78196337600008
            ],
            [
              89.78916704300008,
              22.781835133000072
            ],
            [
              89.78953478000005,
              22.78165720200019
            ],
            [
              89.78972713400015,
              22.78149485000006
            ],
            [
              89.78988485300016,
              22.781285025000045
            ],
            [
              89.79000436800015,
              22.78103901999998
            ],
            [
              89.79004274800013,
              22.780960022000045
            ],
            [
              89.79009586100017,
              22.780668757
            ],
            [
              89.79020176300008,
              22.780099777000032
            ],
            [
              89.79022038000011,
              22.779273219000174
            ],
            [
              89.79021188400009,
              22.778799245000073
            ],
            [
              89.79020438900011,
              22.778381127999978
            ],
            [
              89.79029302800006,
              22.777554663000103
            ],
            [
              89.79032834400016,
              22.777399175000028
            ],
            [
              89.79045148500012,
              22.776857021000126
            ],
            [
              89.79059174200012,
              22.776516185000162
            ],
            [
              89.79074967700012,
              22.776159565000114
            ],
            [
              89.79097763100015,
              22.775803031000123
            ],
            [
              89.79125789400013,
              22.775480445000085
            ],
            [
              89.79166098900004,
              22.775058652000098
            ],
            [
              89.79218633100015,
              22.774524088000078
            ],
            [
              89.79304264000018,
              22.77374830700012
            ],
            [
              89.79311458300003,
              22.77368290600009
            ],
            [
              89.79390281600013,
              22.772823469000173
            ],
            [
              89.79474369100018,
              22.771769872000107
            ],
            [
              89.795567414,
              22.77057171000007
            ],
            [
              89.79595313900006,
              22.769939848000035
            ],
            [
              89.79606558200004,
              22.769718063000084
            ],
            [
              89.79621631800006,
              22.769420748000073
            ],
            [
              89.79681242600003,
              22.7683510170001
            ],
            [
              89.79758361200004,
              22.767249888000038
            ],
            [
              89.79814426700017,
              22.766471445000036
            ],
            [
              89.79885086500019,
              22.765596072000164
            ],
            [
              89.79891490900013,
              22.765517106
            ],
            [
              89.7995054860001,
              22.76487419700004
            ],
            [
              89.7996155530002,
              22.76475464100008
            ],
            [
              89.80087011900008,
              22.763347980000162
            ],
            [
              89.80092937600011,
              22.76328153700007
            ],
            [
              89.8019102790002,
              22.762146773000154
            ],
            [
              89.80201598100007,
              22.76196759400017
            ],
            [
              89.80222580100019,
              22.76161191600005
            ],
            [
              89.80228054999998,
              22.761429056000168
            ],
            [
              89.80233399000014,
              22.76125015600013
            ],
            [
              89.80236619500005,
              22.76114234000005
            ],
            [
              89.80238422200006,
              22.76088264499998
            ],
            [
              89.8023687110001,
              22.76066355500018
            ],
            [
              89.80236693100011,
              22.76063080800003
            ],
            [
              89.80236724500014,
              22.76041287200013
            ],
            [
              89.80224562500007,
              22.75989328200012
            ],
            [
              89.80207809700005,
              22.759548668000036
            ],
            [
              89.80215882300013,
              22.759504728000138
            ],
            [
              89.80259600500005,
              22.759455586000115
            ],
            [
              89.80285857700011,
              22.759327177999978
            ],
            [
              89.80301613800009,
              22.759196385999985
            ],
            [
              89.80326122000014,
              22.758952778000094
            ],
            [
              89.80348881000015,
              22.758808517000148
            ],
            [
              89.80368123300019,
              22.75877487800011
            ],
            [
              89.80389093600019,
              22.758793206000064
            ],
            [
              89.80401330100011,
              22.75879335600007
            ],
            [
              89.80413586000003,
              22.758872549000102
            ],
            [
              89.80425806,
              22.758987880000177
            ],
            [
              89.80455471200003,
              22.759295387000122
            ],
            [
              89.80472941500005,
              22.759523700999978
            ],
            [
              89.80488658100006,
              22.759668432000183
            ],
            [
              89.80518336900013,
              22.759881087000053
            ],
            [
              89.80567279900009,
              22.76012333200015
            ],
            [
              89.80626680400013,
              22.760465077000106
            ],
            [
              89.8072453650002,
              22.760954079000044
            ],
            [
              89.80789212800016,
              22.761230388000058
            ],
            [
              89.80820678800006,
              22.761294002
            ],
            [
              89.80855651800005,
              22.7613124880001
            ],
            [
              89.80902868600003,
              22.761279176000016
            ],
            [
              89.80929083800004,
              22.761232065000115
            ],
            [
              89.80944839500006,
              22.761101263000114
            ],
            [
              89.80958857399997,
              22.760988510000118
            ],
            [
              89.80967616100003,
              22.760826009000084
            ],
            [
              89.80976375000012,
              22.76066350600007
            ],
            [
              89.80988680500008,
              22.76038812400003
            ],
            [
              89.8101147370001,
              22.759771846000035
            ],
            [
              89.81043024200017,
              22.75922116700019
            ],
            [
              89.81070090600019,
              22.75890638200019
            ],
            [
              89.81084732100015,
              22.758736100000135
            ],
            [
              89.81118360300007,
              22.75834579400015
            ],
            [
              89.81183251900012,
              22.75749287100018
            ],
            [
              89.81271738700013,
              22.75637373700016
            ],
            [
              89.81343515300006,
              22.755464431000064
            ],
            [
              89.81410632300015,
              22.754564108000068
            ],
            [
              89.81484336900019,
              22.753922482000064
            ],
            [
              89.81584851600013,
              22.753506921000053
            ],
            [
              89.81684349900013,
              22.75330932500009
            ],
            [
              89.81743140100008,
              22.75320385300006
            ],
            [
              89.81836914100006,
              22.752787111000032
            ],
            [
              89.81922096700004,
              22.752426729000035
            ],
            [
              89.82046527700015,
              22.751956124000117
            ],
            [
              89.82060697800006,
              22.7518873840001
            ],
            [
              89.821301323,
              22.751550546000146
            ],
            [
              89.8219334850001,
              22.75134121500014
            ],
            [
              89.8223057460001,
              22.75109772200011
            ],
            [
              89.82247488600007,
              22.750935304
            ],
            [
              89.82281468800011,
              22.750608211000042
            ],
            [
              89.82356968100015,
              22.75002411500003
            ],
            [
              89.82410121500004,
              22.749713039000028
            ],
            [
              89.8248508370001,
              22.7492734650001
            ],
            [
              89.82539135500002,
              22.74907080000014
            ],
            [
              89.8258218250001,
              22.749003519000155
            ],
            [
              89.8261792720001,
              22.74891131300018
            ],
            [
              89.82663198000012,
              22.748828241000012
            ],
            [
              89.82708457700016,
              22.748828733000096
            ],
            [
              89.82750390000012,
              22.74891048900008
            ],
            [
              89.82774056700009,
              22.749019149
            ],
            [
              89.82829953800007,
              22.749537834000023
            ],
            [
              89.82888353400006,
              22.750201533000165
            ],
            [
              89.83136631900004,
              22.751938646999974
            ],
            [
              89.8317470520002,
              22.752221351000117
            ],
            [
              89.83242155600004,
              22.752723433000085
            ],
            [
              89.83383898200009,
              22.75353794299997
            ],
            [
              89.83525659800017,
              22.754210162000106
            ],
            [
              89.83607112000004,
              22.754472980000173
            ],
            [
              89.83644162800016,
              22.754412382000112
            ],
            [
              89.83670572800014,
              22.755013392000137
            ],
            [
              89.8371336290001,
              22.756095617000028
            ],
            [
              89.83718664200012,
              22.756055015000072
            ],
            [
              89.83761031,
              22.755829606000134
            ],
            [
              89.83818515800016,
              22.75569016700007
            ],
            [
              89.83872949800008,
              22.755607154000018
            ],
            [
              89.83936485200007,
              22.75552423700003
            ],
            [
              89.839999868,
              22.755468413000187
            ],
            [
              89.8405748420002,
              22.755216043000075
            ],
            [
              89.84212166100019,
              22.753955120000114
            ],
            [
              89.84183934800018,
              22.753819335000173
            ],
            [
              89.84165562100014,
              22.753715267000075
            ],
            [
              89.84159453300009,
              22.753633901000114
            ],
            [
              89.84147202600013,
              22.753496014000177
            ],
            [
              89.84130606900004,
              22.753292591000104
            ],
            [
              89.84101754000005,
              22.75300774500016
            ],
            [
              89.84085149000015,
              22.7528856240001
            ],
            [
              89.8407115510002,
              22.752819989000102
            ],
            [
              89.84065037800019,
              22.752813154000137
            ],
            [
              89.84052766600018,
              22.752853682000136
            ],
            [
              89.84041402600019,
              22.752681929
            ],
            [
              89.8402918910001,
              22.75248758400005
            ],
            [
              89.84018713700016,
              22.75226841
            ],
            [
              89.84003865400007,
              22.75195885700009
            ],
            [
              89.83986426700011,
              22.751416659000142
            ],
            [
              89.83969859000013,
              22.7509783590001
            ],
            [
              89.8395763530001,
              22.750612371000045
            ],
            [
              89.83947173000001,
              22.750280279000094
            ],
            [
              89.83941077100008,
              22.750092767000012
            ],
            [
              89.83935841800007,
              22.749832996000123
            ],
            [
              89.8393236710001,
              22.74961389500004
            ],
            [
              89.83929775000018,
              22.749394797000036
            ],
            [
              89.83928902500008,
              22.749308972000108
            ],
            [
              89.83928070500014,
              22.749135062000107
            ],
            [
              89.83927205700013,
              22.74898148300008
            ],
            [
              89.83918493300018,
              22.748525192000102
            ],
            [
              89.83911523200004,
              22.748265404999984
            ],
            [
              89.83894071400016,
              22.747842902000116
            ],
            [
              89.83883608500008,
              22.74751984200003
            ],
            [
              89.83868784000003,
              22.747275780999985
            ],
            [
              89.83860911300013,
              22.747185364000075
            ],
            [
              89.83842546700004,
              22.747022573000038
            ],
            [
              89.83831173800013,
              22.74693437600007
            ],
            [
              89.83824175200004,
              22.746918497000138
            ],
            [
              89.8381544080001,
              22.746909377000065
            ],
            [
              89.83798823200004,
              22.746902435000038
            ],
            [
              89.8378044160001,
              22.746884178000016
            ],
            [
              89.83770827200016,
              22.74685246500013
            ],
            [
              89.83759448700005,
              22.746811694000087
            ],
            [
              89.83753336900014,
              22.746761947000152
            ],
            [
              89.83747197000014,
              22.746689617000186
            ],
            [
              89.83743068000007,
              22.74660375400009
            ],
            [
              89.83750562700016,
              22.74654285400004
            ],
            [
              89.83753065500008,
              22.74648190200014
            ],
            [
              89.83757583,
              22.74637354200007
            ],
            [
              89.83774223400013,
              22.746186262000037
            ],
            [
              89.83793447000005,
              22.746032885000034
            ],
            [
              89.83807454600009,
              22.74597656600008
            ],
            [
              89.83814460800016,
              22.74592695000007
            ],
            [
              89.83824092000015,
              22.745814127000017
            ],
            [
              89.83834240700014,
              22.745701308000037
            ],
            [
              89.8399715270001,
              22.745565184000156
            ],
            [
              89.84112993700018,
              22.745566341000142
            ],
            [
              89.84190217700012,
              22.74550838600004
            ],
            [
              89.84267448700007,
              22.745389452000154
            ],
            [
              89.84273928600004,
              22.745150122999974
            ],
            [
              89.84299725400007,
              22.744732568000188
            ],
            [
              89.84312583100012,
              22.74461299700016
            ],
            [
              89.84370516900009,
              22.744493869000053
            ],
            [
              89.84602217300016,
              22.744317702000103
            ],
            [
              89.84635998300018,
              22.744345128000077
            ],
            [
              89.84821003100018,
              22.744498212000167
            ],
            [
              89.84827352800016,
              22.745155473000068
            ],
            [
              89.84846227600013,
              22.745390527000154
            ],
            [
              89.849174485,
              22.745395718000168
            ],
            [
              89.85033265700008,
              22.745335834000173
            ],
            [
              89.85226416600011,
              22.74475721200008
            ],
            [
              89.85271476600013,
              22.74462212600008
            ],
            [
              89.85607337599998,
              22.743202375000124
            ],
            [
              89.856204724,
              22.74314653600004
            ],
            [
              89.85651337000019,
              22.74301532000004
            ],
            [
              89.85937391300013,
              22.742247740000096
            ],
            [
              89.86050430500006,
              22.741943843000115
            ],
            [
              89.86256724700007,
              22.741742717000136
            ],
            [
              89.86475201100018,
              22.741529684
            ],
            [
              89.86850173600016,
              22.74142045800005
            ],
            [
              89.87048027000009,
              22.741362789000164
            ],
            [
              89.87054314600016,
              22.74201100600004
            ],
            [
              89.87054253000008,
              22.742668209000158
            ],
            [
              89.87054196800005,
              22.74326444000019
            ],
            [
              89.87067031700008,
              22.74368234900004
            ],
            [
              89.87099169200013,
              22.74404170100013
            ],
            [
              89.87214925800015,
              22.74493697100013
            ],
            [
              89.87317836800003,
              22.74553627500012
            ],
            [
              89.87401441100002,
              22.746252856000183
            ],
            [
              89.87446416400002,
              22.74702785400018
            ],
            [
              89.87523472100008,
              22.748819392000087
            ],
            [
              89.87590776900004,
              22.750013426000123
            ],
            [
              89.87594155800008,
              22.75007337000011
            ],
            [
              89.8760377750001,
              22.750192940000034
            ],
            [
              89.8761343180002,
              22.750312914000062
            ],
            [
              89.87639181700013,
              22.750313113000118
            ],
            [
              89.87722849300008,
              22.750372479000077
            ],
            [
              89.87883747300015,
              22.750314988000014
            ],
            [
              89.88051052100019,
              22.750435945
            ],
            [
              89.88200946300003,
              22.75049766700016
            ],
            [
              89.88347077800006,
              22.750557826000033
            ],
            [
              89.8874610370001,
              22.750321295000106
            ],
            [
              89.8875806900001,
              22.750210226999968
            ],
            [
              89.88784836000008,
              22.749009419000117
            ],
            [
              89.88862195900003,
              22.74727774500019
            ],
            [
              89.89029537800019,
              22.747278905000087
            ],
            [
              89.89087395600012,
              22.747697109000057
            ],
            [
              89.89125987000006,
              22.74811518299998
            ],
            [
              89.89164597300015,
              22.748293859000057
            ],
            [
              89.89248233600017,
              22.748355402000072
            ],
            [
              89.8927393240001,
              22.7490127800001
            ],
            [
              89.8934471550001,
              22.749191669000083
            ],
            [
              89.89441235300006,
              22.74954914200009
            ],
            [
              89.89518427700017,
              22.74990873800016
            ],
            [
              89.8956347510001,
              22.749909033000108
            ],
            [
              89.89589681600006,
              22.749909205000108
            ],
            [
              89.8959564750001,
              22.74990924500014
            ],
            [
              89.89614954000018,
              22.749789674000112
            ],
            [
              89.8962141990001,
              22.749611297000172
            ],
            [
              89.89621487500017,
              22.748714702000143
            ],
            [
              89.89621546400014,
              22.7479400630001
            ],
            [
              89.89679476800006,
              22.747820739000133
            ],
            [
              89.89718071300013,
              22.747820990000093
            ],
            [
              89.89775970400018,
              22.7481194720001
            ],
            [
              89.89846749500003,
              22.74835932000002
            ],
            [
              89.8993680850001,
              22.748836417000177
            ],
            [
              89.89988290600019,
              22.74907613500011
            ],
            [
              89.90071963000014,
              22.74907665700016
            ],
            [
              89.90194255200004,
              22.748718323000162
            ],
            [
              89.90252215000004,
              22.748183429000164
            ],
            [
              89.90258666700015,
              22.747765659000038
            ],
            [
              89.90258709400007,
              22.747167173000093
            ],
            [
              89.90226580100006,
              22.746570751000093
            ],
            [
              89.90123681000011,
              22.745614802000148
            ],
            [
              89.90099960300012,
              22.74535051200013
            ],
            [
              89.90059389800018,
              22.74489848100012
            ],
            [
              89.90052989400004,
              22.744182518000116
            ],
            [
              89.90059463600005,
              22.743884446000152
            ],
            [
              89.90072342300016,
              22.743823547000034
            ],
            [
              89.90123809800019,
              22.743823865000024
            ],
            [
              89.90168855100006,
              22.743824145000076
            ],
            [
              89.90246054800008,
              22.744064014000116
            ],
            [
              89.90355434999998,
              22.74460218200005
            ],
            [
              89.90439045100015,
              22.745020493000084
            ],
            [
              89.905484554,
              22.745140844000048
            ],
            [
              89.90651421900003,
              22.745141449000187
            ],
            [
              89.90715764400005,
              22.745141824000086
            ],
            [
              89.907190313,
              22.744990528000187
            ],
            [
              89.90722237400007,
              22.744841489
            ],
            [
              89.90722257800013,
              22.74454337700007
            ],
            [
              89.90683658100005,
              22.74418632100003
            ],
            [
              89.90619377000007,
              22.743289346000154
            ],
            [
              89.90471445500015,
              22.742154738000067
            ],
            [
              89.90413563800013,
              22.74161688500004
            ],
            [
              89.90397412300018,
              22.74075224600017
            ],
            [
              89.90387910900012,
              22.740243605000103
            ],
            [
              89.90355833000018,
              22.738931259000026
            ],
            [
              89.9037519950001,
              22.737917342000117
            ],
            [
              89.90433183500011,
              22.736962372000107
            ],
            [
              89.90446082600005,
              22.73660335500017
            ],
            [
              89.90446111600005,
              22.736185547000048
            ],
            [
              89.90439721400008,
              22.735291169000163
            ],
            [
              89.90446190200015,
              22.735051814000144
            ],
            [
              89.90478089400006,
              22.734993284000097
            ],
            [
              89.90527829100012,
              22.734993579000047
            ],
            [
              89.90536274600004,
              22.73499362900003
            ],
            [
              89.90594191700012,
              22.73505269200001
            ],
            [
              89.90652099900007,
              22.735172728
            ],
            [
              89.90677843100002,
              22.735231597
            ],
            [
              89.90703531900016,
              22.7356495570001
            ],
            [
              89.90735667000018,
              22.736605063000127
            ],
            [
              89.90979942000018,
              22.736026041
            ],
            [
              89.9098666910001,
              22.73601027100011
            ],
            [
              89.90941740199997,
              22.734277797000118
            ],
            [
              89.90941775600004,
              22.733742547000077
            ],
            [
              89.9100614800002,
              22.73320540400016
            ],
            [
              89.91038312700005,
              22.733264304000045
            ],
            [
              89.91089787400011,
              22.733562704
            ],
            [
              89.91302851200015,
              22.732784653000067
            ],
            [
              89.91372992200013,
              22.732310826
            ],
            [
              89.91418056200013,
              22.731954238000185
            ],
            [
              89.91450276400013,
              22.73111878700007
            ],
            [
              89.9145464360002,
              22.73084985899999
            ],
            [
              89.9146967590001,
              22.72992417800009
            ],
            [
              89.91469701600005,
              22.72950636800016
            ],
            [
              89.914053917,
              22.72861168300011
            ],
            [
              89.91341102000018,
              22.727893152999968
            ],
            [
              89.9133721610001,
              22.727736966000123
            ],
            [
              89.91321826200004,
              22.72711840500017
            ],
            [
              89.91282372699999,
              22.72564506700013
            ],
            [
              89.91275010200008,
              22.725370119000104
            ],
            [
              89.91379420800013,
              22.724914480000166
            ],
            [
              89.91521445200004,
              22.724445484000114
            ],
            [
              89.91536785900018,
              22.724395881000135
            ],
            [
              89.9162073990002,
              22.724171002000105
            ],
            [
              89.91633913300006,
              22.724135715000102
            ],
            [
              89.91694144100018,
              22.723974378000037
            ],
            [
              89.9187949630001,
              22.723586877
            ],
            [
              89.91960373000012,
              22.72343236300003
            ],
            [
              89.92082284800006,
              22.723199443000112
            ],
            [
              89.92101455200014,
              22.723166428000127
            ],
            [
              89.92232661600013,
              22.72294046200011
            ],
            [
              89.92398476500011,
              22.722621978
            ],
            [
              89.92417979100009,
              22.72258451700003
            ],
            [
              89.92527069000005,
              22.722337477
            ],
            [
              89.92591689400001,
              22.722103964000155
            ],
            [
              89.925948866,
              22.722096201000113
            ],
            [
              89.92668873400015,
              22.721916536000094
            ],
            [
              89.9270471480001,
              22.72180669000005
            ],
            [
              89.92714090700014,
              22.721806731000186
            ],
            [
              89.92718270600017,
              22.7218067500001
            ],
            [
              89.92728157600015,
              22.72190396100001
            ],
            [
              89.92736168800019,
              22.72203493300003
            ],
            [
              89.92743152800011,
              22.72232630600007
            ],
            [
              89.92753627400009,
              22.72278029900008
            ],
            [
              89.92792055400008,
              22.723494138999968
            ],
            [
              89.92816478500015,
              22.724336649000065
            ],
            [
              89.92833895900014,
              22.725310111000113
            ],
            [
              89.92829288100006,
              22.726138467000112
            ],
            [
              89.92826860900004,
              22.72657480600003
            ],
            [
              89.92816265100015,
              22.728424419000078
            ],
            [
              89.92795195100013,
              22.730368838000118
            ],
            [
              89.92795150100005,
              22.73122704300016
            ],
            [
              89.92795142300008,
              22.731375754000112
            ],
            [
              89.92795135500006,
              22.731504831000052
            ],
            [
              89.92795278699998,
              22.731544265000082
            ],
            [
              89.92798555700006,
              22.73244661600006
            ],
            [
              89.92819477000006,
              22.73393727900003
            ],
            [
              89.92842457700016,
              22.735373757000048
            ],
            [
              89.92843866800013,
              22.735461831000066
            ],
            [
              89.92871760000014,
              22.736923165000178
            ],
            [
              89.92896167600009,
              22.73812250200018
            ],
            [
              89.92900361600016,
              22.73823544400011
            ],
            [
              89.92931088900008,
              22.739062167000043
            ],
            [
              89.92987012500004,
              22.739972560000126
            ],
            [
              89.93077865800012,
              22.741106691000084
            ],
            [
              89.93154750300005,
              22.742243015000156
            ],
            [
              89.93170806800009,
              22.742514095000047
            ],
            [
              89.93190641000018,
              22.74285012700011
            ],
            [
              89.93214141600009,
              22.743248270000095
            ],
            [
              89.93245590300006,
              22.743702349000102
            ],
            [
              89.93273527700012,
              22.744384513000057
            ],
            [
              89.93297952700004,
              22.74532412600007
            ],
            [
              89.93301397400018,
              22.74646013100005
            ],
            [
              89.93308784000004,
              22.747911650000106
            ],
            [
              89.93311798800005,
              22.748504057000048
            ],
            [
              89.93318761600017,
              22.749280984999984
            ],
            [
              89.93329188000007,
              22.750188920000085
            ],
            [
              89.93339650800004,
              22.75096812099997
            ],
            [
              89.93339633599999,
              22.75132495500003
            ],
            [
              89.93336119200012,
              22.751616275000117
            ],
            [
              89.9331978680001,
              22.75197981600013
            ],
            [
              89.93243721600004,
              22.752505628999984
            ],
            [
              89.93141511000005,
              22.753212163
            ],
            [
              89.93068554600006,
              22.753685409000127
            ],
            [
              89.93012775900019,
              22.754047223000043
            ],
            [
              89.92809327100008,
              22.754360426000062
            ],
            [
              89.92740695000003,
              22.754466077000018
            ],
            [
              89.92711684900013,
              22.754511116000117
            ],
            [
              89.9270383120001,
              22.754522371000064
            ],
            [
              89.92510759700014,
              22.754521478000072
            ],
            [
              89.92204901900004,
              22.75386565100007
            ],
            [
              89.921761291,
              22.753803951000123
            ],
            [
              89.91712821800007,
              22.752369772000065
            ],
            [
              89.91586058600018,
              22.752278418000117
            ],
            [
              89.91545511500016,
              22.752249195000104
            ],
            [
              89.91416789300001,
              22.752248512000165
            ],
            [
              89.91356941200019,
              22.75235885100011
            ],
            [
              89.91307138200017,
              22.752450013000043
            ],
            [
              89.91288051800018,
              22.752484949000063
            ],
            [
              89.91043434700003,
              22.753678308000133
            ],
            [
              89.90914655900008,
              22.75451319600012
            ],
            [
              89.9086371370002,
              22.754985079000164
            ],
            [
              89.90824502000015,
              22.755348299000048
            ],
            [
              89.90734323200013,
              22.75654249000013
            ],
            [
              89.90724736000004,
              22.75689692700007
            ],
            [
              89.90695599100019,
              22.75797410600012
            ],
            [
              89.90695485700007,
              22.75964534000019
            ],
            [
              89.90731144199998,
              22.761303993000013
            ],
            [
              89.90733993000003,
              22.76143650000006
            ],
            [
              89.907701347,
              22.764584802000172
            ],
            [
              89.90772366300007,
              22.764779194000084
            ],
            [
              89.90779014400016,
              22.765399940000123
            ],
            [
              89.9078516240001,
              22.76597397600017
            ],
            [
              89.90773990800011,
              22.76761328000009
            ],
            [
              89.9077215760002,
              22.767882270000143
            ],
            [
              89.90707674900005,
              22.769792525000184
            ],
            [
              89.90668955200005,
              22.771106701
            ],
            [
              89.9068167800001,
              22.773374233000084
            ],
            [
              89.907330904,
              22.774806375000082
            ],
            [
              89.90797414800011,
              22.7752855330001
            ],
            [
              89.91065144000015,
              22.77630140700012
            ],
            [
              89.91080557200007,
              22.776359890000094
            ],
            [
              89.91163461900004,
              22.776474554000174
            ],
            [
              89.91222949300004,
              22.77655682700015
            ],
            [
              89.91243371500008,
              22.776585072000103
            ],
            [
              89.91428129600007,
              22.77684058200009
            ],
            [
              89.91543381300016,
              22.776956376000044
            ],
            [
              89.91575631800009,
              22.776988333000133
            ],
            [
              89.91585806200015,
              22.776998415000094
            ],
            [
              89.91603085900016,
              22.77701553800017
            ],
            [
              89.91649687900019,
              22.77706171400007
            ],
            [
              89.91652029600004,
              22.777180954000187
            ],
            [
              89.91669830500012,
              22.778087381000148
            ],
            [
              89.91689917300005,
              22.778609843000027
            ],
            [
              89.9173416970001,
              22.779760848000137
            ],
            [
              89.91824023900017,
              22.780907836000154
            ],
            [
              89.91857802100009,
              22.78133900900002
            ],
            [
              89.91888688800015,
              22.782104027000116
            ],
            [
              89.92099969900005,
              22.783634807000112
            ],
            [
              89.92158766800014,
              22.783650739
            ],
            [
              89.9228757690002,
              22.783685634000165
            ],
            [
              89.92429176500013,
              22.78368631100011
            ],
            [
              89.92513985900013,
              22.783630399000117
            ],
            [
              89.92650802000009,
              22.78305508300008
            ],
            [
              89.92818206400005,
              22.782696758000043
            ],
            [
              89.92937711800016,
              22.782512101000123
            ],
            [
              89.92972695500009,
              22.782458053000084
            ],
            [
              89.93165818000006,
              22.782221756000183
            ],
            [
              89.93197964100011,
              22.7822218930001
            ],
            [
              89.93266093800008,
              22.78213852600004
            ],
            [
              89.93420600400003,
              22.782139172000086
            ],
            [
              89.93510710900006,
              22.782256979000124
            ],
            [
              89.93600821600012,
              22.78237704000003
            ],
            [
              89.93703794100014,
              22.782856235000168
            ],
            [
              89.93909681000002,
              22.783105460000115
            ],
            [
              89.93999884400006,
              22.78321420500015
            ],
            [
              89.93999864200003,
              22.783681655000066
            ],
            [
              89.9394829690001,
              22.785601164000184
            ],
            [
              89.93839283000005,
              22.788069199
            ],
            [
              89.93832303600016,
              22.788227265000103
            ],
            [
              89.93703481700004,
              22.789660856000182
            ],
            [
              89.9354209010001,
              22.791271049999978
            ],
            [
              89.93539510599999,
              22.7912967850001
            ],
            [
              89.93536039300005,
              22.791331417000094
            ],
            [
              89.93465063400004,
              22.791949691000127
            ],
            [
              89.93317065300005,
              22.793238880000104
            ],
            [
              89.93245527300002,
              22.79359766800013
            ],
            [
              89.93007978500015,
              22.794791348000103
            ],
            [
              89.92968587400014,
              22.794962649000183
            ],
            [
              89.92963362400008,
              22.79498537100011
            ],
            [
              89.92789041500015,
              22.795743426
            ],
            [
              89.92441324500004,
              22.79693651900004
            ],
            [
              89.92074868900005,
              22.797519849000025
            ],
            [
              89.9206790720001,
              22.797530930000107
            ],
            [
              89.91850779400005,
              22.79827702600005
            ],
            [
              89.9180998970001,
              22.798417184000073
            ],
            [
              89.91681511400014,
              22.799200188000043
            ],
            [
              89.9162426600002,
              22.799732877000167
            ],
            [
              89.9161710690002,
              22.79979833100009
            ],
            [
              89.91617063000007,
              22.80051425000005
            ],
            [
              89.91617056899997,
              22.80061410500008
            ],
            [
              89.91617011900013,
              22.801349862999984
            ],
            [
              89.91642699200014,
              22.80254244100007
            ],
            [
              89.91668386600008,
              22.80373727700004
            ],
            [
              89.91719768200016,
              22.80552846900008
            ],
            [
              89.91745449600012,
              22.80684074200019
            ],
            [
              89.91745392200005,
              22.807796053000118
            ],
            [
              89.91737281100018,
              22.808990710000103
            ],
            [
              89.91768572200004,
              22.809194130000037
            ],
            [
              89.92054220300002,
              22.8111301670001
            ],
            [
              89.92721638800009,
              22.815653312000165
            ],
            [
              89.92965681700014,
              22.81722150900015
            ],
            [
              89.92976621500014,
              22.81729180500008
            ],
            [
              89.9305702040001,
              22.817807078000044
            ],
            [
              89.93070038300016,
              22.81789075400019
            ],
            [
              89.93272383300007,
              22.819191359000058
            ],
            [
              89.93278523300017,
              22.819230825000147
            ],
            [
              89.93311156000004,
              22.819492937000177
            ],
            [
              89.93548841100016,
              22.82139440000003
            ],
            [
              89.93589087400017,
              22.821716358000174
            ],
            [
              89.93759932000012,
              22.82314193500008
            ],
            [
              89.93803276800008,
              22.82350360900017
            ],
            [
              89.9383387690001,
              22.823645686000134
            ],
            [
              89.93968102600007,
              22.82426889200019
            ],
            [
              89.93974636000013,
              22.824299226
            ],
            [
              89.94146057400002,
              22.82439923400011
            ],
            [
              89.94174886200011,
              22.82439934100006
            ],
            [
              89.94237176000013,
              22.824399569000036
            ],
            [
              89.94263914400005,
              22.824399662000133
            ],
            [
              89.94317499700003,
              22.824002376000124
            ],
            [
              89.943317326,
              22.823738191000018
            ],
            [
              89.9436038120001,
              22.823207567
            ],
            [
              89.94381826800009,
              22.822315572000036
            ],
            [
              89.94424733700015,
              22.821620131000145
            ],
            [
              89.94431510600015,
              22.821604440000158
            ],
            [
              89.94452977600014,
              22.82160451400017
            ],
            [
              89.94511196399998,
              22.8218079720001
            ],
            [
              89.94538661700005,
              22.821902922000163
            ],
            [
              89.94598333700009,
              22.82213375000009
            ],
            [
              89.94667217000011,
              22.82240020600011
            ],
            [
              89.94778108100013,
              22.822947111000133
            ],
            [
              89.94826995600016,
              22.823189011000068
            ],
            [
              89.94892125700017,
              22.823789867000073
            ],
            [
              89.9489816360001,
              22.826462537000054
            ],
            [
              89.94898539100012,
              22.8266287510001
            ],
            [
              89.94902671800008,
              22.828458037000132
            ],
            [
              89.94903421900005,
              22.82876830000015
            ],
            [
              89.94910942800016,
              22.831879066000113
            ],
            [
              89.94911369900007,
              22.83205571000019
            ],
            [
              89.94912995499999,
              22.832730895000168
            ],
            [
              89.9491322950002,
              22.83282809100001
            ],
            [
              89.9489752400001,
              22.834279069
            ],
            [
              89.94896058000012,
              22.83441450700019
            ],
            [
              89.94880987100015,
              22.83580682900009
            ],
            [
              89.94868730600007,
              22.83615458300011
            ],
            [
              89.94827068200004,
              22.83733959
            ],
            [
              89.94750747000012,
              22.83951034200004
            ],
            [
              89.94730823999998,
              22.84007698700009
            ],
            [
              89.94724399300009,
              22.840200880000168
            ],
            [
              89.9462775130001,
              22.842064576000155
            ],
            [
              89.94602134400009,
              22.84255854300011
            ],
            [
              89.94486588100017,
              22.8438079230001
            ],
            [
              89.94473514700019,
              22.843949280000118
            ],
            [
              89.94361339600016,
              22.845068574000038
            ],
            [
              89.94326297900005,
              22.84531915400015
            ],
            [
              89.94232238600011,
              22.84596310300003
            ],
            [
              89.94159477900007,
              22.84610437000009
            ],
            [
              89.93926924800007,
              22.84655585800016
            ],
            [
              89.93789646600004,
              22.84682235700012
            ],
            [
              89.93706817200007,
              22.847070458000132
            ],
            [
              89.93650564200004,
              22.847616765999987
            ],
            [
              89.93591357200012,
              22.848795414
            ],
            [
              89.93502499300018,
              22.850879560000124
            ],
            [
              89.93393126300015,
              22.852748119000125
            ],
            [
              89.93386991200009,
              22.852852931000086
            ],
            [
              89.93366244900011,
              22.853539398000123
            ],
            [
              89.9334879060001,
              22.854073803
            ],
            [
              89.933369733,
              22.854435616000046
            ],
            [
              89.93327746200009,
              22.854718123000055
            ],
            [
              89.93247359100013,
              22.856339901000126
            ],
            [
              89.93212244900019,
              22.857048304000045
            ],
            [
              89.93141702100013,
              22.85823623699997
            ],
            [
              89.93137889700017,
              22.858300436000093
            ],
            [
              89.9311450300001,
              22.858694260000163
            ],
            [
              89.92993130400004,
              22.860145881000108
            ],
            [
              89.92965327900004,
              22.860371117000057
            ],
            [
              89.92929705600011,
              22.860659700000042
            ],
            [
              89.92803667200008,
              22.861680747000094
            ],
            [
              89.92735598400009,
              22.861983063000025
            ],
            [
              89.92489976100018,
              22.862612021000018
            ],
            [
              89.92409481800007,
              22.863087227999983
            ],
            [
              89.9217921390001,
              22.864446599000132
            ],
            [
              89.92162268100009,
              22.8645955720001
            ],
            [
              89.92004541100016,
              22.865981445000102
            ],
            [
              89.91880162799998,
              22.867462322000165
            ],
            [
              89.918612844,
              22.867819055000098
            ],
            [
              89.91847208200011,
              22.868085049000058
            ],
            [
              89.91809071600017,
              22.868805704000124
            ],
            [
              89.91770531400005,
              22.86987372900012
            ],
            [
              89.91758406600013,
              22.87037318600011
            ],
            [
              89.91737914300018,
              22.871217305000073
            ],
            [
              89.91737182300011,
              22.87137595300004
            ],
            [
              89.91728931500018,
              22.873163995000027
            ],
            [
              89.91728884800006,
              22.873931849000144
            ],
            [
              89.91768112400018,
              22.875584821000132
            ],
            [
              89.91773160100018,
              22.87579751500016
            ],
            [
              89.9179677910002,
              22.8766738920001
            ],
            [
              89.91808557100018,
              22.877387608000163
            ],
            [
              89.9181440320001,
              22.878458116000104
            ],
            [
              89.91811407000012,
              22.87914239400004
            ],
            [
              89.91789957200012,
              22.879817305000017
            ],
            [
              89.91781768400011,
              22.880074961000048
            ],
            [
              89.91696354500004,
              22.88084011100011
            ],
            [
              89.916840697,
              22.880950708000114
            ],
            [
              89.91601469000017,
              22.881376152000144
            ],
            [
              89.91524190900009,
              22.881774174000043
            ],
            [
              89.91455817700017,
              22.881922163000127
            ],
            [
              89.91373268200016,
              22.882100831000116
            ],
            [
              89.9115999510002,
              22.882251965000023
            ],
            [
              89.911424097,
              22.882264426000063
            ],
            [
              89.90958934600019,
              22.88231985400006
            ],
            [
              89.90872312900018,
              22.88218866700015
            ],
            [
              89.90861295700012,
              22.882171982000102
            ],
            [
              89.90704470300005,
              22.88193446000014
            ],
            [
              89.90319777600018,
              22.881767305000096
            ],
            [
              89.90312708900007,
              22.881771776
            ],
            [
              89.90171276200005,
              22.881849954000074
            ],
            [
              89.90127402300004,
              22.881874522000146
            ],
            [
              89.90120884200007,
              22.88187687200019
            ],
            [
              89.90019738700016,
              22.881913331000078
            ],
            [
              89.89899535100017,
              22.88195665100011
            ],
            [
              89.89659826500008,
              22.88189865300012
            ],
            [
              89.89552739700014,
              22.882078361000083
            ],
            [
              89.89431935300018,
              22.88228108000004
            ],
            [
              89.89198252500012,
              22.882302093000078
            ],
            [
              89.8917884670002,
              22.88230407400016
            ],
            [
              89.89136008100013,
              22.882308445000092
            ],
            [
              89.8899172830001,
              22.882546841000078
            ],
            [
              89.88988010800011,
              22.882553591000146
            ],
            [
              89.88970211600014,
              22.88261388900014
            ],
            [
              89.88842978200006,
              22.883044910000024
            ],
            [
              89.88705091200018,
              22.88339504000004
            ],
            [
              89.8860616830001,
              22.88364622200004
            ],
            [
              89.88564452200018,
              22.883803870000122
            ],
            [
              89.88416723800015,
              22.88435850500008
            ],
            [
              89.88295953900013,
              22.885037398
            ],
            [
              89.88182834000008,
              22.885673425000164
            ],
            [
              89.8798743370001,
              22.88649401500004
            ],
            [
              89.87842357900018,
              22.887041702000147
            ],
            [
              89.87768361800016,
              22.887260198000092
            ],
            [
              89.8746644740001,
              22.88799860000006
            ],
            [
              89.8735075150002,
              22.88823394000019
            ],
            [
              89.87293324500013,
              22.888350750000086
            ],
            [
              89.87265167200019,
              22.888408023000125
            ],
            [
              89.87240668200013,
              22.888392175000035
            ],
            [
              89.87137909100011,
              22.888325699000063
            ],
            [
              89.8713337980002,
              22.888322399000117
            ],
            [
              89.87119067300017,
              22.888311972000054
            ],
            [
              89.87084420000019,
              22.888286731
            ],
            [
              89.87056926399998,
              22.888266701000134
            ],
            [
              89.87015648500005,
              22.888236626000037
            ],
            [
              89.87022167300012,
              22.88789537000008
            ],
            [
              89.87060869000004,
              22.885869348000085
            ],
            [
              89.87087011900013,
              22.884500736
            ],
            [
              89.87096755900018,
              22.883990622000113
            ],
            [
              89.87115616800008,
              22.88300320400009
            ],
            [
              89.87125593900004,
              22.88248087500017
            ],
            [
              89.87131862700011,
              22.882152677000192
            ],
            [
              89.87136760800013,
              22.881896246000167
            ],
            [
              89.87134951700017,
              22.881811915000014
            ],
            [
              89.87129250600015,
              22.881479904
            ],
            [
              89.87113827500008,
              22.880906141000082
            ],
            [
              89.87108686500011,
              22.880714887000067
            ],
            [
              89.87099494600005,
              22.880399314000158
            ],
            [
              89.87075261300015,
              22.879567341000154
            ],
            [
              89.87070120300018,
              22.879376086000036
            ],
            [
              89.87064979500019,
              22.879184832000192
            ],
            [
              89.87049572800015,
              22.878443758000174
            ],
            [
              89.87047975200005,
              22.877924938000035
            ],
            [
              89.87047070400018,
              22.877631085000132
            ],
            [
              89.87013623700017,
              22.876722552000047
            ],
            [
              89.86999524800012,
              22.87638573600003
            ],
            [
              89.86977593500018,
              22.875861801000156
            ],
            [
              89.86965835100006,
              22.87536715800013
            ],
            [
              89.86969006900017,
              22.87524638600013
            ],
            [
              89.86831260200017,
              22.875673710000115
            ],
            [
              89.86826633300012,
              22.875688326999978
            ],
            [
              89.86717545800002,
              22.876032940000186
            ],
            [
              89.86576167400011,
              22.87655386700004
            ],
            [
              89.86465082700016,
              22.876963162000038
            ],
            [
              89.86370877700017,
              22.877310255000054
            ],
            [
              89.86345441300011,
              22.877403973000185
            ],
            [
              89.86322746100012,
              22.877487590999976
            ],
            [
              89.86228744500016,
              22.877783626000053
            ],
            [
              89.8611913690001,
              22.878128800000013
            ],
            [
              89.86095680300019,
              22.878202668000085
            ],
            [
              89.86029415600018,
              22.878551250000157
            ],
            [
              89.86026033400003,
              22.878569042000038
            ],
            [
              89.86010236400011,
              22.87865214100009
            ],
            [
              89.85966915900008,
              22.87888002300008
            ],
            [
              89.85945989400005,
              22.87899010400008
            ],
            [
              89.85878414500019,
              22.87931136700007
            ],
            [
              89.85842254800002,
              22.879483274
            ],
            [
              89.85753295500007,
              22.879906192000192
            ],
            [
              89.85663673200008,
              22.88033225400011
            ],
            [
              89.8549435000001,
              22.881137189000185
            ],
            [
              89.85491472400008,
              22.88115756500008
            ],
            [
              89.85207801900009,
              22.883166180000103
            ],
            [
              89.85114895700013,
              22.883547739000107
            ],
            [
              89.85076904500016,
              22.883433980000063
            ],
            [
              89.85060119600018,
              22.883383720000154
            ],
            [
              89.85052290300001,
              22.88336027600019
            ],
            [
              89.85041292000005,
              22.883327344000122
            ],
            [
              89.84974849600019,
              22.883128389000092
            ],
            [
              89.84963900700006,
              22.88309560400012
            ],
            [
              89.84958245500019,
              22.883078670000145
            ],
            [
              89.84903814200004,
              22.88315224400003
            ],
            [
              89.84895674,
              22.883163246000038
            ],
            [
              89.8488598030001,
              22.883175308000148
            ],
            [
              89.84862207400005,
              22.88320488800008
            ],
            [
              89.847618097,
              22.88332980400014
            ],
            [
              89.84753257800014,
              22.883340444000112
            ],
            [
              89.8473418760002,
              22.88336417100004
            ],
            [
              89.84712016600014,
              22.883391755
            ],
            [
              89.84695650600008,
              22.88341211700009
            ],
            [
              89.84672574000018,
              22.88344338200011
            ],
            [
              89.84665426600014,
              22.883468849000167
            ],
            [
              89.84581232700003,
              22.883768851000127
            ],
            [
              89.84546853900014,
              22.88360904900003
            ],
            [
              89.84535694800007,
              22.883577102000174
            ],
            [
              89.84477198200017,
              22.8834096330001
            ],
            [
              89.84313773800011,
              22.883134766000182
            ],
            [
              89.84206613700019,
              22.88293496400013
            ],
            [
              89.84131632900016,
              22.882685795000043
            ],
            [
              89.84021827400016,
              22.88218785000015
            ],
            [
              89.83939076600007,
              22.88190789700019
            ],
            [
              89.83933447700014,
              22.881888854000124
            ],
            [
              89.83877193200004,
              22.881739232000143
            ],
            [
              89.83847730600019,
              22.881492767999987
            ],
            [
              89.83837018100013,
              22.88139329000012
            ],
            [
              89.83826324500012,
              22.88139318100002
            ],
            [
              89.83814020500006,
              22.881393054000114
            ],
            [
              89.83794139600008,
              22.881492222000134
            ],
            [
              89.83786067300002,
              22.88173830500017
            ],
            [
              89.83778022200005,
              22.882011487000057
            ],
            [
              89.8376726250001,
              22.882309484000075
            ]
          ]
        ]
      }
    }
  ]
}