{
  "type": "FeatureCollection",
  "features": [
    {
      "type": "Feature",
      "properties": {
        "adm3_name": "Harinakundu",
        "adm3_name1": null,
        "adm3_name2": null,
        "adm3_name3": null,
        "adm3_pcode": "BD40440014",
        "adm2_name": "Jhenaidah",
        "adm2_name1": null,
        "adm2_name2": null,
        "adm2_name3": null,
        "adm2_pcode": "BD4044",
        "adm1_name": "Khulna",
        "adm1_name1": null,
        "adm1_name2": null,
        "adm1_name3": null,
        "adm1_pcode": "BD40",
        "adm0_name": "Bangladesh",
        "adm0_name1": null,
        "adm0_name2": null,
        "adm0_name3": null,
        "adm0_pcode": "BD",
        "valid_on": "2023-05-21",
        "valid_to": null,
        "area_sqkm": 228.65935496,
        "version": "v03",
        "lang": "en",
        "lang1": null,
        "lang2": null,
        "lang3": null,
        "adm3_ref_name": null,
        "center_lat": 23.64350865,
        "center_lon": 89.07686969
      },
      "geometry": {
        "type": "Polygon",
        "coordinates": [
          [
            [
              89.06991374500012,
              23.756092404000185
            ],
            [
              89.06934488400003,
              23.756400575000043
            ],
            [
              89.06911316800006,
              23.756558436000034
            ],
            [
              89.06888914900009,
              23.756711683
            ],
            [
              89.06866007500014,
              23.75705802500005
            ],
            [
              89.06860577000015,
              23.757678907000127
            ],
            [
              89.06857796200018,
              23.757996833000107
            ],
            [
              89.06858927500014,
              23.758044319000135
            ],
            [
              89.06870370600012,
              23.758522361000075
            ],
            [
              89.06876140100019,
              23.75876338200004
            ],
            [
              89.06924536700006,
              23.76015747000008
            ],
            [
              89.06935367000005,
              23.76046943700004
            ],
            [
              89.06995038200006,
              23.761552324000036
            ],
            [
              89.07042467800005,
              23.762727411000185
            ],
            [
              89.07047021100016,
              23.76284022100009
            ],
            [
              89.0709495380001,
              23.764477853000074
            ],
            [
              89.07120037200008,
              23.765765082000087
            ],
            [
              89.07132264900014,
              23.766392572000143
            ],
            [
              89.07136533400006,
              23.76698892500019
            ],
            [
              89.07137119700008,
              23.76707024400008
            ],
            [
              89.0713710710001,
              23.767779238000116
            ],
            [
              89.07120310100004,
              23.768674630000135
            ],
            [
              89.07104307300011,
              23.76961748400015
            ],
            [
              89.07078349300014,
              23.77037007299998
            ],
            [
              89.07031044600018,
              23.77116879400006
            ],
            [
              89.0698482050002,
              23.771439222000083
            ],
            [
              89.06971535900004,
              23.771516072000054
            ],
            [
              89.06958552900016,
              23.77159117700012
            ],
            [
              89.06871603100012,
              23.771773346000032
            ],
            [
              89.06816109500005,
              23.77184953000011
            ],
            [
              89.06773922900015,
              23.77190744500018
            ],
            [
              89.06756315500013,
              23.77190638100012
            ],
            [
              89.06743333300005,
              23.771905597000057
            ],
            [
              89.06724173600008,
              23.771904440000014
            ],
            [
              89.06715508000002,
              23.771903916000156
            ],
            [
              89.06708919500016,
              23.7719035180001
            ],
            [
              89.06701779200006,
              23.77190308700017
            ],
            [
              89.0669142590001,
              23.771902462000014
            ],
            [
              89.06681948900007,
              23.771901889000105
            ],
            [
              89.06676582900008,
              23.771901565000064
            ],
            [
              89.0667202370002,
              23.771901289000027
            ],
            [
              89.06665039500012,
              23.77190086700017
            ],
            [
              89.06658548400014,
              23.771900475000166
            ],
            [
              89.0664433280001,
              23.771899615000052
            ],
            [
              89.06640113700007,
              23.771899360000134
            ],
            [
              89.06628536200003,
              23.7718981430001
            ],
            [
              89.0662122710001,
              23.771894535000172
            ],
            [
              89.06610523200004,
              23.771889250000186
            ],
            [
              89.06605296300006,
              23.77188667000013
            ],
            [
              89.06598459399999,
              23.771883295000123
            ],
            [
              89.06586872800017,
              23.77187750300004
            ],
            [
              89.06584012200011,
              23.7718760730001
            ],
            [
              89.06570078400017,
              23.77186910600011
            ],
            [
              89.06521388300007,
              23.77184476300016
            ],
            [
              89.06403152200005,
              23.7716479340001
            ],
            [
              89.06228442100019,
              23.771258005000107
            ],
            [
              89.06192483100011,
              23.771159334
            ],
            [
              89.06105584600004,
              23.770920881999984
            ],
            [
              89.06082576200004,
              23.77085137900019
            ],
            [
              89.059461537,
              23.770439273000022
            ],
            [
              89.05812618100003,
              23.76981471700003
            ],
            [
              89.05713484300009,
              23.769172342000104
            ],
            [
              89.05695128800005,
              23.76905340000002
            ],
            [
              89.05582221200007,
              23.76813330200008
            ],
            [
              89.05572294100011,
              23.768052404000173
            ],
            [
              89.054700632,
              23.767102335000175
            ],
            [
              89.05441803100018,
              23.766707439000186
            ],
            [
              89.05409040000018,
              23.766249615000106
            ],
            [
              89.05338096600008,
              23.765206621000175
            ],
            [
              89.05289589400007,
              23.76415759500003
            ],
            [
              89.05287734000012,
              23.76411747000003
            ],
            [
              89.0527641590001,
              23.763578122000126
            ],
            [
              89.05267902800006,
              23.76317243799997
            ],
            [
              89.05258743600012,
              23.76180357000004
            ],
            [
              89.05261479600011,
              23.76086217800014
            ],
            [
              89.05262947000006,
              23.760361392000107
            ],
            [
              89.05265633600015,
              23.75944445400006
            ],
            [
              89.05274014600019,
              23.75917817800007
            ],
            [
              89.05339221300005,
              23.757106427000167
            ],
            [
              89.0534422390001,
              23.756947481000168
            ],
            [
              89.05373547200008,
              23.756433205000064
            ],
            [
              89.05618252000005,
              23.752141357000028
            ],
            [
              89.05647120200013,
              23.75163502000015
            ],
            [
              89.05759862800016,
              23.749724910000054
            ],
            [
              89.0577407990001,
              23.749483943000087
            ],
            [
              89.05860744800015,
              23.74801502800011
            ],
            [
              89.0592165220001,
              23.746546558000148
            ],
            [
              89.05923304700013,
              23.74650827700009
            ],
            [
              89.05960694700013,
              23.74537932200019
            ],
            [
              89.05982052500008,
              23.744201976000113
            ],
            [
              89.06019453,
              23.742928514000084
            ],
            [
              89.06042706900018,
              23.742135828000073
            ],
            [
              89.0607743970001,
              23.740951826000128
            ],
            [
              89.06156017100011,
              23.739161534000175
            ],
            [
              89.06180510000007,
              23.738574892000145
            ],
            [
              89.06234627900017,
              23.737278663999973
            ],
            [
              89.06262521000002,
              23.73647427000003
            ],
            [
              89.06277159000007,
              23.736051144000044
            ],
            [
              89.06281930100005,
              23.735913219000054
            ],
            [
              89.06354413600008,
              23.73483379800001
            ],
            [
              89.06396359600012,
              23.734269594000068
            ],
            [
              89.06427656000005,
              23.733849253000187
            ],
            [
              89.06500386900012,
              23.73348574800002
            ],
            [
              89.06539806500007,
              23.73328872899998
            ],
            [
              89.06548564300005,
              23.733220725000024
            ],
            [
              89.06632912600008,
              23.732695203000105
            ],
            [
              89.0670882460002,
              23.732488606000118
            ],
            [
              89.067293329,
              23.732432791000065
            ],
            [
              89.06753849500006,
              23.73236606600011
            ],
            [
              89.06769738500003,
              23.732320154000035
            ],
            [
              89.06916888500012,
              23.731894947000114
            ],
            [
              89.06974611200019,
              23.731757917000152
            ],
            [
              89.07020289900004,
              23.731649477000076
            ],
            [
              89.07074584500003,
              23.73152058100004
            ],
            [
              89.07190735900002,
              23.731032968000136
            ],
            [
              89.07221998400007,
              23.730901723000045
            ],
            [
              89.07338727800004,
              23.730394213000125
            ],
            [
              89.07374654500018,
              23.73023800500016
            ],
            [
              89.0743799280001,
              23.72990543100019
            ],
            [
              89.07465216700012,
              23.72976248400016
            ],
            [
              89.07580541300018,
              23.728516217000163
            ],
            [
              89.07588477200005,
              23.727941504000114
            ],
            [
              89.0759453120001,
              23.727503075000186
            ],
            [
              89.07597114700019,
              23.72731597700016
            ],
            [
              89.07583119800006,
              23.72669559899998
            ],
            [
              89.07581864200012,
              23.72663993800012
            ],
            [
              89.0753492930001,
              23.72620360600007
            ],
            [
              89.07404098800009,
              23.72570662700008
            ],
            [
              89.07393611700002,
              23.725666790000048
            ],
            [
              89.07359183100016,
              23.72549312600006
            ],
            [
              89.07257669800009,
              23.724983522000173
            ],
            [
              89.07066988900016,
              23.72411734299999
            ],
            [
              89.0706357110002,
              23.724101817000133
            ],
            [
              89.07053662500016,
              23.72405680600008
            ],
            [
              89.06922799700004,
              23.723567993000017
            ],
            [
              89.06834037800007,
              23.722937196000146
            ],
            [
              89.06817239200018,
              23.72283840700004
            ],
            [
              89.06734728500004,
              23.722353176000126
            ],
            [
              89.06588348700006,
              23.72157438200003
            ],
            [
              89.06483761000015,
              23.721087119000117
            ],
            [
              89.0637917900001,
              23.720550175000085
            ],
            [
              89.06290284800008,
              23.720111267
            ],
            [
              89.0619087180001,
              23.71972139000019
            ],
            [
              89.06112393000018,
              23.719380194
            ],
            [
              89.06033846500009,
              23.71913382400004
            ],
            [
              89.06024601600018,
              23.719119102000093
            ],
            [
              89.05939505300006,
              23.718983582000078
            ],
            [
              89.05876542100015,
              23.71897975200011
            ],
            [
              89.05781962900005,
              23.719118503000118
            ],
            [
              89.05744739300019,
              23.719229453000082
            ],
            [
              89.05718861700007,
              23.719306585000027
            ],
            [
              89.05629346600017,
              23.719734651000124
            ],
            [
              89.0551334860001,
              23.72049752900017
            ],
            [
              89.05491522200003,
              23.72065181800008
            ],
            [
              89.05344556000011,
              23.721690694000017
            ],
            [
              89.05269894100002,
              23.7223399880001
            ],
            [
              89.05212549600009,
              23.722838677000084
            ],
            [
              89.05114122300012,
              23.723943164000048
            ],
            [
              89.0508026670002,
              23.72432306400009
            ],
            [
              89.05057982100004,
              23.72465813000008
            ],
            [
              89.05037560900018,
              23.724949397000103
            ],
            [
              89.04937079100017,
              23.726382544000103
            ],
            [
              89.04873517800007,
              23.72719826800011
            ],
            [
              89.04789202300003,
              23.727674021000098
            ],
            [
              89.04736626200014,
              23.727731526000184
            ],
            [
              89.04705165400003,
              23.727765936000026
            ],
            [
              89.04608970500016,
              23.727714843000115
            ],
            [
              89.04600681300019,
              23.727691878000087
            ],
            [
              89.04575828300005,
              23.72762303700017
            ],
            [
              89.04547144000003,
              23.727578894000146
            ],
            [
              89.04476385700019,
              23.72745675300007
            ],
            [
              89.04298354800005,
              23.726917388000118
            ],
            [
              89.0405782250001,
              23.725699005000138
            ],
            [
              89.04003964500015,
              23.725364306000074
            ],
            [
              89.03935915000005,
              23.724941409000166
            ],
            [
              89.03909559900018,
              23.72477762300008
            ],
            [
              89.03893336300007,
              23.724580564000064
            ],
            [
              89.03859296100018,
              23.72416709400011
            ],
            [
              89.03842045800019,
              23.72395756200001
            ],
            [
              89.0381615820001,
              23.72347501200005
            ],
            [
              89.03795508300016,
              23.723040204000142
            ],
            [
              89.03795826500004,
              23.72260669999997
            ],
            [
              89.03801421300005,
              23.722126107000122
            ],
            [
              89.03827909900014,
              23.721789063000074
            ],
            [
              89.03891190100006,
              23.721361731000115
            ],
            [
              89.04112299700006,
              23.720411314000046
            ],
            [
              89.04385958700016,
              23.71932186300006
            ],
            [
              89.0446691200001,
              23.71903784700004
            ],
            [
              89.04764748700006,
              23.717997233000062
            ],
            [
              89.04982528400006,
              23.717271805999985
            ],
            [
              89.05090876200018,
              23.71691088400013
            ],
            [
              89.05190940900007,
              23.71643381900003
            ],
            [
              89.05248868200016,
              23.716150609000067
            ],
            [
              89.05270074500004,
              23.71586289100003
            ],
            [
              89.0527255070001,
              23.715781735000064
            ],
            [
              89.05279749300018,
              23.715544680000107
            ],
            [
              89.05283247200015,
              23.715429564000146
            ],
            [
              89.05286172600012,
              23.715333286000032
            ],
            [
              89.05291727300016,
              23.714900101000126
            ],
            [
              89.05286798700018,
              23.714466274000017
            ],
            [
              89.05281938600012,
              23.71393761600018
            ],
            [
              89.05261714300019,
              23.713368151000054
            ],
            [
              89.0525622190001,
              23.71321350000011
            ],
            [
              89.0525287550002,
              23.713159662000123
            ],
            [
              89.05199164000004,
              23.712295536
            ],
            [
              89.05157862200014,
              23.711378537000087
            ],
            [
              89.05116287000004,
              23.710797955000032
            ],
            [
              89.05090347500015,
              23.710449454000013
            ],
            [
              89.0502275400001,
              23.709541314000035
            ],
            [
              89.04944807800007,
              23.708477551000044
            ],
            [
              89.04876712400005,
              23.707582407000075
            ],
            [
              89.04856450600016,
              23.707316053000056
            ],
            [
              89.04762642300011,
              23.706445489000146
            ],
            [
              89.04716345500015,
              23.705753971000092
            ],
            [
              89.04710728700013,
              23.705670076
            ],
            [
              89.0465378290001,
              23.704607593000105
            ],
            [
              89.04565779000018,
              23.702967416000035
            ],
            [
              89.04528403600017,
              23.702375414000073
            ],
            [
              89.04462024800011,
              23.701324004000128
            ],
            [
              89.04428961200011,
              23.70076185700009
            ],
            [
              89.04377080800003,
              23.69987977599999
            ],
            [
              89.04373921600006,
              23.69982606200017
            ],
            [
              89.04296020900017,
              23.69871485400006
            ],
            [
              89.0422325310002,
              23.69779588600005
            ],
            [
              89.04150457200012,
              23.696874654000055
            ],
            [
              89.04096658700007,
              23.696040023000023
            ],
            [
              89.0408820780001,
              23.695908914000086
            ],
            [
              89.04020612700003,
              23.69508734800013
            ],
            [
              89.03958049600004,
              23.694552851000026
            ],
            [
              89.03949854100011,
              23.69450203700012
            ],
            [
              89.03879697400009,
              23.6940670460001
            ],
            [
              89.0380644620002,
              23.693773479000072
            ],
            [
              89.0377949700001,
              23.69371460500014
            ],
            [
              89.0367027530001,
              23.693475995000142
            ],
            [
              89.03582547500014,
              23.693447204000165
            ],
            [
              89.03529809300005,
              23.69342987800013
            ],
            [
              89.03491919600003,
              23.693417443999977
            ],
            [
              89.03329956000016,
              23.693801939000082
            ],
            [
              89.03076723800007,
              23.694403064000028
            ],
            [
              89.02932989500005,
              23.695088433000137
            ],
            [
              89.02897713200008,
              23.695256638000103
            ],
            [
              89.02779902000015,
              23.69592947500007
            ],
            [
              89.02758493900006,
              23.696051738000165
            ],
            [
              89.02752394200007,
              23.69608657400005
            ],
            [
              89.02697490500003,
              23.696400131000132
            ],
            [
              89.02646212600018,
              23.69679273400004
            ],
            [
              89.02485906000004,
              23.698020076000148
            ],
            [
              89.02423115200014,
              23.698500805000037
            ],
            [
              89.02276613300018,
              23.69984546900008
            ],
            [
              89.02196832200013,
              23.70057771900008
            ],
            [
              89.02058577800017,
              23.70184662100013
            ],
            [
              89.01849017400014,
              23.705001227000025
            ],
            [
              89.0184640540001,
              23.70504054800017
            ],
            [
              89.01708331100019,
              23.707119276000185
            ],
            [
              89.01643411200018,
              23.708273749000057
            ],
            [
              89.01641003500004,
              23.708251010000026
            ],
            [
              89.01588377500002,
              23.708286048000105
            ],
            [
              89.01527424700004,
              23.708307008000077
            ],
            [
              89.01494280300017,
              23.708356013000127
            ],
            [
              89.014717899,
              23.708389266000097
            ],
            [
              89.01444894800005,
              23.708451258000082
            ],
            [
              89.01379781400004,
              23.708612721
            ],
            [
              89.0136474860002,
              23.70864402600006
            ],
            [
              89.01267297000004,
              23.70861463099999
            ],
            [
              89.01247619800012,
              23.70860270300011
            ],
            [
              89.01228313000013,
              23.70842086400006
            ],
            [
              89.01203160100016,
              23.708037669000078
            ],
            [
              89.01203274000017,
              23.70788639400007
            ],
            [
              89.01196396200015,
              23.707779833000018
            ],
            [
              89.01157264900019,
              23.70747928700007
            ],
            [
              89.01143460100013,
              23.707372282000165
            ],
            [
              89.01125091600017,
              23.707179185000086
            ],
            [
              89.01106803200008,
              23.706879970000102
            ],
            [
              89.0107456720001,
              23.706663406000132
            ],
            [
              89.01070083700017,
              23.706430553000132
            ],
            [
              89.01086507200017,
              23.706153877000133
            ],
            [
              89.01114373500008,
              23.70602695700012
            ],
            [
              89.01132949300018,
              23.705985243000043
            ],
            [
              89.01135333000008,
              23.705858604000127
            ],
            [
              89.0114016550001,
              23.705601856000044
            ],
            [
              89.01133446100005,
              23.70532595900005
            ],
            [
              89.01126173700004,
              23.705300933000103
            ],
            [
              89.01102327500007,
              23.705192511
            ],
            [
              89.01064798700008,
              23.70513490700006
            ],
            [
              89.01062769600009,
              23.704627843000026
            ],
            [
              89.010608585,
              23.704106554000134
            ],
            [
              89.01037019000012,
              23.704105031000097
            ],
            [
              89.01034401000004,
              23.70400359600012
            ],
            [
              89.01030573899999,
              23.703856024
            ],
            [
              89.00994029000003,
              23.703889155000184
            ],
            [
              89.00987136200001,
              23.703896796000038
            ],
            [
              89.00975018200012,
              23.70363136100019
            ],
            [
              89.00951398800015,
              23.701177738000126
            ],
            [
              89.00947123500003,
              23.70071007300004
            ],
            [
              89.00933626300008,
              23.700196659000028
            ],
            [
              89.00906755000017,
              23.699523355999986
            ],
            [
              89.00902036600013,
              23.699085993000153
            ],
            [
              89.00897601300011,
              23.698830563000115
            ],
            [
              89.00890916700007,
              23.69850950900002
            ],
            [
              89.00884184400013,
              23.698211031000028
            ],
            [
              89.00884329400009,
              23.69801911700017
            ],
            [
              89.00884426500005,
              23.69789042100018
            ],
            [
              89.00866447900012,
              23.69736024200006
            ],
            [
              89.00861865000013,
              23.697123538000028
            ],
            [
              89.0085733430002,
              23.69699454500011
            ],
            [
              89.00855150000007,
              23.696802482000123
            ],
            [
              89.00852979300015,
              23.69663299700005
            ],
            [
              89.00841588700013,
              23.696374864000063
            ],
            [
              89.00841716600013,
              23.69620552700019
            ],
            [
              89.00841781400004,
              23.696119730000134
            ],
            [
              89.00840079400007,
              23.695968356000037
            ],
            [
              89.00803379200005,
              23.694839325000146
            ],
            [
              89.00771274500005,
              23.694453419000183
            ],
            [
              89.00731037700012,
              23.69257375799998
            ],
            [
              89.00722562200013,
              23.691704119000065
            ],
            [
              89.00718162300018,
              23.69125277300003
            ],
            [
              89.00718383100013,
              23.690960810000092
            ],
            [
              89.00758315200005,
              23.690800643000102
            ],
            [
              89.00770663900005,
              23.69058354100008
            ],
            [
              89.00779685200018,
              23.69042493900008
            ],
            [
              89.00785022100007,
              23.68981112300014
            ],
            [
              89.00785025900007,
              23.689481463
            ],
            [
              89.00806376700012,
              23.689293164000162
            ],
            [
              89.0081629440001,
              23.689106392000156
            ],
            [
              89.00825364200011,
              23.688967362000028
            ],
            [
              89.00823368000005,
              23.688535397000066
            ],
            [
              89.00818885600012,
              23.68756543300009
            ],
            [
              89.00813610600017,
              23.686423938000075
            ],
            [
              89.00809306300005,
              23.685514997000098
            ],
            [
              89.00789800500007,
              23.68497520200009
            ],
            [
              89.0071971930002,
              23.683036244999983
            ],
            [
              89.00700171700004,
              23.682312834000072
            ],
            [
              89.00695613700015,
              23.681275769000024
            ],
            [
              89.00701610300013,
              23.681266482000012
            ],
            [
              89.0073862860001,
              23.681209147000175
            ],
            [
              89.00762805300013,
              23.681171701000096
            ],
            [
              89.00808986100014,
              23.680983740999977
            ],
            [
              89.00813940700016,
              23.68094881600001
            ],
            [
              89.0081468480002,
              23.680309630000068
            ],
            [
              89.00811973900016,
              23.68001411700004
            ],
            [
              89.00805642200015,
              23.679327749000095
            ],
            [
              89.00801040900018,
              23.678805874000034
            ],
            [
              89.00806385200008,
              23.678383983000174
            ],
            [
              89.00806350300013,
              23.678192733000174
            ],
            [
              89.0079647610001,
              23.677911439000184
            ],
            [
              89.00798009500016,
              23.676448393999976
            ],
            [
              89.00798152400017,
              23.676243731
            ],
            [
              89.00798444600008,
              23.675825556000177
            ],
            [
              89.00798768200013,
              23.67536237400003
            ],
            [
              89.00792391700008,
              23.674938209000175
            ],
            [
              89.0078884720001,
              23.674702424000145
            ],
            [
              89.00743092200008,
              23.674462411000093
            ],
            [
              89.00681275500017,
              23.674268780000148
            ],
            [
              89.00661769900006,
              23.67420018300004
            ],
            [
              89.00653403900003,
              23.674170762000188
            ],
            [
              89.00640075900003,
              23.674123889000157
            ],
            [
              89.00635514900017,
              23.673509438
            ],
            [
              89.00635863800017,
              23.67312895600014
            ],
            [
              89.00636273200018,
              23.67270792100004
            ],
            [
              89.00630560000008,
              23.672490364000055
            ],
            [
              89.00619494200015,
              23.67238732300018
            ],
            [
              89.00611754800013,
              23.672244179000018
            ],
            [
              89.00618375800008,
              23.671279114000015
            ],
            [
              89.00621953300015,
              23.670757531000106
            ],
            [
              89.0062382980002,
              23.67052083100009
            ],
            [
              89.0063199110001,
              23.66949164700003
            ],
            [
              89.00660080800014,
              23.668370301000152
            ],
            [
              89.00674728900009,
              23.667869409000104
            ],
            [
              89.00690297400013,
              23.6671012650001
            ],
            [
              89.0072177030001,
              23.666504394000015
            ],
            [
              89.0074973240001,
              23.665974097000117
            ],
            [
              89.00767097100015,
              23.66564440200011
            ],
            [
              89.00774386300014,
              23.665506022000045
            ],
            [
              89.00785702600018,
              23.66527369199997
            ],
            [
              89.00829290600018,
              23.66437880100011
            ],
            [
              89.00832270900008,
              23.664317612000104
            ],
            [
              89.00852228300005,
              23.66390786900007
            ],
            [
              89.00899526800004,
              23.66282708300014
            ],
            [
              89.00908176000007,
              23.66244537900019
            ],
            [
              89.0091270870002,
              23.662346254000056
            ],
            [
              89.0091668610001,
              23.662259272000142
            ],
            [
              89.00934658100005,
              23.661820720000094
            ],
            [
              89.00950540300005,
              23.661401152000053
            ],
            [
              89.00973700500003,
              23.660962931000086
            ],
            [
              89.00991636200001,
              23.660572170000023
            ],
            [
              89.01004325800005,
              23.66025754300017
            ],
            [
              89.01021891,
              23.659954922999987
            ],
            [
              89.01057944900009,
              23.65933377100015
            ],
            [
              89.01091574500003,
              23.658771952999984
            ],
            [
              89.01111116800013,
              23.658424570000136
            ],
            [
              89.01119972400016,
              23.658267153000168
            ],
            [
              89.01136440500005,
              23.65795877400012
            ],
            [
              89.01150495700011,
              23.657695576000037
            ],
            [
              89.01157874500018,
              23.65755769400016
            ],
            [
              89.01183122700013,
              23.657085899000094
            ],
            [
              89.01213609600018,
              23.656562112000017
            ],
            [
              89.01226355600011,
              23.656171017000077
            ],
            [
              89.01226098900014,
              23.656134341000097
            ],
            [
              89.01229142100016,
              23.656053978000102
            ],
            [
              89.01226162600011,
              23.655778318000046
            ],
            [
              89.01224559000019,
              23.655629192000106
            ],
            [
              89.01164288200005,
              23.653877701000056
            ],
            [
              89.01068155300004,
              23.651983926000128
            ],
            [
              89.01047559100004,
              23.651463284000044
            ],
            [
              89.0094151560001,
              23.649756281000123
            ],
            [
              89.00870582300013,
              23.647769273
            ],
            [
              89.00851510700016,
              23.64673165800008
            ],
            [
              89.00827092900005,
              23.645266948000028
            ],
            [
              89.00817159899998,
              23.64474698500004
            ],
            [
              89.00822529900017,
              23.644370252000044
            ],
            [
              89.00848464800004,
              23.644227402000126
            ],
            [
              89.00878969700017,
              23.643996782999977
            ],
            [
              89.00895005300009,
              23.64328881400013
            ],
            [
              89.00885082500008,
              23.64267401900014
            ],
            [
              89.00844646400009,
              23.642057271999988
            ],
            [
              89.00837746800005,
              23.641971542000192
            ],
            [
              89.00820990200003,
              23.641715962000035
            ],
            [
              89.00790485900012,
              23.641336933
            ],
            [
              89.00769868300011,
              23.641335614000184
            ],
            [
              89.0070273250002,
              23.64147130900011
            ],
            [
              89.00640935400014,
              23.64179927000015
            ],
            [
              89.00553211900012,
              23.642218141000058
            ],
            [
              89.00481470900007,
              23.642730608000136
            ],
            [
              89.00469511400001,
              23.64274796500007
            ],
            [
              89.00463925500014,
              23.642739617000075
            ],
            [
              89.00442044500011,
              23.64269762100014
            ],
            [
              89.00412804900009,
              23.642641501000128
            ],
            [
              89.0040087070002,
              23.642622670000094
            ],
            [
              89.00381531300013,
              23.642592076000028
            ],
            [
              89.00374041900017,
              23.64237691400018
            ],
            [
              89.0037160620002,
              23.64230693900015
            ],
            [
              89.00371609900014,
              23.64227248500015
            ],
            [
              89.00371630900014,
              23.642072112000164
            ],
            [
              89.00361698799998,
              23.64183664900014
            ],
            [
              89.0038231210001,
              23.641600888000085
            ],
            [
              89.00398334500005,
              23.64160191700006
            ],
            [
              89.00403675600012,
              23.641507428000182
            ],
            [
              89.00403674800009,
              23.641225183000188
            ],
            [
              89.00414345200005,
              23.640848794000192
            ],
            [
              89.00450199000005,
              23.640756262000025
            ],
            [
              89.00486067500015,
              23.640805982000018
            ],
            [
              89.00501317500016,
              23.640572131000113
            ],
            [
              89.00507444100009,
              23.640005781000184
            ],
            [
              89.0053338620001,
              23.639488119000134
            ],
            [
              89.00570010300015,
              23.639348217000133
            ],
            [
              89.00605861700012,
              23.63925793700014
            ],
            [
              89.0064629970002,
              23.639260529000126
            ],
            [
              89.00667657600019,
              23.639214478000156
            ],
            [
              89.00677562600004,
              23.639120282000192
            ],
            [
              89.00693590100008,
              23.638789391000046
            ],
            [
              89.00698927500002,
              23.63841491300019
            ],
            [
              89.00724883800012,
              23.638039498000126
            ],
            [
              89.0075082620001,
              23.637804071000062
            ],
            [
              89.0075081980001,
              23.637578334000125
            ],
            [
              89.00750812700016,
              23.637334418000023
            ],
            [
              89.00766834500013,
              23.636766442000123
            ],
            [
              89.00798124100004,
              23.636346206000155
            ],
            [
              89.00827660200008,
              23.635812962000102
            ],
            [
              89.00829399499997,
              23.635781462000125
            ],
            [
              89.00832928900007,
              23.63573401700006
            ],
            [
              89.00851525299998,
              23.63548406800004
            ],
            [
              89.00871364900007,
              23.635217407000084
            ],
            [
              89.00897299600013,
              23.634747149000077
            ],
            [
              89.00902648100003,
              23.63427557900019
            ],
            [
              89.00903416700015,
              23.633661466000092
            ],
            [
              89.00903414600003,
              23.633054116000096
            ],
            [
              89.00904186500009,
              23.63271995300005
            ],
            [
              89.00926304100005,
              23.63035954900016
            ],
            [
              89.00959125600014,
              23.628428840000026
            ],
            [
              89.00975161600007,
              23.627391205000038
            ],
            [
              89.00970581700011,
              23.626352255000086
            ],
            [
              89.00959136900008,
              23.62613249499998
            ],
            [
              89.00945389600014,
              23.62587873800004
            ],
            [
              89.00934941100013,
              23.62578119000017
            ],
            [
              89.0089960840001,
              23.625451320000025
            ],
            [
              89.0088009710002,
              23.625148683000134
            ],
            [
              89.00875954800006,
              23.625110011000118
            ],
            [
              89.00830202300011,
              23.62440034600013
            ],
            [
              89.00800932500005,
              23.62388443300017
            ],
            [
              89.00747052000014,
              23.62350424700014
            ],
            [
              89.00654716200017,
              23.623028684000133
            ],
            [
              89.00613357200001,
              23.622685988
            ],
            [
              89.00582751900004,
              23.622399689000076
            ],
            [
              89.00580709600018,
              23.622380605000046
            ],
            [
              89.00553241000006,
              23.622123516000045
            ],
            [
              89.00545616100004,
              23.621633052000107
            ],
            [
              89.00583009400015,
              23.621603838
            ],
            [
              89.00607430900004,
              23.62151282400015
            ],
            [
              89.00624218300004,
              23.621389713000156
            ],
            [
              89.00637953000012,
              23.62104964399998
            ],
            [
              89.00654719800013,
              23.62070976400014
            ],
            [
              89.00682209200016,
              23.62036831800009
            ],
            [
              89.00699755400012,
              23.620091711000043
            ],
            [
              89.00723397000013,
              23.619937425000046
            ],
            [
              89.00753915000018,
              23.619722614000125
            ],
            [
              89.00761307700014,
              23.619561278000106
            ],
            [
              89.00763818600018,
              23.61950648200002
            ],
            [
              89.00757734900003,
              23.619165145000125
            ],
            [
              89.00757739900001,
              23.618792583000015
            ],
            [
              89.0075772620001,
              23.618607430000054
            ],
            [
              89.00761541300017,
              23.618544452000037
            ],
            [
              89.00768427800011,
              23.618389090000107
            ],
            [
              89.0076842260001,
              23.61811136400007
            ],
            [
              89.00769169300008,
              23.61777046100019
            ],
            [
              89.00769172600019,
              23.61752208600018
            ],
            [
              89.0076917040002,
              23.61734581800016
            ],
            [
              89.00769169200015,
              23.617242100000055
            ],
            [
              89.00736334700008,
              23.61693430600019
            ],
            [
              89.00732547800004,
              23.61689880600011
            ],
            [
              89.00715783100014,
              23.616464207000092
            ],
            [
              89.00689080900008,
              23.61608767900003
            ],
            [
              89.0065168230002,
              23.6160852860001
            ],
            [
              89.00604395300019,
              23.616238057000032
            ],
            [
              89.00567766000017,
              23.616109265000034
            ],
            [
              89.0053388300002,
              23.615786180000043
            ],
            [
              89.0052123590001,
              23.615300193000053
            ],
            [
              89.00518187200015,
              23.614834862
            ],
            [
              89.0052809930001,
              23.614526156000068
            ],
            [
              89.00555546600015,
              23.614279542000077
            ],
            [
              89.00583033000015,
              23.6139403520001
            ],
            [
              89.0060364150001,
              23.613663943000063
            ],
            [
              89.00603640000014,
              23.613259771000173
            ],
            [
              89.00624227700007,
              23.613010452000083
            ],
            [
              89.00641005500006,
              23.612857989000133
            ],
            [
              89.00678404800004,
              23.612736196000128
            ],
            [
              89.00689764900011,
              23.612685367000097
            ],
            [
              89.0071273440002,
              23.612582592000024
            ],
            [
              89.00732568299998,
              23.61239870900016
            ],
            [
              89.00771497900007,
              23.61109835900004
            ],
            [
              89.0076767270001,
              23.610849738000184
            ],
            [
              89.00761579100003,
              23.610725163999973
            ],
            [
              89.00754697899998,
              23.610629886000083
            ],
            [
              89.00727990100012,
              23.61062817900006
            ],
            [
              89.00703593200006,
              23.610689842000113
            ],
            [
              89.00683751100013,
              23.610844372000088
            ],
            [
              89.0067881550001,
              23.610850177000145
            ],
            [
              89.00660084000015,
              23.610872210000082
            ],
            [
              89.0063643040001,
              23.610841343000118
            ],
            [
              89.00639481600018,
              23.610532200000023
            ],
            [
              89.00626530900018,
              23.610280734000185
            ],
            [
              89.00605925000008,
              23.610311029000115
            ],
            [
              89.00595998100016,
              23.610030407000124
            ],
            [
              89.00592657400011,
              23.609925854000096
            ],
            [
              89.00586093700014,
              23.609720432000188
            ],
            [
              89.00559394600015,
              23.60962614900012
            ],
            [
              89.00518958800006,
              23.609591946000023
            ],
            [
              89.00512079700019,
              23.60937248199997
            ],
            [
              89.00515905400005,
              23.608970812000166
            ],
            [
              89.00526584500011,
              23.608659899000088
            ],
            [
              89.00543379000004,
              23.608444211000176
            ],
            [
              89.00571010400017,
              23.608377539000173
            ],
            [
              89.00580753200006,
              23.608354029000168
            ],
            [
              89.00607453800012,
              23.608324127
            ],
            [
              89.00628061200013,
              23.608047717000034
            ],
            [
              89.00624998600006,
              23.607519160000095
            ],
            [
              89.00625769400017,
              23.607146646000047
            ],
            [
              89.00612051900009,
              23.60689739500009
            ],
            [
              89.00576078600011,
              23.60680415300004
            ],
            [
              89.005418422,
              23.606583556000146
            ],
            [
              89.00528877100004,
              23.60627113000004
            ],
            [
              89.0052888240001,
              23.60589856600012
            ],
            [
              89.00531108100012,
              23.60564944500004
            ],
            [
              89.00531926800016,
              23.605557811000097
            ],
            [
              89.00563226200012,
              23.605155642000113
            ],
            [
              89.00571496800006,
              23.60483901700013
            ],
            [
              89.00576945600011,
              23.60463041600019
            ],
            [
              89.00577699500013,
              23.60444305600015
            ],
            [
              89.00577723200001,
              23.604289514000072
            ],
            [
              89.00560916300009,
              23.603913620000014
            ],
            [
              89.00537056000013,
              23.60373476000018
            ],
            [
              89.00523547000017,
              23.603633495000054
            ],
            [
              89.00493779700014,
              23.603629331000036
            ],
            [
              89.00466314600004,
              23.60353725300007
            ],
            [
              89.00442683200004,
              23.603316714000016
            ],
            [
              89.00429703300006,
              23.602943320000065
            ],
            [
              89.00419784400009,
              23.602572381000186
            ],
            [
              89.00415582500011,
              23.602223225000046
            ],
            [
              89.00410619900009,
              23.60181086200015
            ],
            [
              89.00418271100017,
              23.600926233000052
            ],
            [
              89.0039844370001,
              23.60021144700005
            ],
            [
              89.0039232640001,
              23.599714305000134
            ],
            [
              89.00387830500006,
              23.59959627900014
            ],
            [
              89.00381635000014,
              23.599433634000093
            ],
            [
              89.00354931300018,
              23.599307733000046
            ],
            [
              89.00321383100015,
              23.599242356000047
            ],
            [
              89.0029087150001,
              23.599211043000082
            ],
            [
              89.00280935800015,
              23.599025254000026
            ],
            [
              89.00277887500005,
              23.598681849000172
            ],
            [
              89.00271038300002,
              23.598464647000128
            ],
            [
              89.00251177900014,
              23.598402406000048
            ],
            [
              89.00203870200016,
              23.598428720000072
            ],
            [
              89.00190163600018,
              23.598491061000175
            ],
            [
              89.00180241000015,
              23.598490422000054
            ],
            [
              89.00170316000009,
              23.598209799000188
            ],
            [
              89.00170311700003,
              23.597932070000184
            ],
            [
              89.00181012700017,
              23.59771373600006
            ],
            [
              89.00185285200007,
              23.59766260700019
            ],
            [
              89.00155574000019,
              23.597687009000083
            ],
            [
              89.00129093300018,
              23.597728321000147
            ],
            [
              89.0010128420002,
              23.59786714600017
            ],
            [
              89.00075326500013,
              23.597624492000136
            ],
            [
              89.00047870700013,
              23.597396935000063
            ],
            [
              89.00015272000007,
              23.597126150000122
            ],
            [
              88.99928585000009,
              23.5963777
            ],
            [
              88.99668669000016,
              23.59394943500007
            ],
            [
              88.99608671900017,
              23.593387843000187
            ],
            [
              88.99535308300005,
              23.592764420000037
            ],
            [
              88.99468682700018,
              23.59214142999997
            ],
            [
              88.99381764500004,
              23.591704533000154
            ],
            [
              88.9935514350002,
              23.591393469000025
            ],
            [
              88.99325279400011,
              23.59116917800003
            ],
            [
              88.99288426300006,
              23.590892395000083
            ],
            [
              88.9926199370002,
              23.590335224000114
            ],
            [
              88.99121838800016,
              23.589273922000018
            ],
            [
              88.9906178170001,
              23.588836494000077
            ],
            [
              88.9900167670001,
              23.588462283000126
            ],
            [
              88.98975247300012,
              23.58790285000009
            ],
            [
              88.989089266,
              23.586848588000123
            ],
            [
              88.98869085400008,
              23.58628828100018
            ],
            [
              88.98788595300005,
              23.586222074000148
            ],
            [
              88.9873500970001,
              23.586094394000042
            ],
            [
              88.98708533400014,
              23.585598177000122
            ],
            [
              88.986691038,
              23.584543400000143
            ],
            [
              88.98588948000014,
              23.584043679000104
            ],
            [
              88.9856166720001,
              23.583531435000168
            ],
            [
              88.98542610000015,
              23.583173600000123
            ],
            [
              88.98539129500006,
              23.583063944000116
            ],
            [
              88.98483650000003,
              23.581315970000105
            ],
            [
              88.98444192699998,
              23.580261187000133
            ],
            [
              88.98444573100016,
              23.57976672000018
            ],
            [
              88.98431779600014,
              23.578962052
            ],
            [
              88.98405307600007,
              23.57846357300008
            ],
            [
              88.98398982300006,
              23.577968667000164
            ],
            [
              88.98392561399999,
              23.577597944000104
            ],
            [
              88.98399409700005,
              23.577413240000112
            ],
            [
              88.98426454900005,
              23.577166633000047
            ],
            [
              88.98426839600012,
              23.57666656000015
            ],
            [
              88.98427264300005,
              23.57611447900007
            ],
            [
              88.98441151800006,
              23.575496708000173
            ],
            [
              88.98468212600005,
              23.57518913600012
            ],
            [
              88.9848864510002,
              23.574820166000166
            ],
            [
              88.98495541700004,
              23.574572243000148
            ],
            [
              88.9856289760001,
              23.574267301000134
            ],
            [
              88.98609677300016,
              23.5745187280001
            ],
            [
              88.98663353500012,
              23.57452222900008
            ],
            [
              88.98730613800012,
              23.574341461000074
            ],
            [
              88.98784480300003,
              23.57409659500007
            ],
            [
              88.98796983400013,
              23.573964581000155
            ],
            [
              88.98826315600007,
              23.574061860000143
            ],
            [
              88.98834849500014,
              23.574337531000083
            ],
            [
              88.98851311600015,
              23.574799199000097
            ],
            [
              88.98888456100008,
              23.575840878000065
            ],
            [
              88.98962010500014,
              23.576185462000126
            ],
            [
              88.98967146800004,
              23.576209523999978
            ],
            [
              88.98994793100013,
              23.576419664000184
            ],
            [
              88.99124150600011,
              23.577402893000055
            ],
            [
              88.99301224600009,
              23.578141442000174
            ],
            [
              88.99478438100004,
              23.578699340000128
            ],
            [
              88.99487011400015,
              23.5787303030001
            ],
            [
              88.99606393700009,
              23.57916146100007
            ],
            [
              88.99773819000012,
              23.57962837800011
            ],
            [
              88.99794885400013,
              23.57966191400004
            ],
            [
              88.99831472400007,
              23.579720155000132
            ],
            [
              88.99881522800007,
              23.57980073300007
            ],
            [
              88.99951274300014,
              23.579913025999986
            ],
            [
              89.00121632000014,
              23.580149783000138
            ],
            [
              89.00158310700004,
              23.58019955499998
            ],
            [
              89.00296710100014,
              23.579935232000082
            ],
            [
              89.00405467900009,
              23.579668993000155
            ],
            [
              89.00427337900004,
              23.579527066000026
            ],
            [
              89.00435250300018,
              23.57950769700011
            ],
            [
              89.0045265660001,
              23.57946508500015
            ],
            [
              89.0050942540002,
              23.579096677000052
            ],
            [
              89.00591503500016,
              23.578564014000108
            ],
            [
              89.00671158900019,
              23.577659150000045
            ],
            [
              89.00741880600015,
              23.57548021700012
            ],
            [
              89.00791193900017,
              23.574587593
            ],
            [
              89.00801919200006,
              23.574393453000084
            ],
            [
              89.00882633200007,
              23.572032256000057
            ],
            [
              89.0101201780002,
              23.57058637200015
            ],
            [
              89.01141129299998,
              23.569501731
            ],
            [
              89.01209709400018,
              23.569087001000185
            ],
            [
              89.01312524800016,
              23.56846522600017
            ],
            [
              89.01361475600015,
              23.568268532000047
            ],
            [
              89.01395517500015,
              23.569089785000017
            ],
            [
              89.01401681700008,
              23.569075337000072
            ],
            [
              89.01417236100019,
              23.56907632300016
            ],
            [
              89.01434033300006,
              23.569149080000045
            ],
            [
              89.01462478400003,
              23.569246472000145
            ],
            [
              89.01466685000014,
              23.569244592000132
            ],
            [
              89.01575604300012,
              23.569165773000122
            ],
            [
              89.01584617000003,
              23.56915604200009
            ],
            [
              89.01593972600011,
              23.56914594000017
            ],
            [
              89.01733639200006,
              23.568995133000044
            ],
            [
              89.01780751800015,
              23.56892953800019
            ],
            [
              89.01787645100006,
              23.568919940000114
            ],
            [
              89.01921350700019,
              23.568733773000076
            ],
            [
              89.01962335900004,
              23.568660503000046
            ],
            [
              89.01980901500008,
              23.56862731300015
            ],
            [
              89.02013814500015,
              23.568568473000084
            ],
            [
              89.02102694700017,
              23.568409573000054
            ],
            [
              89.02151108400017,
              23.568135543000153
            ],
            [
              89.02165894300003,
              23.56811494800013
            ],
            [
              89.02198290400008,
              23.567931579000117
            ],
            [
              89.02307970300018,
              23.567778808000185
            ],
            [
              89.02353805200016,
              23.56771496400006
            ],
            [
              89.02385969200014,
              23.567670161000024
            ],
            [
              89.0262357040001,
              23.566684781
            ],
            [
              89.02821136400013,
              23.56642392900011
            ],
            [
              89.02836344900004,
              23.566519715000027
            ],
            [
              89.02880084500015,
              23.566791148
            ],
            [
              89.02923578400015,
              23.568022202000066
            ],
            [
              89.02930845200012,
              23.568455716000074
            ],
            [
              89.02947221500011,
              23.569432657000164
            ],
            [
              89.02945883900003,
              23.571252502
            ],
            [
              89.02879896700017,
              23.573750216000064
            ],
            [
              89.02880752100015,
              23.573966071000086
            ],
            [
              89.02882608400017,
              23.574434551000138
            ],
            [
              89.02883407100006,
              23.574635204000117
            ],
            [
              89.02884055800013,
              23.574798175000012
            ],
            [
              89.02892912300013,
              23.576162546000035
            ],
            [
              89.02891909300018,
              23.577526297000134
            ],
            [
              89.02925747300009,
              23.578483535000146
            ],
            [
              89.02959348899998,
              23.579804292000063
            ],
            [
              89.02991293500014,
              23.580517995000037
            ],
            [
              89.02992489600018,
              23.580544717000123
            ],
            [
              89.02998153600004,
              23.580671516000052
            ],
            [
              89.03146442100007,
              23.580362393000144
            ],
            [
              89.0316531850001,
              23.580407920000084
            ],
            [
              89.03185845100018,
              23.580457427
            ],
            [
              89.03224650600004,
              23.581367548000117
            ],
            [
              89.03292496500012,
              23.58310138100012
            ],
            [
              89.0338456610001,
              23.58538089000018
            ],
            [
              89.0341505680002,
              23.585844710000174
            ],
            [
              89.03501716300008,
              23.587162938000176
            ],
            [
              89.03539227500016,
              23.587708627000097
            ],
            [
              89.036335926,
              23.589081370000088
            ],
            [
              89.03670707000015,
              23.589721860000168
            ],
            [
              89.03726169800007,
              23.590678983000032
            ],
            [
              89.03804187200012,
              23.592002473000093
            ],
            [
              89.03857687300007,
              23.59293221200005
            ],
            [
              89.03872384100015,
              23.593187614000044
            ],
            [
              89.03941040000018,
              23.593828612000152
            ],
            [
              89.04004799000018,
              23.594381242000054
            ],
            [
              89.04081222700012,
              23.594798380999976
            ],
            [
              89.04122792900006,
              23.59502527900014
            ],
            [
              89.04238442800005,
              23.59556534000012
            ],
            [
              89.04250683400005,
              23.595622500000047
            ],
            [
              89.04344359400011,
              23.59572084800004
            ],
            [
              89.04455402700006,
              23.595637188000012
            ],
            [
              89.04457953800016,
              23.595635265000112
            ],
            [
              89.04537168200017,
              23.5952765990001
            ],
            [
              89.04546896600004,
              23.595188135000114
            ],
            [
              89.04576876200014,
              23.594915507999985
            ],
            [
              89.04577628400006,
              23.593960428
            ],
            [
              89.04543677000004,
              23.593138698000075
            ],
            [
              89.04406481000018,
              23.591214270000023
            ],
            [
              89.04387328800016,
              23.59094561900008
            ],
            [
              89.04254875400017,
              23.58984685700011
            ],
            [
              89.0410770260001,
              23.588609441000017
            ],
            [
              89.03961022800002,
              23.58748605500017
            ],
            [
              89.03916293300006,
              23.587143477000097
            ],
            [
              89.03754434100006,
              23.585812541999985
            ],
            [
              89.03726384300012,
              23.585430200000133
            ],
            [
              89.03637117000011,
              23.58421339800003
            ],
            [
              89.03634110000007,
              23.584177925
            ],
            [
              89.03544179200009,
              23.583117027000185
            ],
            [
              89.03505537500018,
              23.581978867000146
            ],
            [
              89.03497309400007,
              23.581646193000154
            ],
            [
              89.03467168300006,
              23.580427513000018
            ],
            [
              89.03448511800019,
              23.578972217000057
            ],
            [
              89.0346439970001,
              23.577471651000053
            ],
            [
              89.03474700300006,
              23.577377882000064
            ],
            [
              89.03483607500016,
              23.577296798000077
            ],
            [
              89.03494209500008,
              23.577200286000107
            ],
            [
              89.03539542200019,
              23.577157028000045
            ],
            [
              89.03583075700004,
              23.577115485000093
            ],
            [
              89.03597991500015,
              23.57645155200015
            ],
            [
              89.03603490300009,
              23.576206786000114
            ],
            [
              89.03702114300012,
              23.576303218000135
            ],
            [
              89.0381072990001,
              23.576219627000057
            ],
            [
              89.03978663300018,
              23.57604711600004
            ],
            [
              89.0412707770002,
              23.57551210600002
            ],
            [
              89.04132973300011,
              23.575489890000142
            ],
            [
              89.04237075900011,
              23.57511313500015
            ],
            [
              89.04324985300019,
              23.574794977000124
            ],
            [
              89.04473703700012,
              23.57434960100005
            ],
            [
              89.04503037300003,
              23.574261752000155
            ],
            [
              89.045724458,
              23.573809903000154
            ],
            [
              89.04592427900013,
              23.573447594000072
            ],
            [
              89.04598212700012,
              23.572678024000027
            ],
            [
              89.0460337040002,
              23.571991868999987
            ],
            [
              89.04627434100013,
              23.571816941000066
            ],
            [
              89.04704533100016,
              23.571751154000083
            ],
            [
              89.04748119600009,
              23.571673154
            ],
            [
              89.04803351600009,
              23.571574312000166
            ],
            [
              89.04861546700005,
              23.57150189100014
            ],
            [
              89.04872524900009,
              23.571488229000067
            ],
            [
              89.0487900010001,
              23.57150870700019
            ],
            [
              89.04959070300009,
              23.571539971000107
            ],
            [
              89.04981597800014,
              23.571550790000174
            ],
            [
              89.05005214500005,
              23.57224345100002
            ],
            [
              89.05069798400012,
              23.57543738800007
            ],
            [
              89.05075082200005,
              23.575659933999987
            ],
            [
              89.05074550000018,
              23.57592393599998
            ],
            [
              89.05071455600006,
              23.577459009999984
            ],
            [
              89.05097442900018,
              23.579962777000105
            ],
            [
              89.05116408800012,
              23.581790007000166
            ],
            [
              89.05118732700004,
              23.58201390300019
            ],
            [
              89.05296369900009,
              23.584480168000084
            ],
            [
              89.0537760360001,
              23.585437386000024
            ],
            [
              89.05396154100004,
              23.585655973000087
            ],
            [
              89.0546498860001,
              23.586669453000127
            ],
            [
              89.05488660900005,
              23.58695422000011
            ],
            [
              89.0551729610001,
              23.58729868500012
            ],
            [
              89.05646477200014,
              23.58815389900019
            ],
            [
              89.05665923300018,
              23.588282636000088
            ],
            [
              89.05788488200005,
              23.588734521000106
            ],
            [
              89.0591320470001,
              23.589032912000164
            ],
            [
              89.0593938930001,
              23.589095558000054
            ],
            [
              89.0608975080001,
              23.58945528700002
            ],
            [
              89.06211799400018,
              23.589491268000074
            ],
            [
              89.06401377500009,
              23.589769858000068
            ],
            [
              89.06404077900004,
              23.589773826
            ],
            [
              89.06542187200017,
              23.5898747170001
            ],
            [
              89.06593145800002,
              23.589963586000067
            ],
            [
              89.06596540300012,
              23.589970565000044
            ],
            [
              89.06642635500003,
              23.590050212000165
            ],
            [
              89.06704852000013,
              23.590157712000178
            ],
            [
              89.06795319500009,
              23.590504099000157
            ],
            [
              89.06813155999998,
              23.590572909000116
            ],
            [
              89.06931675000004,
              23.590444534000085
            ],
            [
              89.07079998500006,
              23.590089879000118
            ],
            [
              89.0709695330001,
              23.589958046000163
            ],
            [
              89.07127181400011,
              23.589885766000066
            ],
            [
              89.07330633500015,
              23.58830377600009
            ],
            [
              89.07435123900012,
              23.58708391600004
            ],
            [
              89.07483175500005,
              23.586578052999982
            ],
            [
              89.07487028300005,
              23.58653749400014
            ],
            [
              89.0759422820002,
              23.58540892500008
            ],
            [
              89.07802753200008,
              23.583648793000123
            ],
            [
              89.07991270700018,
              23.582203559999982
            ],
            [
              89.08207462299998,
              23.580809616000124
            ],
            [
              89.08298638200006,
              23.5802211460001
            ],
            [
              89.08338362100011,
              23.579859953000152
            ],
            [
              89.08457879800017,
              23.57832027
            ],
            [
              89.0854743880002,
              23.577232673000026
            ],
            [
              89.08565317600005,
              23.57706992100003
            ],
            [
              89.08570262700016,
              23.577024906000133
            ],
            [
              89.08646760500005,
              23.57632854100018
            ],
            [
              89.08693515800007,
              23.57609324600014
            ],
            [
              89.08735905500009,
              23.57587992000009
            ],
            [
              89.0883447020002,
              23.576068602000078
            ],
            [
              89.08942488100013,
              23.576892334000036
            ],
            [
              89.08988446200004,
              23.577128555000115
            ],
            [
              89.09094907500014,
              23.577675749000093
            ],
            [
              89.09258620700001,
              23.57855916400007
            ],
            [
              89.09423996700008,
              23.579923615999974
            ],
            [
              89.09486550700018,
              23.58042853400002
            ],
            [
              89.09513320000019,
              23.580644606000135
            ],
            [
              89.09571244400013,
              23.581113126
            ],
            [
              89.09659331200004,
              23.58221112299998
            ],
            [
              89.0977737460002,
              23.582764419000114
            ],
            [
              89.09792389900008,
              23.582804623000072
            ],
            [
              89.09846335800006,
              23.582949063000115
            ],
            [
              89.09830198300011,
              23.582117957000094
            ],
            [
              89.09826680600014,
              23.581936789000054
            ],
            [
              89.09749255700007,
              23.580579297000156
            ],
            [
              89.09553674500012,
              23.577928320000126
            ],
            [
              89.09514888900014,
              23.5769257660001
            ],
            [
              89.09466182400007,
              23.576012954000078
            ],
            [
              89.09427242100008,
              23.575193289000026
            ],
            [
              89.09395340100019,
              23.574671004000095
            ],
            [
              89.09349176299997,
              23.573915223000142
            ],
            [
              89.09290581300019,
              23.57300183000018
            ],
            [
              89.09334093000007,
              23.572526305000167
            ],
            [
              89.09340316100014,
              23.572458295000047
            ],
            [
              89.09419629700005,
              23.571916482000063
            ],
            [
              89.09412916700018,
              23.570890184000064
            ],
            [
              89.09410705600004,
              23.570552126000166
            ],
            [
              89.09479658300012,
              23.570739044000163
            ],
            [
              89.09543236100018,
              23.571109738000132
            ],
            [
              89.09558285000008,
              23.571197481000183
            ],
            [
              89.09598033500004,
              23.57083625200005
            ],
            [
              89.09615257000013,
              23.570368855000027
            ],
            [
              89.09628173100009,
              23.570018349000122
            ],
            [
              89.09680407500014,
              23.570241447000114
            ],
            [
              89.09698965800015,
              23.57032071100008
            ],
            [
              89.09736438400006,
              23.57048075700004
            ],
            [
              89.09893786400005,
              23.571307286000092
            ],
            [
              89.09902572700014,
              23.571355212000185
            ],
            [
              89.10011759700006,
              23.571950878000052
            ],
            [
              89.10129950500016,
              23.57232125600018
            ],
            [
              89.10267984500013,
              23.57251212800014
            ],
            [
              89.1031109750001,
              23.572400672000185
            ],
            [
              89.10337187900018,
              23.572333222999987
            ],
            [
              89.1038807290002,
              23.572203332000186
            ],
            [
              89.10406389500008,
              23.572156575000122
            ],
            [
              89.10445876200015,
              23.57194109800014
            ],
            [
              89.10455934400011,
              23.57188621000006
            ],
            [
              89.1054500940001,
              23.57152780000007
            ],
            [
              89.1059033620001,
              23.571465853000177
            ],
            [
              89.10664347500017,
              23.571364703000143
            ],
            [
              89.10715364900011,
              23.57110777500003
            ],
            [
              89.10755233700002,
              23.570563625000148
            ],
            [
              89.10756094300007,
              23.569290157000125
            ],
            [
              89.10738490900002,
              23.56919431100016
            ],
            [
              89.10753159199999,
              23.568865174
            ],
            [
              89.10714683100008,
              23.568717304000018
            ],
            [
              89.10586511800017,
              23.568527037000024
            ],
            [
              89.10429162400015,
              23.56770057700004
            ],
            [
              89.1035053600001,
              23.567239927000116
            ],
            [
              89.10291812700012,
              23.566509463000045
            ],
            [
              89.10242887900012,
              23.56586987800017
            ],
            [
              89.10229372000003,
              23.565401738000162
            ],
            [
              89.10213959600009,
              23.564867909000156
            ],
            [
              89.10224406300011,
              23.564048855000067
            ],
            [
              89.1027441170001,
              23.56305144300012
            ],
            [
              89.10338187700012,
              23.562304380000057
            ],
            [
              89.10377059300015,
              23.562176759000067
            ],
            [
              89.10405691400013,
              23.562082755000063
            ],
            [
              89.10418965000008,
              23.56198981700004
            ],
            [
              89.10452859400004,
              23.561878535000062
            ],
            [
              89.10479647500011,
              23.561690972000065
            ],
            [
              89.1058176370002,
              23.560975974000087
            ],
            [
              89.10690670700006,
              23.560438052000165
            ],
            [
              89.10758675700004,
              23.559973356000057
            ],
            [
              89.10769971600007,
              23.559896166999977
            ],
            [
              89.1085934530002,
              23.559081635000098
            ],
            [
              89.10909251100009,
              23.55826709300004
            ],
            [
              89.10937345100007,
              23.55782029300019
            ],
            [
              89.10949145600017,
              23.557632618000014
            ],
            [
              89.10979365100002,
              23.55672437000004
            ],
            [
              89.10999939800007,
              23.555452024999965
            ],
            [
              89.10987033700019,
              23.55462411900004
            ],
            [
              89.1098253560001,
              23.55433557000009
            ],
            [
              89.10971222200016,
              23.554176864000112
            ],
            [
              89.10941146300001,
              23.553328385000157
            ],
            [
              89.10913114300013,
              23.552536472999975
            ],
            [
              89.10894409999997,
              23.550988662000066
            ],
            [
              89.10914953900004,
              23.549806638000177
            ],
            [
              89.10978827200006,
              23.549457883000173
            ],
            [
              89.11134692000002,
              23.549299062999978
            ],
            [
              89.1125112840001,
              23.549126767000132
            ],
            [
              89.11312472300011,
              23.549035990000164
            ],
            [
              89.1147041370001,
              23.548954665999986
            ],
            [
              89.11697423400005,
              23.54887499199998
            ],
            [
              89.11919290500003,
              23.5491156330001
            ],
            [
              89.12052466000017,
              23.54916832800012
            ],
            [
              89.12160603500007,
              23.54981120200017
            ],
            [
              89.1216709630001,
              23.549994475000176
            ],
            [
              89.12168868100014,
              23.550044243
            ],
            [
              89.12199340300015,
              23.550906271000088
            ],
            [
              89.12207628400012,
              23.553270885000188
            ],
            [
              89.12186430399998,
              23.555453195999974
            ],
            [
              89.12215069000007,
              23.55691123600019
            ],
            [
              89.12206085700018,
              23.558048899000084
            ],
            [
              89.12204304500017,
              23.558274473000097
            ],
            [
              89.12262973600008,
              23.559097444000088
            ],
            [
              89.1227362190001,
              23.559431296000184
            ],
            [
              89.122919781,
              23.560006805000114
            ],
            [
              89.122908897,
              23.561646065
            ],
            [
              89.12283576100003,
              23.563001626000187
            ],
            [
              89.12281982700011,
              23.563296934999983
            ],
            [
              89.1227961190001,
              23.563736354000014
            ],
            [
              89.12268422600016,
              23.56573858300004
            ],
            [
              89.12237847900019,
              23.567191021000156
            ],
            [
              89.12177238900011,
              23.56928078100003
            ],
            [
              89.12161382300013,
              23.570101803000114
            ],
            [
              89.12156249300017,
              23.57118987700005
            ],
            [
              89.12135108300009,
              23.573279603000117
            ],
            [
              89.12178509800003,
              23.574828797000066
            ],
            [
              89.12287031000011,
              23.574880085000075
            ],
            [
              89.12444790400008,
              23.575119299000107
            ],
            [
              89.12535913400018,
              23.574831328000187
            ],
            [
              89.12558513900012,
              23.57475990300003
            ],
            [
              89.12580521500001,
              23.574635139
            ],
            [
              89.12605683400017,
              23.574555619000023
            ],
            [
              89.12684954700012,
              23.574106213000164
            ],
            [
              89.12715763200009,
              23.573476823000135
            ],
            [
              89.1272496680001,
              23.573288800000114
            ],
            [
              89.12745558500018,
              23.57201643500008
            ],
            [
              89.12743987300013,
              23.571938632000126
            ],
            [
              89.12697761400011,
              23.569649605000166
            ],
            [
              89.12633600700008,
              23.568312939000066
            ],
            [
              89.12652190500017,
              23.568273370999975
            ],
            [
              89.12678490700011,
              23.56823101600014
            ],
            [
              89.12602155300016,
              23.56607638400004
            ],
            [
              89.12534177200013,
              23.56302561500013
            ],
            [
              89.12537261900013,
              23.562783186000047
            ],
            [
              89.12542381399999,
              23.56238084100005
            ],
            [
              89.1254657410002,
              23.56213943300014
            ],
            [
              89.125504669,
              23.56191529199998
            ],
            [
              89.12550704100005,
              23.561556841000083
            ],
            [
              89.1256343710001,
              23.559944467000093
            ],
            [
              89.12598061100016,
              23.559561678000136
            ],
            [
              89.1261827850002,
              23.559338161000028
            ],
            [
              89.12668946800011,
              23.559161775000177
            ],
            [
              89.12711861600008,
              23.558949106000057
            ],
            [
              89.12725096400004,
              23.55880450100011
            ],
            [
              89.12751030000015,
              23.55852114700008
            ],
            [
              89.1290383600001,
              23.55677323600014
            ],
            [
              89.13001470000006,
              23.55613346400014
            ],
            [
              89.13048366100008,
              23.555777622
            ],
            [
              89.13063421700008,
              23.555717691000098
            ],
            [
              89.13120053500006,
              23.555492255000104
            ],
            [
              89.13124475400008,
              23.555533439000158
            ],
            [
              89.13132448099998,
              23.555607695000106
            ],
            [
              89.13193254900006,
              23.555611091000173
            ],
            [
              89.1328047930001,
              23.555615957000043
            ],
            [
              89.13423072500012,
              23.55635324500014
            ],
            [
              89.13673641800005,
              23.558004244000017
            ],
            [
              89.13820905700015,
              23.55919336
            ],
            [
              89.13892917500004,
              23.559876124000027
            ],
            [
              89.13929664600016,
              23.560224530000085
            ],
            [
              89.13939019600008,
              23.56031319500005
            ],
            [
              89.1392605600002,
              23.560442142000113
            ],
            [
              89.1409427860001,
              23.562038839000024
            ],
            [
              89.14211585200019,
              23.563729804000047
            ],
            [
              89.14272179600005,
              23.56431789700008
            ],
            [
              89.14329280900012,
              23.564872080000043
            ],
            [
              89.14529637300018,
              23.567884027000105
            ],
            [
              89.1462251270001,
              23.569300397000063
            ],
            [
              89.14682869300009,
              23.570062035000035
            ],
            [
              89.1469619840002,
              23.570230234000178
            ],
            [
              89.14698355000007,
              23.57025744800012
            ],
            [
              89.1470570520001,
              23.5703504330001
            ],
            [
              89.14656141400013,
              23.57071125300007
            ],
            [
              89.14610110000007,
              23.570907347000173
            ],
            [
              89.14582388400004,
              23.571027153000102
            ],
            [
              89.14535189900016,
              23.571229927
            ],
            [
              89.14494342300009,
              23.571311242000093
            ],
            [
              89.14445782700005,
              23.571407909000186
            ],
            [
              89.14453814600006,
              23.572028334000095
            ],
            [
              89.14413419600004,
              23.57210917200001
            ],
            [
              89.14415638600008,
              23.57221468500012
            ],
            [
              89.14432579900017,
              23.573020209000163
            ],
            [
              89.14421922900004,
              23.574202830000047
            ],
            [
              89.143766201,
              23.574200333000135
            ],
            [
              89.14372592400014,
              23.574200111000096
            ],
            [
              89.14361215600019,
              23.57440642300014
            ],
            [
              89.14325425600003,
              23.57440445000003
            ],
            [
              89.14305439100013,
              23.574766889000102
            ],
            [
              89.14305025900012,
              23.57540363100003
            ],
            [
              89.14334106300004,
              23.576222637000114
            ],
            [
              89.1432389160002,
              23.576768517000176
            ],
            [
              89.14303727100014,
              23.577404167000168
            ],
            [
              89.14323065200006,
              23.578041997000184
            ],
            [
              89.14342136599998,
              23.579043350000177
            ],
            [
              89.14391380700016,
              23.57922896499997
            ],
            [
              89.14420875200017,
              23.57941122900013
            ],
            [
              89.14435517800018,
              23.579640097000095
            ],
            [
              89.14425391000015,
              23.580050500000027
            ],
            [
              89.14464629100019,
              23.580461361000175
            ],
            [
              89.14543661400012,
              23.58028281000003
            ],
            [
              89.14580414300008,
              23.580101998000032
            ],
            [
              89.14598130100018,
              23.58001484099998
            ],
            [
              89.14667450400003,
              23.57965285200015
            ],
            [
              89.14756784000008,
              23.578885510000077
            ],
            [
              89.14796374100007,
              23.578704782000045
            ],
            [
              89.14799294500017,
              23.57872116400017
            ],
            [
              89.14803951800019,
              23.578681159000155
            ],
            [
              89.14843541800008,
              23.578500429000087
            ],
            [
              89.14862195000006,
              23.578605066000137
            ],
            [
              89.14892728400014,
              23.578776345
            ],
            [
              89.14902764700014,
              23.578503673
            ],
            [
              89.14909442400011,
              23.578399466000178
            ],
            [
              89.14934571200007,
              23.57871235200014
            ],
            [
              89.14983520600009,
              23.57926147500018
            ],
            [
              89.14918870900016,
              23.580075341000054
            ],
            [
              89.14971435300015,
              23.582763008000086
            ],
            [
              89.1501026410001,
              23.58376543600008
            ],
            [
              89.15118267100013,
              23.584636163000084
            ],
            [
              89.15186828200007,
              23.585457312000074
            ],
            [
              89.15206025000015,
              23.586370603999967
            ],
            [
              89.15249551700003,
              23.587691664000033
            ],
            [
              89.15312922800013,
              23.588921225000092
            ],
            [
              89.15318728500006,
              23.589049781000085
            ],
            [
              89.1536597810001,
              23.590096033000123
            ],
            [
              89.1551435610001,
              23.59038861900018
            ],
            [
              89.15608129500009,
              23.590393718000144
            ],
            [
              89.15696971900002,
              23.590398542
            ],
            [
              89.15700200300006,
              23.590389221000066
            ],
            [
              89.15820560500015,
              23.590041704000157
            ],
            [
              89.15934377200011,
              23.58959174500012
            ],
            [
              89.16087693200012,
              23.589055851000012
            ],
            [
              89.16093951800013,
              23.58899446300012
            ],
            [
              89.16147420900006,
              23.588470000000143
            ],
            [
              89.16152256000004,
              23.588422574000106
            ],
            [
              89.16231467200004,
              23.58806330400006
            ],
            [
              89.16302109400004,
              23.587500347000116
            ],
            [
              89.16310820300009,
              23.587430818000144
            ],
            [
              89.16352888300008,
              23.587267134000115
            ],
            [
              89.16357989000011,
              23.587226420000093
            ],
            [
              89.16413748500014,
              23.587009460000104
            ],
            [
              89.16427250000004,
              23.586956925000095
            ],
            [
              89.16526181400019,
              23.586598702
            ],
            [
              89.16615252700007,
              23.58623768500007
            ],
            [
              89.16635207700006,
              23.58618666600006
            ],
            [
              89.16684454400007,
              23.58606075400013
            ],
            [
              89.16657568700009,
              23.585045572000126
            ],
            [
              89.16677564700012,
              23.584993795
            ],
            [
              89.16751814999998,
              23.584677134
            ],
            [
              89.16786328400013,
              23.584726401000125
            ],
            [
              89.16825315600005,
              23.585500736000142
            ],
            [
              89.16859514700019,
              23.586049012000046
            ],
            [
              89.16908965900006,
              23.585916173000157
            ],
            [
              89.16924049700015,
              23.585889885000086
            ],
            [
              89.16963289500012,
              23.585826499000177
            ],
            [
              89.16970528700006,
              23.58568666800005
            ],
            [
              89.17010456600013,
              23.58562208100011
            ],
            [
              89.17040470100017,
              23.584986919000187
            ],
            [
              89.17047611100003,
              23.584134279000125
            ],
            [
              89.170511314,
              23.58371396000007
            ],
            [
              89.17032038900015,
              23.58271263200004
            ],
            [
              89.170226615,
              23.581894722000186
            ],
            [
              89.16994052200005,
              23.580346444000156
            ],
            [
              89.16974759400006,
              23.57961606800012
            ],
            [
              89.16955694100005,
              23.578524420000065
            ],
            [
              89.16950348300003,
              23.577944843000125
            ],
            [
              89.1694647380001,
              23.57752476400009
            ],
            [
              89.16976533000013,
              23.57679587800004
            ],
            [
              89.17026550000014,
              23.575707921000173
            ],
            [
              89.17135819900005,
              23.574620861000085
            ],
            [
              89.1716142890001,
              23.574465623000037
            ],
            [
              89.1719526920001,
              23.574260487000117
            ],
            [
              89.173038216,
              23.57426626700004
            ],
            [
              89.17398652500009,
              23.574271307000117
            ],
            [
              89.17408039100019,
              23.574263727000016
            ],
            [
              89.17431312800016,
              23.574217806000036
            ],
            [
              89.17462847800016,
              23.574219483000093
            ],
            [
              89.17491833400015,
              23.575221330000147
            ],
            [
              89.175059433,
              23.576360130000012
            ],
            [
              89.17559381400008,
              23.57768166000011
            ],
            [
              89.1762485160001,
              23.578837598
            ],
            [
              89.17647250900006,
              23.579233073000125
            ],
            [
              89.17685531800004,
              23.581145399000093
            ],
            [
              89.17694560900014,
              23.58277888300006
            ],
            [
              89.17708060000018,
              23.58304771400003
            ],
            [
              89.17720665000013,
              23.583302129
            ],
            [
              89.17736635200004,
              23.58398301800014
            ],
            [
              89.17749512300014,
              23.584532027000023
            ],
            [
              89.1775809360002,
              23.58510985200013
            ],
            [
              89.17758976300013,
              23.585169295000128
            ],
            [
              89.17797486800009,
              23.586718086000133
            ],
            [
              89.17792913400007,
              23.58776692600003
            ],
            [
              89.17829458800009,
              23.58744090900018
            ],
            [
              89.17826564500012,
              23.588104692000115
            ],
            [
              89.17790333400006,
              23.587959164000154
            ],
            [
              89.17769877400019,
              23.58800550100017
            ],
            [
              89.17755648600013,
              23.588133457000083
            ],
            [
              89.1765266970001,
              23.588552510000056
            ],
            [
              89.1753440810001,
              23.588970747000076
            ],
            [
              89.17416144800006,
              23.589341555000033
            ],
            [
              89.17369600400008,
              23.589526497000065
            ],
            [
              89.17316844200013,
              23.589604978000068
            ],
            [
              89.17299965200004,
              23.58966053200004
            ],
            [
              89.17294389300014,
              23.58969089800007
            ],
            [
              89.17237551099998,
              23.590000429000042
            ],
            [
              89.17229466900005,
              23.590047416000118
            ],
            [
              89.17201854500013,
              23.590418518999968
            ],
            [
              89.17201123900008,
              23.591046213000027
            ],
            [
              89.17191639800012,
              23.591420541000105
            ],
            [
              89.1714511610001,
              23.592497397000045
            ],
            [
              89.17136528900011,
              23.592572587000063
            ],
            [
              89.16925446600015,
              23.594420796000122
            ],
            [
              89.16865884000003,
              23.594993407000118
            ],
            [
              89.16827089900005,
              23.595495
            ],
            [
              89.16809016200006,
              23.59572868300006
            ],
            [
              89.1678309790002,
              23.59606379300004
            ],
            [
              89.16741594600006,
              23.59694219900007
            ],
            [
              89.16703885200013,
              23.597972095000046
            ],
            [
              89.16688768800009,
              23.59930803399999
            ],
            [
              89.16701434900017,
              23.600105797000026
            ],
            [
              89.16718607900015,
              23.60033260000006
            ],
            [
              89.16727992300008,
              23.60092366200007
            ],
            [
              89.16808334800004,
              23.601984726000126
            ],
            [
              89.16855582100015,
              23.602726493000148
            ],
            [
              89.16897379599999,
              23.603382694000175
            ],
            [
              89.16977922100011,
              23.604276666000032
            ],
            [
              89.1704990400001,
              23.604709537000076
            ],
            [
              89.17131178400018,
              23.60497806600017
            ],
            [
              89.17203332400004,
              23.605284493000056
            ],
            [
              89.17206606200006,
              23.605319554
            ],
            [
              89.17182341300014,
              23.605528471000184
            ],
            [
              89.17157208500015,
              23.605718797000122
            ],
            [
              89.17145996500011,
              23.605770133000078
            ],
            [
              89.17088857300007,
              23.606038044000115
            ],
            [
              89.16984445100019,
              23.606226656000104
            ],
            [
              89.1685745310001,
              23.606325987000048
            ],
            [
              89.16666582599998,
              23.60678993800019
            ],
            [
              89.16623437900012,
              23.606857121000132
            ],
            [
              89.16571261000018,
              23.60693836700011
            ],
            [
              89.16480414300008,
              23.607129929000166
            ],
            [
              89.16402884900003,
              23.607572844000117
            ],
            [
              89.16311756100015,
              23.608015023
            ],
            [
              89.16211221999998,
              23.608747973000106
            ],
            [
              89.16156406800013,
              23.609113069000102
            ],
            [
              89.16101706000018,
              23.609394627000142
            ],
            [
              89.16083125100016,
              23.609809098000028
            ],
            [
              89.16096701500004,
              23.610134985000116
            ],
            [
              89.16100743900017,
              23.610232300000064
            ],
            [
              89.16117005300009,
              23.61046358100009
            ],
            [
              89.1611859300001,
              23.61048616300019
            ],
            [
              89.16136551900013,
              23.610615839000104
            ],
            [
              89.1619063330001,
              23.610876176000033
            ],
            [
              89.16217207900007,
              23.61142631000007
            ],
            [
              89.16219285800008,
              23.611742975000084
            ],
            [
              89.16221061600015,
              23.612013601000115
            ],
            [
              89.16207181400006,
              23.612261235000176
            ],
            [
              89.16170496400008,
              23.612629570000024
            ],
            [
              89.16151659100018,
              23.61325402500006
            ],
            [
              89.16151179200006,
              23.613671732000057
            ],
            [
              89.16150897000017,
              23.613922358000025
            ],
            [
              89.16146041900015,
              23.614093171000036
            ],
            [
              89.16136734600019,
              23.61442061400004
            ],
            [
              89.1608678880001,
              23.614494686000114
            ],
            [
              89.16059706400006,
              23.614405161000093
            ],
            [
              89.16050838100006,
              23.614237587000105
            ],
            [
              89.16005585300013,
              23.613724827000112
            ],
            [
              89.15964925900005,
              23.6135510150001
            ],
            [
              89.15892367200013,
              23.613492893000114
            ],
            [
              89.15819779100002,
              23.613479928
            ],
            [
              89.15797700700006,
              23.613464078000106
            ],
            [
              89.15738123300014,
              23.613421306000134
            ],
            [
              89.1567941830001,
              23.613158443000145
            ],
            [
              89.15620797500009,
              23.61281203900006
            ],
            [
              89.15557361000009,
              23.612716010000042
            ],
            [
              89.15554205800015,
              23.61272249800004
            ],
            [
              89.15520984500006,
              23.612790802
            ],
            [
              89.15502623500015,
              23.612954640000055
            ],
            [
              89.15500080400011,
              23.61328376700004
            ],
            [
              89.15491967900005,
              23.614333708000117
            ],
            [
              89.15493746800018,
              23.616718270999968
            ],
            [
              89.1549602660001,
              23.617472967000083
            ],
            [
              89.15499789800003,
              23.618718719000128
            ],
            [
              89.15500316600014,
              23.61889309600008
            ],
            [
              89.15501022000018,
              23.619272339000133
            ],
            [
              89.15503118300006,
              23.620399348000035
            ],
            [
              89.15479057400012,
              23.62156768600005
            ],
            [
              89.15474950499998,
              23.62164394900003
            ],
            [
              89.15423407499998,
              23.622601085000042
            ],
            [
              89.15363391600016,
              23.6234671470001
            ],
            [
              89.15262599900018,
              23.624240660000055
            ],
            [
              89.15166484900004,
              23.624933136000152
            ],
            [
              89.15077333300019,
              23.62545857500004
            ],
            [
              89.15045030400017,
              23.62564895900016
            ],
            [
              89.14947077500005,
              23.6262262570001
            ],
            [
              89.1488306600001,
              23.626631445000044
            ],
            [
              89.14814346600008,
              23.62716282200006
            ],
            [
              89.14764162000012,
              23.627361027000063
            ],
            [
              89.14718598200011,
              23.627518843000132
            ],
            [
              89.14659002399998,
              23.628010070000187
            ],
            [
              89.14580873400018,
              23.628829946000167
            ],
            [
              89.14548279900015,
              23.629534907000163
            ],
            [
              89.14511038600011,
              23.630320900000072
            ],
            [
              89.14498213700011,
              23.630606130000047
            ],
            [
              89.14473768600004,
              23.63114979300019
            ],
            [
              89.14450441000008,
              23.63169042800007
            ],
            [
              89.14426914200016,
              23.632395889000065
            ],
            [
              89.14417218400013,
              23.632937272
            ],
            [
              89.14416098600009,
              23.633905894000065
            ],
            [
              89.14415014100018,
              23.634820329000092
            ],
            [
              89.14423367700016,
              23.635448517000043
            ],
            [
              89.14442930900003,
              23.63574105900011
            ],
            [
              89.1444991730001,
              23.636266415000023
            ],
            [
              89.14481138899998,
              23.63673328700014
            ],
            [
              89.14552797000005,
              23.63758398699997
            ],
            [
              89.14647069700015,
              23.638523992000046
            ],
            [
              89.1470411480002,
              23.639125472000103
            ],
            [
              89.14727798200005,
              23.63937518700004
            ],
            [
              89.14746948400011,
              23.639821928000174
            ],
            [
              89.1476757710002,
              23.640303158000165
            ],
            [
              89.14784598000017,
              23.64127051899999
            ],
            [
              89.1479705970001,
              23.642276016000153
            ],
            [
              89.14796515800009,
              23.64274077400006
            ],
            [
              89.14796031800006,
              23.64315432300009
            ],
            [
              89.14805440100008,
              23.644235217000187
            ],
            [
              89.14808065900013,
              23.644536886000026
            ],
            [
              89.14892220000007,
              23.64635242700001
            ],
            [
              89.14972753400008,
              23.64737294600019
            ],
            [
              89.15022991100017,
              23.647817261000057
            ],
            [
              89.15035694000011,
              23.647929608000027
            ],
            [
              89.15107873300002,
              23.648319679999986
            ],
            [
              89.15145539400004,
              23.648607119000076
            ],
            [
              89.15152875600006,
              23.648663103000104
            ],
            [
              89.15179483600008,
              23.649213254000017
            ],
            [
              89.15171845100002,
              23.649432192
            ],
            [
              89.15160691300002,
              23.64975188900013
            ],
            [
              89.15124244800018,
              23.649871827000084
            ],
            [
              89.1509689470002,
              23.649949361000097
            ],
            [
              89.15086147900018,
              23.649937482000098
            ],
            [
              89.15026517700005,
              23.649850668
            ],
            [
              89.14931790700018,
              23.64945483800011
            ],
            [
              89.14823604300005,
              23.648931816000186
            ],
            [
              89.14719809700011,
              23.648535475000187
            ],
            [
              89.14606836900009,
              23.64826055300017
            ],
            [
              89.14537442600016,
              23.648086272000057
            ],
            [
              89.14498367200014,
              23.647988134000116
            ],
            [
              89.14407776400014,
              23.647926683000094
            ],
            [
              89.14290155000015,
              23.647735032000128
            ],
            [
              89.1417680740002,
              23.647755857000163
            ],
            [
              89.140951423,
              23.647821331000046
            ],
            [
              89.14075875200012,
              23.64785128800014
            ],
            [
              89.13999788100017,
              23.647969587999967
            ],
            [
              89.13886181800007,
              23.648198115000127
            ],
            [
              89.13772520200013,
              23.648510179000027
            ],
            [
              89.13677589800011,
              23.648828838000043
            ],
            [
              89.13549526300011,
              23.649258703000157
            ],
            [
              89.13449291500012,
              23.6496979370001
            ],
            [
              89.13330919600014,
              23.65013389300009
            ],
            [
              89.13139600100004,
              23.650931550999985
            ],
            [
              89.12993619400015,
              23.65173850100018
            ],
            [
              89.1295554560001,
              23.651986688000022
            ],
            [
              89.1285658770002,
              23.652631744000075
            ],
            [
              89.12755711700004,
              23.653615073000026
            ],
            [
              89.12734908300007,
              23.65390710500003
            ],
            [
              89.12698841300005,
              23.65322289100004
            ],
            [
              89.12697127800016,
              23.65324694500009
            ],
            [
              89.12664621700014,
              23.65370348700003
            ],
            [
              89.12608707700008,
              23.65498738900004
            ],
            [
              89.12543635700007,
              23.65635658000008
            ],
            [
              89.12506118000005,
              23.657436043000132
            ],
            [
              89.12450344900014,
              23.65859575899998
            ],
            [
              89.12381287800014,
              23.659501825000177
            ],
            [
              89.12307579700013,
              23.66048891600002
            ],
            [
              89.1225996600001,
              23.66082836000004
            ],
            [
              89.12216138000008,
              23.661140813000088
            ],
            [
              89.1211097810002,
              23.661913862000176
            ],
            [
              89.12019680300017,
              23.662439307000056
            ],
            [
              89.1195121780001,
              23.662509224000075
            ],
            [
              89.11883534700013,
              23.662578343000177
            ],
            [
              89.11756513400007,
              23.662636597000187
            ],
            [
              89.11597463000015,
              23.66297977800008
            ],
            [
              89.1147497610001,
              23.66303826800015
            ],
            [
              89.11397741000007,
              23.663000166000188
            ],
            [
              89.1133002410001,
              23.66296675600006
            ],
            [
              89.11327348500004,
              23.662969156000088
            ],
            [
              89.11318188900009,
              23.662977371000125
            ],
            [
              89.11207508200005,
              23.663068125
            ],
            [
              89.11080717800013,
              23.66328213900016
            ],
            [
              89.11075778600014,
              23.66329088500015
            ],
            [
              89.10966163100011,
              23.66398005300016
            ],
            [
              89.10887847100014,
              23.66500970700008
            ],
            [
              89.10859817600016,
              23.665546007000046
            ],
            [
              89.10855373200019,
              23.665631043000133
            ],
            [
              89.108186408,
              23.666460276000123
            ],
            [
              89.10794814100012,
              23.6669981550001
            ],
            [
              89.10775299500011,
              23.668164407000177
            ],
            [
              89.10769108500017,
              23.668619292000074
            ],
            [
              89.1075543180001,
              23.669624175000138
            ],
            [
              89.1076145790002,
              23.670014787000127
            ],
            [
              89.10780675000007,
              23.671260411000162
            ],
            [
              89.1080008150002,
              23.671616432000064
            ],
            [
              89.10807208100005,
              23.67207836299997
            ],
            [
              89.10827071300014,
              23.67244275900015
            ],
            [
              89.1086486860001,
              23.673136158000034
            ],
            [
              89.10877412700006,
              23.673301712000068
            ],
            [
              89.10922913000013,
              23.673900436000054
            ],
            [
              89.10985520700018,
              23.674624330000086
            ],
            [
              89.11065944600017,
              23.675604397000086
            ],
            [
              89.11146606700004,
              23.676415126999984
            ],
            [
              89.11231802200007,
              23.677185466000026
            ],
            [
              89.11271565800013,
              23.677471036000043
            ],
            [
              89.1127934820002,
              23.677526927000144
            ],
            [
              89.113037469,
              23.677702149000083
            ],
            [
              89.1132855640002,
              23.677977995000163
            ],
            [
              89.11325485900005,
              23.678232726000033
            ],
            [
              89.1130684920002,
              23.678647128000023
            ],
            [
              89.11302021900019,
              23.678897489000065
            ],
            [
              89.11307849700006,
              23.678974137000182
            ],
            [
              89.11324315700017,
              23.679194561000088
            ],
            [
              89.11330829100007,
              23.679244349000157
            ],
            [
              89.11340119599998,
              23.679315366000083
            ],
            [
              89.11347545300004,
              23.67937212700008
            ],
            [
              89.11369256700004,
              23.679538087000083
            ],
            [
              89.1142329610002,
              23.679841490000058
            ],
            [
              89.11522713700003,
              23.680113615000096
            ],
            [
              89.11604081400009,
              23.680339543000173
            ],
            [
              89.11685505700007,
              23.680481925000038
            ],
            [
              89.11735274600011,
              23.68057508000004
            ],
            [
              89.1178860550001,
              23.68061198900017
            ],
            [
              89.11816466100004,
              23.680705947000092
            ],
            [
              89.11925389200019,
              23.68075484500008
            ],
            [
              89.12018701700003,
              23.680903532
            ],
            [
              89.12085656700003,
              23.681232132000048
            ],
            [
              89.12127068600012,
              23.68143536900004
            ],
            [
              89.121738795,
              23.681665102000125
            ],
            [
              89.12193259600014,
              23.681839106000155
            ],
            [
              89.12278342500014,
              23.682603014000108
            ],
            [
              89.12316133000002,
              23.683441659000152
            ],
            [
              89.123512157,
              23.684220203999985
            ],
            [
              89.12365253700011,
              23.68651513400016
            ],
            [
              89.12317574700006,
              23.688136960000065
            ],
            [
              89.12309494500016,
              23.68841180800007
            ],
            [
              89.12183504300015,
              23.690555418000145
            ],
            [
              89.12061786400011,
              23.69212572600003
            ],
            [
              89.11953224100006,
              23.693209959000114
            ],
            [
              89.11936359300012,
              23.693378390000134
            ],
            [
              89.11926270900011,
              23.693479144000094
            ],
            [
              89.11924287500011,
              23.69349895199997
            ],
            [
              89.11916922800015,
              23.693543982000165
            ],
            [
              89.11904929700006,
              23.693649423000068
            ],
            [
              89.1189533880002,
              23.69373693700004
            ],
            [
              89.1189145570001,
              23.69377741300019
            ],
            [
              89.11838299200008,
              23.694333563000043
            ],
            [
              89.11830705600005,
              23.694410651
            ],
            [
              89.11775913600019,
              23.694996702000083
            ],
            [
              89.11773366000017,
              23.695038269000065
            ],
            [
              89.11763707000017,
              23.69514097700005
            ],
            [
              89.11743123200006,
              23.69548271700006
            ],
            [
              89.11710381000012,
              23.695722452000098
            ],
            [
              89.11705567700011,
              23.69572443800007
            ],
            [
              89.11629188100017,
              23.69645166400005
            ],
            [
              89.11624,
              23.69653235900006
            ],
            [
              89.11614721900008,
              23.696676667000077
            ],
            [
              89.11614550800005,
              23.696930683000176
            ],
            [
              89.1157777250001,
              23.697484193000093
            ],
            [
              89.1153955310001,
              23.69836023000005
            ],
            [
              89.11528790500006,
              23.69892717300013
            ],
            [
              89.11518636300019,
              23.699553893000143
            ],
            [
              89.11504589300012,
              23.700180390000185
            ],
            [
              89.1150253020001,
              23.700347553000086
            ],
            [
              89.11488575800007,
              23.700836647000017
            ],
            [
              89.11468669500005,
              23.701492680000058
            ],
            [
              89.11440107100003,
              23.702476803000025
            ],
            [
              89.1141023880001,
              23.7034728000001
            ],
            [
              89.11386903300007,
              23.704171880000047
            ],
            [
              89.11375804200003,
              23.70450438
            ],
            [
              89.11331592700014,
              23.70560111700007
            ],
            [
              89.1129074970001,
              23.706512841
            ],
            [
              89.11277499100015,
              23.706918332999976
            ],
            [
              89.11260125300015,
              23.707664122000153
            ],
            [
              89.1125190320002,
              23.708308873000135
            ],
            [
              89.11248156300002,
              23.710011328
            ],
            [
              89.11250432200006,
              23.7104834270001
            ],
            [
              89.11266642700008,
              23.71145816400019
            ],
            [
              89.1127356450001,
              23.71192127100005
            ],
            [
              89.11289610900008,
              23.71299487000016
            ],
            [
              89.11315667600019,
              23.713802892000047
            ],
            [
              89.11371389400011,
              23.71488145400008
            ],
            [
              89.11431918200009,
              23.716373648000115
            ],
            [
              89.11468063200016,
              23.716987682000138
            ],
            [
              89.11490607000019,
              23.71737065399998
            ],
            [
              89.11518151600006,
              23.717780190000155
            ],
            [
              89.11577087200016,
              23.71865644000019
            ],
            [
              89.11608282100013,
              23.718992548000074
            ],
            [
              89.11659322300005,
              23.719542474000093
            ],
            [
              89.11708586100013,
              23.72007325600015
            ],
            [
              89.11738568800018,
              23.720518701000174
            ],
            [
              89.11860000400009,
              23.72293849900018
            ],
            [
              89.11898675200013,
              23.72398660500005
            ],
            [
              89.11923519500016,
              23.725006530000144
            ],
            [
              89.11945301500009,
              23.726197846000105
            ],
            [
              89.11953698399998,
              23.72757871800013
            ],
            [
              89.11957675800011,
              23.72864322400011
            ],
            [
              89.11953286300013,
              23.729381394000086
            ],
            [
              89.11947842800015,
              23.72964095700013
            ],
            [
              89.119420235,
              23.729918436000105
            ],
            [
              89.11921348500016,
              23.73055531100016
            ],
            [
              89.11878518000015,
              23.73171427
            ],
            [
              89.11838205900011,
              23.73260094300008
            ],
            [
              89.117807809,
              23.73345796300015
            ],
            [
              89.1173105220002,
              23.73416092600013
            ],
            [
              89.11664040800014,
              23.734475461000102
            ],
            [
              89.11655318400005,
              23.734573211000054
            ],
            [
              89.11627138500006,
              23.734889012000167
            ],
            [
              89.11591205000008,
              23.735117271000092
            ],
            [
              89.11564950400003,
              23.735285068000053
            ],
            [
              89.11539381400002,
              23.735448484000074
            ],
            [
              89.11436394900016,
              23.735677419000126
            ],
            [
              89.11322708400019,
              23.73586057100016
            ],
            [
              89.1125400310001,
              23.735890238000025
            ],
            [
              89.11251302700015,
              23.735891404000142
            ],
            [
              89.11230396399998,
              23.73590043100006
            ],
            [
              89.11215266200009,
              23.735876983000082
            ],
            [
              89.11168590300008,
              23.7358043050001
            ],
            [
              89.11147796300014,
              23.73571354900008
            ],
            [
              89.11091526100012,
              23.735467956000093
            ],
            [
              89.11061741300017,
              23.735037480000187
            ],
            [
              89.11035843200011,
              23.734663174000104
            ],
            [
              89.11023921500015,
              23.734535160000178
            ],
            [
              89.11001668400013,
              23.73421353500015
            ],
            [
              89.10955420000005,
              23.733716921000052
            ],
            [
              89.10872568900015,
              23.732339358000047
            ],
            [
              89.10864190600006,
              23.732126627000127
            ],
            [
              89.10806979900002,
              23.730777582000144
            ],
            [
              89.10751281600005,
              23.72959571000007
            ],
            [
              89.10702247500006,
              23.728912027000035
            ],
            [
              89.10669648600003,
              23.728457496000033
            ],
            [
              89.106584978,
              23.72832883900014
            ],
            [
              89.1056284980001,
              23.72722525
            ],
            [
              89.10538864600016,
              23.727080037000178
            ],
            [
              89.10475866500019,
              23.72669862800018
            ],
            [
              89.10385744300004,
              23.726235679000126
            ],
            [
              89.10373615500015,
              23.72617337400004
            ],
            [
              89.10296560600005,
              23.725789568000096
            ],
            [
              89.10239168100009,
              23.72545444800005
            ],
            [
              89.10157706600012,
              23.725264435000042
            ],
            [
              89.10095935100003,
              23.72530600400006
            ],
            [
              89.09993692400008,
              23.72544231100005
            ],
            [
              89.09910533900012,
              23.726001959000143
            ],
            [
              89.09901367000009,
              23.72609174100012
            ],
            [
              89.09827362800013,
              23.726846106000096
            ],
            [
              89.09764802600006,
              23.72816562400004
            ],
            [
              89.09753605400005,
              23.728732640000032
            ],
            [
              89.09743424400017,
              23.729248194000093
            ],
            [
              89.09731975099999,
              23.731182599000192
            ],
            [
              89.09711902200019,
              23.73341799900004
            ],
            [
              89.0970909610001,
              23.733730500000036
            ],
            [
              89.09677848600006,
              23.735061517000133
            ],
            [
              89.09667117600009,
              23.73551860700013
            ],
            [
              89.09624394900015,
              23.73740602400005
            ],
            [
              89.09613693500017,
              23.73825213200007
            ],
            [
              89.09601389000005,
              23.7388654290001
            ],
            [
              89.09586227700004,
              23.739621106000186
            ],
            [
              89.09549602700008,
              23.740799874000174
            ],
            [
              89.0950765880001,
              23.741598995000118
            ],
            [
              89.09451194700006,
              23.742112758000076
            ],
            [
              89.0935275710001,
              23.74257890400014
            ],
            [
              89.09320556400002,
              23.74267527300003
            ],
            [
              89.09229182300004,
              23.74294873100007
            ],
            [
              89.09064367300005,
              23.743363537000107
            ],
            [
              89.08884322300014,
              23.743587764000097
            ],
            [
              89.08856448600005,
              23.74359729700012
            ],
            [
              89.08766064500014,
              23.74362820400006
            ],
            [
              89.08661524000007,
              23.743739444000028
            ],
            [
              89.0864170210001,
              23.743760852000037
            ],
            [
              89.0855204180001,
              23.744054988000016
            ],
            [
              89.08528794200004,
              23.744131253000035
            ],
            [
              89.08456303000008,
              23.74436178800005
            ],
            [
              89.08404408700005,
              23.74469063300012
            ],
            [
              89.08363212400019,
              23.745110427000043
            ],
            [
              89.08331948700015,
              23.745533067000054
            ],
            [
              89.08331925000005,
              23.746004976999984
            ],
            [
              89.08334189800013,
              23.74640187600005
            ],
            [
              89.08336513400013,
              23.74680908
            ],
            [
              89.08326797100017,
              23.747278268000116
            ],
            [
              89.08325818700007,
              23.747325516000103
            ],
            [
              89.08329637200012,
              23.748791150000045
            ],
            [
              89.08359712800012,
              23.750595722000128
            ],
            [
              89.08378456600019,
              23.751720347
            ],
            [
              89.08380731200009,
              23.751890888
            ],
            [
              89.08393383000009,
              23.75283945200016
            ],
            [
              89.08399119500012,
              23.753269541000122
            ],
            [
              89.08432619100012,
              23.755781090000028
            ],
            [
              89.08432924100003,
              23.755860363000068
            ],
            [
              89.0843643300002,
              23.756772555000055
            ],
            [
              89.08426517800018,
              23.75700679500011
            ],
            [
              89.08421179100009,
              23.757667454000114
            ],
            [
              89.0842040820001,
              23.757762845000116
            ],
            [
              89.08389133600014,
              23.75832773600007
            ],
            [
              89.08353254000014,
              23.75841818400005
            ],
            [
              89.08255614300003,
              23.75855464000017
            ],
            [
              89.08226863600015,
              23.758552932000043
            ],
            [
              89.08214402300007,
              23.75855219200014
            ],
            [
              89.08147283000005,
              23.758500786000184
            ],
            [
              89.08100738700017,
              23.758450600000117
            ],
            [
              89.08049625600006,
              23.758400143000074
            ],
            [
              89.08029025000008,
              23.758304083000155
            ],
            [
              89.07987821600011,
              23.758159377000084
            ],
            [
              89.07934564500016,
              23.757887510000046
            ],
            [
              89.07859231300017,
              23.757569165000064
            ],
            [
              89.07738621000016,
              23.75714424800003
            ],
            [
              89.07580289500015,
              23.756683197000143
            ],
            [
              89.07440669700009,
              23.756430982000154
            ],
            [
              89.07400620200008,
              23.756366038000124
            ],
            [
              89.07285963100014,
              23.75618010600016
            ],
            [
              89.07093482100004,
              23.755924688000164
            ],
            [
              89.06991374500012,
              23.756092404000185
            ]
          ]
        ]
      }
    }
  ]
}