{
  "type": "FeatureCollection",
  "features": [
    {
      "type": "Feature",
      "properties": {
        "adm3_name": "Kumarkhali",
        "adm3_name1": null,
        "adm3_name2": null,
        "adm3_name3": null,
        "adm3_pcode": "BD40500071",
        "adm2_name": "Kushtia",
        "adm2_name1": null,
        "adm2_name2": null,
        "adm2_name3": null,
        "adm2_pcode": "BD4050",
        "adm1_name": "Khulna",
        "adm1_name1": null,
        "adm1_name2": null,
        "adm1_name3": null,
        "adm1_pcode": "BD40",
        "adm0_name": "Bangladesh",
        "adm0_name1": null,
        "adm0_name2": null,
        "adm0_name3": null,
        "adm0_pcode": "BD",
        "valid_on": "2023-05-21",
        "valid_to": null,
        "area_sqkm": 267.93742381,
        "version": "v03",
        "lang": "en",
        "lang1": null,
        "lang2": null,
        "lang3": null,
        "adm3_ref_name": null,
        "center_lat": 23.85817582,
        "center_lon": 89.21033767
      },
      "geometry": {
        "type": "Polygon",
        "coordinates": [
          [
            [
              89.21347152200008,
              23.9871408300001
            ],
            [
              89.2134654080001,
              23.988417117999973
            ],
            [
              89.21347832000009,
              23.988842853000108
            ],
            [
              89.21348042100004,
              23.988912118000087
            ],
            [
              89.21348641200007,
              23.989109668000083
            ],
            [
              89.21341140800007,
              23.989534802000094
            ],
            [
              89.21334193200005,
              23.989577514000075
            ],
            [
              89.21326473000005,
              23.989624718000073
            ],
            [
              89.21302877500011,
              23.989616914000123
            ],
            [
              89.2124852990001,
              23.989598939000132
            ],
            [
              89.21151161700004,
              23.98943885200015
            ],
            [
              89.21053043300003,
              23.989393421000045
            ],
            [
              89.2104401200001,
              23.989389239000047
            ],
            [
              89.20917362600011,
              23.98936145700003
            ],
            [
              89.20891233800018,
              23.98935671400011
            ],
            [
              89.20870034900014,
              23.98935286600016
            ],
            [
              89.20756601100004,
              23.989332271000137
            ],
            [
              89.20673825300014,
              23.98924063400011
            ],
            [
              89.20591072600013,
              23.989101471000026
            ],
            [
              89.2051982430001,
              23.98896771900013
            ],
            [
              89.20493717100015,
              23.988918708000085
            ],
            [
              89.20482637800012,
              23.988886616000116
            ],
            [
              89.20423188900003,
              23.98871441400007
            ],
            [
              89.20335604100006,
              23.988509411000052
            ],
            [
              89.20327052700009,
              23.988487386000088
            ],
            [
              89.20291770700004,
              23.98839651300017
            ],
            [
              89.2023828240001,
              23.98825874700009
            ],
            [
              89.2017044000001,
              23.987989911000057
            ],
            [
              89.20102082300014,
              23.987807331000056
            ],
            [
              89.20026238100007,
              23.98757091500005
            ],
            [
              89.20014532000005,
              23.98753442600014
            ],
            [
              89.19941442900006,
              23.987393750000024
            ],
            [
              89.1991961080002,
              23.98735172900001
            ],
            [
              89.19844176600014,
              23.9872354580001
            ],
            [
              89.19837499400012,
              23.98722839000004
            ],
            [
              89.19719986000007,
              23.987096793999967
            ],
            [
              89.19620188500016,
              23.98700213500007
            ],
            [
              89.19589472500019,
              23.987000857000112
            ],
            [
              89.1953247670001,
              23.98699848500013
            ],
            [
              89.19434944700004,
              23.987241082000025
            ],
            [
              89.19342246500008,
              23.987483878000035
            ],
            [
              89.19269113200005,
              23.987571339000056
            ],
            [
              89.19147340400019,
              23.98758661200003
            ],
            [
              89.19023105500014,
              23.987538410000127
            ],
            [
              89.18925706800013,
              23.98751169000002
            ],
            [
              89.1881608560002,
              23.987484449000192
            ],
            [
              89.187821606,
              23.98741513400006
            ],
            [
              89.18769680800017,
              23.987390205
            ],
            [
              89.18713881100012,
              23.987278743000047
            ],
            [
              89.18614162400013,
              23.987027874000148
            ],
            [
              89.18565079900009,
              23.986982409
            ],
            [
              89.18514334100018,
              23.986935402000142
            ],
            [
              89.18429021600002,
              23.986997417
            ],
            [
              89.18368079900017,
              23.987085350000086
            ],
            [
              89.18251193600014,
              23.98705776500003
            ],
            [
              89.18141561700014,
              23.987053106000076
            ],
            [
              89.18017348400014,
              23.987025188000075
            ],
            [
              89.17939204800012,
              23.98703543100015
            ],
            [
              89.1788581580002,
              23.98704220600007
            ],
            [
              89.17790796000008,
              23.98706077600019
            ],
            [
              89.17783789400016,
              23.98706344800007
            ],
            [
              89.17769455799998,
              23.98706891400019
            ],
            [
              89.17686036700019,
              23.987101553000116
            ],
            [
              89.17625179900011,
              23.987154038000085
            ],
            [
              89.17588551600005,
              23.987185625000166
            ],
            [
              89.17571538300012,
              23.98716227400007
            ],
            [
              89.17554584400006,
              23.986960142000044
            ],
            [
              89.17545006700004,
              23.986602186000084
            ],
            [
              89.17516086000018,
              23.986019367000097
            ],
            [
              89.17501799300015,
              23.98546398400009
            ],
            [
              89.17499360600016,
              23.985369183000103
            ],
            [
              89.17477736900014,
              23.984786678000148
            ],
            [
              89.17478067000013,
              23.984137225000154
            ],
            [
              89.17473498900017,
              23.983555452000076
            ],
            [
              89.17459182900006,
              23.98295063000012
            ],
            [
              89.17452262500018,
              23.98221261400016
            ],
            [
              89.17445459600015,
              23.98118268100012
            ],
            [
              89.1743122100001,
              23.980487345000142
            ],
            [
              89.1742521450002,
              23.980190645000107
            ],
            [
              89.17421701700016,
              23.980016242000147
            ],
            [
              89.17399987900012,
              23.979612506000137
            ],
            [
              89.17358946399997,
              23.97889564999997
            ],
            [
              89.17344608600001,
              23.978336084000034
            ],
            [
              89.17344656800009,
              23.9782414230001
            ],
            [
              89.17344898300018,
              23.97776760800008
            ],
            [
              89.17344997200018,
              23.977573487000086
            ],
            [
              89.17352585800006,
              23.97706012400016
            ],
            [
              89.17384574400006,
              23.97638940500019
            ],
            [
              89.1740908380001,
              23.97607817300019
            ],
            [
              89.17448604000009,
              23.975775576000103
            ],
            [
              89.17470214600002,
              23.975610109
            ],
            [
              89.17521457000015,
              23.975456165000082
            ],
            [
              89.17540048700016,
              23.97544417000006
            ],
            [
              89.17553421700006,
              23.975224369000045
            ],
            [
              89.17558686900014,
              23.974576631000104
            ],
            [
              89.17541840300004,
              23.974309288000143
            ],
            [
              89.17466781300016,
              23.973858184999983
            ],
            [
              89.17448653200012,
              23.97367432300007
            ],
            [
              89.17411266500005,
              23.97329749000005
            ],
            [
              89.17346287700008,
              23.972309538000047
            ],
            [
              89.17334032700006,
              23.971881653000082
            ],
            [
              89.17329642200008,
              23.971728356000085
            ],
            [
              89.17327799300006,
              23.970813796000073
            ],
            [
              89.17318319200012,
              23.97041137700012
            ],
            [
              89.17301674100014,
              23.969830195000156
            ],
            [
              89.17294723000015,
              23.969315009000184
            ],
            [
              89.1731914630002,
              23.969115376000047
            ],
            [
              89.17375180300019,
              23.969050659000118
            ],
            [
              89.17392116600007,
              23.969031247000146
            ],
            [
              89.17455224500014,
              23.969145274000084
            ],
            [
              89.17465029100009,
              23.968990010000027
            ],
            [
              89.17465299400004,
              23.968565535000153
            ],
            [
              89.17465640200015,
              23.96803042500011
            ],
            [
              89.17456262500014,
              23.96751511399998
            ],
            [
              89.17451793900017,
              23.966912008
            ],
            [
              89.17452078600013,
              23.966464956000152
            ],
            [
              89.17510413700018,
              23.966402611000035
            ],
            [
              89.17518650500006,
              23.96639402600016
            ],
            [
              89.17528616200002,
              23.9664417730001
            ],
            [
              89.17555985100006,
              23.966417207
            ],
            [
              89.17565790000009,
              23.966261939000162
            ],
            [
              89.17558766600013,
              23.965859651000073
            ],
            [
              89.1755633900001,
              23.965756439000074
            ],
            [
              89.17807845800013,
              23.966533755000057
            ],
            [
              89.17817624000008,
              23.966516216000116
            ],
            [
              89.17829851500017,
              23.96654975500013
            ],
            [
              89.1783312570002,
              23.966558735000035
            ],
            [
              89.1804767370001,
              23.967147188000126
            ],
            [
              89.18108399500005,
              23.96732540900001
            ],
            [
              89.18141162100017,
              23.967421555000158
            ],
            [
              89.1816757260001,
              23.967499043000032
            ],
            [
              89.18243026300007,
              23.967566284000156
            ],
            [
              89.18273968900007,
              23.96750471200005
            ],
            [
              89.18315264300014,
              23.967285634
            ],
            [
              89.18411882500016,
              23.96647114500007
            ],
            [
              89.18423500500018,
              23.966371808000076
            ],
            [
              89.18529196400016,
              23.965468082000086
            ],
            [
              89.18639549500006,
              23.964591085999984
            ],
            [
              89.18753202100015,
              23.96393553300004
            ],
            [
              89.18860488400014,
              23.963055646000157
            ],
            [
              89.18937984200016,
              23.96159985500003
            ],
            [
              89.18987889300013,
              23.960662346
            ],
            [
              89.19000811500018,
              23.960419690000037
            ],
            [
              89.19059450700001,
              23.95935005700005
            ],
            [
              89.19095831300012,
              23.95809204799997
            ],
            [
              89.19172537900016,
              23.955501724000044
            ],
            [
              89.1919866990001,
              23.95462024800014
            ],
            [
              89.19209395100012,
              23.95396706700018
            ],
            [
              89.192243035,
              23.953059105000023
            ],
            [
              89.19238006200004,
              23.952014401999975
            ],
            [
              89.19246920100005,
              23.951459419000173
            ],
            [
              89.19251239900007,
              23.951205409000124
            ],
            [
              89.19252216100017,
              23.951148092000096
            ],
            [
              89.19215031600004,
              23.95058663599997
            ],
            [
              89.19175151000013,
              23.950789638000117
            ],
            [
              89.19159432400005,
              23.950869991000104
            ],
            [
              89.19111225000017,
              23.951151950000053
            ],
            [
              89.19090627000014,
              23.95136866700011
            ],
            [
              89.1907904090001,
              23.951399488000106
            ],
            [
              89.19066873700012,
              23.951440704000163
            ],
            [
              89.19049785800013,
              23.951024567000104
            ],
            [
              89.19022507000011,
              23.950356999000064
            ],
            [
              89.18941168700002,
              23.94871344700016
            ],
            [
              89.1883582910001,
              23.947100234000175
            ],
            [
              89.18780552600009,
              23.946234083000036
            ],
            [
              89.18761078300008,
              23.945928930000093
            ],
            [
              89.186724636,
              23.944978165
            ],
            [
              89.1860505890001,
              23.944473320999975
            ],
            [
              89.18566016800008,
              23.94418090300013
            ],
            [
              89.18549498900018,
              23.944057186000123
            ],
            [
              89.1841952910001,
              23.943388714000037
            ],
            [
              89.18351561800006,
              23.942892369000106
            ],
            [
              89.1832391160001,
              23.942690447000075
            ],
            [
              89.18286391000015,
              23.942340729000136
            ],
            [
              89.1825559880001,
              23.942181036000136
            ],
            [
              89.18214470800018,
              23.942147235000107
            ],
            [
              89.18180259500019,
              23.941955747000065
            ],
            [
              89.1809817100002,
              23.941574297000102
            ],
            [
              89.18048204300015,
              23.941273607000085
            ],
            [
              89.17981952200017,
              23.94087491100015
            ],
            [
              89.17946785999999,
              23.94072433700012
            ],
            [
              89.17899815700014,
              23.940522801000157
            ],
            [
              89.1778683930001,
              23.94013742600015
            ],
            [
              89.17777907100015,
              23.940094538000153
            ],
            [
              89.17753108300008,
              23.939975468000057
            ],
            [
              89.17680744700004,
              23.939627976999986
            ],
            [
              89.1767738280002,
              23.939609373000053
            ],
            [
              89.17588499400006,
              23.939117503000034
            ],
            [
              89.175647765,
              23.939050350000116
            ],
            [
              89.17475483500004,
              23.938797583000053
            ],
            [
              89.17449110800015,
              23.938777995
            ],
            [
              89.17429144300007,
              23.938763521000055
            ],
            [
              89.17426589100012,
              23.938761663000093
            ],
            [
              89.173780926,
              23.938726510000095
            ],
            [
              89.17334879300006,
              23.938695185000086
            ],
            [
              89.17245737200011,
              23.938595552000095
            ],
            [
              89.17191015500003,
              23.938308105000033
            ],
            [
              89.17033425500006,
              23.937922527000126
            ],
            [
              89.16995618800013,
              23.937867657000027
            ],
            [
              89.16959384400013,
              23.93781506800019
            ],
            [
              89.16920312400015,
              23.937758359000043
            ],
            [
              89.1677984960001,
              23.93743464700009
            ],
            [
              89.16659991300014,
              23.937112038000123
            ],
            [
              89.16591644700009,
              23.936920582000084
            ],
            [
              89.16562273600005,
              23.936838304000048
            ],
            [
              89.16557998300016,
              23.93682632800011
            ],
            [
              89.16554705600015,
              23.936817148000046
            ],
            [
              89.1660725480001,
              23.93589075500006
            ],
            [
              89.16671024200014,
              23.934995560000175
            ],
            [
              89.16694629200009,
              23.93442720400003
            ],
            [
              89.16712848100019,
              23.933988531000068
            ],
            [
              89.16726987400006,
              23.93329611400003
            ],
            [
              89.1672700420001,
              23.93326983000003
            ],
            [
              89.16727637000008,
              23.933238840000115
            ],
            [
              89.16728144200016,
              23.932448590000092
            ],
            [
              89.1671830250001,
              23.931754872000056
            ],
            [
              89.16677673600014,
              23.930901431000052
            ],
            [
              89.1662696210002,
              23.929731330000152
            ],
            [
              89.16583107700012,
              23.928595467000036
            ],
            [
              89.1653938720001,
              23.92720446400017
            ],
            [
              89.1650793290001,
              23.92650956600005
            ],
            [
              89.16502181400006,
              23.92638281
            ],
            [
              89.16468109100003,
              23.92603323600008
            ],
            [
              89.16437374300017,
              23.925841901000126
            ],
            [
              89.16403107400015,
              23.925747461000128
            ],
            [
              89.16354638100012,
              23.925679345000162
            ],
            [
              89.16286566999997,
              23.925583063000033
            ],
            [
              89.16108241800003,
              23.92547850600016
            ],
            [
              89.15936855799998,
              23.92527947500014
            ],
            [
              89.15907311400008,
              23.925267774000133
            ],
            [
              89.1584424460001,
              23.925242795000088
            ],
            [
              89.15792827100012,
              23.92517675600004
            ],
            [
              89.15751674400008,
              23.925142888000096
            ],
            [
              89.15724244900002,
              23.92506461700009
            ],
            [
              89.15625156800002,
              23.92450598700009
            ],
            [
              89.1544068550001,
              23.923328500000082
            ],
            [
              89.1522890220001,
              23.921898856000098
            ],
            [
              89.1516312240002,
              23.921454027000152
            ],
            [
              89.15016536900015,
              23.92046364300012
            ],
            [
              89.15003261300018,
              23.920393276000027
            ],
            [
              89.14842815300011,
              23.919542816000046
            ],
            [
              89.14675148700013,
              23.918798724000112
            ],
            [
              89.14634152800005,
              23.91861678200013
            ],
            [
              89.14586295000004,
              23.91841382000007
            ],
            [
              89.144836386,
              23.917978455000025
            ],
            [
              89.14333064700003,
              23.91743268400006
            ],
            [
              89.14217973500001,
              23.916981234
            ],
            [
              89.14161973800014,
              23.91676156800014
            ],
            [
              89.14093149300015,
              23.91639560900012
            ],
            [
              89.14066273700013,
              23.916252703000055
            ],
            [
              89.14048975600008,
              23.916179482000075
            ],
            [
              89.13991020100019,
              23.915932384000087
            ],
            [
              89.13987566100019,
              23.9159098290001
            ],
            [
              89.13956843200009,
              23.915709194999977
            ],
            [
              89.13919424400018,
              23.915235194000104
            ],
            [
              89.13814342000012,
              23.91336877700013
            ],
            [
              89.13774031400015,
              23.91207272500003
            ],
            [
              89.13771367500016,
              23.91090522999997
            ],
            [
              89.13773303400006,
              23.910821807000104
            ],
            [
              89.13776795700005,
              23.910633798000106
            ],
            [
              89.13782266700014,
              23.910341709000136
            ],
            [
              89.13783893300007,
              23.91025486500007
            ],
            [
              89.13790878000009,
              23.91004486600019
            ],
            [
              89.13794387600012,
              23.909939345999987
            ],
            [
              89.13866647000003,
              23.90962954300005
            ],
            [
              89.139182463,
              23.909366348
            ],
            [
              89.13970454600013,
              23.909100044000184
            ],
            [
              89.1398756010002,
              23.90901279100018
            ],
            [
              89.14009826500012,
              23.908899214000087
            ],
            [
              89.14031851100003,
              23.908787548000078
            ],
            [
              89.14034171500003,
              23.90877512900005
            ],
            [
              89.14132474500019,
              23.908249011
            ],
            [
              89.141786615,
              23.90800199900019
            ],
            [
              89.14193718400014,
              23.9079214730001
            ],
            [
              89.14311900300015,
              23.907289413000058
            ],
            [
              89.14320228399998,
              23.90724487300008
            ],
            [
              89.1433470400001,
              23.907167455000092
            ],
            [
              89.14376079700014,
              23.90694622200016
            ],
            [
              89.14470384100014,
              23.90651972100011
            ],
            [
              89.14594149800018,
              23.905959964999965
            ],
            [
              89.14604631900005,
              23.90591255600009
            ],
            [
              89.14610895500005,
              23.90588475500016
            ],
            [
              89.14773100900015,
              23.905305733000034
            ],
            [
              89.14846320800007,
              23.905044353999983
            ],
            [
              89.14866659400002,
              23.90497174900014
            ],
            [
              89.14871314500004,
              23.90495513100018
            ],
            [
              89.1489849080001,
              23.90485184000005
            ],
            [
              89.14930556300004,
              23.904729965000172
            ],
            [
              89.14982304900008,
              23.904533277999974
            ],
            [
              89.15039984800012,
              23.90431404400016
            ],
            [
              89.15087269900005,
              23.904134317000114
            ],
            [
              89.15096748100007,
              23.90409829100014
            ],
            [
              89.15167619800019,
              23.90382924500011
            ],
            [
              89.15215172300003,
              23.903648722000185
            ],
            [
              89.1525295850002,
              23.90347785100016
            ],
            [
              89.1529738640001,
              23.90327694400014
            ],
            [
              89.15300390400006,
              23.903263359000164
            ],
            [
              89.15352803300004,
              23.903026340000167
            ],
            [
              89.15364674300008,
              23.902651800000115
            ],
            [
              89.1536559110001,
              23.902622873000098
            ],
            [
              89.15366813500009,
              23.902584556000022
            ],
            [
              89.153664386,
              23.902540115000193
            ],
            [
              89.15360430600003,
              23.901827793000052
            ],
            [
              89.15358135900016,
              23.901210400000025
            ],
            [
              89.15330968600017,
              23.900192418000188
            ],
            [
              89.15295391100011,
              23.900255804000096
            ],
            [
              89.1527637740001,
              23.899945595000077
            ],
            [
              89.15218371700018,
              23.898999224000022
            ],
            [
              89.15197856200018,
              23.898664506000046
            ],
            [
              89.15188123900003,
              23.89844982700015
            ],
            [
              89.15186568100012,
              23.898415510000063
            ],
            [
              89.1516128780001,
              23.897856830000023
            ],
            [
              89.15157165700015,
              23.89776573400013
            ],
            [
              89.15144925800007,
              23.897495237000044
            ],
            [
              89.15123473300014,
              23.897021143000075
            ],
            [
              89.1511695150001,
              23.897000710000043
            ],
            [
              89.1504131010002,
              23.896763717000056
            ],
            [
              89.14965982200016,
              23.89638101500003
            ],
            [
              89.1492145260001,
              23.895847144000186
            ],
            [
              89.14918468400009,
              23.895810854000047
            ],
            [
              89.14918502400013,
              23.895758869000076
            ],
            [
              89.14919292400009,
              23.894550972000047
            ],
            [
              89.14940727300012,
              23.89213418500003
            ],
            [
              89.14944031300018,
              23.891761642000176
            ],
            [
              89.14944512700004,
              23.89170736800014
            ],
            [
              89.14944944200016,
              23.89165771800009
            ],
            [
              89.14948545200014,
              23.891251093000108
            ],
            [
              89.14948921400008,
              23.891208608000056
            ],
            [
              89.14968638800002,
              23.890528444000097
            ],
            [
              89.15025856200015,
              23.88855465200004
            ],
            [
              89.15034305500012,
              23.888263178999978
            ],
            [
              89.15040557100014,
              23.888054040000043
            ],
            [
              89.15043194600008,
              23.888005288000045
            ],
            [
              89.15126202800019,
              23.88647414900015
            ],
            [
              89.15145101900009,
              23.886125537000055
            ],
            [
              89.15198573500015,
              23.88513907900017
            ],
            [
              89.15214961800012,
              23.884836738000104
            ],
            [
              89.15234548200016,
              23.88447539700013
            ],
            [
              89.15290031000006,
              23.883932616000095
            ],
            [
              89.15371178700013,
              23.8831387460001
            ],
            [
              89.15446524700013,
              23.882401621000156
            ],
            [
              89.15503763000015,
              23.881841639000186
            ],
            [
              89.15571693400005,
              23.881202445000042
            ],
            [
              89.15647252600019,
              23.880491455000026
            ],
            [
              89.15652590600018,
              23.880441224000037
            ],
            [
              89.15650389100006,
              23.880371514000103
            ],
            [
              89.15692832100018,
              23.87997205100004
            ],
            [
              89.15695229800008,
              23.879949483000132
            ],
            [
              89.1572311770002,
              23.879257818000156
            ],
            [
              89.15724410100017,
              23.879189091000057
            ],
            [
              89.15737235700016,
              23.87850704600004
            ],
            [
              89.15718514200017,
              23.877882477000128
            ],
            [
              89.15697028199997,
              23.877174564000086
            ],
            [
              89.1564251850001,
              23.876604832000055
            ],
            [
              89.15639187500017,
              23.876597816000185
            ],
            [
              89.15631173100013,
              23.876580937000085
            ],
            [
              89.15580879300006,
              23.876475008000114
            ],
            [
              89.15498595000014,
              23.876470494000102
            ],
            [
              89.15416362000013,
              23.876339535
            ],
            [
              89.15368401100011,
              23.876273675000107
            ],
            [
              89.15344162000008,
              23.87604759100003
            ],
            [
              89.15354782700007,
              23.87566746800013
            ],
            [
              89.15356937000013,
              23.87559036200014
            ],
            [
              89.15355214900006,
              23.875492886000075
            ],
            [
              89.15353825300014,
              23.87541937000003
            ],
            [
              89.15342070000008,
              23.87456973900015
            ],
            [
              89.1530169340001,
              23.873368550000123
            ],
            [
              89.15213029000012,
              23.87260725900012
            ],
            [
              89.15145257700004,
              23.87134133400008
            ],
            [
              89.15131650600011,
              23.871216397000126
            ],
            [
              89.150904551,
              23.871275090000097
            ],
            [
              89.15087801700014,
              23.87121715000012
            ],
            [
              89.15085582900008,
              23.87116869800019
            ],
            [
              89.15070148799998,
              23.870833671000128
            ],
            [
              89.15067303900003,
              23.870725133000178
            ],
            [
              89.15036464400004,
              23.869917345000147
            ],
            [
              89.15003998000014,
              23.86928603500013
            ],
            [
              89.14995823600015,
              23.869127082000034
            ],
            [
              89.14962016300018,
              23.86840041400012
            ],
            [
              89.14948566400011,
              23.867988727000068
            ],
            [
              89.1494529430002,
              23.867735656000036
            ],
            [
              89.14945345700005,
              23.867656741000133
            ],
            [
              89.14958588000007,
              23.86744823400005
            ],
            [
              89.14960074300012,
              23.867394923000177
            ],
            [
              89.14961767400001,
              23.867317216
            ],
            [
              89.14948513500019,
              23.867131565000022
            ],
            [
              89.14928137499999,
              23.86684593900003
            ],
            [
              89.1492945990002,
              23.86679809000009
            ],
            [
              89.14932877700005,
              23.86671975900009
            ],
            [
              89.14941938300007,
              23.86672025700011
            ],
            [
              89.15031152700016,
              23.866630350000037
            ],
            [
              89.15065411900008,
              23.866663853000034
            ],
            [
              89.15068710500015,
              23.86667806900016
            ],
            [
              89.15103217300009,
              23.86683832900013
            ],
            [
              89.15120228800004,
              23.867060548000097
            ],
            [
              89.15140687400009,
              23.867219729000055
            ],
            [
              89.15157277300005,
              23.86737441300005
            ],
            [
              89.15202239600006,
              23.8674760130001
            ],
            [
              89.1525026880002,
              23.867478655000127
            ],
            [
              89.15270306400004,
              23.867244479000135
            ],
            [
              89.15270654400018,
              23.86713379000014
            ],
            [
              89.15268407400009,
              23.866554505000067
            ],
            [
              89.15266986900008,
              23.866096063000157
            ],
            [
              89.15269756200013,
              23.866100722999988
            ],
            [
              89.15268543600018,
              23.865711692000048
            ],
            [
              89.15268994700011,
              23.865018526000085
            ],
            [
              89.15269640200006,
              23.86496805600018
            ],
            [
              89.15276242900006,
              23.864444458000037
            ],
            [
              89.15276893900011,
              23.86438534900003
            ],
            [
              89.152772405,
              23.863852758000064
            ],
            [
              89.15277441300003,
              23.863543692000064
            ],
            [
              89.15267304600007,
              23.863321858
            ],
            [
              89.15250660700008,
              23.86313558700016
            ],
            [
              89.15236620400009,
              23.86303088800014
            ],
            [
              89.1523673120002,
              23.862860497000156
            ],
            [
              89.15253470200014,
              23.862558772000114
            ],
            [
              89.15263503900019,
              23.862266752000153
            ],
            [
              89.15253779000005,
              23.862084619000086
            ],
            [
              89.15233269200013,
              23.861957045000167
            ],
            [
              89.15202528900005,
              23.861799554000186
            ],
            [
              89.15182040100012,
              23.861640371000078
            ],
            [
              89.15175320100008,
              23.861450334000097
            ],
            [
              89.15176948600009,
              23.861420735000024
            ],
            [
              89.15185724000008,
              23.861261238000054
            ],
            [
              89.15213303200017,
              23.861041479000107
            ],
            [
              89.15216093400016,
              23.860815766000144
            ],
            [
              89.15210441699998,
              23.86051674400011
            ],
            [
              89.15203494700012,
              23.86031613800003
            ],
            [
              89.15169329800017,
              23.86009297800001
            ],
            [
              89.1511812190002,
              23.85974469100006
            ],
            [
              89.15094350900006,
              23.859395658000096
            ],
            [
              89.15067265200008,
              23.858859032000055
            ],
            [
              89.15053701900018,
              23.858668617000035
            ],
            [
              89.15033214000016,
              23.858509427
            ],
            [
              89.1501271520001,
              23.85841346500007
            ],
            [
              89.14988800200018,
              23.858285699000135
            ],
            [
              89.1496751950001,
              23.85797744300004
            ],
            [
              89.14965848300011,
              23.857953420000115
            ],
            [
              89.14958216100001,
              23.857843710999987
            ],
            [
              89.14955129900017,
              23.857306151000103
            ],
            [
              89.14959327400015,
              23.856141282000124
            ],
            [
              89.1495994350002,
              23.856093423000118
            ],
            [
              89.14967914200014,
              23.855559840000126
            ],
            [
              89.14981464400017,
              23.85466494500008
            ],
            [
              89.14997925000011,
              23.85369562700015
            ],
            [
              89.15002878300004,
              23.853403937
            ],
            [
              89.15061623700012,
              23.852682374000096
            ],
            [
              89.15089170300018,
              23.852229004000037
            ],
            [
              89.15090493200012,
              23.852207230000033
            ],
            [
              89.15092798800009,
              23.852169282999967
            ],
            [
              89.15137870600006,
              23.851426643000025
            ],
            [
              89.15208927500015,
              23.850474583000107
            ],
            [
              89.15206712500009,
              23.850441112999988
            ],
            [
              89.15263668500018,
              23.849992113000155
            ],
            [
              89.15282713700009,
              23.849841972000092
            ],
            [
              89.15354376300007,
              23.849422699000115
            ],
            [
              89.1538938650001,
              23.849217865000014
            ],
            [
              89.15523541700009,
              23.84856364799998
            ],
            [
              89.15607258300008,
              23.84820738500008
            ],
            [
              89.15633547900012,
              23.848095507000096
            ],
            [
              89.15740084800007,
              23.84772426100011
            ],
            [
              89.15850069000015,
              23.847287713000014
            ],
            [
              89.15884538100016,
              23.847036704000118
            ],
            [
              89.15889524800008,
              23.846917304000044
            ],
            [
              89.15893426900004,
              23.846823825
            ],
            [
              89.15867175000011,
              23.846237072000065
            ],
            [
              89.1584141460001,
              23.84512680200004
            ],
            [
              89.15837280800002,
              23.844948635000094
            ],
            [
              89.15827280400009,
              23.844570493000106
            ],
            [
              89.15820536700011,
              23.84431549700014
            ],
            [
              89.15803668600012,
              23.843874274000143
            ],
            [
              89.15779775800007,
              23.843714911000177
            ],
            [
              89.1575929930001,
              23.843587347000096
            ],
            [
              89.15735406500005,
              23.843427980000172
            ],
            [
              89.15718538800019,
              23.842986760000088
            ],
            [
              89.15694973600006,
              23.842321632999983
            ],
            [
              89.15678269400013,
              23.841627526000025
            ],
            [
              89.15671834800008,
              23.84099720600011
            ],
            [
              89.15668846400013,
              23.84030385000011
            ],
            [
              89.15658812700008,
              23.839923965000025
            ],
            [
              89.15655601400016,
              23.83957606400014
            ],
            [
              89.15656354400011,
              23.83953000700012
            ],
            [
              89.15659179500005,
              23.83935724000014
            ],
            [
              89.15679798300005,
              23.839263534
            ],
            [
              89.15686814700018,
              23.839042637000148
            ],
            [
              89.15714053100015,
              23.83839157799997
            ],
            [
              89.157559919,
              23.83806872600013
            ],
            [
              89.15775555100004,
              23.837986766000085
            ],
            [
              89.15845369800019,
              23.837694274000057
            ],
            [
              89.15884726400003,
              23.837583244000086
            ],
            [
              89.15900332100006,
              23.837539218000188
            ],
            [
              89.15948460900012,
              23.83732281900012
            ],
            [
              89.15996590900016,
              23.83710416700012
            ],
            [
              89.16037980400017,
              23.836727082000095
            ],
            [
              89.160966008,
              23.83622675500004
            ],
            [
              89.16120797600013,
              23.835911958000167
            ],
            [
              89.16134877100018,
              23.835345976000042
            ],
            [
              89.16155779500002,
              23.834809718000088
            ],
            [
              89.16162996500015,
              23.83424169300008
            ],
            [
              89.16163665800008,
              23.834186089000127
            ],
            [
              89.16153883600015,
              23.83336592100011
            ],
            [
              89.16142490300007,
              23.832952094000063
            ],
            [
              89.16130438100004,
              23.832513395000092
            ],
            [
              89.16099908000007,
              23.832037564000075
            ],
            [
              89.16058946500004,
              23.83175308800014
            ],
            [
              89.16004210500006,
              23.831560438
            ],
            [
              89.1597002100001,
              23.831432129000177
            ],
            [
              89.159530739,
              23.83111509000014
            ],
            [
              89.15932639800008,
              23.83092431000017
            ],
            [
              89.15891596900013,
              23.83076627100013
            ],
            [
              89.15853930900005,
              23.830700992000118
            ],
            [
              89.15802571000012,
              23.830603352000082
            ],
            [
              89.15740871500014,
              23.830599982000138
            ],
            [
              89.15713524400013,
              23.83047204100012
            ],
            [
              89.15682761900018,
              23.83031230400013
            ],
            [
              89.15600486000005,
              23.830339411000182
            ],
            [
              89.15507962700013,
              23.83027112100018
            ],
            [
              89.15446325000005,
              23.83017290500004
            ],
            [
              89.15408700500006,
              23.83004439700011
            ],
            [
              89.15404556400011,
              23.83001039200019
            ],
            [
              89.15401498000006,
              23.829985294000096
            ],
            [
              89.1537799800002,
              23.829792078000082
            ],
            [
              89.15374756700004,
              23.82953900900003
            ],
            [
              89.15377819600019,
              23.829245846
            ],
            [
              89.15378387600015,
              23.829191484000148
            ],
            [
              89.15388071100006,
              23.828846025000075
            ],
            [
              89.15388941200018,
              23.828814984000076
            ],
            [
              89.15385750799999,
              23.828435473000184
            ],
            [
              89.15375596000013,
              23.828245247000098
            ],
            [
              89.15344792900015,
              23.828148723000083
            ],
            [
              89.15307167500009,
              23.828022465000117
            ],
            [
              89.15269564200014,
              23.827862343
            ],
            [
              89.15245695500005,
              23.827671363000036
            ],
            [
              89.15228750500006,
              23.827354319000108
            ],
            [
              89.15226807200014,
              23.827252653000187
            ],
            [
              89.15215486900007,
              23.826660398000115
            ],
            [
              89.15223022200018,
              23.8255362430001
            ],
            [
              89.15240508800008,
              23.824133723000045
            ],
            [
              89.15251561700012,
              23.823172267000075
            ],
            [
              89.15244867300004,
              23.82271370700016
            ],
            [
              89.15244990500014,
              23.822524046000183
            ],
            [
              89.15238189900003,
              23.822460450999984
            ],
            [
              89.15224557200003,
              23.82233551100012
            ],
            [
              89.15190340200013,
              23.822207187000174
            ],
            [
              89.1512864500001,
              23.822203790000174
            ],
            [
              89.15080581000012,
              23.822327589
            ],
            [
              89.15032558000019,
              23.822388168000145
            ],
            [
              89.14998299900014,
              23.822323057000176
            ],
            [
              89.14950441700017,
              23.822130749000053
            ],
            [
              89.14902666300009,
              23.8218119980001
            ],
            [
              89.1485484980002,
              23.821556468000097
            ],
            [
              89.14781406100013,
              23.821597569000176
            ],
            [
              89.14751973500012,
              23.82161400600006
            ],
            [
              89.14642183500018,
              23.82173437800003
            ],
            [
              89.14552937400015,
              23.821919102000038
            ],
            [
              89.14484318300015,
              23.822041744000103
            ],
            [
              89.14436347700007,
              23.82197585900002
            ],
            [
              89.14395362500011,
              23.82178391800005
            ],
            [
              89.14396628200018,
              23.82151110800004
            ],
            [
              89.14397047500006,
              23.821458003000032
            ],
            [
              89.14416980400011,
              23.821097838000128
            ],
            [
              89.14430983600016,
              23.820656058000168
            ],
            [
              89.14458781800005,
              23.82009085100003
            ],
            [
              89.14472866199998,
              23.819524887000114
            ],
            [
              89.14540987000004,
              23.818147533
            ],
            [
              89.14563185300005,
              23.81769869200008
            ],
            [
              89.14583944900016,
              23.817385988000126
            ],
            [
              89.14604570900019,
              23.81732390500008
            ],
            [
              89.1462512490001,
              23.817325042999983
            ],
            [
              89.14645678900007,
              23.817326181000112
            ],
            [
              89.14652344200016,
              23.817642665000164
            ],
            [
              89.1465893850002,
              23.81802010800004
            ],
            [
              89.14665603800012,
              23.818336591000048
            ],
            [
              89.14692947200018,
              23.818464550000044
            ],
            [
              89.14734014500016,
              23.818530043000067
            ],
            [
              89.147683126,
              23.818531939000025
            ],
            [
              89.14816416600002,
              23.818344928999977
            ],
            [
              89.14864438100005,
              23.818284358000028
            ],
            [
              89.14884981900019,
              23.81834871600006
            ],
            [
              89.14926090400019,
              23.81835098300013
            ],
            [
              89.1495359880002,
              23.81822605500014
            ],
            [
              89.14987948600003,
              23.818101503000094
            ],
            [
              89.15015416,
              23.81803979400007
            ],
            [
              89.15042677400004,
              23.818294188000152
            ],
            [
              89.15076769600017,
              23.818612178000024
            ],
            [
              89.1510383750001,
              23.819117196000036
            ],
            [
              89.1513109930001,
              23.819371589000014
            ],
            [
              89.1516535660001,
              23.819436694
            ],
            [
              89.15199706500016,
              23.81931213900009
            ],
            [
              89.15214116200013,
              23.81824040200013
            ],
            [
              89.152201247,
              23.817793513000026
            ],
            [
              89.15228151700006,
              23.817196487
            ],
            [
              89.15228525800012,
              23.81716866400012
            ],
            [
              89.15243262200005,
              23.815593419000095
            ],
            [
              89.15239095000015,
              23.814195934000168
            ],
            [
              89.15259098900009,
              23.813838011000144
            ],
            [
              89.15300582700013,
              23.81355352500003
            ],
            [
              89.15321737400018,
              23.813375460000145
            ],
            [
              89.15331973900004,
              23.81321113200005
            ],
            [
              89.15334058000008,
              23.81301078399997
            ],
            [
              89.153516196,
              23.812828688000025
            ],
            [
              89.1536331580001,
              23.812707410000087
            ],
            [
              89.15382362800005,
              23.812509911
            ],
            [
              89.15437458400015,
              23.81213359300017
            ],
            [
              89.15469198900007,
              23.811846354000124
            ],
            [
              89.15451134000011,
              23.81124557100003
            ],
            [
              89.1540349030002,
              23.809803515000112
            ],
            [
              89.15390598300019,
              23.809413300000074
            ],
            [
              89.15343561100019,
              23.807961109000075
            ],
            [
              89.15317339700016,
              23.807180677000133
            ],
            [
              89.1530320280001,
              23.806759916999965
            ],
            [
              89.15290595200014,
              23.80505672300012
            ],
            [
              89.15279321300017,
              23.803473270999973
            ],
            [
              89.15278028800003,
              23.80329030700011
            ],
            [
              89.15278719700018,
              23.80323890500017
            ],
            [
              89.15306845600009,
              23.80114211700004
            ],
            [
              89.15307681500019,
              23.80032546600006
            ],
            [
              89.15362423500017,
              23.80001411900014
            ],
            [
              89.15403760100008,
              23.79970252800001
            ],
            [
              89.1542447540001,
              23.799450770000135
            ],
            [
              89.15431632800016,
              23.79900860300006
            ],
            [
              89.15445710500018,
              23.79844262500012
            ],
            [
              89.15459747400013,
              23.797939869000118
            ],
            [
              89.15480666600001,
              23.79737200800008
            ],
            [
              89.15501502400002,
              23.79693284500007
            ],
            [
              89.15522669400013,
              23.796739819000095
            ],
            [
              89.15517071600016,
              23.79673951300009
            ],
            [
              89.15523318700008,
              23.796682544000078
            ],
            [
              89.1552973680001,
              23.796624187000134
            ],
            [
              89.15607665300001,
              23.796673387000112
            ],
            [
              89.15639382299997,
              23.796693410000103
            ],
            [
              89.156532664,
              23.796378053000012
            ],
            [
              89.15681339500009,
              23.795370278000064
            ],
            [
              89.15813921600005,
              23.79533970500006
            ],
            [
              89.15879275700007,
              23.795324631000085
            ],
            [
              89.159281707,
              23.795275363000087
            ],
            [
              89.15976183300012,
              23.795214754000142
            ],
            [
              89.16031065100009,
              23.795156774000134
            ],
            [
              89.16072319000017,
              23.794969348999985
            ],
            [
              89.16108858000001,
              23.794747398000027
            ],
            [
              89.16113582600002,
              23.794718700000146
            ],
            [
              89.16134285600009,
              23.794530158000157
            ],
            [
              89.16148117900008,
              23.79434123900006
            ],
            [
              89.161620702,
              23.793964918000086
            ],
            [
              89.16210163400018,
              23.793777858999988
            ],
            [
              89.16237282500015,
              23.7935806320001
            ],
            [
              89.16244586400006,
              23.793526836000126
            ],
            [
              89.16285919100005,
              23.79321522099997
            ],
            [
              89.16347722300003,
              23.79302890300005
            ],
            [
              89.16409778000013,
              23.792648861000032
            ],
            [
              89.16422456000015,
              23.792250463000073
            ],
            [
              89.16409602900012,
              23.791764138000076
            ],
            [
              89.163962147,
              23.791259885000045
            ],
            [
              89.16369067500011,
              23.790879075000134
            ],
            [
              89.16341888300019,
              23.79050052100007
            ],
            [
              89.16294120700013,
              23.79018181700019
            ],
            [
              89.16269243300013,
              23.790145130999974
            ],
            [
              89.16205098900019,
              23.790050545000156
            ],
            [
              89.16122716700005,
              23.790235741
            ],
            [
              89.16067713400008,
              23.79048564100009
            ],
            [
              89.16012785200013,
              23.790670059000092
            ],
            [
              89.15964863900018,
              23.790543263000075
            ],
            [
              89.1595222840001,
              23.790472373000057
            ],
            [
              89.1593072600001,
              23.790351734000126
            ],
            [
              89.15924246700013,
              23.790043458000184
            ],
            [
              89.15917422600012,
              23.789718777000076
            ],
            [
              89.15904158500007,
              23.789024860000097
            ],
            [
              89.15877306500005,
              23.788140530000135
            ],
            [
              89.15823553400003,
              23.786498315000074
            ],
            [
              89.15739606100016,
              23.784760503000143
            ],
            [
              89.1572884570001,
              23.784537746000126
            ],
            [
              89.15633520200004,
              23.78358645100019
            ],
            [
              89.15580839300003,
              23.783188426000038
            ],
            [
              89.1557876240002,
              23.783172698000158
            ],
            [
              89.15524374500006,
              23.782760839000048
            ],
            [
              89.15442353300006,
              23.78244023400009
            ],
            [
              89.15367047600017,
              23.782309663000035
            ],
            [
              89.15330206000004,
              23.782325526000022
            ],
            [
              89.1523678370001,
              23.78236574300007
            ],
            [
              89.15142319300014,
              23.782474119000142
            ],
            [
              89.15079018900013,
              23.78254673900011
            ],
            [
              89.14935045600015,
              23.782602036000185
            ],
            [
              89.14839154200018,
              23.782533523000097
            ],
            [
              89.14763851000004,
              23.782402920000038
            ],
            [
              89.1467492110001,
              23.782145116000038
            ],
            [
              89.14670992000015,
              23.78213290300016
            ],
            [
              89.14592829200012,
              23.781889941000145
            ],
            [
              89.14538229800007,
              23.781570806000104
            ],
            [
              89.1449035440001,
              23.78137849000018
            ],
            [
              89.14481311500015,
              23.781389899000146
            ],
            [
              89.14442346400017,
              23.78143905400003
            ],
            [
              89.14401135800017,
              23.781563214000187
            ],
            [
              89.14346288700017,
              23.781623394
            ],
            [
              89.14339660500019,
              23.78161472200003
            ],
            [
              89.142904256,
              23.781550303000074
            ],
            [
              89.14250492100012,
              23.781365182000172
            ],
            [
              89.14216606500014,
              23.780796551000094
            ],
            [
              89.14196359300007,
              23.78028964300006
            ],
            [
              89.14183230000015,
              23.779406050000034
            ],
            [
              89.14183996700018,
              23.778237758000046
            ],
            [
              89.14184926400014,
              23.77682077300011
            ],
            [
              89.14180310800003,
              23.77590776800014
            ],
            [
              89.14171845800013,
              23.774233320000178
            ],
            [
              89.14164839500012,
              23.77284740100015
            ],
            [
              89.14160685800016,
              23.772025762000112
            ],
            [
              89.14119933500012,
              23.771456748000105
            ],
            [
              89.14065598000019,
              23.77069730600016
            ],
            [
              89.1403213120002,
              23.7694964640001
            ],
            [
              89.1401954230002,
              23.767793254000026
            ],
            [
              89.14019358300004,
              23.767603165000025
            ],
            [
              89.14016166400012,
              23.764305561000015
            ],
            [
              89.14015450600004,
              23.763566112000035
            ],
            [
              89.14016112600007,
              23.7635214660001
            ],
            [
              89.14033061200007,
              23.762703397000166
            ],
            [
              89.14040324000007,
              23.76235850000012
            ],
            [
              89.14041451100019,
              23.76230497100005
            ],
            [
              89.14056556300005,
              23.761587641000062
            ],
            [
              89.1407978630001,
              23.76048444500009
            ],
            [
              89.14126164600003,
              23.75859484900002
            ],
            [
              89.14143147200019,
              23.75790259400003
            ],
            [
              89.14182808000015,
              23.756100631000095
            ],
            [
              89.14185138000016,
              23.755994772000122
            ],
            [
              89.14186360800011,
              23.755939213000033
            ],
            [
              89.14404842800019,
              23.75588042900017
            ],
            [
              89.1457615870001,
              23.75588991000012
            ],
            [
              89.14651570000007,
              23.755830858000024
            ],
            [
              89.14781601800019,
              23.75609092400009
            ],
            [
              89.14784276900019,
              23.75609367100003
            ],
            [
              89.14911716400019,
              23.75622453800014
            ],
            [
              89.15000998700009,
              23.755913336000106
            ],
            [
              89.15017563700013,
              23.755673026000125
            ],
            [
              89.15034958500013,
              23.75542067700013
            ],
            [
              89.15035308400013,
              23.754899173000126
            ],
            [
              89.15035941900004,
              23.75484884200017
            ],
            [
              89.15043110500011,
              23.754339584000093
            ],
            [
              89.15070776100009,
              23.754113535000158
            ],
            [
              89.1511200970001,
              23.753776624000068
            ],
            [
              89.15175295300003,
              23.753257456000085
            ],
            [
              89.15180909700007,
              23.753211397000143
            ],
            [
              89.15206017700007,
              23.752962412000045
            ],
            [
              89.15252460900012,
              23.752501853000012
            ],
            [
              89.15256768200004,
              23.752459139000052
            ],
            [
              89.15421945100019,
              23.75133242200019
            ],
            [
              89.15490758000004,
              23.750895891000027
            ],
            [
              89.15515671300011,
              23.750353157000063
            ],
            [
              89.1552549650001,
              23.750139106
            ],
            [
              89.15539608900002,
              23.749509902
            ],
            [
              89.155467714,
              23.749006764000114
            ],
            [
              89.15581499500007,
              23.748313202000134
            ],
            [
              89.15664027500014,
              23.747814179000102
            ],
            [
              89.15760170700008,
              23.74750330700016
            ],
            [
              89.15842575600016,
              23.747193935000155
            ],
            [
              89.15939179900005,
              23.74688524400011
            ],
            [
              89.15959301500004,
              23.746820947
            ],
            [
              89.1612418200001,
              23.746136699999965
            ],
            [
              89.16149652000001,
              23.745959662000075
            ],
            [
              89.1616229870001,
              23.745871755000167
            ],
            [
              89.162411879,
              23.745323399000085
            ],
            [
              89.16392722600006,
              23.74406939199997
            ],
            [
              89.16578698000012,
              23.74256652100007
            ],
            [
              89.16723676900006,
              23.740806406
            ],
            [
              89.16768068800013,
              23.740840802000037
            ],
            [
              89.16790961900017,
              23.74085854000009
            ],
            [
              89.16971082600008,
              23.74099808900013
            ],
            [
              89.17009571000011,
              23.741022280000095
            ],
            [
              89.17191049500008,
              23.74113633500002
            ],
            [
              89.17252912200018,
              23.74120287100004
            ],
            [
              89.17280214700014,
              23.741520451000042
            ],
            [
              89.17292786400014,
              23.743413317000147
            ],
            [
              89.17285480600015,
              23.744106128
            ],
            [
              89.17291871000009,
              23.744862896000086
            ],
            [
              89.17312226400009,
              23.74530655
            ],
            [
              89.17373933100004,
              23.74562371000019
            ],
            [
              89.1739361760001,
              23.745692799000096
            ],
            [
              89.17428817400008,
              23.745816319000028
            ],
            [
              89.17443789000004,
              23.745915426000124
            ],
            [
              89.17448082800018,
              23.745943963000116
            ],
            [
              89.1747675420001,
              23.74613500300012
            ],
            [
              89.17510917200013,
              23.746516169000188
            ],
            [
              89.17572346300005,
              23.74727587100017
            ],
            [
              89.17608090200008,
              23.747277777000136
            ],
            [
              89.1762048490001,
              23.747278438000137
            ],
            [
              89.17634411000017,
              23.74702628600005
            ],
            [
              89.17641517700014,
              23.746647323000047
            ],
            [
              89.17662298000016,
              23.746460985000056
            ],
            [
              89.17724217600005,
              23.746401086
            ],
            [
              89.17761776700013,
              23.746502436000014
            ],
            [
              89.17851420900007,
              23.746766871000148
            ],
            [
              89.17913157800007,
              23.746892083000034
            ],
            [
              89.17939496500009,
              23.74713734400018
            ],
            [
              89.1793036040001,
              23.747624585000096
            ],
            [
              89.17921275100014,
              23.748030540000173
            ],
            [
              89.17934215300016,
              23.748518952999973
            ],
            [
              89.17978014099998,
              23.749090286000126
            ],
            [
              89.17968928800019,
              23.74949624100003
            ],
            [
              89.1798628470001,
              23.749984887000153
            ],
            [
              89.18024982600002,
              23.75001387400016
            ],
            [
              89.18034974600016,
              23.750021389000153
            ],
            [
              89.18092192000006,
              23.750071819000027
            ],
            [
              89.18132057200017,
              23.74987071300012
            ],
            [
              89.18123531500015,
              23.749382535000052
            ],
            [
              89.18097242900006,
              23.749055992000137
            ],
            [
              89.18093056300017,
              23.748689976000037
            ],
            [
              89.18102064900012,
              23.748405947000037
            ],
            [
              89.18146372400014,
              23.748164426000073
            ],
            [
              89.18194915300006,
              23.74820764000009
            ],
            [
              89.18225771500016,
              23.748290560000044
            ],
            [
              89.18265407800004,
              23.74845523200014
            ],
            [
              89.18278450800017,
              23.748781073000032
            ],
            [
              89.18304765200008,
              23.749066971000047
            ],
            [
              89.18335545800016,
              23.749271817000135
            ],
            [
              89.1837094440001,
              23.749151755000128
            ],
            [
              89.18388783000012,
              23.7488681910001
            ],
            [
              89.18388909700013,
              23.74866497800008
            ],
            [
              89.18397917600004,
              23.7483809470001
            ],
            [
              89.18415654799998,
              23.748259952000126
            ],
            [
              89.18451029800013,
              23.74818052600017
            ],
            [
              89.18518785900017,
              23.748096038000085
            ],
            [
              89.18597012600014,
              23.74774113900014
            ],
            [
              89.18623163400008,
              23.747471452000127
            ],
            [
              89.18635274800016,
              23.747346549000156
            ],
            [
              89.1864171150001,
              23.747280170000067
            ],
            [
              89.18663671000002,
              23.747053704000166
            ],
            [
              89.18708050700008,
              23.74669024400015
            ],
            [
              89.18761159800005,
              23.746489817000167
            ],
            [
              89.18774918600008,
              23.746439993000138
            ],
            [
              89.18805413000007,
              23.746329567000032
            ],
            [
              89.188232755,
              23.746005354000147
            ],
            [
              89.18832332600016,
              23.74564003500018
            ],
            [
              89.18881078300006,
              23.74535808100012
            ],
            [
              89.18956262600017,
              23.745158806000063
            ],
            [
              89.19019796800018,
              23.745016129000078
            ],
            [
              89.19044692300008,
              23.744960221000042
            ],
            [
              89.1916836790001,
              23.74488540599998
            ],
            [
              89.1928762820001,
              23.744810350000023
            ],
            [
              89.1937156690002,
              23.744733443000143
            ],
            [
              89.19433379600008,
              23.744736666000108
            ],
            [
              89.19508487900015,
              23.744659292000108
            ],
            [
              89.19570350500015,
              23.744581224000058
            ],
            [
              89.19596941500015,
              23.74442003200005
            ],
            [
              89.19627972400014,
              23.74421842600009
            ],
            [
              89.19645782700002,
              23.74397548900015
            ],
            [
              89.19668033100015,
              23.743692137000153
            ],
            [
              89.19690233400013,
              23.74349007100011
            ],
            [
              89.19734484600014,
              23.74332979400009
            ],
            [
              89.19774220900007,
              23.743331857000157
            ],
            [
              89.19800260100016,
              23.74337319700004
            ],
            [
              89.19802722700007,
              23.74346046000005
            ],
            [
              89.19803791700002,
              23.743505928000104
            ],
            [
              89.19809297400008,
              23.743740106000075
            ],
            [
              89.19822095100011,
              23.74447236000009
            ],
            [
              89.19888173700002,
              23.74471965000015
            ],
            [
              89.19967523200006,
              23.744926981000162
            ],
            [
              89.20024821500016,
              23.745092522000107
            ],
            [
              89.20081847300008,
              23.74570513100008
            ],
            [
              89.20116921200002,
              23.74611338300008
            ],
            [
              89.20165414600018,
              23.74623782100008
            ],
            [
              89.20258060600014,
              23.74636453500011
            ],
            [
              89.20324289500013,
              23.746367951000025
            ],
            [
              89.20372832700014,
              23.74641109700002
            ],
            [
              89.20416837000005,
              23.746657227000128
            ],
            [
              89.20447250100005,
              23.747471671000028
            ],
            [
              89.20449777200014,
              23.747641276000138
            ],
            [
              89.20455735100018,
              23.748041124000167
            ],
            [
              89.20473073900013,
              23.74857037099997
            ],
            [
              89.20508651200015,
              23.748815684000135
            ],
            [
              89.2058759680001,
              23.749023377000185
            ],
            [
              89.20622747200008,
              23.749309690000132
            ],
            [
              89.2065789770001,
              23.749596003000136
            ],
            [
              89.20675214500005,
              23.750165907
            ],
            [
              89.20688165200016,
              23.7506543
            ],
            [
              89.20709970000013,
              23.751102495000055
            ],
            [
              89.20730088700014,
              23.75140252200009
            ],
            [
              89.20731849800006,
              23.751428782000175
            ],
            [
              89.20750394800018,
              23.75175007500019
            ],
            [
              89.2076243800002,
              23.751958722000097
            ],
            [
              89.2079305110002,
              23.75244801900004
            ],
            [
              89.20836910800017,
              23.75293799400015
            ],
            [
              89.20885382900019,
              23.753103052000142
            ],
            [
              89.20933257400009,
              23.753025459000185
            ],
            [
              89.209650377,
              23.75282261000018
            ],
            [
              89.20991653200014,
              23.75262075100011
            ],
            [
              89.21027050600009,
              23.752500628
            ],
            [
              89.21047975000016,
              23.752624700000183
            ],
            [
              89.21075449300008,
              23.75278760800012
            ],
            [
              89.2111067510001,
              23.752951983000173
            ],
            [
              89.21132356800018,
              23.752973059000112
            ],
            [
              89.2115480760001,
              23.752994875000127
            ],
            [
              89.21167237100019,
              23.753005915000188
            ],
            [
              89.21203353500005,
              23.753037994000067
            ],
            [
              89.21260706000015,
              23.753122206000114
            ],
            [
              89.21300396600014,
              23.753205516000094
            ],
            [
              89.21331449700017,
              23.75339836200004
            ],
            [
              89.21339989500012,
              23.753451396000173
            ],
            [
              89.21353138400008,
              23.75361464100007
            ],
            [
              89.21365052600015,
              23.753725526000096
            ],
            [
              89.2137070490001,
              23.753778106000027
            ],
            [
              89.21374802900016,
              23.753880409000033
            ],
            [
              89.21383303000016,
              23.75409260800012
            ],
            [
              89.21378974600015,
              23.754713339000034
            ],
            [
              89.21340446900012,
              23.755374322000137
            ],
            [
              89.21338819400012,
              23.755402242000116
            ],
            [
              89.21336941800018,
              23.755432012000085
            ],
            [
              89.21303142500017,
              23.75596946800016
            ],
            [
              89.21280593500018,
              23.756699636000178
            ],
            [
              89.21293685600006,
              23.756806707000067
            ],
            [
              89.21320180000015,
              23.75702705200007
            ],
            [
              89.21373045500013,
              23.75723296400008
            ],
            [
              89.2143474240001,
              23.757439322000096
            ],
            [
              89.21456649900017,
              23.757724943000028
            ],
            [
              89.21478313700015,
              23.75841699200015
            ],
            [
              89.214824367,
              23.75890493000003
            ],
            [
              89.21485159100013,
              23.758933518000106
            ],
            [
              89.21504065300013,
              23.75913185800016
            ],
            [
              89.21517536800019,
              23.759272525000142
            ],
            [
              89.21592506400003,
              23.75943890700006
            ],
            [
              89.21608991,
              23.7594631070001
            ],
            [
              89.21649864000011,
              23.75952309900009
            ],
            [
              89.21718612500001,
              23.759589897000126
            ],
            [
              89.2173813180001,
              23.75960885600017
            ],
            [
              89.21848427800006,
              23.759777015000168
            ],
            [
              89.21910150800016,
              23.75994271200011
            ],
            [
              89.21976241500005,
              23.760189916000115
            ],
            [
              89.22031288200003,
              23.76039015300006
            ],
            [
              89.22055555400004,
              23.760478427000123
            ],
            [
              89.22112815000014,
              23.760725179000076
            ],
            [
              89.2220238810001,
              23.760687637
            ],
            [
              89.22254454700004,
              23.760630705999972
            ],
            [
              89.22268247300008,
              23.760615292000125
            ],
            [
              89.22271852800009,
              23.760611262000168
            ],
            [
              89.22342697800013,
              23.760289673000102
            ],
            [
              89.22347258300005,
              23.760046038000098
            ],
            [
              89.22351867000003,
              23.75972111700014
            ],
            [
              89.22352084000005,
              23.759355332000155
            ],
            [
              89.2236542760001,
              23.759193427000184
            ],
            [
              89.22409729200012,
              23.75895178800016
            ],
            [
              89.22502555200003,
              23.758793870999966
            ],
            [
              89.2264839340001,
              23.7585979590001
            ],
            [
              89.22736803300012,
              23.75843980600007
            ],
            [
              89.22798623000006,
              23.75844289600019
            ],
            [
              89.22864930100013,
              23.75832427600011
            ],
            [
              89.22935700800014,
              23.7581245880001
            ],
            [
              89.22971122000013,
              23.757963777000043
            ],
            [
              89.22975911999998,
              23.757833860000062
            ],
            [
              89.22980096800012,
              23.757720360000064
            ],
            [
              89.2298045550001,
              23.75711071700016
            ],
            [
              89.22993822000007,
              23.756908163000105
            ],
            [
              89.23020483200014,
              23.756624982
            ],
            [
              89.23104523400019,
              23.756385303000172
            ],
            [
              89.2317085320002,
              23.756226026000036
            ],
            [
              89.23213597400019,
              23.756143939000083
            ],
            [
              89.23232743400007,
              23.756107170000178
            ],
            [
              89.2330783270001,
              23.756070255000054
            ],
            [
              89.23334963900015,
              23.75632268800007
            ],
            [
              89.23342969300006,
              23.756397145999983
            ],
            [
              89.23376989000002,
              23.757160212000088
            ],
            [
              89.23386554600012,
              23.757374766000055
            ],
            [
              89.23417012400012,
              23.75814851400014
            ],
            [
              89.23434342400009,
              23.75871839000007
            ],
            [
              89.23469097700013,
              23.75969557100018
            ],
            [
              89.234952594,
              23.760265884000034
            ],
            [
              89.23498742000004,
              23.760288661
            ],
            [
              89.23515980900004,
              23.76040344200004
            ],
            [
              89.23556838600018,
              23.760675384000137
            ],
            [
              89.2361417250001,
              23.760800153000048
            ],
            [
              89.23684872300015,
              23.760722358000123
            ],
            [
              89.23715845700019,
              23.760700141000143
            ],
            [
              89.23737889500012,
              23.7606843210001
            ],
            [
              89.23813052300017,
              23.76052545300007
            ],
            [
              89.2387935980002,
              23.760406790000104
            ],
            [
              89.23923564800003,
              23.760327679000056
            ],
            [
              89.23967722400016,
              23.760329853000087
            ],
            [
              89.24007251900008,
              23.76069759400019
            ],
            [
              89.24011424400004,
              23.760791166000104
            ],
            [
              89.24083707500012,
              23.76118382300001
            ],
            [
              89.24145106100008,
              23.760546948000183
            ],
            [
              89.24155650400019,
              23.760747776000073
            ],
            [
              89.24157015800006,
              23.760772681000105
            ],
            [
              89.24170949200004,
              23.76079489100016
            ],
            [
              89.24231557500019,
              23.76089149700016
            ],
            [
              89.24341113800017,
              23.760490424000125
            ],
            [
              89.24404524300013,
              23.76029030700016
            ],
            [
              89.2441519570001,
              23.761033715000053
            ],
            [
              89.24409552900005,
              23.761788853000155
            ],
            [
              89.24464742700007,
              23.76161467900016
            ],
            [
              89.24475414500017,
              23.762358087
            ],
            [
              89.24468701800004,
              23.763256446000184
            ],
            [
              89.24467137700009,
              23.763411025000096
            ],
            [
              89.24462262100013,
              23.763892888999976
            ],
            [
              89.2446930970001,
              23.764236740000115
            ],
            [
              89.24526368700009,
              23.764096506000044
            ],
            [
              89.24583822200009,
              23.76401802400011
            ],
            [
              89.24636836400009,
              23.76397996800017
            ],
            [
              89.24654336200018,
              23.76426533000017
            ],
            [
              89.24650111700015,
              23.76470351500012
            ],
            [
              89.24649637300007,
              23.764752837000117
            ],
            [
              89.24640668500012,
              23.76507574500016
            ],
            [
              89.24612133200009,
              23.76513573700015
            ],
            [
              89.24563712400015,
              23.765375766000034
            ],
            [
              89.2453695850001,
              23.765821541000037
            ],
            [
              89.24523570100007,
              23.766064752000034
            ],
            [
              89.24536349200008,
              23.766878259000066
            ],
            [
              89.24543993300006,
              23.767036846000167
            ],
            [
              89.24575624400006,
              23.76769305900018
            ],
            [
              89.24605662800002,
              23.768496585000037
            ],
            [
              89.24627983700015,
              23.769063979000123
            ],
            [
              89.24636535600018,
              23.769281155000158
            ],
            [
              89.24680135,
              23.770258740000088
            ],
            [
              89.24723968800004,
              23.77082989300004
            ],
            [
              89.24750161400004,
              23.77135954300013
            ],
            [
              89.24758759900016,
              23.77176640500005
            ],
            [
              89.24789322500004,
              23.772377556000095
            ],
            [
              89.24811123100011,
              23.772866346000058
            ],
            [
              89.24807034400004,
              23.773096463000172
            ],
            [
              89.2479743020001,
              23.77363792200009
            ],
            [
              89.24779672100004,
              23.773799628000177
            ],
            [
              89.2476621290001,
              23.774164771000073
            ],
            [
              89.24775007500011,
              23.774474872999974
            ],
            [
              89.24777024100018,
              23.774545978000106
            ],
            [
              89.24782501900006,
              23.774739125000167
            ],
            [
              89.24783527200015,
              23.77477527800005
            ],
            [
              89.24761706100008,
              23.77499384100014
            ],
            [
              89.24752172600012,
              23.775089330000128
            ],
            [
              89.24739107100004,
              23.77522019500003
            ],
            [
              89.24712039100001,
              23.77526036000006
            ],
            [
              89.24659544100012,
              23.775338248000082
            ],
            [
              89.24588860200015,
              23.775375442000154
            ],
            [
              89.24564929500019,
              23.775435017
            ],
            [
              89.24559571900016,
              23.775437838000187
            ],
            [
              89.24488408200017,
              23.775615001000176
            ],
            [
              89.24479870800008,
              23.77563191200005
            ],
            [
              89.24466530100011,
              23.77596165000017
            ],
            [
              89.2448414530001,
              23.776428867
            ],
            [
              89.24492628700006,
              23.776653874999965
            ],
            [
              89.24487907400015,
              23.77718201600004
            ],
            [
              89.24482995700004,
              23.777234188000136
            ],
            [
              89.24461245000009,
              23.777465222000046
            ],
            [
              89.2444783160002,
              23.777749073000166
            ],
            [
              89.24438787800017,
              23.778114429000027
            ],
            [
              89.24447385500008,
              23.77852128900014
            ],
            [
              89.24460447000013,
              23.778847081000094
            ],
            [
              89.24472166100014,
              23.77913939500013
            ],
            [
              89.24473506200013,
              23.779172879000043
            ],
            [
              89.24402681100003,
              23.779453912000122
            ],
            [
              89.24406768800014,
              23.78002313200011
            ],
            [
              89.24388891700016,
              23.780388053000024
            ],
            [
              89.24379870600006,
              23.780712764000157
            ],
            [
              89.2437965900001,
              23.781078550000075
            ],
            [
              89.2438828060001,
              23.78144476799997
            ],
            [
              89.24392508800008,
              23.781770127000186
            ],
            [
              89.24383487700015,
              23.782094839000024
            ],
            [
              89.24365704299998,
              23.782297187000097
            ],
            [
              89.24361170100013,
              23.782500186999982
            ],
            [
              89.24396220200009,
              23.78298962800011
            ],
            [
              89.2441790360001,
              23.783681641000044
            ],
            [
              89.24439633800017,
              23.784292365000113
            ],
            [
              89.24461364600018,
              23.784903088000135
            ],
            [
              89.24478631800008,
              23.7855948830001
            ],
            [
              89.24495828800013,
              23.786408603999973
            ],
            [
              89.24526276100016,
              23.78722297400003
            ],
            [
              89.24547819800011,
              23.78815883900012
            ],
            [
              89.24565181500003,
              23.78868806000014
            ],
            [
              89.24578033500018,
              23.78937963400017
            ],
            [
              89.24599577500004,
              23.790315502000112
            ],
            [
              89.24612546700013,
              23.790803865000157
            ],
            [
              89.24616635200005,
              23.791373079000152
            ],
            [
              89.24629604400013,
              23.79186144000016
            ],
            [
              89.24642620300017,
              23.79226851500016
            ],
            [
              89.24664423900009,
              23.792757308000034
            ],
            [
              89.24681880300011,
              23.79312395700009
            ],
            [
              89.24663953000015,
              23.793570173000035
            ],
            [
              89.24610833200006,
              23.79377080000006
            ],
            [
              89.24566499600013,
              23.794053134000137
            ],
            [
              89.24531892100003,
              23.7941313770001
            ],
            [
              89.24504380100018,
              23.79453783200006
            ],
            [
              89.24534899800011,
              23.795230272000026
            ],
            [
              89.24552309600011,
              23.795678209000016
            ],
            [
              89.24605219300014,
              23.795843368000078
            ],
            [
              89.24689235000011,
              23.795684897000058
            ],
            [
              89.24697245700003,
              23.795662645000164
            ],
            [
              89.24746749500014,
              23.795525126000086
            ],
            [
              89.24763950200008,
              23.795496317000072
            ],
            [
              89.24767935900007,
              23.795489646000135
            ],
            [
              89.24817489000014,
              23.79540664800004
            ],
            [
              89.24936750000006,
              23.79541244600017
            ],
            [
              89.24980871000014,
              23.79549588900005
            ],
            [
              89.24976150600014,
              23.79602403100006
            ],
            [
              89.2493628090001,
              23.796225306999986
            ],
            [
              89.24883207000016,
              23.79634465999999
            ],
            [
              89.24831323000006,
              23.796491079000134
            ],
            [
              89.24812418300013,
              23.79654442700013
            ],
            [
              89.24724031500017,
              23.796621408000192
            ],
            [
              89.24692588900012,
              23.796646164000094
            ],
            [
              89.24675421100011,
              23.79665968300003
            ],
            [
              89.2463557640001,
              23.796820303
            ],
            [
              89.24622043800008,
              23.797307370999988
            ],
            [
              89.24617533200006,
              23.797469727000134
            ],
            [
              89.24634779100006,
              23.798202162000052
            ],
            [
              89.24660953300003,
              23.798772456000165
            ],
            [
              89.2470042600001,
              23.799262111000075
            ],
            [
              89.24775282400003,
              23.799672201000078
            ],
            [
              89.24850303200014,
              23.799797792000106
            ],
            [
              89.24921044900015,
              23.79967930300012
            ],
            [
              89.24924835000013,
              23.79965962300014
            ],
            [
              89.24952058300005,
              23.799518241000158
            ],
            [
              89.24980102200004,
              23.799462324000046
            ],
            [
              89.24992772800005,
              23.79944424300004
            ],
            [
              89.25000932400008,
              23.799491721000095
            ],
            [
              89.250270742,
              23.79964383000015
            ],
            [
              89.25032868900013,
              23.79986199300015
            ],
            [
              89.25040045600008,
              23.80013218800002
            ],
            [
              89.25039695800018,
              23.800741831000153
            ],
            [
              89.25040425600002,
              23.80085922300009
            ],
            [
              89.25043257300018,
              23.801314719000118
            ],
            [
              89.25043830100009,
              23.801393840000173
            ],
            [
              89.2503895700001,
              23.802042382000025
            ],
            [
              89.25038397300005,
              23.803017810000085
            ],
            [
              89.25020331700006,
              23.803707879000058
            ],
            [
              89.25020005100009,
              23.804276879000042
            ],
            [
              89.25019801800005,
              23.80463077500019
            ],
            [
              89.25019678300004,
              23.80484588000013
            ],
            [
              89.25024001300005,
              23.805223177000187
            ],
            [
              89.24970691200008,
              23.805534444000102
            ],
            [
              89.24931000300018,
              23.805792390000136
            ],
            [
              89.24908615500016,
              23.8059378640001
            ],
            [
              89.24833263600004,
              23.806381278000174
            ],
            [
              89.24793642400016,
              23.80669953200004
            ],
            [
              89.24819380900004,
              23.807477984000172
            ],
            [
              89.24854416100004,
              23.808008063000045
            ],
            [
              89.24893868400011,
              23.808538355000053
            ],
            [
              89.24928973900012,
              23.808946503000072
            ],
            [
              89.24946410100017,
              23.809353790000102
            ],
            [
              89.24968333900017,
              23.809639366000113
            ],
            [
              89.25034549100008,
              23.809723873000053
            ],
            [
              89.25100693900009,
              23.809930306000183
            ],
            [
              89.25126443700009,
              23.810017361
            ],
            [
              89.2513505610001,
              23.81004684300018
            ],
            [
              89.25155794700004,
              23.809955145
            ],
            [
              89.25178488500018,
              23.81003283200016
            ],
            [
              89.25213688500014,
              23.81027840200005
            ],
            [
              89.2525763050001,
              23.8106869720001
            ],
            [
              89.25314476800014,
              23.811705823000125
            ],
            [
              89.2534989090002,
              23.812693559000138
            ],
            [
              89.2537113750002,
              23.813049817000092
            ],
            [
              89.25401549700013,
              23.813945455000123
            ],
            [
              89.25436519000004,
              23.814597447999972
            ],
            [
              89.2548041660001,
              23.815087297000105
            ],
            [
              89.2550220330001,
              23.81561672000015
            ],
            [
              89.255415911,
              23.816268926000077
            ],
            [
              89.25567888800003,
              23.8166359920001
            ],
            [
              89.25611810900006,
              23.817085193000025
            ],
            [
              89.25638108700014,
              23.817452258000117
            ],
            [
              89.25660012000003,
              23.817778465
            ],
            [
              89.25678933400008,
              23.81802489000006
            ],
            [
              89.25681938600007,
              23.818064029000027
            ],
            [
              89.25708236700007,
              23.818431093000015
            ],
            [
              89.25730117300003,
              23.818797941000184
            ],
            [
              89.25725283100013,
              23.819529300000056
            ],
            [
              89.257249365,
              23.82013894300013
            ],
            [
              89.25724681700018,
              23.82058601400007
            ],
            [
              89.25706640500016,
              23.82123544700005
            ],
            [
              89.25688644900004,
              23.821803595000176
            ],
            [
              89.25692854600004,
              23.822169594000172
            ],
            [
              89.25706497900006,
              23.822617332000107
            ],
            [
              89.25707381300009,
              23.82264800100006
            ],
            [
              89.25710288700014,
              23.822748931000035
            ],
            [
              89.25718737100004,
              23.823268226000152
            ],
            [
              89.25731736500012,
              23.82371593300013
            ],
            [
              89.25744805000005,
              23.824041715000078
            ],
            [
              89.25757850800017,
              23.824408139000013
            ],
            [
              89.25768467100016,
              23.82474962800012
            ],
            [
              89.25788221800008,
              23.82538505600013
            ],
            [
              89.25791018600006,
              23.825484541000094
            ],
            [
              89.25809872500014,
              23.82615833000017
            ],
            [
              89.25818246600005,
              23.826971613000012
            ],
            [
              89.2585301310001,
              23.827989382000112
            ],
            [
              89.2588347790001,
              23.82880372400018
            ],
            [
              89.25891501100017,
              23.82902906300012
            ],
            [
              89.25900873400019,
              23.829292289000023
            ],
            [
              89.25904876100003,
              23.830024070000093
            ],
            [
              89.25926758800011,
              23.83039091500018
            ],
            [
              89.2595310640001,
              23.83067669100018
            ],
            [
              89.26014776300019,
              23.831004803000155
            ],
            [
              89.26049983600012,
              23.831250356000112
            ],
            [
              89.26071682900005,
              23.831942342
            ],
            [
              89.26093305600006,
              23.83260723000012
            ],
            [
              89.26094160900016,
              23.832633679000082
            ],
            [
              89.26102080600003,
              23.83287860900009
            ],
            [
              89.26163797800012,
              23.8331254310001
            ],
            [
              89.26231705100008,
              23.83316544000013
            ],
            [
              89.26262695600008,
              23.83307205900013
            ],
            [
              89.26284860600015,
              23.832994853000116
            ],
            [
              89.26320247700016,
              23.83287159100007
            ],
            [
              89.26373017900016,
              23.832674654000186
            ],
            [
              89.26395518100009,
              23.83259068300009
            ],
            [
              89.264575568,
              23.832268489000057
            ],
            [
              89.26506340300017,
              23.831945667000184
            ],
            [
              89.26559541900014,
              23.831623051000122
            ],
            [
              89.26608348000008,
              23.831259578000186
            ],
            [
              89.2664827160001,
              23.830976973000134
            ],
            [
              89.26688103800018,
              23.83085693600009
            ],
            [
              89.26719145300018,
              23.83065519200011
            ],
            [
              89.26754741700017,
              23.830209799999977
            ],
            [
              89.26785988000017,
              23.829642270000136
            ],
            [
              89.26793253200015,
              23.82938068800013
            ],
            [
              89.26799516000017,
              23.829155184000115
            ],
            [
              89.26815201500006,
              23.82903399900016
            ],
            [
              89.26830579800009,
              23.828912796000168
            ],
            [
              89.26879406900008,
              23.828508673000044
            ],
            [
              89.268868205,
              23.82845468800008
            ],
            [
              89.2688992890001,
              23.82843205400019
            ],
            [
              89.269237701,
              23.828185625000117
            ],
            [
              89.26985782800011,
              23.82790405500009
            ],
            [
              89.27003909500007,
              23.82789234500018
            ],
            [
              89.2701508200002,
              23.827841617000104
            ],
            [
              89.27033340500009,
              23.827829820999966
            ],
            [
              89.27081468300014,
              23.827798731000087
            ],
            [
              89.27094089200017,
              23.827816903000155
            ],
            [
              89.27112279400012,
              23.827846217000115
            ],
            [
              89.27120843000012,
              23.828334348000055
            ],
            [
              89.27124966200012,
              23.828862913000023
            ],
            [
              89.27142343500003,
              23.829392107000103
            ],
            [
              89.27199597800006,
              23.829719965000038
            ],
            [
              89.27235743700004,
              23.82975863900009
            ],
            [
              89.27239338300018,
              23.829762485
            ],
            [
              89.2725909560001,
              23.82971148100006
            ],
            [
              89.27270310800014,
              23.82968265800008
            ],
            [
              89.27283882300009,
              23.82911428200015
            ],
            [
              89.27284108800018,
              23.82870785299997
            ],
            [
              89.27293148900014,
              23.82834248500012
            ],
            [
              89.27299503200015,
              23.828307977000122
            ],
            [
              89.27314583900011,
              23.82822607800017
            ],
            [
              89.27372697200013,
              23.828305590000184
            ],
            [
              89.27412302000005,
              23.828591964000054
            ],
            [
              89.27464973400009,
              23.828623259000096
            ],
            [
              89.27478338600014,
              23.82863120000013
            ],
            [
              89.27522845100009,
              23.828434589000096
            ],
            [
              89.27549511500013,
              23.82815133200006
            ],
            [
              89.27581840800013,
              23.827991078000082
            ],
            [
              89.27598245700011,
              23.827909759000022
            ],
            [
              89.27655636000009,
              23.827993740000124
            ],
            [
              89.27673374700015,
              23.828483431000052
            ],
            [
              89.27725920000017,
              23.828728629000125
            ],
            [
              89.2779219210002,
              23.828731736000123
            ],
            [
              89.27880576800004,
              23.828695230000108
            ],
            [
              89.27973312300014,
              23.82878085400006
            ],
            [
              89.28061652300005,
              23.828825622000068
            ],
            [
              89.28075836500005,
              23.828864668999984
            ],
            [
              89.28136523299997,
              23.829036851000012
            ],
            [
              89.2820724930001,
              23.829198207000047
            ],
            [
              89.28236023600016,
              23.829138530000023
            ],
            [
              89.28275327900008,
              23.828940048000106
            ],
            [
              89.28275596000003,
              23.828452334000076
            ],
            [
              89.28275819500016,
              23.82804590300009
            ],
            [
              89.28306969400006,
              23.827640911000174
            ],
            [
              89.28337985300004,
              23.827479778000054
            ],
            [
              89.28369001200008,
              23.82731864200008
            ],
            [
              89.2840003930001,
              23.827116865000164
            ],
            [
              89.28417494200005,
              23.82698851700019
            ],
            [
              89.2842221890001,
              23.826955318000046
            ],
            [
              89.28439935500006,
              23.826874852000117
            ],
            [
              89.28445159900008,
              23.82687319300004
            ],
            [
              89.2845665960001,
              23.82686949600003
            ],
            [
              89.28469233800001,
              23.826812384999982
            ],
            [
              89.28475432800019,
              23.82681041500001
            ],
            [
              89.28579707900008,
              23.8267768610001
            ],
            [
              89.28629591200018,
              23.827178841000148
            ],
            [
              89.2864568940002,
              23.82730828900003
            ],
            [
              89.28681304399998,
              23.828443458000038
            ],
            [
              89.28689115200007,
              23.828692198
            ],
            [
              89.2872401570001,
              23.82950669500019
            ],
            [
              89.28732541300019,
              23.830076105000046
            ],
            [
              89.28749836600002,
              23.830767853000054
            ],
            [
              89.28767132100006,
              23.831459600000017
            ],
            [
              89.28722794300012,
              23.831742062000103
            ],
            [
              89.28727035200018,
              23.832067408000057
            ],
            [
              89.28774814600013,
              23.833573448000152
            ],
            [
              89.28774459300007,
              23.83422373400009
            ],
            [
              89.2882701330002,
              23.835079689000167
            ],
            [
              89.28862094100009,
              23.83556903700014
            ],
            [
              89.28919377600016,
              23.835856189000083
            ],
            [
              89.28923330700013,
              23.836709894000137
            ],
            [
              89.28940694400006,
              23.837279712
            ],
            [
              89.28942760100006,
              23.837326833000077
            ],
            [
              89.28976433100001,
              23.83809493700005
            ],
            [
              89.28979973300011,
              23.83817569200005
            ],
            [
              89.28988433800009,
              23.838867030000074
            ],
            [
              89.29019186000016,
              23.8391936000001
            ],
            [
              89.29067479700007,
              23.839764841000033
            ],
            [
              89.2909816630002,
              23.840213334999987
            ],
            [
              89.29097879000005,
              23.84074169500019
            ],
            [
              89.29110781000009,
              23.84139259300008
            ],
            [
              89.2915483380001,
              23.841638485000146
            ],
            [
              89.29225508800016,
              23.84168237400013
            ],
            [
              89.29282906300011,
              23.841766299000085
            ],
            [
              89.2933076490001,
              23.841768495000053
            ],
            [
              89.29364179400011,
              23.841630632000147
            ],
            [
              89.29399572000011,
              23.84155096699999
            ],
            [
              89.29412981700011,
              23.841267071000175
            ],
            [
              89.29483766400011,
              23.84110773700013
            ],
            [
              89.29486791100004,
              23.84110440000012
            ],
            [
              89.29513067500011,
              23.841045252000185
            ],
            [
              89.29583808400014,
              23.8409671980001
            ],
            [
              89.29610122400004,
              23.841334194000126
            ],
            [
              89.29601021600018,
              23.84182150700019
            ],
            [
              89.29604207700004,
              23.842230440000037
            ],
            [
              89.29605155100012,
              23.842350069000076
            ],
            [
              89.29587217000011,
              23.842836981
            ],
            [
              89.29591459900018,
              23.843162325000094
            ],
            [
              89.29591233300016,
              23.843582303000062
            ],
            [
              89.29554861300005,
              23.844023788000072
            ],
            [
              89.29528962500012,
              23.84433814500005
            ],
            [
              89.295100236,
              23.844710700000064
            ],
            [
              89.29502164700017,
              23.84486529300017
            ],
            [
              89.29470882100003,
              23.84551416400012
            ],
            [
              89.29453328400018,
              23.845332962000043
            ],
            [
              89.29431333800011,
              23.845105914999976
            ],
            [
              89.2940397110001,
              23.845188417000088
            ],
            [
              89.2940203170001,
              23.845168398000112
            ],
            [
              89.29362197400008,
              23.84528850400011
            ],
            [
              89.29358536100017,
              23.84557842700019
            ],
            [
              89.29352963600007,
              23.846019673000114
            ],
            [
              89.29343795800014,
              23.84662891400012
            ],
            [
              89.29308357700006,
              23.84678986400013
            ],
            [
              89.29308049200006,
              23.847358865000047
            ],
            [
              89.2927689710001,
              23.8477638760001
            ],
            [
              89.2921474740001,
              23.848289392000027
            ],
            [
              89.29148156200011,
              23.84885534700004
            ],
            [
              89.29112651100013,
              23.849138224000114
            ],
            [
              89.29106805400016,
              23.84952651800006
            ],
            [
              89.29106060800007,
              23.849575973000185
            ],
            [
              89.29103481600009,
              23.84974746000006
            ],
            [
              89.2907237280001,
              23.850071181000146
            ],
            [
              89.2902785230001,
              23.850678787000106
            ],
            [
              89.29027498099998,
              23.851329076000184
            ],
            [
              89.29043705300012,
              23.851715940000076
            ],
            [
              89.29066759200009,
              23.852265698000053
            ],
            [
              89.2913302130001,
              23.852309389000027
            ],
            [
              89.29172725200016,
              23.85243315000008
            ],
            [
              89.29234369600005,
              23.852842423000084
            ],
            [
              89.29242920700005,
              23.853371185000128
            ],
            [
              89.29304697900005,
              23.85353659700013
            ],
            [
              89.29322153400017,
              23.853943839000067
            ],
            [
              89.29418403200003,
              23.853827615000057
            ],
            [
              89.29525602500019,
              23.853628008000157
            ],
            [
              89.29535675900019,
              23.853616521
            ],
            [
              89.29662678600005,
              23.85347169700009
            ],
            [
              89.29675760100008,
              23.853797448000137
            ],
            [
              89.29652402000005,
              23.854089920000035
            ],
            [
              89.29640166800004,
              23.85424290300017
            ],
            [
              89.29591360100005,
              23.854606472000114
            ],
            [
              89.29551369400014,
              23.855011083000136
            ],
            [
              89.2948932700001,
              23.855333393000137
            ],
            [
              89.2942737250001,
              23.855493135000017
            ],
            [
              89.29338881400014,
              23.855692296000086
            ],
            [
              89.29276926600005,
              23.85585202900006
            ],
            [
              89.29236203900001,
              23.85600589500018
            ],
            [
              89.29169086000019,
              23.85606775700012
            ],
            [
              89.29149995400019,
              23.856120821000104
            ],
            [
              89.2913978140001,
              23.856130234999966
            ],
            [
              89.29024708700018,
              23.856450086000052
            ],
            [
              89.28967127900017,
              23.856691296000122
            ],
            [
              89.28944899500004,
              23.856934136000177
            ],
            [
              89.28865200600012,
              23.857214960000135
            ],
            [
              89.28837844000003,
              23.857353091000107
            ],
            [
              89.28825317800016,
              23.857416338000064
            ],
            [
              89.28783304100011,
              23.857414395000035
            ],
            [
              89.2875461220001,
              23.85741306799997
            ],
            [
              89.28746542200014,
              23.858252671000116
            ],
            [
              89.28745240600017,
              23.858388093000087
            ],
            [
              89.2879327350002,
              23.859447054000043
            ],
            [
              89.2887666060002,
              23.86050764900017
            ],
            [
              89.28933666700016,
              23.86132316000004
            ],
            [
              89.28964455400018,
              23.862041479000027
            ],
            [
              89.289685776,
              23.862137649000033
            ],
            [
              89.29003444100016,
              23.86303342200017
            ],
            [
              89.29051702200007,
              23.86368595000016
            ],
            [
              89.29082548600019,
              23.86384994700012
            ],
            [
              89.29111625600007,
              23.863786251000192
            ],
            [
              89.29200351900005,
              23.863588321000123
            ],
            [
              89.2925795750001,
              23.86330646
            ],
            [
              89.29315585000006,
              23.86298395400013
            ],
            [
              89.2932073240001,
              23.862947914000188
            ],
            [
              89.2937325600002,
              23.86258016100004
            ],
            [
              89.2941320590001,
              23.862256840000043
            ],
            [
              89.29428318200007,
              23.862096320000035
            ],
            [
              89.29439875600008,
              23.86197355900009
            ],
            [
              89.29478942100013,
              23.86210623700009
            ],
            [
              89.29487793300018,
              23.862136296000187
            ],
            [
              89.2953232820002,
              23.862628095000105
            ],
            [
              89.2954792700001,
              23.862708770000097
            ],
            [
              89.29569329200007,
              23.862819457000114
            ],
            [
              89.295720824,
              23.86283306500019
            ],
            [
              89.29575000700004,
              23.862831008000114
            ],
            [
              89.29633883800017,
              23.86279531300005
            ],
            [
              89.29717918000006,
              23.862758536000115
            ],
            [
              89.29784236700016,
              23.86280215200003
            ],
            [
              89.29828453000005,
              23.862763647000122
            ],
            [
              89.2986155260001,
              23.862798856000097
            ],
            [
              89.29868314400017,
              23.862806008000177
            ],
            [
              89.29903471600011,
              23.86317340400018
            ],
            [
              89.2992082080001,
              23.863783853000143
            ],
            [
              89.29977660400004,
              23.86492447100005
            ],
            [
              89.30047824100012,
              23.86594375800007
            ],
            [
              89.30073751300006,
              23.86704232200003
            ],
            [
              89.30095499600003,
              23.867693612000096
            ],
            [
              89.30102815900011,
              23.867921984000134
            ],
            [
              89.30108539700007,
              23.868100645000084
            ],
            [
              89.30165666000016,
              23.868712897000137
            ],
            [
              89.30186873300005,
              23.869267600000114
            ],
            [
              89.30196057699999,
              23.869730373000095
            ],
            [
              89.30213430800006,
              23.870300176000114
            ],
            [
              89.30217676400002,
              23.870625520000033
            ],
            [
              89.30207712700008,
              23.870931468000094
            ],
            [
              89.30195207800011,
              23.871315448000075
            ],
            [
              89.30167011100013,
              23.871413714000028
            ],
            [
              89.30137540400017,
              23.87151605300005
            ],
            [
              89.30126311800012,
              23.871515543000044
            ],
            [
              89.3010812870001,
              23.871578543000112
            ],
            [
              89.29997846800006,
              23.87157353300006
            ],
            [
              89.2987401640001,
              23.87152725200019
            ],
            [
              89.29814381100005,
              23.871524536000152
            ],
            [
              89.29794463700006,
              23.871523628999967
            ],
            [
              89.2969291710001,
              23.871518992000063
            ],
            [
              89.29622106700009,
              23.871556364000128
            ],
            [
              89.29588585500011,
              23.87134156200011
            ],
            [
              89.29564717100004,
              23.871187983000084
            ],
            [
              89.29489694300014,
              23.870981329000074
            ],
            [
              89.29423988200006,
              23.87091114200001
            ],
            [
              89.29407149300005,
              23.870995007000147
            ],
            [
              89.29390746899998,
              23.87107554100004
            ],
            [
              89.29359413200012,
              23.871805695000035
            ],
            [
              89.29376804600008,
              23.872334863000162
            ],
            [
              89.2940312390001,
              23.872701865000124
            ],
            [
              89.29402837300006,
              23.873230222000075
            ],
            [
              89.29402594900006,
              23.873677293000185
            ],
            [
              89.29406416700016,
              23.873761016000117
            ],
            [
              89.29411286900012,
              23.87386666800012
            ],
            [
              89.29415699900005,
              23.87396240099997
            ],
            [
              89.29437754000008,
              23.874044700000127
            ],
            [
              89.29625627700017,
              23.873900138000067
            ],
            [
              89.29670410900013,
              23.87386567500016
            ],
            [
              89.29852841000013,
              23.873824324
            ],
            [
              89.30019209900007,
              23.873685127000158
            ],
            [
              89.30025804000007,
              23.87368316500016
            ],
            [
              89.30047962500004,
              23.873676574000058
            ],
            [
              89.30094984300007,
              23.873662585000034
            ],
            [
              89.3016407240001,
              23.873642028
            ],
            [
              89.30320981200009,
              23.873585971000125
            ],
            [
              89.30331550200009,
              23.87358219400005
            ],
            [
              89.30410859400018,
              23.87355385300009
            ],
            [
              89.30571698600005,
              23.873710143999972
            ],
            [
              89.3059646800001,
              23.873727796000026
            ],
            [
              89.30775962300004,
              23.873855701000025
            ],
            [
              89.30791560500012,
              23.873866816000145
            ],
            [
              89.3083649470002,
              23.873923143000127
            ],
            [
              89.30914864200014,
              23.87402138000016
            ],
            [
              89.30952407299998,
              23.874163987000145
            ],
            [
              89.30964793100014,
              23.87421103400004
            ],
            [
              89.30997654900011,
              23.8743360900001
            ],
            [
              89.31032641300015,
              23.874469230999978
            ],
            [
              89.31125585800004,
              23.874609430000135
            ],
            [
              89.3113446100001,
              23.874622817000102
            ],
            [
              89.312122047,
              23.87462629200013
            ],
            [
              89.31220307500013,
              23.874626656000146
            ],
            [
              89.31311468500007,
              23.874680399000056
            ],
            [
              89.31316237000004,
              23.87469056800012
            ],
            [
              89.31429351300011,
              23.874931777000086
            ],
            [
              89.31525754300009,
              23.875231867000025
            ],
            [
              89.31584693100018,
              23.875333840000053
            ],
            [
              89.31654426700015,
              23.875336941
            ],
            [
              89.31680319700007,
              23.875282816000094
            ],
            [
              89.3172423330002,
              23.875191021000035
            ],
            [
              89.31735445000015,
              23.87518247500003
            ],
            [
              89.31735133800004,
              23.87577406100013
            ],
            [
              89.3173462220002,
              23.8767494920001
            ],
            [
              89.31714472300013,
              23.87793396700016
            ],
            [
              89.31670615100006,
              23.879936710000038
            ],
            [
              89.3157231570001,
              23.879743270000176
            ],
            [
              89.31563333500009,
              23.87972559400015
            ],
            [
              89.3091066070001,
              23.87897820800015
            ],
            [
              89.30817368499999,
              23.879868183000156
            ],
            [
              89.30747536900014,
              23.880696484
            ],
            [
              89.30670581400017,
              23.881609266000055
            ],
            [
              89.30659750900014,
              23.881754475000037
            ],
            [
              89.30646745500007,
              23.881928865000077
            ],
            [
              89.30618703700014,
              23.882304879000117
            ],
            [
              89.30585993500006,
              23.882743489000177
            ],
            [
              89.3058263470001,
              23.8827994560001
            ],
            [
              89.3053247650002,
              23.88363524000016
            ],
            [
              89.30438895900005,
              23.885053548000087
            ],
            [
              89.30388670900004,
              23.88578444300009
            ],
            [
              89.30372073100017,
              23.88602597900018
            ],
            [
              89.30346236399998,
              23.88665785000012
            ],
            [
              89.30327284600014,
              23.88712133600012
            ],
            [
              89.30312212500019,
              23.88764207300011
            ],
            [
              89.3030682480001,
              23.88782821700005
            ],
            [
              89.30300263000015,
              23.888054921
            ],
            [
              89.30282037900008,
              23.889070190999973
            ],
            [
              89.30276717900011,
              23.889893783000105
            ],
            [
              89.30262080200004,
              23.890238635
            ],
            [
              89.3025479760002,
              23.89041020400009
            ],
            [
              89.30210421400005,
              23.89053855800006
            ],
            [
              89.30144117200012,
              23.890730333000022
            ],
            [
              89.2999593780001,
              23.891034675000185
            ],
            [
              89.299892338,
              23.891048443000045
            ],
            [
              89.29947594900011,
              23.891142146999982
            ],
            [
              89.29865312300007,
              23.89132730900002
            ],
            [
              89.29693125400019,
              23.891741089000163
            ],
            [
              89.29685946600011,
              23.89175834000008
            ],
            [
              89.29666135900015,
              23.891805945000044
            ],
            [
              89.29502409500003,
              23.89212360200014
            ],
            [
              89.29467220000015,
              23.892232735000164
            ],
            [
              89.29347434700003,
              23.892604218000088
            ],
            [
              89.29170667000005,
              23.89360427400004
            ],
            [
              89.29147901400006,
              23.89373306700014
            ],
            [
              89.29142481100013,
              23.893774809000035
            ],
            [
              89.29032484800013,
              23.894621909000136
            ],
            [
              89.2885082750002,
              23.895385749000127
            ],
            [
              89.28821836100019,
              23.895568312000023
            ],
            [
              89.28677830500004,
              23.896475119000172
            ],
            [
              89.286216416,
              23.89668196400015
            ],
            [
              89.28536086600013,
              23.89699690800012
            ],
            [
              89.28354579900014,
              23.89747618900003
            ],
            [
              89.28282633900011,
              23.897817709000094
            ],
            [
              89.28244195800016,
              23.89800016800018
            ],
            [
              89.28234069400014,
              23.898048236000022
            ],
            [
              89.28159563500003,
              23.898401897999975
            ],
            [
              89.28124279100018,
              23.898548723000147
            ],
            [
              89.28113184400013,
              23.89859488999997
            ],
            [
              89.28110612000012,
              23.898605594000173
            ],
            [
              89.28061349700016,
              23.898810580000088
            ],
            [
              89.28035072600017,
              23.89891992100013
            ],
            [
              89.28029149600007,
              23.898944731000086
            ],
            [
              89.28024973700008,
              23.898962222000023
            ],
            [
              89.28021420600004,
              23.89897710600019
            ],
            [
              89.27995620900015,
              23.899085181000146
            ],
            [
              89.27739339400006,
              23.899149480000062
            ],
            [
              89.27621067500019,
              23.89917914000017
            ],
            [
              89.27339269300006,
              23.89924976900005
            ],
            [
              89.27244805700008,
              23.89927343400018
            ],
            [
              89.27152705200018,
              23.89929650200014
            ],
            [
              89.26943502000012,
              23.899194414000192
            ],
            [
              89.26919322200018,
              23.89918261300005
            ],
            [
              89.26718760200015,
              23.899084712
            ],
            [
              89.26689604600017,
              23.899046597000165
            ],
            [
              89.26668117300005,
              23.89901850600006
            ],
            [
              89.2658390650002,
              23.898746592000123
            ],
            [
              89.26463169800002,
              23.898525750000147
            ],
            [
              89.26408935300003,
              23.89846771800012
            ],
            [
              89.26393034600011,
              23.898450705000016
            ],
            [
              89.26318919700014,
              23.898518848000094
            ],
            [
              89.26217310800018,
              23.898944126000117
            ],
            [
              89.26131893000002,
              23.89980028800005
            ],
            [
              89.2608044000001,
              23.900239875000125
            ],
            [
              89.26068248900003,
              23.900344029
            ],
            [
              89.25985497200003,
              23.901062472000035
            ],
            [
              89.25853127900007,
              23.90221166499998
            ],
            [
              89.25800531900006,
              23.902668281000103
            ],
            [
              89.25668586800003,
              23.903813745000036
            ],
            [
              89.25598600400019,
              23.90413615500006
            ],
            [
              89.25558920700013,
              23.90431894599999
            ],
            [
              89.25330462800002,
              23.905371350000053
            ],
            [
              89.25337382000009,
              23.905698380000103
            ],
            [
              89.25345943200006,
              23.90618651799997
            ],
            [
              89.253101571,
              23.906916362000175
            ],
            [
              89.25292076900018,
              23.907606423000175
            ],
            [
              89.25260640800019,
              23.908458407000126
            ],
            [
              89.25238272300004,
              23.90914417400012
            ],
            [
              89.25227197800007,
              23.909444740000083
            ],
            [
              89.25211190300001,
              23.90987850500005
            ],
            [
              89.25179915900009,
              23.910446019000062
            ],
            [
              89.25161951300015,
              23.91093286600011
            ],
            [
              89.25139659600006,
              23.911256928000114
            ],
            [
              89.25170535500013,
              23.911380361000113
            ],
            [
              89.25156968900012,
              23.911908066000024
            ],
            [
              89.25138840200015,
              23.912679407000155
            ],
            [
              89.25129964000007,
              23.91291995000006
            ],
            [
              89.25125366600014,
              23.913044540000044
            ],
            [
              89.25107237900016,
              23.913815884000087
            ],
            [
              89.25102442000019,
              23.914465945000188
            ],
            [
              89.25102324900018,
              23.914669157000105
            ],
            [
              89.25110885500015,
              23.915157293000163
            ],
            [
              89.25163890900018,
              23.915241162000086
            ],
            [
              89.25181364600013,
              23.915607803000114
            ],
            [
              89.25187054100013,
              23.915700636999986
            ],
            [
              89.25177324100008,
              23.915858235000087
            ],
            [
              89.25162419200007,
              23.916415229000165
            ],
            [
              89.25161212100005,
              23.916455619000146
            ],
            [
              89.25152889000003,
              23.91673315900016
            ],
            [
              89.2513766830001,
              23.917240412000126
            ],
            [
              89.25107965800015,
              23.918221180000103
            ],
            [
              89.2507834810001,
              23.919000993000054
            ],
            [
              89.25068437300007,
              23.91935953500007
            ],
            [
              89.25034315300007,
              23.919536235000123
            ],
            [
              89.25014981200013,
              23.91952887900004
            ],
            [
              89.24966322400019,
              23.91951035200003
            ],
            [
              89.24944143800013,
              23.91951469300011
            ],
            [
              89.24873988900009,
              23.9195284220001
            ],
            [
              89.24815439200006,
              23.919950047000043
            ],
            [
              89.24780433300015,
              23.920585155000026
            ],
            [
              89.2476635070002,
              23.920839543000113
            ],
            [
              89.24700147600004,
              23.92190883100011
            ],
            [
              89.24653534400005,
              23.922710384000084
            ],
            [
              89.24618181400007,
              23.923456523000084
            ],
            [
              89.24609238300008,
              23.923645266
            ],
            [
              89.24602457600002,
              23.923793962000047
            ],
            [
              89.24596392300009,
              23.923925728000142
            ],
            [
              89.24560042400014,
              23.924715382999977
            ],
            [
              89.24520678100015,
              23.925562446000185
            ],
            [
              89.24491176200019,
              23.926186452000138
            ],
            [
              89.24456818500005,
              23.926765057000125
            ],
            [
              89.24434255400013,
              23.927969700000062
            ],
            [
              89.24424158000016,
              23.92859465900017
            ],
            [
              89.24423950400012,
              23.928951407
            ],
            [
              89.24440843899998,
              23.929153195000026
            ],
            [
              89.24479495500003,
              23.92953443300013
            ],
            [
              89.24503600700007,
              23.929849473000047
            ],
            [
              89.24503379900005,
              23.930228800000123
            ],
            [
              89.24493443500018,
              23.93063022900003
            ],
            [
              89.24468765600011,
              23.931299629000137
            ],
            [
              89.24434341900013,
              23.931988872999966
            ],
            [
              89.24409663500012,
              23.93265827300013
            ],
            [
              89.24394662500015,
              23.93337104900013
            ],
            [
              89.24391819900012,
              23.934086682999975
            ],
            [
              89.24401228900007,
              23.93464486099998
            ],
            [
              89.2440092920001,
              23.93515966300015
            ],
            [
              89.24392663200018,
              23.935539383000105
            ],
            [
              89.24387150900014,
              23.93579260700011
            ],
            [
              89.24383449600003,
              23.935962634000077
            ],
            [
              89.24341317600016,
              23.937387587000103
            ],
            [
              89.24316620100007,
              23.938034410000057
            ],
            [
              89.24291588300014,
              23.93835608100011
            ],
            [
              89.24287257700013,
              23.938412292000066
            ],
            [
              89.24258037800018,
              23.938546331000055
            ],
            [
              89.24155894200004,
              23.93871967299998
            ],
            [
              89.24111290400009,
              23.93879875600004
            ],
            [
              89.24058602100013,
              23.938893245000145
            ],
            [
              89.23949206700019,
              23.939021056000172
            ],
            [
              89.23938366900012,
              23.939046759000064
            ],
            [
              89.23893240400014,
              23.93915375900002
            ],
            [
              89.23883310100018,
              23.939487444
            ],
            [
              89.23887983500015,
              23.939844436000044
            ],
            [
              89.23865984200017,
              23.94002171799997
            ],
            [
              89.23844743200016,
              23.94010150600019
            ],
            [
              89.23841098700007,
              23.94011519600008
            ],
            [
              89.23795384100009,
              23.940286915000172
            ],
            [
              89.23762948300009,
              23.940442728
            ],
            [
              89.23726063600003,
              23.940619911
            ],
            [
              89.2371254470001,
              23.940684719000046
            ],
            [
              89.23697612500018,
              23.94072741900004
            ],
            [
              89.23658991400015,
              23.940837859000112
            ],
            [
              89.23615184300002,
              23.94097116000006
            ],
            [
              89.23600523700014,
              23.94114880500007
            ],
            [
              89.23585780700006,
              23.941414512000108
            ],
            [
              89.2357436260001,
              23.941926500000022
            ],
            [
              89.23565816100006,
              23.94230766900006
            ],
            [
              89.23564414000003,
              23.942677902000014
            ],
            [
              89.23562943400009,
              23.94306619700012
            ],
            [
              89.23555503100005,
              23.943289368000023
            ],
            [
              89.23516454900005,
              23.943578696000145
            ],
            [
              89.23482342400018,
              23.943777956000076
            ],
            [
              89.23472321100013,
              23.94379992100005
            ],
            [
              89.23453131400015,
              23.94384197800008
            ],
            [
              89.23435861000007,
              23.94380781600006
            ],
            [
              89.23419175700002,
              23.943774810000036
            ],
            [
              89.23395030900014,
              23.943527487000097
            ],
            [
              89.23365923400013,
              23.943415400000106
            ],
            [
              89.23327008600006,
              23.943478937000123
            ],
            [
              89.2331964650001,
              23.943516509000062
            ],
            [
              89.23315443700017,
              23.94374032500008
            ],
            [
              89.23311399800014,
              23.944035909000036
            ],
            [
              89.2330795200001,
              23.94403576400009
            ],
            [
              89.23278173000017,
              23.944488125000134
            ],
            [
              89.23248528700009,
              23.944712439000057
            ],
            [
              89.23218594300016,
              23.945478647000016
            ],
            [
              89.23212453800016,
              23.94568381300013
            ],
            [
              89.23183474800015,
              23.94665102500005
            ],
            [
              89.23167482100013,
              23.94758801200004
            ],
            [
              89.23158027800008,
              23.948142247000135
            ],
            [
              89.23147260400003,
              23.949677114000053
            ],
            [
              89.23151719200018,
              23.950445039999977
            ],
            [
              89.23152416700015,
              23.950730396000154
            ],
            [
              89.23155699000006,
              23.952073220000045
            ],
            [
              89.23139723100007,
              23.95410457500003
            ],
            [
              89.23133737400019,
              23.955912891000082
            ],
            [
              89.2313533140001,
              23.95663839600013
            ],
            [
              89.23137607300015,
              23.957674284000063
            ],
            [
              89.23141805600011,
              23.95835192700008
            ],
            [
              89.2314657710001,
              23.959122077000018
            ],
            [
              89.23165059000019,
              23.961155154000096
            ],
            [
              89.2317174370001,
              23.962135908000107
            ],
            [
              89.23178622200004,
              23.963145084000075
            ],
            [
              89.23198976200018,
              23.964607112000067
            ],
            [
              89.23206933200004,
              23.96517865100003
            ],
            [
              89.23210584500009,
              23.965429369
            ],
            [
              89.23222229400005,
              23.966228968000166
            ],
            [
              89.232352666,
              23.96712415999997
            ],
            [
              89.23249382300008,
              23.96788249700012
            ],
            [
              89.23263873300016,
              23.96866099200014
            ],
            [
              89.23310215400005,
              23.96988341500014
            ],
            [
              89.23317131200008,
              23.97006583800004
            ],
            [
              89.2336050940001,
              23.971558248000065
            ],
            [
              89.23364668000016,
              23.97171880500008
            ],
            [
              89.23365816400019,
              23.97176314000012
            ],
            [
              89.23303611700015,
              23.971896165000032
            ],
            [
              89.23335057700007,
              23.97353995500015
            ],
            [
              89.23340671000017,
              23.97383337100007
            ],
            [
              89.23305383600012,
              23.97389634800004
            ],
            [
              89.23273349300018,
              23.973953517999973
            ],
            [
              89.23250886100004,
              23.97399360700001
            ],
            [
              89.23137654400006,
              23.974168574000032
            ],
            [
              89.23117942900018,
              23.974257901000044
            ],
            [
              89.23029175600004,
              23.97465989500006
            ],
            [
              89.23000443100017,
              23.974861489999967
            ],
            [
              89.22991597900011,
              23.974923551000074
            ],
            [
              89.22920536900011,
              23.975422147000074
            ],
            [
              89.22790865500014,
              23.976427414000057
            ],
            [
              89.22787132700006,
              23.976456351000024
            ],
            [
              89.22764442500011,
              23.97655338900006
            ],
            [
              89.22754792500012,
              23.97659465800001
            ],
            [
              89.22722749300004,
              23.976606578000144
            ],
            [
              89.2271441470001,
              23.976610696000137
            ],
            [
              89.22674393400013,
              23.97670981000016
            ],
            [
              89.22635449300014,
              23.97680625700002
            ],
            [
              89.22600048300012,
              23.976893928000095
            ],
            [
              89.22579424700012,
              23.976995103000036
            ],
            [
              89.22509595999998,
              23.97733890600017
            ],
            [
              89.2246139790002,
              23.97728205500016
            ],
            [
              89.22339215800008,
              23.976889905
            ],
            [
              89.22186005500004,
              23.976398152000115
            ],
            [
              89.22130443100008,
              23.976219811000192
            ],
            [
              89.2200091520001,
              23.975376846000188
            ],
            [
              89.21968134800017,
              23.97522245300007
            ],
            [
              89.21963107099998,
              23.97519877200017
            ],
            [
              89.21712409400016,
              23.974017963000108
            ],
            [
              89.21475613100006,
              23.973169477000056
            ],
            [
              89.21336453800012,
              23.972146772000087
            ],
            [
              89.21332272800004,
              23.97218946300012
            ],
            [
              89.21336635699998,
              23.973092872
            ],
            [
              89.21331007000003,
              23.974268969000093
            ],
            [
              89.21331578100006,
              23.974309269
            ],
            [
              89.21303846100005,
              23.974283303
            ],
            [
              89.21238102400008,
              23.97450346200003
            ],
            [
              89.21210990000003,
              23.974645010000188
            ],
            [
              89.21215554000008,
              23.975416509000183
            ],
            [
              89.21216298600018,
              23.975542385000097
            ],
            [
              89.21218289800004,
              23.976461231000087
            ],
            [
              89.21239597300018,
              23.97773614200014
            ],
            [
              89.21246397800002,
              23.978833953000105
            ],
            [
              89.21250842900008,
              23.979707636
            ],
            [
              89.21281845200008,
              23.981118717000186
            ],
            [
              89.21300766000007,
              23.982237382999983
            ],
            [
              89.21305060000009,
              23.983491238000113
            ],
            [
              89.2130473790001,
              23.98416332400012
            ],
            [
              89.21318933700007,
              23.984992143
            ],
            [
              89.21325312000016,
              23.985630090000143
            ],
            [
              89.21330567900014,
              23.986155775000043
            ],
            [
              89.21347152200008,
              23.9871408300001
            ]
          ]
        ]
      }
    }
  ]
}