{
  "type": "FeatureCollection",
  "features": [
    {
      "type": "Feature",
      "properties": {
        "adm3_name": "Manirampur",
        "adm3_name1": null,
        "adm3_name2": null,
        "adm3_name3": null,
        "adm3_pcode": "BD40410061",
        "adm2_name": "Jashore",
        "adm2_name1": null,
        "adm2_name2": null,
        "adm2_name3": null,
        "adm2_pcode": "BD4041",
        "adm1_name": "Khulna",
        "adm1_name1": null,
        "adm1_name2": null,
        "adm1_name3": null,
        "adm1_pcode": "BD40",
        "adm0_name": "Bangladesh",
        "adm0_name1": null,
        "adm0_name2": null,
        "adm0_name3": null,
        "adm0_pcode": "BD",
        "valid_on": "2023-05-21",
        "valid_to": null,
        "area_sqkm": 444.84184932,
        "version": "v03",
        "lang": "en",
        "lang1": null,
        "lang2": null,
        "lang3": null,
        "adm3_ref_name": null,
        "center_lat": 23.00645606,
        "center_lon": 89.21986148
      },
      "geometry": {
        "type": "Polygon",
        "coordinates": [
          [
            [
              89.27438555600008,
              23.100644351000085
            ],
            [
              89.27397714000006,
              23.10066957300006
            ],
            [
              89.2738800250001,
              23.101251741000056
            ],
            [
              89.27350256400001,
              23.101365173000033
            ],
            [
              89.27337418800005,
              23.10191558600019
            ],
            [
              89.27337244900019,
              23.102238933000024
            ],
            [
              89.27337216000006,
              23.10229269600012
            ],
            [
              89.27349338500005,
              23.102607538000086
            ],
            [
              89.27358888600008,
              23.102846953000096
            ],
            [
              89.2735235350001,
              23.10330958600008
            ],
            [
              89.27339593699998,
              23.103715476000104
            ],
            [
              89.2732686490001,
              23.10400619800015
            ],
            [
              89.272859423,
              23.10423690900018
            ],
            [
              89.27276465900019,
              23.10438099700019
            ],
            [
              89.27273213500013,
              23.10458408700009
            ],
            [
              89.27257325900013,
              23.104904019000116
            ],
            [
              89.27241579600019,
              23.10501846200009
            ],
            [
              89.27194386000019,
              23.105219524000177
            ],
            [
              89.27175411400015,
              23.10530649000009
            ],
            [
              89.27131460400017,
              23.105507930000044
            ],
            [
              89.27030756400018,
              23.105966208000154
            ],
            [
              89.26943949600013,
              23.10636269200012
            ],
            [
              89.26909725300015,
              23.106400498000028
            ],
            [
              89.26891938800009,
              23.1064444860001
            ],
            [
              89.26812372900002,
              23.106661870000153
            ],
            [
              89.26801165300003,
              23.106693258000064
            ],
            [
              89.26722129900014,
              23.10691460200013
            ],
            [
              89.26691090900005,
              23.106978885
            ],
            [
              89.266529386,
              23.107057773000122
            ],
            [
              89.26640359700019,
              23.107027314
            ],
            [
              89.26631372200012,
              23.10692532300004
            ],
            [
              89.26626150400006,
              23.10681610400013
            ],
            [
              89.26623069599998,
              23.106751665000047
            ],
            [
              89.26599906800004,
              23.106228980000026
            ],
            [
              89.26586220300015,
              23.105740793000052
            ],
            [
              89.2658251250001,
              23.10543231600002
            ],
            [
              89.2657328570001,
              23.105295658999978
            ],
            [
              89.26557838700012,
              23.10519456300017
            ],
            [
              89.26540144500007,
              23.104949963000024
            ],
            [
              89.26498637800006,
              23.10430991300018
            ],
            [
              89.2646848070001,
              23.104085982000186
            ],
            [
              89.2646065880001,
              23.104027900000176
            ],
            [
              89.26453808300005,
              23.10397703100017
            ],
            [
              89.2644282030002,
              23.103895438000052
            ],
            [
              89.26440324300006,
              23.103859021000176
            ],
            [
              89.2639768570001,
              23.10323689800009
            ],
            [
              89.26381797500011,
              23.103008682000052
            ],
            [
              89.26354618300019,
              23.10261828100016
            ],
            [
              89.26309926800008,
              23.102135815000054
            ],
            [
              89.26262887100017,
              23.10169625599997
            ],
            [
              89.26239652300012,
              23.101542971000185
            ],
            [
              89.26212173300013,
              23.101361683000107
            ],
            [
              89.26194940700009,
              23.101219870000023
            ],
            [
              89.2617854720001,
              23.101040450000085
            ],
            [
              89.26175422400019,
              23.101006250000125
            ],
            [
              89.26165649400008,
              23.100924535
            ],
            [
              89.26150176700014,
              23.10086069200014
            ],
            [
              89.26120538800006,
              23.100738398000146
            ],
            [
              89.26086490200015,
              23.10063881600007
            ],
            [
              89.26068450300005,
              23.100556712000014
            ],
            [
              89.26038324000007,
              23.100371275000043
            ],
            [
              89.26013346700012,
              23.1002195370001
            ],
            [
              89.26004810700016,
              23.100238257000058
            ],
            [
              89.2599562490002,
              23.10010697600012
            ],
            [
              89.2598702900001,
              23.099966822000056
            ],
            [
              89.2596387260001,
              23.099589257
            ],
            [
              89.25956506600005,
              23.09946192300015
            ],
            [
              89.25930117400009,
              23.099005742000145
            ],
            [
              89.25929734300018,
              23.098946112000192
            ],
            [
              89.25938769500004,
              23.09891687000004
            ],
            [
              89.25933129900017,
              23.098613536000187
            ],
            [
              89.25925188000008,
              23.098060498999985
            ],
            [
              89.26002586600015,
              23.097981161000178
            ],
            [
              89.260060758,
              23.098523163000095
            ],
            [
              89.2603189140001,
              23.098524373000032
            ],
            [
              89.26081689900013,
              23.098168213
            ],
            [
              89.26100628000012,
              23.09755249000017
            ],
            [
              89.26121280700005,
              23.096635714000172
            ],
            [
              89.26106415300018,
              23.09547349899998
            ],
            [
              89.2609892390002,
              23.09499993700007
            ],
            [
              89.26067962400009,
              23.094926788000123
            ],
            [
              89.25911464299998,
              23.094819075000032
            ],
            [
              89.25858731800014,
              23.09487395800005
            ],
            [
              89.25850895100012,
              23.09503132800012
            ],
            [
              89.2585033430002,
              23.09527897200013
            ],
            [
              89.25849685500003,
              23.095565426000064
            ],
            [
              89.25812354200013,
              23.09554426200009
            ],
            [
              89.25787147000005,
              23.095716960000175
            ],
            [
              89.25784577600007,
              23.09578703699998
            ],
            [
              89.25766272200019,
              23.095744998000157
            ],
            [
              89.2574048030001,
              23.095685766000088
            ],
            [
              89.25585583500003,
              23.095654183000192
            ],
            [
              89.25557591500012,
              23.095648473999972
            ],
            [
              89.25503411300008,
              23.09551686100002
            ],
            [
              89.25492576900012,
              23.095487670000182
            ],
            [
              89.25484921500004,
              23.095315232000132
            ],
            [
              89.2549432460001,
              23.095129260000192
            ],
            [
              89.25519148800004,
              23.09508741200011
            ],
            [
              89.25531604300011,
              23.094987621000143
            ],
            [
              89.25531667500019,
              23.09487290600015
            ],
            [
              89.25524639200012,
              23.094758157000115
            ],
            [
              89.2551172270002,
              23.094499133
            ],
            [
              89.25500951600009,
              23.094355227
            ],
            [
              89.25474688200018,
              23.094196250000095
            ],
            [
              89.25443687800009,
              23.09419478700005
            ],
            [
              89.25415676600005,
              23.09439422000014
            ],
            [
              89.25365625199998,
              23.094741478000117
            ],
            [
              89.25360937800019,
              23.09473912500016
            ],
            [
              89.25329428400005,
              23.094940873000155
            ],
            [
              89.2531044280002,
              23.095229024000105
            ],
            [
              89.25269535700016,
              23.09543032600004
            ],
            [
              89.25247679000012,
              23.095318855000187
            ],
            [
              89.25235122900011,
              23.09525481700001
            ],
            [
              89.252216901,
              23.095079197000075
            ],
            [
              89.25219521200006,
              23.095050841000045
            ],
            [
              89.2521826040001,
              23.09500314700017
            ],
            [
              89.25210316100004,
              23.09470263900016
            ],
            [
              89.25181949500018,
              23.094904532999976
            ],
            [
              89.25164025300006,
              23.094791497000074
            ],
            [
              89.2515395280002,
              23.094438018
            ],
            [
              89.2515085920001,
              23.09416874800013
            ],
            [
              89.25147956500012,
              23.093916088000185
            ],
            [
              89.2511983070001,
              23.093738616000053
            ],
            [
              89.25069430300016,
              23.094056890000104
            ],
            [
              89.25022141300013,
              23.094431764000035
            ],
            [
              89.24965294500015,
              23.09503877700007
            ],
            [
              89.24914747100007,
              23.095675443000175
            ],
            [
              89.2485809280002,
              23.095934701000147
            ],
            [
              89.24798915200006,
              23.096067375000132
            ],
            [
              89.24794809400004,
              23.09607621100014
            ],
            [
              89.24763867900009,
              23.096045380000135
            ],
            [
              89.24726425800014,
              23.095666478000055
            ],
            [
              89.24692223700015,
              23.095113846000174
            ],
            [
              89.24681027900016,
              23.09481532500007
            ],
            [
              89.24673642800013,
              23.09461841300015
            ],
            [
              89.24664520800007,
              23.09412343300005
            ],
            [
              89.24670919700014,
              23.093920502
            ],
            [
              89.24681141600013,
              23.09371171800018
            ],
            [
              89.24649064600004,
              23.09348615000016
            ],
            [
              89.2464028600001,
              23.093196664000175
            ],
            [
              89.24636720500007,
              23.09307908400001
            ],
            [
              89.2463082220001,
              23.092439731000184
            ],
            [
              89.24621689200018,
              23.09223969700014
            ],
            [
              89.24612223400015,
              23.092032371000016
            ],
            [
              89.24593496800009,
              23.09179888000017
            ],
            [
              89.24501151900017,
              23.091684178000094
            ],
            [
              89.24310363400014,
              23.09180167700015
            ],
            [
              89.24216659100011,
              23.09177604700011
            ],
            [
              89.24065945200005,
              23.091873529000054
            ],
            [
              89.2398713390001,
              23.09190558600011
            ],
            [
              89.23901884500009,
              23.091901480000104
            ],
            [
              89.23825649800017,
              23.091945604000045
            ],
            [
              89.23753928800016,
              23.092111264000096
            ],
            [
              89.23749385600013,
              23.092125210000177
            ],
            [
              89.23673989000008,
              23.092356667000047
            ],
            [
              89.23550154800012,
              23.092589525000108
            ],
            [
              89.23492270600019,
              23.09266541300019
            ],
            [
              89.2341830360001,
              23.092762382000103
            ],
            [
              89.233408037,
              23.092758621000087
            ],
            [
              89.23311501,
              23.092669554000054
            ],
            [
              89.23281284600006,
              23.092577710000114
            ],
            [
              89.23266733600013,
              23.092362829000024
            ],
            [
              89.23262677000014,
              23.09196735800009
            ],
            [
              89.2326294130001,
              23.091502185000024
            ],
            [
              89.2326940750001,
              23.091184092000105
            ],
            [
              89.23285304300009,
              23.090807747000156
            ],
            [
              89.23285402800013,
              23.090633870000033
            ],
            [
              89.2327941490002,
              23.090109678000033
            ],
            [
              89.23279727600004,
              23.08955869400006
            ],
            [
              89.23280040500003,
              23.089007709000043
            ],
            [
              89.2328016100002,
              23.088795445000073
            ],
            [
              89.23280287900008,
              23.088571892000118
            ],
            [
              89.2328644870002,
              23.088459164000028
            ],
            [
              89.23296166100005,
              23.088281355000163
            ],
            [
              89.23324533800013,
              23.088079494000056
            ],
            [
              89.23346600000013,
              23.08790668400019
            ],
            [
              89.23349827500004,
              23.087703602999966
            ],
            [
              89.23340199100005,
              23.087468052000133
            ],
            [
              89.23340693200004,
              23.087411586000087
            ],
            [
              89.23331428000017,
              23.08717854300005
            ],
            [
              89.2331890640001,
              23.087092124000094
            ],
            [
              89.23278114300001,
              23.08709014300001
            ],
            [
              89.23177623300018,
              23.087229780000143
            ],
            [
              89.23153738800005,
              23.08727378200001
            ],
            [
              89.23023656800007,
              23.08751133400017
            ],
            [
              89.22982648500016,
              23.08788871000013
            ],
            [
              89.22907085100019,
              23.088347952000106
            ],
            [
              89.22881775200011,
              23.088696737000078
            ],
            [
              89.22865815000006,
              23.089129532000072
            ],
            [
              89.22862440400007,
              23.089535840000167
            ],
            [
              89.2287243900002,
              23.08972367800004
            ],
            [
              89.22877987200019,
              23.089827907000085
            ],
            [
              89.22959191800004,
              23.090500296000187
            ],
            [
              89.22945445300013,
              23.09060286500005
            ],
            [
              89.228970253,
              23.090964146000033
            ],
            [
              89.22874098400013,
              23.09113521100005
            ],
            [
              89.22745948500005,
              23.090227928000047
            ],
            [
              89.22683787200009,
              23.08967636900013
            ],
            [
              89.2266559200001,
              23.089514921000102
            ],
            [
              89.22624154300019,
              23.089147066000123
            ],
            [
              89.22505636700004,
              23.087836017000086
            ],
            [
              89.22488910400011,
              23.08760582200017
            ],
            [
              89.22406011700019,
              23.08646491900015
            ],
            [
              89.22381085100017,
              23.08614528900017
            ],
            [
              89.22330882400013,
              23.086113464000107
            ],
            [
              89.22126910600008,
              23.086074063000126
            ],
            [
              89.22067294100003,
              23.086071123000067
            ],
            [
              89.22035916400012,
              23.086040217
            ],
            [
              89.22010939700016,
              23.085808649000057
            ],
            [
              89.21954768600011,
              23.085281974000054
            ],
            [
              89.21889202900013,
              23.0846983780001
            ],
            [
              89.21823658600016,
              23.084026710000103
            ],
            [
              89.21780043800015,
              23.08347355100011
            ],
            [
              89.21742816200009,
              23.082744570000102
            ],
            [
              89.21719165400003,
              23.082121636000068
            ],
            [
              89.21711893100019,
              23.08193008900014
            ],
            [
              89.21710720600015,
              23.081866685000023
            ],
            [
              89.21702781600015,
              23.081437351000034
            ],
            [
              89.21703068300013,
              23.08094282100012
            ],
            [
              89.21709705900014,
              23.08033344000006
            ],
            [
              89.21722463000009,
              23.0799569510001
            ],
            [
              89.21737972800014,
              23.079590089000135
            ],
            [
              89.21738497400008,
              23.079348036000056
            ],
            [
              89.21737442100016,
              23.079311511000185
            ],
            [
              89.21688485100015,
              23.078824181000186
            ],
            [
              89.2157603440001,
              23.07791984500011
            ],
            [
              89.21501149400012,
              23.07715963000004
            ],
            [
              89.21420061100008,
              23.07631329200018
            ],
            [
              89.21372668700013,
              23.075809239000137
            ],
            [
              89.21329614000012,
              23.07535131700007
            ],
            [
              89.21264191300008,
              23.07453510900001
            ],
            [
              89.21251571900012,
              23.074350769000034
            ],
            [
              89.21224506600004,
              23.07395540500005
            ],
            [
              89.21214398500013,
              23.073807747000046
            ],
            [
              89.21197295700017,
              23.073432981000167
            ],
            [
              89.21170829900012,
              23.07227942999998
            ],
            [
              89.2114521690001,
              23.071265342000117
            ],
            [
              89.21145183200014,
              23.071323267000025
            ],
            [
              89.21141267100018,
              23.071394770000154
            ],
            [
              89.21115437000003,
              23.07150596300005
            ],
            [
              89.2111227490002,
              23.071487739000133
            ],
            [
              89.2109041440001,
              23.071360189000075
            ],
            [
              89.21068449900014,
              23.071359090000044
            ],
            [
              89.21040132300016,
              23.07147510200008
            ],
            [
              89.21027459700014,
              23.071704805000138
            ],
            [
              89.21027289400013,
              23.071996102000185
            ],
            [
              89.21033353900009,
              23.072373523000067
            ],
            [
              89.21042495500018,
              23.07280981100007
            ],
            [
              89.21049869100005,
              23.073018093000087
            ],
            [
              89.21051623900007,
              23.07310184
            ],
            [
              89.21067080600017,
              23.07353844300019
            ],
            [
              89.21070294100008,
              23.0735835320001
            ],
            [
              89.21070203200009,
              23.073739314000022
            ],
            [
              89.21063833100004,
              23.0738857770001
            ],
            [
              89.20972152500008,
              23.075041902000123
            ],
            [
              89.2097514150002,
              23.075304003000042
            ],
            [
              89.2098222140001,
              23.07541641
            ],
            [
              89.21006246100018,
              23.075797844000135
            ],
            [
              89.21021739700006,
              23.076119282000093
            ],
            [
              89.21021680500019,
              23.076220701000068
            ],
            [
              89.21030868200006,
              23.076411311000186
            ],
            [
              89.21030784000016,
              23.076555831000064
            ],
            [
              89.21021288500003,
              23.076672783000163
            ],
            [
              89.20996126700015,
              23.07681604700008
            ],
            [
              89.20945843800007,
              23.076928700999986
            ],
            [
              89.20892417200008,
              23.077043451000065
            ],
            [
              89.20848503100007,
              23.077011897000148
            ],
            [
              89.20798423700018,
              23.076776792000146
            ],
            [
              89.20763783500013,
              23.077007648000063
            ],
            [
              89.20707504200004,
              23.07662770700017
            ],
            [
              89.20667412500018,
              23.07694537700013
            ],
            [
              89.20660209700003,
              23.07700245000018
            ],
            [
              89.20686021900008,
              23.077373823000073
            ],
            [
              89.2067571290001,
              23.07752460400019
            ],
            [
              89.20656770400012,
              23.077726889000132
            ],
            [
              89.20622198400014,
              23.07784032
            ],
            [
              89.20593998300018,
              23.07775309200008
            ],
            [
              89.20578436800014,
              23.07754907300017
            ],
            [
              89.2055657320002,
              23.077374096000028
            ],
            [
              89.20525180700008,
              23.07737251500015
            ],
            [
              89.20512574300011,
              23.077487048000137
            ],
            [
              89.20506170500016,
              23.077689964
            ],
            [
              89.2050915850001,
              23.07795206300011
            ],
            [
              89.20516817300006,
              23.078417635000108
            ],
            [
              89.20518231400007,
              23.078503517000115
            ],
            [
              89.20533465200009,
              23.07931723100012
            ],
            [
              89.20540576600013,
              23.079501568000182
            ],
            [
              89.20558167400009,
              23.07995754100017
            ],
            [
              89.20559507500002,
              23.080047710000088
            ],
            [
              89.20567295199999,
              23.08024957200007
            ],
            [
              89.20569770100019,
              23.080416091000075
            ],
            [
              89.20573341000005,
              23.080656349000037
            ],
            [
              89.20588937500008,
              23.080801660000077
            ],
            [
              89.20623456100003,
              23.080832750000184
            ],
            [
              89.20704752600005,
              23.080807585000116
            ],
            [
              89.207237297,
              23.081447534000063
            ],
            [
              89.20729667900014,
              23.081651032000025
            ],
            [
              89.20788360100005,
              23.08327987100006
            ],
            [
              89.20803871000015,
              23.08357195500008
            ],
            [
              89.20828895400007,
              23.083717734000118
            ],
            [
              89.20857228900019,
              23.083745688000135
            ],
            [
              89.20857125700007,
              23.083922121000114
            ],
            [
              89.2085673570001,
              23.08458826500015
            ],
            [
              89.2085962320001,
              23.085024240000052
            ],
            [
              89.20859248800014,
              23.085663287000102
            ],
            [
              89.20858857600018,
              23.08633169100017
            ],
            [
              89.20852250000007,
              23.08688235900007
            ],
            [
              89.20851927400014,
              23.087433338000096
            ],
            [
              89.20850034900008,
              23.08747225400009
            ],
            [
              89.20826510600006,
              23.087955966000152
            ],
            [
              89.20801264500005,
              23.088187291000054
            ],
            [
              89.20776117500003,
              23.08830119700002
            ],
            [
              89.2069752610002,
              23.088500490000115
            ],
            [
              89.20644940000011,
              23.08863682900011
            ],
            [
              89.20609519800013,
              23.088728662000165
            ],
            [
              89.20562220800008,
              23.089103400000056
            ],
            [
              89.20549456400016,
              23.089220183000066
            ],
            [
              89.20432857700007,
              23.09028694800014
            ],
            [
              89.20409652000012,
              23.09049956400014
            ],
            [
              89.2040178310001,
              23.091096670000127
            ],
            [
              89.204000662,
              23.091226957000174
            ],
            [
              89.20408685400002,
              23.091944373000047
            ],
            [
              89.20417353900018,
              23.09257814200015
            ],
            [
              89.20434051200004,
              23.092965482000068
            ],
            [
              89.2044891320001,
              23.093174392000094
            ],
            [
              89.20429200600012,
              23.093240553000157
            ],
            [
              89.20400242000017,
              23.09328211200011
            ],
            [
              89.20375828800002,
              23.093284533000087
            ],
            [
              89.20369078800013,
              23.09328488
            ],
            [
              89.20329463200005,
              23.093271372000117
            ],
            [
              89.2027789550001,
              23.093101474000093
            ],
            [
              89.20218874200003,
              23.092809329000033
            ],
            [
              89.20177475700012,
              23.092249971000115
            ],
            [
              89.20158787900016,
              23.092016434000016
            ],
            [
              89.20121073400009,
              23.092070979000027
            ],
            [
              89.20083456000009,
              23.092012622000084
            ],
            [
              89.20046132900018,
              23.091457478000166
            ],
            [
              89.20008898300011,
              23.090701359000036
            ],
            [
              89.19977705900004,
              23.090408472000036
            ],
            [
              89.1997189700001,
              23.09038335500003
            ],
            [
              89.19937016100016,
              23.09023253100014
            ],
            [
              89.19932889300009,
              23.090193932000034
            ],
            [
              89.19925153399998,
              23.09012214900008
            ],
            [
              89.19921388600011,
              23.090087214000107
            ],
            [
              89.19918373000007,
              23.08994605000015
            ],
            [
              89.19889981200004,
              23.08994136400014
            ],
            [
              89.19783062000005,
              23.090313053000045
            ],
            [
              89.19770353600018,
              23.090544999000088
            ],
            [
              89.19771924500014,
              23.09066668500003
            ],
            [
              89.19773358200018,
              23.090777744000036
            ],
            [
              89.19788181900009,
              23.091126469000017
            ],
            [
              89.19791924600008,
              23.09121451600015
            ],
            [
              89.197969021,
              23.091403104000108
            ],
            [
              89.19820081900019,
              23.091592796000157
            ],
            [
              89.19838838900006,
              23.091708916000186
            ],
            [
              89.19898371800002,
              23.09185646100002
            ],
            [
              89.19929715300015,
              23.09194612200008
            ],
            [
              89.19948437500017,
              23.09212095000015
            ],
            [
              89.19954585,
              23.092353854000066
            ],
            [
              89.19970095300016,
              23.092645945000186
            ],
            [
              89.19985657900008,
              23.09284997100019
            ],
            [
              89.19988369800006,
              23.093057900000076
            ],
            [
              89.19994785100016,
              23.093142005000175
            ],
            [
              89.19997791300017,
              23.093372491000082
            ],
            [
              89.19997670800012,
              23.093575723000185
            ],
            [
              89.1995996770001,
              23.093661881
            ],
            [
              89.19909607900019,
              23.093891920000146
            ],
            [
              89.19837246700018,
              23.094177294000133
            ],
            [
              89.19824619300005,
              23.09432343600014
            ],
            [
              89.19824481200004,
              23.094556019000095
            ],
            [
              89.1981104240001,
              23.094619807000072
            ],
            [
              89.19780475700009,
              23.094632665000063
            ],
            [
              89.19712763700005,
              23.0946770220001
            ],
            [
              89.19647427200005,
              23.09473578500007
            ],
            [
              89.19641289000015,
              23.094733916000166
            ],
            [
              89.19609915500001,
              23.094724367000026
            ],
            [
              89.19575209800018,
              23.094705568000165
            ],
            [
              89.19552048600019,
              23.09472141900011
            ],
            [
              89.19496796300007,
              23.09466602500015
            ],
            [
              89.19424499799999,
              23.094600199000013
            ],
            [
              89.19362525300016,
              23.094554016000018
            ],
            [
              89.19277843200018,
              23.094463651000126
            ],
            [
              89.19223616000005,
              23.094422639000072
            ],
            [
              89.19184834500004,
              23.094473234000077
            ],
            [
              89.19155358800009,
              23.094514743000047
            ],
            [
              89.1912126740001,
              23.094498658000077
            ],
            [
              89.19091848800008,
              23.094444572000043
            ],
            [
              89.19062941200019,
              23.094400071000166
            ],
            [
              89.1901747460002,
              23.09439774000009
            ],
            [
              89.18967314899999,
              23.094466864000083
            ],
            [
              89.18937348200018,
              23.094465326000147
            ],
            [
              89.1893166480001,
              23.09446503400011
            ],
            [
              89.18909453900011,
              23.094454334000147
            ],
            [
              89.18887511500003,
              23.094445991000043
            ],
            [
              89.18882978300002,
              23.09441986000013
            ],
            [
              89.18880326500016,
              23.094362849000106
            ],
            [
              89.1886128920001,
              23.093953560000102
            ],
            [
              89.1883317060001,
              23.093778237000038
            ],
            [
              89.18798631700008,
              23.093776460000186
            ],
            [
              89.18773503200015,
              23.09380452500011
            ],
            [
              89.18723228800013,
              23.09389000500005
            ],
            [
              89.18701260500012,
              23.093888875000175
            ],
            [
              89.18598072200012,
              23.093273850000173
            ],
            [
              89.18510130800018,
              23.093384481000157
            ],
            [
              89.18493604399998,
              23.093365565
            ],
            [
              89.1845680180001,
              23.093323015000067
            ],
            [
              89.18412935000003,
              23.09320558400003
            ],
            [
              89.18384804500016,
              23.093000892000134
            ],
            [
              89.18359934500018,
              23.092651847000127
            ],
            [
              89.18353918200006,
              23.092403417000185
            ],
            [
              89.183507357,
              23.09227199900016
            ],
            [
              89.18344730300004,
              23.091808764000064
            ],
            [
              89.18329272100004,
              23.091311892000192
            ],
            [
              89.18320223100017,
              23.091021385000033
            ],
            [
              89.18313918600018,
              23.090891468000052
            ],
            [
              89.18314085900005,
              23.090614862000052
            ],
            [
              89.18323815800005,
              23.090064370000164
            ],
            [
              89.18330311300019,
              23.08971694600001
            ],
            [
              89.1833981010002,
              23.08960001200012
            ],
            [
              89.18339932800006,
              23.08939678400003
            ],
            [
              89.18333857700009,
              23.089048709000053
            ],
            [
              89.18329302100005,
              23.089018383000052
            ],
            [
              89.183119778,
              23.088903054000184
            ],
            [
              89.18271203100011,
              23.088871589000178
            ],
            [
              89.18265058900016,
              23.088638678000166
            ],
            [
              89.18267721000018,
              23.088583899000184
            ],
            [
              89.18277756800012,
              23.088377386000047
            ],
            [
              89.18296686800016,
              23.088204485
            ],
            [
              89.18296809500015,
              23.088001257000087
            ],
            [
              89.18286900400005,
              23.087918573000024
            ],
            [
              89.18287686200017,
              23.087709213999972
            ],
            [
              89.18277452400002,
              23.087629647000085
            ],
            [
              89.18268949100019,
              23.08756372000005
            ],
            [
              89.18240762800008,
              23.087503549000132
            ],
            [
              89.18218690600008,
              23.08767628600009
            ],
            [
              89.18205115200004,
              23.08780063300003
            ],
            [
              89.18168189800008,
              23.088138855000125
            ],
            [
              89.18123814800009,
              23.088863687000014
            ],
            [
              89.18086223800009,
              23.088714956000103
            ],
            [
              89.18038635800013,
              23.08955478600012
            ],
            [
              89.1800743020001,
              23.089291220000177
            ],
            [
              89.17950818100007,
              23.08946441500018
            ],
            [
              89.1788214390001,
              23.088851138000166
            ],
            [
              89.1781283570001,
              23.08928110200003
            ],
            [
              89.1777811560001,
              23.08962931300016
            ],
            [
              89.17771672600009,
              23.089888665000103
            ],
            [
              89.17774619900013,
              23.09020947900018
            ],
            [
              89.17783764700005,
              23.09049565200013
            ],
            [
              89.17802484000015,
              23.090849994000166
            ],
            [
              89.17808612700014,
              23.09108410300007
            ],
            [
              89.17811606400005,
              23.09114203900009
            ],
            [
              89.17817750300009,
              23.091374953000184
            ],
            [
              89.178144497,
              23.091634469000155
            ],
            [
              89.17795447200018,
              23.09192478400007
            ],
            [
              89.17764069300006,
              23.091893797000125
            ],
            [
              89.17748510700017,
              23.09168975
            ],
            [
              89.17750549800019,
              23.09154408400002
            ],
            [
              89.17751764300004,
              23.09145732500008
            ],
            [
              89.1774199670001,
              23.091250145000117
            ],
            [
              89.17717486100008,
              23.09107842500015
            ],
            [
              89.17667425200017,
              23.090813868
            ],
            [
              89.17625835700011,
              23.0921191810001
            ],
            [
              89.17603744100012,
              23.09232126400002
            ],
            [
              89.17487725600012,
              23.09214132500017
            ],
            [
              89.17411915300005,
              23.09292095000012
            ],
            [
              89.17383444199999,
              23.09332593000005
            ],
            [
              89.17381656300006,
              23.09343705599997
            ],
            [
              89.17380177200016,
              23.09352899400011
            ],
            [
              89.17386374200015,
              23.09367384100011
            ],
            [
              89.17414383000005,
              23.094025323000096
            ],
            [
              89.17426956500003,
              23.094180979000157
            ],
            [
              89.1742682250001,
              23.094400563000022
            ],
            [
              89.17364006800011,
              23.094485347000102
            ],
            [
              89.17363918300009,
              23.09462986400007
            ],
            [
              89.17351147400012,
              23.095006311000077
            ],
            [
              89.17341380900012,
              23.095559051000123
            ],
            [
              89.17341222000005,
              23.095818731000122
            ],
            [
              89.17350460700015,
              23.095919615000128
            ],
            [
              89.17350343700008,
              23.096110779000128
            ],
            [
              89.17369045300006,
              23.09631499500017
            ],
            [
              89.17416106800005,
              23.09634681300014
            ],
            [
              89.17450610600014,
              23.096407329000158
            ],
            [
              89.17463254700004,
              23.096447501000114
            ],
            [
              89.1746940060001,
              23.096467026000028
            ],
            [
              89.17472418900019,
              23.096670417999974
            ],
            [
              89.174723486,
              23.096785581
            ],
            [
              89.17404961300014,
              23.09720885100006
            ],
            [
              89.1737151260001,
              23.09741936900008
            ],
            [
              89.1731852010002,
              23.096806889
            ],
            [
              89.17287083400004,
              23.096920409000177
            ],
            [
              89.1724618250002,
              23.0970921440001
            ],
            [
              89.17205357400007,
              23.097090003000176
            ],
            [
              89.1718347740001,
              23.096944332000078
            ],
            [
              89.17174186400007,
              23.096769966000068
            ],
            [
              89.17149129000012,
              23.096680582000147
            ],
            [
              89.17108244600001,
              23.096825218
            ],
            [
              89.17029715300015,
              23.096906902
            ],
            [
              89.16992134400004,
              23.096789761000025
            ],
            [
              89.16973534900006,
              23.09658664799997
            ],
            [
              89.16970546700009,
              23.096361571000102
            ],
            [
              89.16964312600015,
              23.096293492000086
            ],
            [
              89.16961312700005,
              23.096060743000066
            ],
            [
              89.16992749500014,
              23.095947229000103
            ],
            [
              89.17043025900017,
              23.095861804000037
            ],
            [
              89.1706817290002,
              23.09580441200012
            ],
            [
              89.17074565100017,
              23.095630868000114
            ],
            [
              89.17074708000018,
              23.09539828600009
            ],
            [
              89.17072426400006,
              23.09515168000013
            ],
            [
              89.17068538200004,
              23.09505046900017
            ],
            [
              89.17018493900014,
              23.09475879500019
            ],
            [
              89.16983990800009,
              23.09469826800006
            ],
            [
              89.16918050200007,
              23.09475351200001
            ],
            [
              89.16877274500018,
              23.094722010000055
            ],
            [
              89.16868834700011,
              23.094430486000135
            ],
            [
              89.16868042500016,
              23.094403122000188
            ],
            [
              89.16874399900007,
              23.09428603200007
            ],
            [
              89.16915300400007,
              23.094114305000176
            ],
            [
              89.1693110270001,
              23.09397061300018
            ],
            [
              89.16931227700002,
              23.093767385000035
            ],
            [
              89.1692103790001,
              23.093687149000175
            ],
            [
              89.16912461900012,
              23.09361961800016
            ],
            [
              89.16887398600011,
              23.09359119900006
            ],
            [
              89.16830802900006,
              23.0937327420001
            ],
            [
              89.16802621700003,
              23.093613834000053
            ],
            [
              89.16790188700003,
              23.093439299000067
            ],
            [
              89.16793854400015,
              23.093323273000067
            ],
            [
              89.16796599200012,
              23.093236401000183
            ],
            [
              89.16894153300007,
              23.09277861300012
            ],
            [
              89.16880367700003,
              23.092508454999972
            ],
            [
              89.16856949900006,
              23.09204952700003
            ],
            [
              89.16756401200007,
              23.09221810600002
            ],
            [
              89.16724749600019,
              23.092681620000178
            ],
            [
              89.16705692000005,
              23.09305772800002
            ],
            [
              89.16702334900003,
              23.093405309000104
            ],
            [
              89.16707246500016,
              23.093592033000107
            ],
            [
              89.16733596,
              23.093783806999966
            ],
            [
              89.16758688800019,
              23.093814486000156
            ],
            [
              89.16777443000007,
              23.093930642000146
            ],
            [
              89.16773206700003,
              23.09413996700016
            ],
            [
              89.1677096030001,
              23.094250959000078
            ],
            [
              89.16745724500004,
              23.09445286300013
            ],
            [
              89.16714197100004,
              23.094713149000142
            ],
            [
              89.16695193600003,
              23.095001192999973
            ],
            [
              89.16676212100009,
              23.095203426000126
            ],
            [
              89.16657350500009,
              23.095261143000187
            ],
            [
              89.16625984700005,
              23.095259485000042
            ],
            [
              89.16584518000013,
              23.095021159000055
            ],
            [
              89.16573687300013,
              23.094958912000152
            ],
            [
              89.16569675200009,
              23.094935852
            ],
            [
              89.16577102700012,
              23.094667523000112
            ],
            [
              89.16587071600014,
              23.094307986000103
            ],
            [
              89.16595358800004,
              23.094009103000133
            ],
            [
              89.16464124800018,
              23.09406060400005
            ],
            [
              89.16429747800015,
              23.09281028999999
            ],
            [
              89.16505241200008,
              23.092552337000086
            ],
            [
              89.16490652200008,
              23.091271204
            ],
            [
              89.163522005,
              23.091151214000035
            ],
            [
              89.16296318400009,
              23.090190788000143
            ],
            [
              89.16246169800013,
              23.09007296300007
            ],
            [
              89.16199075600008,
              23.090097562999972
            ],
            [
              89.16155140800015,
              23.090095231000134
            ],
            [
              89.16130173699997,
              23.089863570999967
            ],
            [
              89.16063478700005,
              23.089056328000083
            ],
            [
              89.16055403500013,
              23.08895858900007
            ],
            [
              89.15980987500018,
              23.08846083399999
            ],
            [
              89.15902265200015,
              23.087934267000037
            ],
            [
              89.15810664000003,
              23.087407749000192
            ],
            [
              89.15780279000012,
              23.087232702
            ],
            [
              89.15776341800006,
              23.087210019000167
            ],
            [
              89.15754941700004,
              23.087193313000057
            ],
            [
              89.15708489300016,
              23.087119137000116
            ],
            [
              89.15644636400015,
              23.08694131200008
            ],
            [
              89.15634994200019,
              23.08691445900007
            ],
            [
              89.15543778500012,
              23.086543926000047
            ],
            [
              89.15488175000019,
              23.08623265300014
            ],
            [
              89.15425651000015,
              23.085834969000075
            ],
            [
              89.1538954340001,
              23.085585807000086
            ],
            [
              89.15323495900009,
              23.08531999600001
            ],
            [
              89.15304689500016,
              23.085246255000072
            ],
            [
              89.15301307800013,
              23.085234786000058
            ],
            [
              89.1526596560002,
              23.085128593000093
            ],
            [
              89.15057830500001,
              23.084309440000084
            ],
            [
              89.15003208100012,
              23.08417218300019
            ],
            [
              89.14908740700014,
              23.0840819660001
            ],
            [
              89.14849329200007,
              23.084078765000072
            ],
            [
              89.14806625000011,
              23.08420790700012
            ],
            [
              89.14778075300018,
              23.084421459
            ],
            [
              89.14762145100013,
              23.08461469800011
            ],
            [
              89.14744599000011,
              23.084784182000078
            ],
            [
              89.14721336300016,
              23.085114588000067
            ],
            [
              89.14710534199997,
              23.085246934
            ],
            [
              89.14691340200011,
              23.08605782800015
            ],
            [
              89.14650491100014,
              23.087017597000056
            ],
            [
              89.14623124100007,
              23.087885509000103
            ],
            [
              89.14581778900015,
              23.088666680000188
            ],
            [
              89.1457902840001,
              23.088718646000018
            ],
            [
              89.1452814770002,
              23.089616898000088
            ],
            [
              89.14511555100012,
              23.089801171000147
            ],
            [
              89.14480890300013,
              23.09014049100017
            ],
            [
              89.14457230500011,
              23.090450836000173
            ],
            [
              89.14420246500009,
              23.090602386000114
            ],
            [
              89.14373281900009,
              23.09066306800014
            ],
            [
              89.14343106900003,
              23.090661433000093
            ],
            [
              89.14296241000005,
              23.09056630600014
            ],
            [
              89.14235990500003,
              23.09040722100002
            ],
            [
              89.1414234720001,
              23.090029535000042
            ],
            [
              89.14096578500016,
              23.089686739000115
            ],
            [
              89.13952040400017,
              23.088604166000152
            ],
            [
              89.13940007800016,
              23.08851404300009
            ],
            [
              89.13908800000013,
              23.08828029500006
            ],
            [
              89.13845333199998,
              23.087904237000032
            ],
            [
              89.13788643300006,
              23.08756307100009
            ],
            [
              89.13782174300007,
              23.087537405999967
            ],
            [
              89.13739170000008,
              23.087366787000178
            ],
            [
              89.13698927600018,
              23.087278552000043
            ],
            [
              89.13656278000008,
              23.087319239000124
            ],
            [
              89.13598844600017,
              23.08745232300015
            ],
            [
              89.13521267200008,
              23.08757713100016
            ],
            [
              89.13432771300018,
              23.087808884000083
            ],
            [
              89.13373738700017,
              23.088018349000095
            ],
            [
              89.13341554500016,
              23.088194607000105
            ],
            [
              89.13330964600004,
              23.088252602000182
            ],
            [
              89.13244746900017,
              23.088556166000103
            ],
            [
              89.13155465900002,
              23.0888021990001
            ],
            [
              89.13044573400003,
              23.08891081200011
            ],
            [
              89.12945300400014,
              23.089027228000134
            ],
            [
              89.12905749900017,
              23.08906806500005
            ],
            [
              89.12879392100007,
              23.089080951000085
            ],
            [
              89.12859808500019,
              23.08908465000013
            ],
            [
              89.12763726100007,
              23.089060226000072
            ],
            [
              89.12698592600009,
              23.08911398400005
            ],
            [
              89.126353778,
              23.08911048800013
            ],
            [
              89.12629363200006,
              23.089110155000185
            ],
            [
              89.12555072400005,
              23.088943530000165
            ],
            [
              89.12491238400014,
              23.0885862880001
            ],
            [
              89.12480301200014,
              23.088522268000133
            ],
            [
              89.12396176900012,
              23.088029848000076
            ],
            [
              89.12348133900014,
              23.087576983000133
            ],
            [
              89.12308699100004,
              23.087252744000068
            ],
            [
              89.12275833100017,
              23.087129271000038
            ],
            [
              89.12263233100003,
              23.087081151000177
            ],
            [
              89.12186256400003,
              23.08689170200006
            ],
            [
              89.1213266200001,
              23.08682549500014
            ],
            [
              89.120970365,
              23.086801214
            ],
            [
              89.12091607000008,
              23.08679795600011
            ],
            [
              89.1193784890001,
              23.086934916000075
            ],
            [
              89.11927476400018,
              23.086944155000026
            ],
            [
              89.11825975800019,
              23.087024525000118
            ],
            [
              89.11772402000008,
              23.08706694300008
            ],
            [
              89.11672818200014,
              23.087264518000154
            ],
            [
              89.1161847840001,
              23.087404872000036
            ],
            [
              89.11525266000007,
              23.087734239000042
            ],
            [
              89.11464405300006,
              23.08796981800009
            ],
            [
              89.11425477800009,
              23.088242474000083
            ],
            [
              89.11399434600008,
              23.088563649000093
            ],
            [
              89.11375080900007,
              23.088770332000024
            ],
            [
              89.11363686300007,
              23.08876969199997
            ],
            [
              89.1133357450002,
              23.088673159999985
            ],
            [
              89.11315162300008,
              23.088602122000168
            ],
            [
              89.11308767800017,
              23.088577687000168
            ],
            [
              89.11300022400007,
              23.088544269000067
            ],
            [
              89.11259984800012,
              23.08839127500005
            ],
            [
              89.11136371700007,
              23.08776333300011
            ],
            [
              89.11103116700014,
              23.087581816000124
            ],
            [
              89.11151688000007,
              23.08673420300005
            ],
            [
              89.11177883400006,
              23.086191508000184
            ],
            [
              89.11201475600006,
              23.085746843000095
            ],
            [
              89.11216463200003,
              23.085464356000045
            ],
            [
              89.11232935800012,
              23.085163709000142
            ],
            [
              89.1123903350001,
              23.08505241800009
            ],
            [
              89.11248420800018,
              23.084786506000114
            ],
            [
              89.11264288700005,
              23.08459321200013
            ],
            [
              89.112735832,
              23.084422129000075
            ],
            [
              89.11293607800008,
              23.083937793000132
            ],
            [
              89.11296641600012,
              23.083841446000065
            ],
            [
              89.11304324900016,
              23.083597442000155
            ],
            [
              89.11311145000019,
              23.083245583000064
            ],
            [
              89.11333936700015,
              23.082494961000123
            ],
            [
              89.1135805560001,
              23.081766993000144
            ],
            [
              89.11371289900012,
              23.08130748000019
            ],
            [
              89.11381312600014,
              23.08095947700008
            ],
            [
              89.11392985600003,
              23.080554169000152
            ],
            [
              89.11394987700004,
              23.080469180000136
            ],
            [
              89.11390096800017,
              23.080464269000174
            ],
            [
              89.11392980700015,
              23.080364072000123
            ],
            [
              89.114078555,
              23.079732624000087
            ],
            [
              89.11416590300013,
              23.079334424000024
            ],
            [
              89.11424082700012,
              23.078992858
            ],
            [
              89.1143364690002,
              23.07841079200017
            ],
            [
              89.11445897900006,
              23.07777919700004
            ],
            [
              89.1145271110002,
              23.07739117799997
            ],
            [
              89.1145720400001,
              23.076540107000028
            ],
            [
              89.11464374800016,
              23.075605632000077
            ],
            [
              89.11458364600014,
              23.074767519999966
            ],
            [
              89.11458905400008,
              23.07394106800018
            ],
            [
              89.11455200900008,
              23.073588589000053
            ],
            [
              89.11448889000013,
              23.07321112300008
            ],
            [
              89.11438722100013,
              23.072664080000038
            ],
            [
              89.11424659300008,
              23.07210326900008
            ],
            [
              89.11406717000006,
              23.071411269
            ],
            [
              89.1140236970001,
              23.071248439000044
            ],
            [
              89.11396907200009,
              23.071043912999983
            ],
            [
              89.11387511100003,
              23.070692100000088
            ],
            [
              89.1136435470001,
              23.069950128000187
            ],
            [
              89.1132593590001,
              23.06847791300015
            ],
            [
              89.11316971800005,
              23.068098040000052
            ],
            [
              89.1130931470002,
              23.06777243700003
            ],
            [
              89.1129022340001,
              23.067357375000142
            ],
            [
              89.11288591800019,
              23.067321900000138
            ],
            [
              89.11261387800005,
              23.06679873900009
            ],
            [
              89.11231555700016,
              23.06623704200007
            ],
            [
              89.11199115000005,
              23.065652617000126
            ],
            [
              89.11164086100013,
              23.064968685000053
            ],
            [
              89.11159845500015,
              23.06488753700006
            ],
            [
              89.11147516400018,
              23.064651612000034
            ],
            [
              89.11138997500012,
              23.064488596000047
            ],
            [
              89.1113426070001,
              23.064397954000185
            ],
            [
              89.11118728100007,
              23.06408093900012
            ],
            [
              89.11094056400015,
              23.06365276000014
            ],
            [
              89.1107069480002,
              23.063226913000165
            ],
            [
              89.11045988500007,
              23.062898090000033
            ],
            [
              89.1101736540001,
              23.06249452600008
            ],
            [
              89.10975698300018,
              23.061934418000078
            ],
            [
              89.10943205000007,
              23.061433535000106
            ],
            [
              89.10921060800018,
              23.06115227600003
            ],
            [
              89.10905456500018,
              23.060945902000185
            ],
            [
              89.10899930900001,
              23.060841891
            ],
            [
              89.10887287300005,
              23.060603899000057
            ],
            [
              89.10850850600019,
              23.060116340000093
            ],
            [
              89.10819653500005,
              23.05964036900008
            ],
            [
              89.10787088200004,
              23.05925012800003
            ],
            [
              89.10749324400001,
              23.058787333
            ],
            [
              89.1071548070002,
              23.058347340000125
            ],
            [
              89.10673752200006,
              23.05788431999997
            ],
            [
              89.1066136730002,
              23.05774587100018
            ],
            [
              89.10656885700018,
              23.057695939000098
            ],
            [
              89.10651272000007,
              23.05763348700009
            ],
            [
              89.10624242500018,
              23.0573327890001
            ],
            [
              89.10590357800015,
              23.056956020000086
            ],
            [
              89.10543337300004,
              23.05656269800005
            ],
            [
              89.10518570300013,
              23.056283544000053
            ],
            [
              89.10487254000009,
              23.05599047100003
            ],
            [
              89.10459848800014,
              23.055733746000044
            ],
            [
              89.10451915300007,
              23.055663748000086
            ],
            [
              89.1043898420001,
              23.05554965400006
            ],
            [
              89.10395842700007,
              23.05524236000008
            ],
            [
              89.10352754100012,
              23.054901192000102
            ],
            [
              89.10305718500007,
              23.054532703000064
            ],
            [
              89.10253434400005,
              23.054213595000135
            ],
            [
              89.10210292200009,
              23.0539085530001
            ],
            [
              89.10156764000004,
              23.053442591000078
            ],
            [
              89.10153275700009,
              23.05341303800003
            ],
            [
              89.10111371500005,
              23.05305134500003
            ],
            [
              89.10105871700011,
              23.053003874000126
            ],
            [
              89.10049671600007,
              23.052612276000048
            ],
            [
              89.10009192900003,
              23.052293830000167
            ],
            [
              89.09964773300004,
              23.051939031000018
            ],
            [
              89.09932140100005,
              23.05165716100015
            ],
            [
              89.09902130400019,
              23.051375440000015
            ],
            [
              89.09872159900016,
              23.05103500900003
            ],
            [
              89.09853956700005,
              23.05088407500017
            ],
            [
              89.0981731490001,
              23.050580253000078
            ],
            [
              89.09813735300014,
              23.05055069100007
            ],
            [
              89.09774238200009,
              23.05022552200012
            ],
            [
              89.09755966900013,
              23.050043830000163
            ],
            [
              89.09723375200008,
              23.04970098500013
            ],
            [
              89.09701297500004,
              23.049372295000126
            ],
            [
              89.09675239800004,
              23.04906595400007
            ],
            [
              89.09644023800013,
              23.048628348000136
            ],
            [
              89.09611505100014,
              23.04817711800007
            ],
            [
              89.09588128000007,
              23.047785119000082
            ],
            [
              89.0958279240001,
              23.04768257400019
            ],
            [
              89.09559609300004,
              23.04723701800009
            ],
            [
              89.09542837200007,
              23.0467753960001
            ],
            [
              89.09526071100015,
              23.046349903000134
            ],
            [
              89.0951451200001,
              23.04598342000014
            ],
            [
              89.09509528300015,
              23.04554505500016
            ],
            [
              89.095097877,
              23.045156666000082
            ],
            [
              89.09509982200007,
              23.044865376000132
            ],
            [
              89.09512766600011,
              23.04462391300018
            ],
            [
              89.09516853899999,
              23.044441238000047
            ],
            [
              89.09522181100016,
              23.04431960100004
            ],
            [
              89.09532487700017,
              23.04414995200011
            ],
            [
              89.09535499800006,
              23.04408117500003
            ],
            [
              89.09548760800004,
              23.04386289399997
            ],
            [
              89.09579157200011,
              23.04356203800012
            ],
            [
              89.09585296400007,
              23.043511681000155
            ],
            [
              89.09617431100008,
              23.043248087
            ],
            [
              89.09626502400005,
              23.043137955000134
            ],
            [
              89.0963355360002,
              23.043051170000126
            ],
            [
              89.09643972700019,
              23.042806827999982
            ],
            [
              89.09660017500016,
              23.04234708100006
            ],
            [
              89.09678732100019,
              23.041862646000027
            ],
            [
              89.09690482000002,
              23.041664817000083
            ],
            [
              89.09692050300004,
              23.041624218000038
            ],
            [
              89.09709293200018,
              23.041333901000087
            ],
            [
              89.09724823300013,
              23.041058493000037
            ],
            [
              89.09731886300011,
              23.04093323900014
            ],
            [
              89.09756753900007,
              23.040513231000034
            ],
            [
              89.097704223,
              23.04020362099999
            ],
            [
              89.09779654900018,
              23.040057731
            ],
            [
              89.0978374020001,
              23.039965192000068
            ],
            [
              89.09812930400011,
              23.03950393600013
            ],
            [
              89.09851420700005,
              23.038862555000037
            ],
            [
              89.09892533300018,
              23.038221321000094
            ],
            [
              89.09913716200003,
              23.037967358000174
            ],
            [
              89.099172839,
              23.037922400000184
            ],
            [
              89.09944159700007,
              23.03759197900007
            ],
            [
              89.09994394500006,
              23.037037073000192
            ],
            [
              89.10036735400018,
              23.03656526900005
            ],
            [
              89.10068425500003,
              23.03628705900013
            ],
            [
              89.10097492500012,
              23.03600870000008
            ],
            [
              89.10121305000018,
              23.035743591000085
            ],
            [
              89.1015698400002,
              23.035382052000102
            ],
            [
              89.10187395200012,
              23.035054090000187
            ],
            [
              89.10212480500019,
              23.03480034300003
            ],
            [
              89.10235418700017,
              23.034477254000024
            ],
            [
              89.1023898700002,
              23.03442699400017
            ],
            [
              89.10254372000014,
              23.03419230600008
            ],
            [
              89.10266855600014,
              23.03397694000006
            ],
            [
              89.10272285100012,
              23.033699495000064
            ],
            [
              89.10284505100009,
              23.03311532500004
            ],
            [
              89.10291447700018,
              23.032533113000056
            ],
            [
              89.10295726900017,
              23.032011722000163
            ],
            [
              89.1029595280001,
              23.031670752000025
            ],
            [
              89.102949147,
              23.031257450000112
            ],
            [
              89.10291076500005,
              23.031112709000126
            ],
            [
              89.10285984900008,
              23.03087983300003
            ],
            [
              89.10271665800008,
              23.03067352800008
            ],
            [
              89.10248206300008,
              23.030453156000135
            ],
            [
              89.1022725110002,
              23.03036615600007
            ],
            [
              89.10215418700017,
              23.030365485000118
            ],
            [
              89.10206222800008,
              23.03038980200006
            ],
            [
              89.10189135000019,
              23.030449802000078
            ],
            [
              89.10160222000002,
              23.030497841000056
            ],
            [
              89.10124737300009,
              23.030568088000052
            ],
            [
              89.10087894300017,
              23.030663095000023
            ],
            [
              89.10068006600011,
              23.030713901000126
            ],
            [
              89.10071809900018,
              23.0309085990001
            ],
            [
              89.10054690200013,
              23.03095233300013
            ],
            [
              89.10037765200013,
              23.030996535999975
            ],
            [
              89.09969409000007,
              23.03115071900004
            ],
            [
              89.09903732499998,
              23.031219242000134
            ],
            [
              89.09857757800006,
              23.03124146
            ],
            [
              89.09809214800003,
              23.031227404000106
            ],
            [
              89.09751511500019,
              23.031138304000024
            ],
            [
              89.09721352800017,
              23.031086904000176
            ],
            [
              89.09664931000003,
              23.03098650000004
            ],
            [
              89.09626965000007,
              23.030900864000046
            ],
            [
              89.09592913000012,
              23.030788267000105
            ],
            [
              89.09544502500012,
              23.030530328000168
            ],
            [
              89.09490854500018,
              23.030260799000132
            ],
            [
              89.09433384600015,
              23.02986910700008
            ],
            [
              89.09377164200015,
              23.029524906000063
            ],
            [
              89.09345799200014,
              23.029317618000164
            ],
            [
              89.09315737800011,
              23.029121693000036
            ],
            [
              89.09300093800016,
              23.028937887000097
            ],
            [
              89.09285225900004,
              23.028798042000176
            ],
            [
              89.09267484200018,
              23.028631166000025
            ],
            [
              89.09250591400007,
              23.028399866000086
            ],
            [
              89.09232397200009,
              23.02810751800007
            ],
            [
              89.09220790299997,
              23.027815551000117
            ],
            [
              89.09210464400007,
              23.027523658000064
            ],
            [
              89.09198997100009,
              23.02702394800008
            ],
            [
              89.09186113800018,
              23.026634804000082
            ],
            [
              89.09163716400013,
              23.026221405000058
            ],
            [
              89.09147314500012,
              23.02578125400015
            ],
            [
              89.09139690400013,
              23.025417251000135
            ],
            [
              89.09128117400013,
              23.025075604
            ],
            [
              89.09115217700003,
              23.024711300999968
            ],
            [
              89.09103603900019,
              23.024430623
            ],
            [
              89.09081542200016,
              23.024040954000043
            ],
            [
              89.09080377500015,
              23.023821846000033
            ],
            [
              89.09076574000011,
              23.023627424000097
            ],
            [
              89.09071434900005,
              23.02346905800016
            ],
            [
              89.09063650400009,
              23.023299250000093
            ],
            [
              89.09054586700017,
              23.023127108000097
            ],
            [
              89.09037685400011,
              23.02290935500008
            ],
            [
              89.09005112500006,
              23.022505531000093
            ],
            [
              89.08977804900002,
              23.022162978999972
            ],
            [
              89.08939545300018,
              23.02178140700005
            ],
            [
              89.0893041710001,
              23.021690726000088
            ],
            [
              89.08917825000003,
              23.021565634000012
            ],
            [
              89.08897170800003,
              23.021381999000027
            ],
            [
              89.08868230800005,
              23.021124695000026
            ],
            [
              89.08826419600013,
              23.020855825000183
            ],
            [
              89.08750652500004,
              23.020291436000093
            ],
            [
              89.08640973800016,
              23.01945862400015
            ],
            [
              89.08579587600013,
              23.01900570500004
            ],
            [
              89.08540386100015,
              23.01871214
            ],
            [
              89.0851820210001,
              23.018552788000136
            ],
            [
              89.08494659500013,
              23.018418193000116
            ],
            [
              89.0848712,
              23.018367100000034
            ],
            [
              89.084711335,
              23.018258764000166
            ],
            [
              89.08461569400004,
              23.01819126700019
            ],
            [
              89.08445002000019,
              23.018074344000183
            ],
            [
              89.08394104200016,
              23.01767170300019
            ],
            [
              89.0833671900001,
              23.01712190900014
            ],
            [
              89.0825801540002,
              23.01630355700013
            ],
            [
              89.08253293600018,
              23.016254460000027
            ],
            [
              89.08214165700002,
              23.015899920000038
            ],
            [
              89.08177635600009,
              23.015581659000077
            ],
            [
              89.08114952400012,
              23.015067679000026
            ],
            [
              89.0810023480002,
              23.014924668000162
            ],
            [
              89.08081053100005,
              23.014738279000085
            ],
            [
              89.08055052700018,
              23.014407078000147
            ],
            [
              89.08030273800006,
              23.01416401700004
            ],
            [
              89.07997687200009,
              23.01383243300012
            ],
            [
              89.07985757400013,
              23.013707541000088
            ],
            [
              89.07941641200006,
              23.01324657200007
            ],
            [
              89.07863448200004,
              23.012404247000063
            ],
            [
              89.07786566200019,
              23.011609417000045
            ],
            [
              89.07684868700017,
              23.010582806000116
            ],
            [
              89.07591177900008,
              23.009398582000188
            ],
            [
              89.07574329099998,
              23.009172181000167
            ],
            [
              89.07543074000017,
              23.008752202000153
            ],
            [
              89.07496168100016,
              23.008227828000088
            ],
            [
              89.07461930500006,
              23.007907426000088
            ],
            [
              89.07458355400007,
              23.00787334600011
            ],
            [
              89.07451667100014,
              23.00778481800006
            ],
            [
              89.07429737799998,
              23.007494562000034
            ],
            [
              89.07425025300012,
              23.00744528500013
            ],
            [
              89.0739585870001,
              23.00714030900008
            ],
            [
              89.07375066300017,
              23.006822951000117
            ],
            [
              89.07351657600003,
              23.006541571000128
            ],
            [
              89.0732952030001,
              23.006273814000053
            ],
            [
              89.07304811900013,
              23.005931385000054
            ],
            [
              89.07294509000019,
              23.00578307600017
            ],
            [
              89.07268426900004,
              23.005407623999986
            ],
            [
              89.07241129300019,
              23.005017622000082
            ],
            [
              89.07206131600009,
              23.004383288000156
            ],
            [
              89.0718155670001,
              23.00384666400015
            ],
            [
              89.07163461400012,
              23.003421071000048
            ],
            [
              89.07154769900012,
              23.00328958900019
            ],
            [
              89.07140103000017,
              23.003067429000055
            ],
            [
              89.07119353600007,
              23.002689102000147
            ],
            [
              89.07105066800011,
              23.002446641000063
            ],
            [
              89.07090828800006,
              23.00217708500014
            ],
            [
              89.07081826299998,
              23.00192138600005
            ],
            [
              89.07072783800004,
              23.001679232000072
            ],
            [
              89.0706115120002,
              23.00143467099997
            ],
            [
              89.07049585400006,
              23.001093009000158
            ],
            [
              89.07035406900013,
              23.000692484000126
            ],
            [
              89.07017384900013,
              23.000205923000124
            ],
            [
              89.0700714150002,
              22.99980337000011
            ],
            [
              89.0698264240001,
              22.99915835900009
            ],
            [
              89.06964658000015,
              22.99861587900017
            ],
            [
              89.06962090000013,
              22.998538417000134
            ],
            [
              89.069454248,
              22.997941285000138
            ],
            [
              89.06931387700007,
              22.997380439000096
            ],
            [
              89.06897133500013,
              22.99566674500005
            ],
            [
              89.06896377500004,
              22.99521281200009
            ],
            [
              89.06896206600015,
              22.995106668000176
            ],
            [
              89.06893961300017,
              22.994512642000018
            ],
            [
              89.06897147800004,
              22.993733765000172
            ],
            [
              89.06900310400016,
              22.992945855000187
            ],
            [
              89.06904246800008,
              22.992631249000056
            ],
            [
              89.0691140630002,
              22.99205905200006
            ],
            [
              89.06928941100017,
              22.991341989000148
            ],
            [
              89.06934648900005,
              22.990976502000024
            ],
            [
              89.06938495000014,
              22.990728787000023
            ],
            [
              89.06950803900014,
              22.99009225500015
            ],
            [
              89.06961654500003,
              22.98960738800008
            ],
            [
              89.06979196300017,
              22.988879033000103
            ],
            [
              89.06990330300016,
              22.98838063400018
            ],
            [
              89.07008982500014,
              22.987543954000046
            ],
            [
              89.07022839800015,
              22.98645181800009
            ],
            [
              89.07025239000018,
              22.98546777500013
            ],
            [
              89.0702590890001,
              22.98519302400007
            ],
            [
              89.07047663700013,
              22.98357872200006
            ],
            [
              89.07071183800014,
              22.982453627000154
            ],
            [
              89.07072214500005,
              22.98240432600005
            ],
            [
              89.07105050400014,
              22.981192177000025
            ],
            [
              89.07157652000012,
              22.979761313000154
            ],
            [
              89.07170930299998,
              22.97955436700005
            ],
            [
              89.07172521500007,
              22.979529567000156
            ],
            [
              89.07204102399999,
              22.97903736400019
            ],
            [
              89.07243133300005,
              22.978561802000115
            ],
            [
              89.07292061300006,
              22.97797196700003
            ],
            [
              89.07336637600008,
              22.977706903000126
            ],
            [
              89.07391524800016,
              22.97746156
            ],
            [
              89.0743255430001,
              22.977466168000035
            ],
            [
              89.07473124300009,
              22.977408968000077
            ],
            [
              89.07510013600017,
              22.977421704000108
            ],
            [
              89.07573203000004,
              22.97751040200012
            ],
            [
              89.07599628800006,
              22.977533362000088
            ],
            [
              89.07656133100016,
              22.97758245600005
            ],
            [
              89.07678457100019,
              22.977593014000036
            ],
            [
              89.0772690170001,
              22.977722276000065
            ],
            [
              89.07794961700012,
              22.977967857000067
            ],
            [
              89.07941515400012,
              22.978583822000132
            ],
            [
              89.08158669500011,
              22.979569689000073
            ],
            [
              89.08362605800005,
              22.980721868000103
            ],
            [
              89.08396456700007,
              22.981112230000065
            ],
            [
              89.08432978399998,
              22.981430483000054
            ],
            [
              89.0846645690001,
              22.981587744000024
            ],
            [
              89.08495764600008,
              22.981725413000106
            ],
            [
              89.0850703810001,
              22.981780260000107
            ],
            [
              89.08584546300006,
              22.982161759000178
            ],
            [
              89.08665804600008,
              22.982561709000038
            ],
            [
              89.08868191900012,
              22.983504464000134
            ],
            [
              89.08903863300014,
              22.983670622000034
            ],
            [
              89.090503485,
              22.984406165000053
            ],
            [
              89.09264833800012,
              22.98548883300009
            ],
            [
              89.09442554800006,
              22.986616791000188
            ],
            [
              89.0948649680002,
              22.986946053000054
            ],
            [
              89.09586197300018,
              22.987693110000123
            ],
            [
              89.09695840600006,
              22.988550692000047
            ],
            [
              89.09797653100014,
              22.989358143000175
            ],
            [
              89.09813916700011,
              22.989518196000176
            ],
            [
              89.09872552400003,
              22.989850535000016
            ],
            [
              89.10041137100018,
              22.990988158000107
            ],
            [
              89.10099789300006,
              22.99119743800003
            ],
            [
              89.10193596200014,
              22.991532150000182
            ],
            [
              89.10213858100008,
              22.99157477200015
            ],
            [
              89.10227586200017,
              22.99163009700004
            ],
            [
              89.10250197400006,
              22.991721222000024
            ],
            [
              89.10347156000017,
              22.991945755000188
            ],
            [
              89.10454619299998,
              22.992146035000076
            ],
            [
              89.10551705900002,
              22.992223782
            ],
            [
              89.10617315500014,
              22.99222748600016
            ],
            [
              89.10705573500019,
              22.992115406000096
            ],
            [
              89.10709255699999,
              22.99211072900016
            ],
            [
              89.10752118600004,
              22.99201068600013
            ],
            [
              89.10769716400006,
              22.99196961100006
            ],
            [
              89.10853759900004,
              22.99185240300011
            ],
            [
              89.10935307900019,
              22.991588265000132
            ],
            [
              89.11003761500012,
              22.99125338800019
            ],
            [
              89.11072216100013,
              22.99091624600004
            ],
            [
              89.11130246200008,
              22.990481417000183
            ],
            [
              89.11193661600015,
              22.989830103000145
            ],
            [
              89.11225873600017,
              22.989520338000148
            ],
            [
              89.11259609300009,
              22.989293917000168
            ],
            [
              89.11304402300004,
              22.989005120000172
            ],
            [
              89.11354437300002,
              22.988766296000108
            ],
            [
              89.11406078200002,
              22.98858853000013
            ],
            [
              89.11409684500012,
              22.98857518200009
            ],
            [
              89.11451744700008,
              22.98845559199998
            ],
            [
              89.11551547200014,
              22.98833922500006
            ],
            [
              89.11609289700004,
              22.98834244900013
            ],
            [
              89.11666999900018,
              22.988395348000154
            ],
            [
              89.117220734,
              22.98847067800017
            ],
            [
              89.11769124800003,
              22.98873976200008
            ],
            [
              89.11831810700016,
              22.989206179000178
            ],
            [
              89.11886789500016,
              22.989428279000094
            ],
            [
              89.11920858000019,
              22.989502439000034
            ],
            [
              89.1195767260001,
              22.98943222000014
            ],
            [
              89.12002417500008,
              22.98921566399997
            ],
            [
              89.1203185710001,
              22.98896122100018
            ],
            [
              89.120377733,
              22.988786662000052
            ],
            [
              89.1204516570001,
              22.988722769000162
            ],
            [
              89.12055447799997,
              22.98841938800018
            ],
            [
              89.12068823100014,
              22.988056564000033
            ],
            [
              89.12071728500007,
              22.987618638000185
            ],
            [
              89.12069404900006,
              22.987157840000066
            ],
            [
              89.12056658400013,
              22.986549683000135
            ],
            [
              89.12036171900013,
              22.985794313000156
            ],
            [
              89.12010458500015,
              22.98496639400014
            ],
            [
              89.1200875460001,
              22.984896121000077
            ],
            [
              89.11995106700004,
              22.98433324900003
            ],
            [
              89.11987492800006,
              22.98394441900001
            ],
            [
              89.11982468700012,
              22.983605415000056
            ],
            [
              89.11985311400002,
              22.98326458700012
            ],
            [
              89.11996145100005,
              22.98272999900007
            ],
            [
              89.12030840700015,
              22.98183316900014
            ],
            [
              89.12054418800005,
              22.980637645000172
            ],
            [
              89.120552696,
              22.98059478400006
            ],
            [
              89.12074092200015,
              22.979916119000166
            ],
            [
              89.12078088400006,
              22.97960035600005
            ],
            [
              89.12085144500014,
              22.979042812000102
            ],
            [
              89.12098631200018,
              22.978458692000117
            ],
            [
              89.1211214710001,
              22.977876831000174
            ],
            [
              89.12120263300005,
              22.97748887400013
            ],
            [
              89.12128427700009,
              22.977026397000145
            ],
            [
              89.1213126830001,
              22.976687827000035
            ],
            [
              89.12126308199998,
              22.976249467000173
            ],
            [
              89.12116167800013,
              22.975713715999973
            ],
            [
              89.1210335740002,
              22.975252335000107
            ],
            [
              89.12093735200006,
              22.975000210000132
            ],
            [
              89.12088377800006,
              22.97485983400003
            ],
            [
              89.12082412000012,
              22.974703515000158
            ],
            [
              89.12080125300008,
              22.97464359700018
            ],
            [
              89.1206199470002,
              22.974254181000106
            ],
            [
              89.12038621200008,
              22.97386447800011
            ],
            [
              89.12012625699998,
              22.973522050000042
            ],
            [
              89.11989079900007,
              22.973398800000098
            ],
            [
              89.11960337400018,
              22.973203002000105
            ],
            [
              89.11928847900015,
              22.973201253000013
            ],
            [
              89.1190261750001,
              22.97317495500016
            ],
            [
              89.11860641499999,
              22.973172623000153
            ],
            [
              89.11831757300007,
              22.973195856000018
            ],
            [
              89.11797583200013,
              22.973291056999983
            ],
            [
              89.11749065100008,
              22.973457719000123
            ],
            [
              89.11734461600014,
              22.973506588000134
            ],
            [
              89.11684401000014,
              22.973795103000157
            ],
            [
              89.11642329500006,
              22.973939542000096
            ],
            [
              89.11605502700013,
              22.974034590000144
            ],
            [
              89.11542445200007,
              22.974150755000096
            ],
            [
              89.1148731240001,
              22.974222200000042
            ],
            [
              89.1140836670001,
              22.97453393400008
            ],
            [
              89.11340065700006,
              22.974649799000133
            ],
            [
              89.11277053200007,
              22.97469595399997
            ],
            [
              89.11208832400007,
              22.97464245400016
            ],
            [
              89.11156447700017,
              22.974519834000148
            ],
            [
              89.11109309900007,
              22.97434557000014
            ],
            [
              89.11102257600004,
              22.974314379000134
            ],
            [
              89.11064839100004,
              22.974148874000036
            ],
            [
              89.11012552800003,
              22.973829794999972
            ],
            [
              89.109629198,
              22.973463441000035
            ],
            [
              89.10926361400016,
              22.97319492200012
            ],
            [
              89.10905581200018,
              22.972900190000075
            ],
            [
              89.10866467600016,
              22.972484745000088
            ],
            [
              89.10845813500003,
              22.971998076000034
            ],
            [
              89.10835518800013,
              22.9716587690001
            ],
            [
              89.10841001700015,
              22.971293253000056
            ],
            [
              89.10841240300016,
              22.970929701000045
            ],
            [
              89.10851948000004,
              22.970638998000027
            ],
            [
              89.10853379400015,
              22.970591436000177
            ],
            [
              89.1086802820002,
              22.97010471200008
            ],
            [
              89.10894592100004,
              22.969620700000178
            ],
            [
              89.10924097800006,
              22.969000144000177
            ],
            [
              89.10968920400018,
              22.968283339000095
            ],
            [
              89.10980242700003,
              22.96807665500006
            ],
            [
              89.11014589600012,
              22.967451909000033
            ],
            [
              89.11018283400017,
              22.967386725000154
            ],
            [
              89.11027365500013,
              22.967220933000135
            ],
            [
              89.11061823200015,
              22.966737357000056
            ],
            [
              89.1109625000002,
              22.966253778000123
            ],
            [
              89.11102005400016,
              22.966054067000186
            ],
            [
              89.11104808100009,
              22.96571485400011
            ],
            [
              89.11101793300008,
              22.96560468200005
            ],
            [
              89.11096051700014,
              22.965394856000103
            ],
            [
              89.11095295500002,
              22.965367218000097
            ],
            [
              89.11088171600011,
              22.965106878000086
            ],
            [
              89.110672652,
              22.964713756000037
            ],
            [
              89.11048811600006,
              22.964516746000072
            ],
            [
              89.11031359000015,
              22.964367591000098
            ],
            [
              89.11011633200019,
              22.96428891000005
            ],
            [
              89.11003075100012,
              22.964279419000093
            ],
            [
              89.10955892300018,
              22.964179667
            ],
            [
              89.10890390500015,
              22.964031465000176
            ],
            [
              89.10798613600014,
              22.963929203000077
            ],
            [
              89.10701657600004,
              22.96372954400016
            ],
            [
              89.1061777770002,
              22.963578035000126
            ],
            [
              89.10578457300016,
              22.963528396000015
            ],
            [
              89.10523410800016,
              22.963428190000116
            ],
            [
              89.1050452390001,
              22.963418609000087
            ],
            [
              89.10468316900017,
              22.963400240000112
            ],
            [
              89.1042901450001,
              22.963323503000026
            ],
            [
              89.10368676500013,
              22.96329750900003
            ],
            [
              89.10318809100005,
              22.963294691000158
            ],
            [
              89.10287616900018,
              22.96331817600003
            ],
            [
              89.10229542600018,
              22.96336190100004
            ],
            [
              89.10150792000007,
              22.963429703000145
            ],
            [
              89.1005359560001,
              22.96359581500019
            ],
            [
              89.09990525600017,
              22.96373675900014
            ],
            [
              89.09903782500004,
              22.963950879000095
            ],
            [
              89.09830160700005,
              22.964190576000135
            ],
            [
              89.09793610600013,
              22.9643307610001
            ],
            [
              89.09763151000016,
              22.964448065
            ],
            [
              89.09743338200008,
              22.964524365000102
            ],
            [
              89.09659151300013,
              22.964835715000106
            ],
            [
              89.09569721500003,
              22.965146761000085
            ],
            [
              89.09530240500004,
              22.965338713000165
            ],
            [
              89.09472410299998,
              22.965482192000024
            ],
            [
              89.09444746500003,
              22.965513922000184
            ],
            [
              89.09433026900012,
              22.965527365000128
            ],
            [
              89.09396279800018,
              22.965550105999966
            ],
            [
              89.09356897300017,
              22.965547855000068
            ],
            [
              89.09322821600011,
              22.96549622600014
            ],
            [
              89.09278323299998,
              22.965349157000162
            ],
            [
              89.09249555200006,
              22.965200731000095
            ],
            [
              89.0922866630001,
              22.965030172000127
            ],
            [
              89.09220866700008,
              22.96493262500013
            ],
            [
              89.09218326799999,
              22.964810536000073
            ],
            [
              89.09218456400009,
              22.96461634200017
            ],
            [
              89.09218651000009,
              22.96432504700016
            ],
            [
              89.09221435299997,
              22.964081326000155
            ],
            [
              89.09224186300014,
              22.963887281000154
            ],
            [
              89.09232228300004,
              22.963621276000083
            ],
            [
              89.09240519600007,
              22.96333630500004
            ],
            [
              89.09245674700014,
              22.963159119000125
            ],
            [
              89.09260347800011,
              22.962877134000166
            ],
            [
              89.0929339600001,
              22.962382607000166
            ],
            [
              89.09338411300013,
              22.961752890000014
            ],
            [
              89.0940458980001,
              22.960880501000076
            ],
            [
              89.09476025000004,
              22.959985826000036
            ],
            [
              89.095105344,
              22.95943002500013
            ],
            [
              89.09542345100016,
              22.958944073000055
            ],
            [
              89.095660329,
              22.95880090000003
            ],
            [
              89.0957694820001,
              22.95857694000017
            ],
            [
              89.09579342600011,
              22.958562468000025
            ],
            [
              89.09600634700007,
              22.958125595000013
            ],
            [
              89.09606070900008,
              22.957834601000116
            ],
            [
              89.09606345300017,
              22.957421373000045
            ],
            [
              89.09606538800006,
              22.95713007600017
            ],
            [
              89.0960412770001,
              22.956813795000187
            ],
            [
              89.09599030700014,
              22.956594460000076
            ],
            [
              89.09591295900015,
              22.956399817000033
            ],
            [
              89.09580957700013,
              22.956132765000177
            ],
            [
              89.09570618300006,
              22.95591313
            ],
            [
              89.09555037700017,
              22.95564577700003
            ],
            [
              89.0954265650002,
              22.955471190000026
            ],
            [
              89.09539455700008,
              22.955425845000093
            ],
            [
              89.09521255400017,
              22.955156084000066
            ],
            [
              89.0950824520001,
              22.95501081800012
            ],
            [
              89.09469042200016,
              22.954789537000067
            ],
            [
              89.09445518400003,
              22.954641415000026
            ],
            [
              89.09424582900004,
              22.954543118000174
            ],
            [
              89.09387934900008,
              22.954421340000067
            ],
            [
              89.09351336800012,
              22.95422504700008
            ],
            [
              89.09317280200014,
              22.954148580000037
            ],
            [
              89.09301180200015,
              22.95411173100007
            ],
            [
              89.09251785600014,
              22.954000310000026
            ],
            [
              89.09144259100009,
              22.953897055000084
            ],
            [
              89.09078766300007,
              22.953746520000152
            ],
            [
              89.0901322360001,
              22.953670503000183
            ],
            [
              89.0896342490002,
              22.953570541999966
            ],
            [
              89.08932005000008,
              22.953471638000167
            ],
            [
              89.08897980700004,
              22.953347742
            ],
            [
              89.08879700200015,
              22.953199911000127
            ],
            [
              89.08858844100018,
              22.953029349000076
            ],
            [
              89.08830144200016,
              22.95278381700018
            ],
            [
              89.08798854700012,
              22.95249071300009
            ],
            [
              89.08759848800008,
              22.95197812400005
            ],
            [
              89.08751000500013,
              22.951875631000178
            ],
            [
              89.08715570500016,
              22.95146522900012
            ],
            [
              89.08681856000004,
              22.950880682
            ],
            [
              89.08621998500018,
              22.950147841000046
            ],
            [
              89.0855958590002,
              22.949317755000095
            ],
            [
              89.0851792740001,
              22.94885468500013
            ],
            [
              89.08473667600009,
              22.948316945000045
            ],
            [
              89.08424211800019,
              22.947756324000125
            ],
            [
              89.0838423190001,
              22.94738141800019
            ],
            [
              89.08377744000012,
              22.947320044000094
            ],
            [
              89.08374154799998,
              22.947283960000107
            ],
            [
              89.08312121199998,
              22.946654634000083
            ],
            [
              89.08218227700002,
              22.94582497600004
            ],
            [
              89.08166009600006,
              22.945431288000123
            ],
            [
              89.08116490200013,
              22.94496775300007
            ],
            [
              89.08074755500019,
              22.944576932000132
            ],
            [
              89.0803046380002,
              22.94413627700004
            ],
            [
              89.08007726600005,
              22.943838877000076
            ],
            [
              89.08004452000017,
              22.943796046000045
            ],
            [
              89.07957674300008,
              22.94311136100015
            ],
            [
              89.07939524300019,
              22.94281900400017
            ],
            [
              89.07926554,
              22.94257437100009
            ],
            [
              89.07913760700018,
              22.94211296200001
            ],
            [
              89.078956462,
              22.941723502000116
            ],
            [
              89.07890667100008,
              22.941334808000136
            ],
            [
              89.07880430900013,
              22.94096839100007
            ],
            [
              89.07880759400012,
              22.940482902000156
            ],
            [
              89.07888934000016,
              22.940022710999983
            ],
            [
              89.07905068700012,
              22.939463618000048
            ],
            [
              89.07908739600003,
              22.939368078000086
            ],
            [
              89.07916067500014,
              22.939177363000056
            ],
            [
              89.07925326700018,
              22.93893638100019
            ],
            [
              89.07926413500019,
              22.938907085999972
            ],
            [
              89.07944677000012,
              22.938585241999988
            ],
            [
              89.07946907900009,
              22.93854592800011
            ],
            [
              89.07963580600011,
              22.938252113000033
            ],
            [
              89.0796969880002,
              22.938128268000014
            ],
            [
              89.07941666500017,
              22.938053279000144
            ],
            [
              89.07953404300014,
              22.937846431000082
            ],
            [
              89.07959522400012,
              22.93772258500013
            ],
            [
              89.08003951700005,
              22.936828667000043
            ],
            [
              89.08054382500018,
              22.935982516000138
            ],
            [
              89.08096889100017,
              22.935181065000165
            ],
            [
              89.0815259380002,
              22.93428553600006
            ],
            [
              89.08187054299998,
              22.933754599000054
            ],
            [
              89.08229510900014,
              22.933220179999978
            ],
            [
              89.0827702260001,
              22.93261716300009
            ],
            [
              89.08335199900017,
              22.931938554
            ],
            [
              89.08419582700003,
              22.931263711000042
            ],
            [
              89.08519766800003,
              22.930564936000053
            ],
            [
              89.08661024400004,
              22.929751744999976
            ],
            [
              89.08712013600012,
              22.929458204000127
            ],
            [
              89.08851662500012,
              22.928613587000143
            ],
            [
              89.08906926200012,
              22.92827933700005
            ],
            [
              89.08934646800014,
              22.92811394600011
            ],
            [
              89.09104486800015,
              22.927100599000028
            ],
            [
              89.09279515800017,
              22.926040641000043
            ],
            [
              89.09291921100004,
              22.925965514000154
            ],
            [
              89.09307288100018,
              22.925872451000032
            ],
            [
              89.09359972600015,
              22.925559313
            ],
            [
              89.0944161330001,
              22.92505362300011
            ],
            [
              89.09504827800009,
              22.924668817000054
            ],
            [
              89.09575869900016,
              22.92438156000003
            ],
            [
              89.09665289100008,
              22.924045663000015
            ],
            [
              89.09693399300005,
              22.923979516000145
            ],
            [
              89.09757247800002,
              22.92383184800019
            ],
            [
              89.09838628900013,
              22.923714529000165
            ],
            [
              89.09977786400009,
              22.92355306100012
            ],
            [
              89.10069663900015,
              22.923461163000184
            ],
            [
              89.10145755800016,
              22.92341579100014
            ],
            [
              89.10224416700015,
              22.923494759999983
            ],
            [
              89.1028729250001,
              22.923620256999982
            ],
            [
              89.10350120800013,
              22.923818009
            ],
            [
              89.10424180000012,
              22.924192315000084
            ],
            [
              89.10509461300006,
              22.924847698000065
            ],
            [
              89.10598225000007,
              22.925507573
            ],
            [
              89.10666105100017,
              22.925996907000183
            ],
            [
              89.10672672000004,
              22.926067279000165
            ],
            [
              89.10685317600019,
              22.926201535000075
            ],
            [
              89.10705174800012,
              22.92641235200017
            ],
            [
              89.10738921500007,
              22.926999123000144
            ],
            [
              89.1074726700001,
              22.927324812
            ],
            [
              89.10764476200012,
              22.927996419000067
            ],
            [
              89.10764999400004,
              22.92802506300012
            ],
            [
              89.10807546900014,
              22.930354132
            ],
            [
              89.10820013700015,
              22.931328110000152
            ],
            [
              89.10819663200016,
              22.931863283000098
            ],
            [
              89.1081154630001,
              22.93225123700006
            ],
            [
              89.10808734800014,
              22.932542387000126
            ],
            [
              89.10795439999998,
              22.932832944000097
            ],
            [
              89.10774204800003,
              22.933195320000095
            ],
            [
              89.10742517200009,
              22.93350968400017
            ],
            [
              89.10700236000008,
              22.93394539500008
            ],
            [
              89.1064751770001,
              22.934355674000187
            ],
            [
              89.104922091,
              22.935148580000032
            ],
            [
              89.10336978800012,
              22.93581953600011
            ],
            [
              89.1021859650001,
              22.93630061200014
            ],
            [
              89.10108125300019,
              22.936707606000084
            ],
            [
              89.1002919770001,
              22.937066702000095
            ],
            [
              89.09973872600006,
              22.937404552000032
            ],
            [
              89.09955303400011,
              22.937694802000067
            ],
            [
              89.09955158500009,
              22.937913839000146
            ],
            [
              89.09955030100019,
              22.938108037000063
            ],
            [
              89.09956258900013,
              22.938255509000157
            ],
            [
              89.09957458500003,
              22.938399478000065
            ],
            [
              89.09965514500016,
              22.938549960000103
            ],
            [
              89.09970433600006,
              22.938641844000074
            ],
            [
              89.09991317900017,
              22.938814647000072
            ],
            [
              89.10033123500011,
              22.93905864300018
            ],
            [
              89.1009849880001,
              22.93937849499997
            ],
            [
              89.10203154900012,
              22.93979766700005
            ],
            [
              89.10274304500018,
              22.94009482700011
            ],
            [
              89.10336596500002,
              22.940333627000143
            ],
            [
              89.10357542600008,
              22.94041384700006
            ],
            [
              89.10376865000006,
              22.940492436000056
            ],
            [
              89.10454384400009,
              22.940807721000112
            ],
            [
              89.10517140600012,
              22.941127407000124
            ],
            [
              89.10605945900016,
              22.94173986500016
            ],
            [
              89.10734395700001,
              22.9428332760001
            ],
            [
              89.10775522300014,
              22.94318335500003
            ],
            [
              89.10874687200004,
              22.94399058400012
            ],
            [
              89.10931063500004,
              22.944399095000108
            ],
            [
              89.1096208130001,
              22.944533514000113
            ],
            [
              89.11023713800006,
              22.944800601999987
            ],
            [
              89.1111535170001,
              22.945097045000125
            ],
            [
              89.11175600800016,
              22.94524720200019
            ],
            [
              89.11222824400011,
              22.945274685000072
            ],
            [
              89.11288411800001,
              22.945278355000028
            ],
            [
              89.11351426600015,
              22.94520735499998
            ],
            [
              89.1137639760002,
              22.945166600999983
            ],
            [
              89.11412751000006,
              22.945107270000165
            ],
            [
              89.11422333700011,
              22.945091631000025
            ],
            [
              89.1148279050002,
              22.944923382000013
            ],
            [
              89.11545913600008,
              22.94468527400005
            ],
            [
              89.11574901700004,
              22.944492687000036
            ],
            [
              89.115987431,
              22.944153029000177
            ],
            [
              89.11612069700004,
              22.94381278500009
            ],
            [
              89.11607032700016,
              22.943496358000118
            ],
            [
              89.11606381700011,
              22.943404486000134
            ],
            [
              89.11604461600007,
              22.94336837700007
            ],
            [
              89.11591500500009,
              22.943098930000076
            ],
            [
              89.1158582990002,
              22.943019333000166
            ],
            [
              89.11579157700015,
              22.94292567800011
            ],
            [
              89.11565496000014,
              22.942733911000175
            ],
            [
              89.11563428900013,
              22.942717314000106
            ],
            [
              89.11548528300006,
              22.94259767600016
            ],
            [
              89.11528961100004,
              22.94244056900004
            ],
            [
              89.11489867900019,
              22.94204998000015
            ],
            [
              89.11437656000004,
              22.941633818000184
            ],
            [
              89.11401074400015,
              22.941412733999982
            ],
            [
              89.11356597500003,
              22.941240883999967
            ],
            [
              89.11296396800009,
              22.94101847700017
            ],
            [
              89.11210052000001,
              22.940647821000027
            ],
            [
              89.11141972600018,
              22.940449808999972
            ],
            [
              89.1108444100002,
              22.940155279000123
            ],
            [
              89.11050528200019,
              22.939862070000117
            ],
            [
              89.11013948500005,
              22.939593554000112
            ],
            [
              89.10993124000015,
              22.939373343000113
            ],
            [
              89.10980179500018,
              22.939081311999985
            ],
            [
              89.10972508600014,
              22.938787317000106
            ],
            [
              89.10972944200012,
              22.938742204
            ],
            [
              89.10969993999998,
              22.938675646000036
            ],
            [
              89.10962323100017,
              22.9383816510001
            ],
            [
              89.10962755500015,
              22.938336874000072
            ],
            [
              89.10965134700018,
              22.93809050200008
            ],
            [
              89.10973267400004,
              22.93767771000006
            ],
            [
              89.10997219700005,
              22.93716870300011
            ],
            [
              89.11029065500014,
              22.936612716000013
            ],
            [
              89.1106626460001,
              22.935885406000068
            ],
            [
              89.1109280460002,
              22.935426220000124
            ],
            [
              89.11156289200017,
              22.93462811800015
            ],
            [
              89.11230272000006,
              22.933853180000142
            ],
            [
              89.11309543500005,
              22.93295885200007
            ],
            [
              89.11383460000019,
              22.932283265000024
            ],
            [
              89.11403291900012,
              22.932094480000103
            ],
            [
              89.11429695900011,
              22.931843130000118
            ],
            [
              89.11452089100004,
              22.931629960000066
            ],
            [
              89.1147452030001,
              22.931465943999967
            ],
            [
              89.11517367300019,
              22.931152643000075
            ],
            [
              89.11594317000004,
              22.93073912600005
            ],
            [
              89.1167064670002,
              22.93037980600019
            ],
            [
              89.11744263200006,
              22.930115175000026
            ],
            [
              89.11828407700017,
              22.92982854400003
            ],
            [
              89.11959771900013,
              22.92951968600005
            ],
            [
              89.12010306900004,
              22.92942067500013
            ],
            [
              89.12043836700008,
              22.929354981000017
            ],
            [
              89.12138307400016,
              22.92931053200016
            ],
            [
              89.12276012300015,
              22.929246163000073
            ],
            [
              89.12278702200013,
              22.929244905000132
            ],
            [
              89.12398130600019,
              22.92913068400003
            ],
            [
              89.12438908500008,
              22.929072291000068
            ],
            [
              89.12577485800011,
              22.92853120200016
            ],
            [
              89.12624030200004,
              22.92799488500009
            ],
            [
              89.12682762500009,
              22.927318120000166
            ],
            [
              89.12785466900016,
              22.92567600500007
            ],
            [
              89.12815309400003,
              22.92497598000017
            ],
            [
              89.12876346300004,
              22.92388410400008
            ],
            [
              89.12894338900014,
              22.923573532000148
            ],
            [
              89.1303530200002,
              22.920599438000067
            ],
            [
              89.13044309000014,
              22.92056576000016
            ],
            [
              89.13077069100018,
              22.920448203000092
            ],
            [
              89.13080303600009,
              22.920436595000183
            ],
            [
              89.13184587700016,
              22.920724575000065
            ],
            [
              89.13269696200013,
              22.92077089900016
            ],
            [
              89.13280925700008,
              22.920777011000098
            ],
            [
              89.13419789000017,
              22.920852584000045
            ],
            [
              89.13735642800003,
              22.920869773000163
            ],
            [
              89.13828480600012,
              22.920874814000115
            ],
            [
              89.1393991700001,
              22.92088085600011
            ],
            [
              89.1395773930002,
              22.920831862000114
            ],
            [
              89.13968563200018,
              22.920802106000167
            ],
            [
              89.14001946100018,
              22.920710334000034
            ],
            [
              89.14107227200014,
              22.92071603100004
            ],
            [
              89.1417416290002,
              22.92082351700003
            ],
            [
              89.14181445700018,
              22.92083521100011
            ],
            [
              89.14472526900016,
              22.92073574799997
            ],
            [
              89.1464584110002,
              22.920860239999968
            ],
            [
              89.14713802300014,
              22.921094227000083
            ],
            [
              89.14781693000009,
              22.92144112500017
            ],
            [
              89.14855728500015,
              22.921903508000128
            ],
            [
              89.14905209600016,
              22.92196487299998
            ],
            [
              89.14929983700011,
              22.921966202000192
            ],
            [
              89.14995914300016,
              22.92205793900007
            ],
            [
              89.15011003500018,
              22.922078934000126
            ],
            [
              89.15016606000012,
              22.922086010000157
            ],
            [
              89.15016435600018,
              22.922359277000112
            ],
            [
              89.15016069300009,
              22.922946356000125
            ],
            [
              89.1506297360001,
              22.922948054000074
            ],
            [
              89.1506336860001,
              22.923106998000094
            ],
            [
              89.1503848700001,
              22.923277292000137
            ],
            [
              89.1500749170001,
              22.923332089000155
            ],
            [
              89.14933199300009,
              22.923328106999975
            ],
            [
              89.14871134300012,
              22.923555119000127
            ],
            [
              89.14870990700018,
              22.92378544899998
            ],
            [
              89.14914215800013,
              22.923959390999983
            ],
            [
              89.14913121400014,
              22.92406413900011
            ],
            [
              89.1490913900002,
              22.924445293000076
            ],
            [
              89.14907636600003,
              22.92458907800011
            ],
            [
              89.14864411100007,
              22.92441513700004
            ],
            [
              89.14808820000013,
              22.92418181700009
            ],
            [
              89.14802382700003,
              22.924583434
            ],
            [
              89.1475286880002,
              22.92452432200008
            ],
            [
              89.14755068100015,
              22.924763680000183
            ],
            [
              89.14758660700011,
              22.92515467200002
            ],
            [
              89.1477379010002,
              22.925175599000056
            ],
            [
              89.14779002400019,
              22.92574286400003
            ],
            [
              89.14844934900009,
              22.92583405900001
            ],
            [
              89.14865626800008,
              22.925862677999987
            ],
            [
              89.14865299600018,
              22.926386149000052
            ],
            [
              89.14864945100015,
              22.926953356000183
            ],
            [
              89.14967474300005,
              22.927057302000094
            ],
            [
              89.14961092900012,
              22.927668368000184
            ],
            [
              89.1494907610001,
              22.928819025999985
            ],
            [
              89.14941702400012,
              22.92952508700006
            ],
            [
              89.1491020310001,
              22.930383776000156
            ],
            [
              89.14847957400019,
              22.930895311000086
            ],
            [
              89.14761001300008,
              22.93134906000006
            ],
            [
              89.14748454000011,
              22.931578722000097
            ],
            [
              89.14742052600013,
              22.931921627000122
            ],
            [
              89.14744358900003,
              22.93212106100009
            ],
            [
              89.147469553,
              22.932345577000035
            ],
            [
              89.14748489800013,
              22.93247826900017
            ],
            [
              89.1476580800001,
              22.932842473000107
            ],
            [
              89.14799209400019,
              22.933046488
            ],
            [
              89.14798933600014,
              22.93348732600009
            ],
            [
              89.1482989650001,
              22.933488986000043
            ],
            [
              89.14840499300016,
              22.933688276
            ],
            [
              89.14854385799998,
              22.933948714000053
            ],
            [
              89.14910195300007,
              22.933838797000135
            ],
            [
              89.14935080300006,
              22.933666249000055
            ],
            [
              89.15003406300013,
              22.933326663
            ],
            [
              89.15127363700003,
              22.933161670000118
            ],
            [
              89.15172878400011,
              22.933128079000085
            ],
            [
              89.15312931000017,
              22.933024711000087
            ],
            [
              89.15344208300019,
              22.933001625000145
            ],
            [
              89.15363589300006,
              22.932912940000165
            ],
            [
              89.15366498300017,
              22.93285549100011
            ],
            [
              89.15367666900005,
              22.932635677000064
            ],
            [
              89.15379718500009,
              22.932016073000113
            ],
            [
              89.15381927300012,
              22.93190250900011
            ],
            [
              89.15386252000008,
              22.931669301
            ],
            [
              89.15437411100004,
              22.929034439000134
            ],
            [
              89.15561292400014,
              22.92898457500013
            ],
            [
              89.15641735100019,
              22.92910176400011
            ],
            [
              89.15666510600016,
              22.92910307900013
            ],
            [
              89.15815202300018,
              22.928998060000083
            ],
            [
              89.15821247800011,
              22.929226459000063
            ],
            [
              89.1579665110001,
              22.929620254000042
            ],
            [
              89.1579590400001,
              22.93014420800006
            ],
            [
              89.15782209400015,
              22.930434079000122
            ],
            [
              89.15777067700003,
              22.93054291100009
            ],
            [
              89.1577059660001,
              22.931003244000067
            ],
            [
              89.15782716300009,
              22.931462304000036
            ],
            [
              89.15791238400016,
              22.931602593000036
            ],
            [
              89.1580721320002,
              22.93186556400019
            ],
            [
              89.15831777100004,
              22.932210115000032
            ],
            [
              89.15850189300016,
              22.9324978840001
            ],
            [
              89.15862314000015,
              22.932900487000097
            ],
            [
              89.15861893100009,
              22.932950968000114
            ],
            [
              89.1587053670001,
              22.933086062000086
            ],
            [
              89.15882661500018,
              22.933488666000187
            ],
            [
              89.15881636300008,
              22.93361162300016
            ],
            [
              89.15880498400008,
              22.93374808600015
            ],
            [
              89.15880003600006,
              22.933807424000122
            ],
            [
              89.15876884700003,
              22.93418146000016
            ],
            [
              89.1592342460001,
              22.934222520000162
            ],
            [
              89.15923282500006,
              22.93445285200005
            ],
            [
              89.15923073000016,
              22.934792436000066
            ],
            [
              89.15943772600002,
              22.93481069800015
            ],
            [
              89.15943630600009,
              22.935041029000104
            ],
            [
              89.15943384000008,
              22.935440718000052
            ],
            [
              89.15930833700008,
              22.93572684600008
            ],
            [
              89.15868659100016,
              22.93612551300015
            ],
            [
              89.15862153000018,
              22.936642299000084
            ],
            [
              89.15793902800004,
              22.936810302000026
            ],
            [
              89.15793795700006,
              22.936983509000072
            ],
            [
              89.1579356740001,
              22.93735277500008
            ],
            [
              89.15795887700017,
              22.93761579300019
            ],
            [
              89.15904852199998,
              22.937676563000025
            ],
            [
              89.15984038200014,
              22.93738026500006
            ],
            [
              89.15974962900003,
              22.936947790000033
            ],
            [
              89.15960430800016,
              22.9368755860001
            ],
            [
              89.15923938800017,
              22.936873655000056
            ],
            [
              89.1592407980001,
              22.936645581
            ],
            [
              89.15959864100012,
              22.936609786000133
            ],
            [
              89.15979825700015,
              22.936589818000073
            ],
            [
              89.15992583300005,
              22.93601690700001
            ],
            [
              89.16029768000016,
              22.935962420000067
            ],
            [
              89.16042636700007,
              22.935159179000095
            ],
            [
              89.16083875500004,
              22.935123784000098
            ],
            [
              89.16104597500015,
              22.935105998000097
            ],
            [
              89.16104242000011,
              22.93568321100014
            ],
            [
              89.16103891000017,
              22.93625313400014
            ],
            [
              89.16171999900013,
              22.93631318600012
            ],
            [
              89.16180275300007,
              22.93623684300013
            ],
            [
              89.16190665200003,
              22.936142546000042
            ],
            [
              89.16190805400015,
              22.935914476000164
            ],
            [
              89.16203385699998,
              22.935628348000137
            ],
            [
              89.16253121000005,
              22.935285465999982
            ],
            [
              89.16253437600011,
              22.93477060900011
            ],
            [
              89.16219163500011,
              22.93479110900006
            ],
            [
              89.16166700200012,
              22.934822487000133
            ],
            [
              89.16166947700003,
              22.93442053800004
            ],
            [
              89.16210314200015,
              22.934422828000038
            ],
            [
              89.16212348100015,
              22.934194839999975
            ],
            [
              89.16216959100007,
              22.933677969000144
            ],
            [
              89.16229543100013,
              22.93333538500002
            ],
            [
              89.16254461100016,
              22.933106362
            ],
            [
              89.1629796860002,
              22.932878319000054
            ],
            [
              89.16322819500004,
              22.932708006000098
            ],
            [
              89.1634154960002,
              22.932480913
            ],
            [
              89.16378981300016,
              22.932022210000184
            ],
            [
              89.16403933400011,
              22.931736733000093
            ],
            [
              89.16417219400012,
              22.931107389999966
            ],
            [
              89.16503392900006,
              22.931111925000096
            ],
            [
              89.16515479100013,
              22.931629691000126
            ],
            [
              89.16595963100008,
              22.93163392400004
            ],
            [
              89.16639469400013,
              22.931405868000184
            ],
            [
              89.16672518700005,
              22.931160152000075
            ],
            [
              89.16683809000006,
              22.93107621000007
            ],
            [
              89.16738998100016,
              22.930665881000152
            ],
            [
              89.1679519110001,
              22.929923616999986
            ],
            [
              89.16795577700009,
              22.92929133700011
            ],
            [
              89.16845098099998,
              22.929293932000064
            ],
            [
              89.16888392700014,
              22.92941136600018
            ],
            [
              89.1691928410001,
              22.92952815600006
            ],
            [
              89.16937493400013,
              22.930102692000162
            ],
            [
              89.17000774400009,
              22.930106003000162
            ],
            [
              89.17018006700005,
              22.930106904000183
            ],
            [
              89.17017867700014,
              22.930334975000108
            ],
            [
              89.17017727500019,
              22.930565305000187
            ],
            [
              89.17026437100014,
              22.930895497000108
            ],
            [
              89.17194194400008,
              22.93090425400004
            ],
            [
              89.17219424199999,
              22.931422703000067
            ],
            [
              89.17225007700011,
              22.931707363000157
            ],
            [
              89.17237736200008,
              22.931968918000052
            ],
            [
              89.17261922300008,
              22.932802429000162
            ],
            [
              89.172951237,
              22.93317883600014
            ],
            [
              89.17378786400008,
              22.93412731400008
            ],
            [
              89.17404678999998,
              22.934348393
            ],
            [
              89.17404655800016,
              22.93438663200004
            ],
            [
              89.1735705110001,
              22.93459447100014
            ],
            [
              89.17319854400017,
              22.934659454000098
            ],
            [
              89.17313615300003,
              22.934735608000153
            ],
            [
              89.17321576200015,
              22.935223576000055
            ],
            [
              89.17317927800013,
              22.935611220000112
            ],
            [
              89.17336309600012,
              22.93620262600001
            ],
            [
              89.17373559200018,
              22.936141336000105
            ],
            [
              89.17404493100008,
              22.93609100700013
            ],
            [
              89.17429096100005,
              22.936379081000155
            ],
            [
              89.17540818800018,
              22.93598518300007
            ],
            [
              89.17590168300006,
              22.936274540000113
            ],
            [
              89.17676328400006,
              22.935984084000097
            ],
            [
              89.17757735600009,
              22.93570964500003
            ],
            [
              89.17765480899999,
              22.935693120000167
            ],
            [
              89.17863138000007,
              22.935484764000137
            ],
            [
              89.17937607000005,
              22.935258279000152
            ],
            [
              89.17974824600009,
              22.935147293
            ],
            [
              89.17999773900004,
              22.934861786000113
            ],
            [
              89.18074281100007,
              22.934520124000073
            ],
            [
              89.18113007100015,
              22.934432243
            ],
            [
              89.18123903700007,
              22.934407516000192
            ],
            [
              89.18223047500004,
              22.93429971600017
            ],
            [
              89.18377862600016,
              22.934307682999986
            ],
            [
              89.18447718300013,
              22.93414868299999
            ],
            [
              89.18452265899998,
              22.93413762600005
            ],
            [
              89.18470958500018,
              22.933966960000134
            ],
            [
              89.1850209320001,
              22.933681766000177
            ],
            [
              89.18582715100013,
              22.93345782200015
            ],
            [
              89.18632405300019,
              22.933230032000097
            ],
            [
              89.18670130000004,
              22.93314367300013
            ],
            [
              89.18677755000016,
              22.93312621800004
            ],
            [
              89.186820269,
              22.933117405000132
            ],
            [
              89.18685961500012,
              22.93340306600004
            ],
            [
              89.18693886200015,
              22.933978396000043
            ],
            [
              89.18800445400007,
              22.934088210000084
            ],
            [
              89.18811483200011,
              22.934099584000137
            ],
            [
              89.18814959700006,
              22.93433474400001
            ],
            [
              89.18823376900008,
              22.934904118000077
            ],
            [
              89.18881601000004,
              22.934995619000063
            ],
            [
              89.1889764010001,
              22.935020825000038
            ],
            [
              89.18899154700011,
              22.935218106000093
            ],
            [
              89.18903381000013,
              22.93576858800003
            ],
            [
              89.18952837000018,
              22.935884025000064
            ],
            [
              89.19052465300012,
              22.936119912000095
            ],
            [
              89.19132261200014,
              22.936179973000037
            ],
            [
              89.19151055100014,
              22.93583768000002
            ],
            [
              89.19151293800007,
              22.935435730000165
            ],
            [
              89.19145242800005,
              22.935207339000044
            ],
            [
              89.19130733000014,
              22.935182053000062
            ],
            [
              89.1907716770001,
              22.935088702000087
            ],
            [
              89.19052456300011,
              22.935028726999974
            ],
            [
              89.19063902200008,
              22.934512928
            ],
            [
              89.19065170100015,
              22.934455789000026
            ],
            [
              89.19102319800004,
              22.934457680000094
            ],
            [
              89.19139469600009,
              22.934459574000073
            ],
            [
              89.19189022900014,
              22.934462097000164
            ],
            [
              89.19337685700003,
              22.934413204000123
            ],
            [
              89.19368172800012,
              22.935218680000162
            ],
            [
              89.19702583500015,
              22.93523563100007
            ],
            [
              89.19726958200016,
              22.935866911000062
            ],
            [
              89.19745278300013,
              22.93632625500004
            ],
            [
              89.1985806150002,
              22.936356823000096
            ],
            [
              89.19990835100009,
              22.936392800000135
            ],
            [
              89.199907741,
              22.93649676000001
            ],
            [
              89.20011479000004,
              22.936508141
            ],
            [
              89.20108377300016,
              22.93656139900014
            ],
            [
              89.20182776100006,
              22.93644997000007
            ],
            [
              89.20219926300007,
              22.936451837000163
            ],
            [
              89.20238381800016,
              22.93668310700008
            ],
            [
              89.20240987900013,
              22.937048668000045
            ],
            [
              89.2024409890002,
              22.937485067000182
            ],
            [
              89.20256001500007,
              22.938289589000135
            ],
            [
              89.20255918200013,
              22.938431853
            ],
            [
              89.20255732900006,
              22.93874799600013
            ],
            [
              89.20275557800005,
              22.938822890000097
            ],
            [
              89.20276369000015,
              22.938877716000036
            ],
            [
              89.20276285699998,
              22.93901998000007
            ],
            [
              89.20276100500001,
              22.939336123000032
            ],
            [
              89.2030699730002,
              22.939452844000186
            ],
            [
              89.2044934540001,
              22.939631612000085
            ],
            [
              89.20481233700013,
              22.939804835000075
            ],
            [
              89.205561462,
              22.939776969000093
            ],
            [
              89.20610287400007,
              22.93975484000015
            ],
            [
              89.20634932000019,
              22.93998415200008
            ],
            [
              89.2069686100001,
              22.93998724900007
            ],
            [
              89.207527035,
              22.939818413000182
            ],
            [
              89.20796608900014,
              22.938845050000168
            ],
            [
              89.2085046160002,
              22.93872351200008
            ],
            [
              89.20871010700006,
              22.938677135000034
            ],
            [
              89.20926852300005,
              22.938508296
            ],
            [
              89.20945542900006,
              22.938337602000104
            ],
            [
              89.20976740200001,
              22.937937187000102
            ],
            [
              89.210077373,
              22.937882276000096
            ],
            [
              89.21044721400017,
              22.9381709110001
            ],
            [
              89.21069632600017,
              22.937941812000076
            ],
            [
              89.21069740600007,
              22.937755411000182
            ],
            [
              89.21069964900016,
              22.9373682370001
            ],
            [
              89.21104995100018,
              22.937369978000163
            ],
            [
              89.21125706300012,
              22.937371006999967
            ],
            [
              89.21125575900015,
              22.937596116000066
            ],
            [
              89.21154427500005,
              22.93753054600012
            ],
            [
              89.21173117500007,
              22.93735984800003
            ],
            [
              89.21179437800004,
              22.93712982
            ],
            [
              89.21179603500008,
              22.93684303499998
            ],
            [
              89.21182417200004,
              22.93638887400016
            ],
            [
              89.21185171800016,
              22.93594426100009
            ],
            [
              89.2118659050002,
              22.935715256000037
            ],
            [
              89.2120601470001,
              22.93569219400007
            ],
            [
              89.2120986750001,
              22.93568663200017
            ],
            [
              89.21237003400006,
              22.935642076000192
            ],
            [
              89.2125605720002,
              22.935610790999988
            ],
            [
              89.21273153600015,
              22.935582718999967
            ],
            [
              89.2136834310001,
              22.935502636000024
            ],
            [
              89.21368371800008,
              22.935376261000158
            ],
            [
              89.21384837900007,
              22.935362781000094
            ],
            [
              89.21454965600014,
              22.936632727000188
            ],
            [
              89.2147061820001,
              22.936916175000192
            ],
            [
              89.21501416500007,
              22.93720449200015
            ],
            [
              89.21528422900008,
              22.93730583400003
            ],
            [
              89.21594110600012,
              22.93755232700005
            ],
            [
              89.21667584000016,
              22.939048648000153
            ],
            [
              89.21686045700011,
              22.939221183000143
            ],
            [
              89.21692031700007,
              22.939623442000084
            ],
            [
              89.216933724,
              22.939687362000086
            ],
            [
              89.21698053500006,
              22.939910534000035
            ],
            [
              89.21710163700016,
              22.940369551000117
            ],
            [
              89.21716626200009,
              22.940412770000023
            ],
            [
              89.21753367600013,
              22.940658478000103
            ],
            [
              89.2179042090001,
              22.94083193100016
            ],
            [
              89.21839913800011,
              22.940890825000054
            ],
            [
              89.21901843400019,
              22.94089387400004
            ],
            [
              89.21957572500003,
              22.94095579700013
            ],
            [
              89.21969792400012,
              22.94124272700003
            ],
            [
              89.21974978900005,
              22.941540183000143
            ],
            [
              89.21975782499999,
              22.941586271000062
            ],
            [
              89.21932347300014,
              22.94169930400011
            ],
            [
              89.2193823570002,
              22.942273184000157
            ],
            [
              89.21957819700009,
              22.94227414700015
            ],
            [
              89.21979506700006,
              22.94227521400012
            ],
            [
              89.2200635270001,
              22.942276533000154
            ],
            [
              89.22021872400006,
              22.942864401000122
            ],
            [
              89.22026728300006,
              22.94286464000004
            ],
            [
              89.22055457100004,
              22.943952831000104
            ],
            [
              89.2206586590001,
              22.944347097000048
            ],
            [
              89.2208129070001,
              22.944931345999976
            ],
            [
              89.22161750000015,
              22.944994008000037
            ],
            [
              89.22197655399998,
              22.945056637000164
            ],
            [
              89.22231079100004,
              22.945273375000113
            ],
            [
              89.22268421500019,
              22.945406654000067
            ],
            [
              89.22339156300012,
              22.94545902600015
            ],
            [
              89.22354834700013,
              22.945470634
            ],
            [
              89.22400068800016,
              22.945341398000153
            ],
            [
              89.224312666,
              22.94493662499997
            ],
            [
              89.22489749900018,
              22.944198586000084
            ],
            [
              89.22526155700012,
              22.943710416000044
            ],
            [
              89.2256649310001,
              22.94311488900007
            ],
            [
              89.22602878000009,
              22.94266256500009
            ],
            [
              89.22659824800013,
              22.942354643000044
            ],
            [
              89.22707665100017,
              22.942177724000032
            ],
            [
              89.22758058600004,
              22.94204872800003
            ],
            [
              89.22793802200016,
              22.941999545000158
            ],
            [
              89.2282295920001,
              22.941143691000036
            ],
            [
              89.22834916600004,
              22.9405348250001
            ],
            [
              89.22820418200013,
              22.94012481900012
            ],
            [
              89.22815868300017,
              22.939996150000013
            ],
            [
              89.22796519100018,
              22.939602447000027
            ],
            [
              89.22762462500003,
              22.939347377000104
            ],
            [
              89.22756999300015,
              22.939306460000182
            ],
            [
              89.22741437300004,
              22.93919648700006
            ],
            [
              89.22702511800009,
              22.938921408999988
            ],
            [
              89.22673725400011,
              22.938719247000165
            ],
            [
              89.2265527150002,
              22.938498469000024
            ],
            [
              89.22638887300013,
              22.938268231000166
            ],
            [
              89.22622966200004,
              22.937980074
            ],
            [
              89.22597332500004,
              22.937660281000092
            ],
            [
              89.22594331500005,
              22.93761338900015
            ],
            [
              89.225605078,
              22.937084894
            ],
            [
              89.22592253500011,
              22.936944171
            ],
            [
              89.22765373400006,
              22.936175772000126
            ],
            [
              89.22821179600004,
              22.936063318000038
            ],
            [
              89.22827148100009,
              22.93605817100007
            ],
            [
              89.22883139400017,
              22.93600987600007
            ],
            [
              89.22951253400004,
              22.93601318400016
            ],
            [
              89.22975900199998,
              22.93624471700008
            ],
            [
              89.22991635600005,
              22.93678919000007
            ],
            [
              89.22996279200015,
              22.936832812000148
            ],
            [
              89.23014513500004,
              22.937463746000105
            ],
            [
              89.23026400700013,
              22.938324711
            ],
            [
              89.23035336700008,
              22.93870764500008
            ],
            [
              89.2303848210002,
              22.938842432000115
            ],
            [
              89.23044473500016,
              22.939242434
            ],
            [
              89.23081526400017,
              22.9394181130001
            ],
            [
              89.23112491000006,
              22.93941961200011
            ],
            [
              89.23215454600012,
              22.938808096000116
            ],
            [
              89.23218114800005,
              22.93879241899998
            ],
            [
              89.23218131000004,
              22.938763782000024
            ],
            [
              89.23218373700018,
              22.938334009000073
            ],
            [
              89.233362705,
              22.937937742000088
            ],
            [
              89.23336463600009,
              22.93759449900017
            ],
            [
              89.23410895200004,
              22.93736775400015
            ],
            [
              89.23405062900008,
              22.93673742200008
            ],
            [
              89.23457578900019,
              22.936541070000146
            ],
            [
              89.23541612999998,
              22.936226869000166
            ],
            [
              89.23567018800009,
              22.936154459000022
            ],
            [
              89.23741686000017,
              22.93565662200018
            ],
            [
              89.23749327700017,
              22.935634841000024
            ],
            [
              89.2385795150002,
              22.935325230000103
            ],
            [
              89.23920007600009,
              22.935097865000046
            ],
            [
              89.23969787300018,
              22.93464182700012
            ],
            [
              89.23994819900008,
              22.934184602000016
            ],
            [
              89.24007543800002,
              22.933611618000043
            ],
            [
              89.24038699800008,
              22.93326759900009
            ],
            [
              89.24039051199998,
              22.932637566000096
            ],
            [
              89.24076360900006,
              22.932352554000147
            ],
            [
              89.24076521000012,
              22.932065767000154
            ],
            [
              89.24116745800018,
              22.93206768600004
            ],
            [
              89.24120527000008,
              22.932067867000114
            ],
            [
              89.24144633200012,
              22.93206901900004
            ],
            [
              89.24149224000001,
              22.93237872000003
            ],
            [
              89.2415059600001,
              22.932471274000022
            ],
            [
              89.24125628100012,
              22.932813334000116
            ],
            [
              89.24144089700013,
              22.93304455700013
            ],
            [
              89.24181303700004,
              22.93293116300015
            ],
            [
              89.24198831700011,
              22.93276988700012
            ],
            [
              89.24206208500004,
              22.932702012000107
            ],
            [
              89.24224701800011,
              22.932876779000082
            ],
            [
              89.24223948700012,
              22.932942831000048
            ],
            [
              89.24234899200002,
              22.932976666000116
            ],
            [
              89.24272080200006,
              22.932921981000106
            ],
            [
              89.2430923020001,
              22.93292375400017
            ],
            [
              89.24637610800016,
              22.931793545000176
            ],
            [
              89.24661456000018,
              22.93173128400008
            ],
            [
              89.2474193970001,
              22.933248544000037
            ],
            [
              89.24721783100011,
              22.93384791400007
            ],
            [
              89.24735115400006,
              22.934154386000046
            ],
            [
              89.24737943800005,
              22.934220010000104
            ],
            [
              89.24594863500005,
              22.93541686200001
            ],
            [
              89.24563663800012,
              22.93578106700005
            ],
            [
              89.24513198000011,
              22.936345097000185
            ],
            [
              89.24508806200004,
              22.936394182000072
            ],
            [
              89.24469701200019,
              22.937049303000038
            ],
            [
              89.24425476700009,
              22.937692497000114
            ],
            [
              89.24359767100009,
              22.938426275000097
            ],
            [
              89.24358723900008,
              22.93845711300014
            ],
            [
              89.24329273700005,
              22.939327628000115
            ],
            [
              89.24302538800004,
              22.940072032000103
            ],
            [
              89.242763136,
              22.940540288000136
            ],
            [
              89.24269698400008,
              22.94065840400009
            ],
            [
              89.24261653900004,
              22.94120294000004
            ],
            [
              89.24273216000012,
              22.941641105000144
            ],
            [
              89.24275844700009,
              22.94174072100003
            ],
            [
              89.24291594900012,
              22.942387201000088
            ],
            [
              89.24576740200007,
              22.941913001000103
            ],
            [
              89.24613628000003,
              22.9418885500001
            ],
            [
              89.24697539900012,
              22.94183292300005
            ],
            [
              89.24728505100018,
              22.94183439200009
            ],
            [
              89.24743860600017,
              22.942065462000187
            ],
            [
              89.24745892300018,
              22.942304931000024
            ],
            [
              89.24747487400015,
              22.94241564100014
            ],
            [
              89.24763884200001,
              22.942648062000046
            ],
            [
              89.2479306890001,
              22.94269784300019
            ],
            [
              89.24858569400004,
              22.94181120000013
            ],
            [
              89.24871099800009,
              22.941583709000042
            ],
            [
              89.24872856200011,
              22.94139814100015
            ],
            [
              89.24870278000014,
              22.941337487000055
            ],
            [
              89.24858015700005,
              22.941079466000133
            ],
            [
              89.2485638940002,
              22.94090231200005
            ],
            [
              89.24849890100006,
              22.94074941399998
            ],
            [
              89.24837627900001,
              22.940491392000126
            ],
            [
              89.248347244,
              22.940175101000023
            ],
            [
              89.24868829700011,
              22.940063803000044
            ],
            [
              89.24902777500012,
              22.940293494000116
            ],
            [
              89.24973986600014,
              22.940326218000166
            ],
            [
              89.25017926300018,
              22.939237564000166
            ],
            [
              89.25050090500014,
              22.939218759000084
            ],
            [
              89.25061279400006,
              22.93921251200004
            ],
            [
              89.250828846,
              22.93938515900004
            ],
            [
              89.25092008100017,
              22.939643030000127
            ],
            [
              89.25096453500015,
              22.939918733000127
            ],
            [
              89.25098020600012,
              22.94001592400008
            ],
            [
              89.25106595000011,
              22.940067115000147
            ],
            [
              89.2513195300001,
              22.940218508000157
            ],
            [
              89.25159839700018,
              22.940219823000177
            ],
            [
              89.25197007800011,
              22.940192218999982
            ],
            [
              89.25336554000012,
              22.939826181000115
            ],
            [
              89.25373281300006,
              22.940602485
            ],
            [
              89.25456786700005,
              22.94077803600004
            ],
            [
              89.25459942700013,
              22.941288524000015
            ],
            [
              89.25460201800007,
              22.94133041600014
            ],
            [
              89.25462470600019,
              22.94169741000013
            ],
            [
              89.25479259300016,
              22.941702879000104
            ],
            [
              89.2556775450002,
              22.941731708000077
            ],
            [
              89.25576846600018,
              22.942104745000165
            ],
            [
              89.2566974250002,
              22.94210909800006
            ],
            [
              89.25710020100013,
              22.942025170000022
            ],
            [
              89.2572203310001,
              22.94191394700016
            ],
            [
              89.25728706500013,
              22.941852159
            ],
            [
              89.25750500400011,
              22.941625096000166
            ],
            [
              89.25775294800002,
              22.94159690000015
            ],
            [
              89.25886719300013,
              22.94171727800017
            ],
            [
              89.25912394400012,
              22.941792209000027
            ],
            [
              89.25976366400016,
              22.941978905000042
            ],
            [
              89.25994786000012,
              22.94229591500016
            ],
            [
              89.26000833200015,
              22.94255363600007
            ],
            [
              89.26028657800003,
              22.94261364900018
            ],
            [
              89.26062780100011,
              22.942527168000026
            ],
            [
              89.2608144900002,
              22.942329311000094
            ],
            [
              89.2616194060002,
              22.942389514000183
            ],
            [
              89.26195968400009,
              22.94247691200013
            ],
            [
              89.26211358200004,
              22.942649251999967
            ],
            [
              89.26223607400004,
              22.942880162999984
            ],
            [
              89.26238981199998,
              22.9430818620001
            ],
            [
              89.26282320900009,
              22.943083878000095
            ],
            [
              89.26335002800005,
              22.943056966000142
            ],
            [
              89.26402996800016,
              22.943290460000128
            ],
            [
              89.26412247600018,
              22.943315024000185
            ],
            [
              89.26446275300003,
              22.943405381000105
            ],
            [
              89.26489645800012,
              22.94340739200004
            ],
            [
              89.26532891700009,
              22.943583281000087
            ],
            [
              89.2656064030001,
              22.943785546000015
            ],
            [
              89.26622557300004,
              22.943815510000036
            ],
            [
              89.26678302100015,
              22.94381808700018
            ],
            [
              89.26706204100014,
              22.943792278000046
            ],
            [
              89.26755808900015,
              22.943650040000023
            ],
            [
              89.26783758500017,
              22.943536157000096
            ],
            [
              89.26839472400019,
              22.943538729000124
            ],
            [
              89.268951092,
              22.943742277000126
            ],
            [
              89.26919826000005,
              22.943858585000157
            ],
            [
              89.26963166100012,
              22.943860583000117
            ],
            [
              89.26994209400016,
              22.943717482000068
            ],
            [
              89.27049954000006,
              22.943720046000124
            ],
            [
              89.27077841500017,
              22.94372132600006
            ],
            [
              89.27093185500007,
              22.943981731
            ],
            [
              89.27170600100015,
              22.943985286000043
            ],
            [
              89.27176342900009,
              22.943905797000127
            ],
            [
              89.27189300300017,
              22.943726444000106
            ],
            [
              89.27232716800012,
              22.943642621000038
            ],
            [
              89.27257449400014,
              22.943673116000127
            ],
            [
              89.27260434900006,
              22.94390359100015
            ],
            [
              89.27263421800012,
              22.944131810999977
            ],
            [
              89.27483369000004,
              22.943940893
            ],
            [
              89.27619637300006,
              22.943947115000185
            ],
            [
              89.27625671900012,
              22.944234188000053
            ],
            [
              89.27761894600008,
              22.944269751000036
            ],
            [
              89.27854822700016,
              22.94421752500017
            ],
            [
              89.27904900300018,
              22.94415882700008
            ],
            [
              89.27931172000018,
              22.94405187300015
            ],
            [
              89.27936704900003,
              22.944015745000172
            ],
            [
              89.27972743400011,
              22.943762197000126
            ],
            [
              89.27988423400012,
              22.943390298
            ],
            [
              89.27991668400011,
              22.94313300400006
            ],
            [
              89.27988756900015,
              22.94276025900001
            ],
            [
              89.27979642500003,
              22.94241659300019
            ],
            [
              89.27912664100006,
              22.94026143700006
            ],
            [
              89.2790073020002,
              22.939429857000164
            ],
            [
              89.27937067699997,
              22.939095860000123
            ],
            [
              89.2793335670001,
              22.938679552000167
            ],
            [
              89.279166993,
              22.93851147200013
            ],
            [
              89.27912873100007,
              22.938082230000134
            ],
            [
              89.27910831200006,
              22.937851798000054
            ],
            [
              89.27982130900017,
              22.937712763000036
            ],
            [
              89.280812722,
              22.937602086000027
            ],
            [
              89.28111147500016,
              22.937519167000175
            ],
            [
              89.28124837500008,
              22.93723144700016
            ],
            [
              89.28124959200011,
              22.93700111200019
            ],
            [
              89.28125201100005,
              22.936542696000117
            ],
            [
              89.28113448000016,
              22.935309156000187
            ],
            [
              89.28129965600016,
              22.93327837800001
            ],
            [
              89.2818269730002,
              22.93321888700018
            ],
            [
              89.28186093300013,
              22.93261608800009
            ],
            [
              89.2827899890001,
              22.93259093100005
            ],
            [
              89.28285064100015,
              22.932821545000138
            ],
            [
              89.28324854400012,
              22.933713096000133
            ],
            [
              89.28575959000005,
              22.933177916000034
            ],
            [
              89.28606907300019,
              22.93320866700003
            ],
            [
              89.28612958800011,
              22.933466379000038
            ],
            [
              89.2861591140001,
              22.933785370000066
            ],
            [
              89.28618814000015,
              22.93409895600007
            ],
            [
              89.28634055700007,
              22.934558066000022
            ],
            [
              89.28638231700018,
              22.93458051200014
            ],
            [
              89.28655664000013,
              22.934674207000114
            ],
            [
              89.28680411500005,
              22.934731779000117
            ],
            [
              89.28726842100014,
              22.934763218000114
            ],
            [
              89.28788785400013,
              22.93473664300018
            ],
            [
              89.28894244800017,
              22.93442747200004
            ],
            [
              89.29002618400011,
              22.934432324000113
            ],
            [
              89.29076919600016,
              22.934435648000033
            ],
            [
              89.29166822400009,
              22.934209317000068
            ],
            [
              89.29151847800011,
              22.933233079000104
            ],
            [
              89.29155018600011,
              22.933230963000085
            ],
            [
              89.29216913100004,
              22.933179526
            ],
            [
              89.29300688000018,
              22.932837746000132
            ],
            [
              89.29446448000016,
              22.93238580300016
            ],
            [
              89.29511483400017,
              22.93238869100003
            ],
            [
              89.29539263600003,
              22.93253445400012
            ],
            [
              89.29549504700009,
              22.933069132000128
            ],
            [
              89.29555814000008,
              22.93337069200004
            ],
            [
              89.29564974800019,
              22.933399388999987
            ],
            [
              89.29575654000013,
              22.933956933000104
            ],
            [
              89.29602564200019,
              22.934041233000187
            ],
            [
              89.29679929300016,
              22.934130472
            ],
            [
              89.29952358200006,
              22.93425769100014
            ],
            [
              89.3004686220001,
              22.934148943000025
            ],
            [
              89.3007317950001,
              22.934118486000102
            ],
            [
              89.30218850400013,
              22.93383809900007
            ],
            [
              89.3034590200001,
              22.933672049000165
            ],
            [
              89.30439911300016,
              22.93359295200014
            ],
            [
              89.30476002600011,
              22.93356258400007
            ],
            [
              89.30510132400008,
              22.93345116300003
            ],
            [
              89.30531860000013,
              22.933336941000164
            ],
            [
              89.30562954800007,
              22.9330808630001
            ],
            [
              89.30633024500008,
              22.933034727
            ],
            [
              89.30646580600018,
              22.933025800999985
            ],
            [
              89.30648828500017,
              22.93322153000014
            ],
            [
              89.30684578000017,
              22.93324429000006
            ],
            [
              89.30743427300013,
              22.933246859000178
            ],
            [
              89.30820352000006,
              22.932947609999985
            ],
            [
              89.30889241900013,
              22.93267961300012
            ],
            [
              89.30941626500015,
              22.93316967800007
            ],
            [
              89.31034517600017,
              22.93317371700016
            ],
            [
              89.3103785940001,
              22.932713179000075
            ],
            [
              89.31115268500008,
              22.932716539000182
            ],
            [
              89.31115007200015,
              22.933233669000117
            ],
            [
              89.31197863800014,
              22.93323962200003
            ],
            [
              89.31198684500004,
              22.932459229000187
            ],
            [
              89.31077311800004,
              22.932355789000155
            ],
            [
              89.31046435500019,
              22.93218282000015
            ],
            [
              89.31037286400016,
              22.931954339000185
            ],
            [
              89.31046915200011,
              22.93171186400008
            ],
            [
              89.31049819500015,
              22.931638724000095
            ],
            [
              89.31087071100006,
              22.93143935800009
            ],
            [
              89.31102654600005,
              22.931239048000066
            ],
            [
              89.31099793400017,
              22.93080985200004
            ],
            [
              89.31093897099998,
              22.93077798200011
            ],
            [
              89.3107842350002,
              22.930695191000098
            ],
            [
              89.31062772900003,
              22.93049209000003
            ],
            [
              89.31034962100011,
              22.930405067000038
            ],
            [
              89.30972963800002,
              22.93054464100004
            ],
            [
              89.3095389400001,
              22.93149002800004
            ],
            [
              89.308671915,
              22.93154496800014
            ],
            [
              89.30861646000011,
              22.931539946000044
            ],
            [
              89.30799077300014,
              22.931483287000106
            ],
            [
              89.30777511400015,
              22.93128136100006
            ],
            [
              89.30768434600009,
              22.93085189400017
            ],
            [
              89.30766309700005,
              22.93077959700014
            ],
            [
              89.3075321570002,
              22.930334087000062
            ],
            [
              89.30738010900006,
              22.929789181000046
            ],
            [
              89.30724989700013,
              22.9294409740001
            ],
            [
              89.30704203300019,
              22.929329280000104
            ],
            [
              89.30641263700011,
              22.929519365000147
            ],
            [
              89.30629758000009,
              22.929554113000165
            ],
            [
              89.30664487300015,
              22.93015611600015
            ],
            [
              89.3069114380001,
              22.930618179000078
            ],
            [
              89.30675501200011,
              22.93093365400017
            ],
            [
              89.30626197000004,
              22.930502429000114
            ],
            [
              89.30576512800013,
              22.93075770100012
            ],
            [
              89.30607213600013,
              22.93127392499997
            ],
            [
              89.30512019600002,
              22.93146957700003
            ],
            [
              89.30346854900006,
              22.93180902400013
            ],
            [
              89.30263891300018,
              22.930572370000107
            ],
            [
              89.301800754,
              22.930941298000107
            ],
            [
              89.30127856700005,
              22.93013505800019
            ],
            [
              89.30140457800007,
              22.930056720000096
            ],
            [
              89.30224163200006,
              22.929536339000094
            ],
            [
              89.30317139200008,
              22.929368793000094
            ],
            [
              89.30344905800013,
              22.929541641000185
            ],
            [
              89.30403445500019,
              22.93014716500005
            ],
            [
              89.30546295700009,
              22.929293022000138
            ],
            [
              89.3052487650001,
              22.928804300000024
            ],
            [
              89.30501321200006,
              22.928851890000033
            ],
            [
              89.30469079000005,
              22.928917030000093
            ],
            [
              89.30454821500007,
              22.92831659000018
            ],
            [
              89.30441810400004,
              22.927768638000146
            ],
            [
              89.30426401500017,
              22.927839233000043
            ],
            [
              89.30316252800009,
              22.927909198000066
            ],
            [
              89.30299230500009,
              22.927627841000117
            ],
            [
              89.30273820600013,
              22.927312560000075
            ],
            [
              89.30489193800014,
              22.925765758000125
            ],
            [
              89.306909207,
              22.924929552000037
            ],
            [
              89.30741557000005,
              22.924757953000153
            ],
            [
              89.30760204000006,
              22.924584882000147
            ],
            [
              89.30766549900005,
              22.924271258000147
            ],
            [
              89.30766987000015,
              22.92341087500006
            ],
            [
              89.30767074700015,
              22.923238311000034
            ],
            [
              89.3076746810001,
              22.922464683000157
            ],
            [
              89.30767934900013,
              22.92154558700014
            ],
            [
              89.307723039,
              22.921523197000056
            ],
            [
              89.3078969030002,
              22.921431365000103
            ],
            [
              89.30907506800008,
              22.92106387900003
            ],
            [
              89.30957115000007,
              22.920950865000123
            ],
            [
              89.30991184100009,
              22.92095234700008
            ],
            [
              89.3102830160002,
              22.9210126750001
            ],
            [
              89.31071504400006,
              22.92127199300006
            ],
            [
              89.31123825700007,
              22.921697398000163
            ],
            [
              89.31191442200014,
              22.92206562800004
            ],
            [
              89.31204531200018,
              22.922136908000084
            ],
            [
              89.31293340700017,
              22.922035592000043
            ],
            [
              89.31755189400013,
              22.921013452000068
            ],
            [
              89.31789633500011,
              22.920922527000073
            ],
            [
              89.3179892190002,
              22.92089800800011
            ],
            [
              89.32065217400014,
              22.920195014
            ],
            [
              89.32177261700002,
              22.920080964000192
            ],
            [
              89.3217959390002,
              22.92004374400011
            ],
            [
              89.32182279400018,
              22.919955611000034
            ],
            [
              89.32195331600013,
              22.919527270000174
            ],
            [
              89.32210911900017,
              22.91932695000014
            ],
            [
              89.32219792800015,
              22.91929599700012
            ],
            [
              89.32237172800012,
              22.918921303000047
            ],
            [
              89.3238709210001,
              22.918373205000023
            ],
            [
              89.32476021900015,
              22.91830038800009
            ],
            [
              89.3252028030002,
              22.91826414700006
            ],
            [
              89.32523159400017,
              22.918358330000103
            ],
            [
              89.32534210900013,
              22.918227296999987
            ],
            [
              89.32540653400008,
              22.91815091300009
            ],
            [
              89.32528633500016,
              22.917378069999984
            ],
            [
              89.3262162800001,
              22.917151675000184
            ],
            [
              89.32624461900002,
              22.91715179400012
            ],
            [
              89.32676902800017,
              22.91698729500007
            ],
            [
              89.32708419300008,
              22.916888431000075
            ],
            [
              89.32726729600017,
              22.916830993000133
            ],
            [
              89.32810329800009,
              22.916820192000046
            ],
            [
              89.32872293100013,
              22.91673677100016
            ],
            [
              89.32892088800003,
              22.916759625000054
            ],
            [
              89.32895683300012,
              22.91676377500005
            ],
            [
              89.32907675100006,
              22.91677034500009
            ],
            [
              89.3297251250001,
              22.91755839500007
            ],
            [
              89.33015591000009,
              22.918088807000117
            ],
            [
              89.33069353399998,
              22.918609014000083
            ],
            [
              89.33137082700017,
              22.919395798000153
            ],
            [
              89.33143015700011,
              22.919523459000118
            ],
            [
              89.33189168100012,
              22.920516526000142
            ],
            [
              89.33205856100005,
              22.92128651500019
            ],
            [
              89.3322791290002,
              22.921164067000177
            ],
            [
              89.33269311800007,
              22.9209268030001
            ],
            [
              89.33372677700004,
              22.92077167900004
            ],
            [
              89.33377758500018,
              22.920764054000188
            ],
            [
              89.33410299200017,
              22.92078397299997
            ],
            [
              89.33545419400008,
              22.920866680000188
            ],
            [
              89.33700932700003,
              22.921289553000065
            ],
            [
              89.33795365600014,
              22.92154632800009
            ],
            [
              89.33834553400004,
              22.92160883500003
            ],
            [
              89.34057777400017,
              22.921964872000103
            ],
            [
              89.34272332700016,
              22.922307051000075
            ],
            [
              89.34280595700005,
              22.922315989000083
            ],
            [
              89.34525061000011,
              22.922580396
            ],
            [
              89.34590078600007,
              22.922625830000072
            ],
            [
              89.34665146200018,
              22.922678284000142
            ],
            [
              89.34722509000005,
              22.92271836500015
            ],
            [
              89.349248595,
              22.92285973300011
            ],
            [
              89.35213607100019,
              22.923170831000107
            ],
            [
              89.35316851400012,
              22.92328205399997
            ],
            [
              89.35374751000006,
              22.923302292000074
            ],
            [
              89.35703821000016,
              22.923417271000062
            ],
            [
              89.35723432700013,
              22.923438260000125
            ],
            [
              89.35715371600014,
              22.92420400500015
            ],
            [
              89.35700552700007,
              22.92487506400016
            ],
            [
              89.35672474100011,
              22.925310284000147
            ],
            [
              89.35614480600015,
              22.92620918100016
            ],
            [
              89.35599780600006,
              22.926613189000022
            ],
            [
              89.35591998200005,
              22.92689515800015
            ],
            [
              89.3558040760002,
              22.927109224000105
            ],
            [
              89.35570715900008,
              22.927303042000176
            ],
            [
              89.35532193600011,
              22.927692164
            ],
            [
              89.35528537500016,
              22.9277346290001
            ],
            [
              89.35495573500009,
              22.92811749200007
            ],
            [
              89.35478148400017,
              22.92848939900017
            ],
            [
              89.35456913100006,
              22.928861153000014
            ],
            [
              89.3543055070001,
              22.929683656000122
            ],
            [
              89.35429660900007,
              22.92971141700002
            ],
            [
              89.35414129000009,
              22.930137599000147
            ],
            [
              89.35371597099999,
              22.930881101000182
            ],
            [
              89.35331065700007,
              22.931518544000085
            ],
            [
              89.35277118300019,
              22.932103501000086
            ],
            [
              89.35257839300004,
              22.93233305700005
            ],
            [
              89.35250041200004,
              22.93258115000009
            ],
            [
              89.35235927800011,
              22.933014556000046
            ],
            [
              89.35228669800011,
              22.933237437000116
            ],
            [
              89.35220846700014,
              22.933537469000044
            ],
            [
              89.35214942800013,
              22.933839838000097
            ],
            [
              89.3521861430001,
              22.93419453900009
            ],
            [
              89.352393657,
              22.934906742000123
            ],
            [
              89.35267658700013,
              22.935847344000138
            ],
            [
              89.35303532100016,
              22.93690811700003
            ],
            [
              89.35333810800012,
              22.93780344700008
            ],
            [
              89.35348319700012,
              22.937960992000058
            ],
            [
              89.35385325500016,
              22.937852970000165
            ],
            [
              89.35480615100016,
              22.938078159000042
            ],
            [
              89.35513906400007,
              22.938090178000095
            ],
            [
              89.35852537000011,
              22.93789928100017
            ],
            [
              89.36017685900009,
              22.937905947
            ],
            [
              89.3606515730001,
              22.937926980000043
            ],
            [
              89.36069124500017,
              22.938271305000058
            ],
            [
              89.36081385000011,
              22.938539483000056
            ],
            [
              89.36091455600007,
              22.93907525800006
            ],
            [
              89.36089130900001,
              22.939629653000168
            ],
            [
              89.36068271500017,
              22.94008770100004
            ],
            [
              89.36039082600013,
              22.94069837400002
            ],
            [
              89.36022216900011,
              22.94144338600006
            ],
            [
              89.36034405700008,
              22.941864523000163
            ],
            [
              89.36027851900013,
              22.943082969999978
            ],
            [
              89.36027619400005,
              22.943126190000044
            ],
            [
              89.36012377400004,
              22.944808162000072
            ],
            [
              89.36024332900007,
              22.94572641800005
            ],
            [
              89.36022079700018,
              22.94612785300012
            ],
            [
              89.36011487500008,
              22.946701034000057
            ],
            [
              89.3599261940002,
              22.947312123000074
            ],
            [
              89.35978023900014,
              22.947617458000025
            ],
            [
              89.35977907000012,
              22.94786601700008
            ],
            [
              89.35986084100006,
              22.94803842900012
            ],
            [
              89.35993753200006,
              22.94820271600014
            ],
            [
              89.36000391900018,
              22.94834493200017
            ],
            [
              89.36029169300014,
              22.948613776
            ],
            [
              89.36074481000009,
              22.94884504500004
            ],
            [
              89.3617119110001,
              22.949537269000132
            ],
            [
              89.3628221960002,
              22.950516867000033
            ],
            [
              89.36333430900004,
              22.951379335000127
            ],
            [
              89.36390684600008,
              22.952567090000116
            ],
            [
              89.36478908300012,
              22.95375608200004
            ],
            [
              89.364965955,
              22.954068739000093
            ],
            [
              89.36515767900005,
              22.95440764700004
            ],
            [
              89.36562986600018,
              22.954983144000153
            ],
            [
              89.36585057200011,
              22.955567141000074
            ],
            [
              89.3658524290002,
              22.955959168000106
            ],
            [
              89.36585055700004,
              22.95636068700003
            ],
            [
              89.36601421400013,
              22.956686386000058
            ],
            [
              89.36621925400004,
              22.95699313
            ],
            [
              89.36640284600014,
              22.95747187
            ],
            [
              89.36648311700014,
              22.957969318000153
            ],
            [
              89.36633359700005,
              22.95843104900007
            ],
            [
              89.36625601000009,
              22.958661086000177
            ],
            [
              89.36619682500009,
              22.95878081000012
            ],
            [
              89.3658158410002,
              22.959640146000027
            ],
            [
              89.36571027400004,
              22.95987825700007
            ],
            [
              89.36562536800011,
              22.960375044000045
            ],
            [
              89.36562358400016,
              22.9607574420001
            ],
            [
              89.36586992300005,
              22.961064352000108
            ],
            [
              89.36618374100004,
              22.961284273000047
            ],
            [
              89.36652849500018,
              22.961525871000163
            ],
            [
              89.3672278320002,
              22.962102270000173
            ],
            [
              89.3684815470001,
              22.963350085000116
            ],
            [
              89.3687822330001,
              22.96379181400016
            ],
            [
              89.36905577400012,
              22.964193662000184
            ],
            [
              89.36932215400014,
              22.96463448800006
            ],
            [
              89.36931913900014,
              22.965284566000037
            ],
            [
              89.36902052900012,
              22.96607699700013
            ],
            [
              89.36895460699998,
              22.966271693000067
            ],
            [
              89.36894264200015,
              22.966307029000177
            ],
            [
              89.36882681500009,
              22.966500781000036
            ],
            [
              89.3684800900001,
              22.96685394800005
            ],
            [
              89.36728795600004,
              22.967614750999985
            ],
            [
              89.36661414100013,
              22.968160821000083
            ],
            [
              89.36590161900017,
              22.968833198000027
            ],
            [
              89.36530458100015,
              22.969451833000107
            ],
            [
              89.36514287500012,
              22.969611526000108
            ],
            [
              89.36505405600013,
              22.969699240000068
            ],
            [
              89.36478454600018,
              22.96996463700009
            ],
            [
              89.36459030600014,
              22.970496815000104
            ],
            [
              89.36449179100003,
              22.97102936800019
            ],
            [
              89.36437470700014,
              22.971489588000054
            ],
            [
              89.36429284600018,
              22.97165411200018
            ],
            [
              89.36418112900009,
              22.971879493000074
            ],
            [
              89.36404533800015,
              22.972233497000047
            ],
            [
              89.36371712300007,
              22.97272900000013
            ],
            [
              89.36354258000011,
              22.973155113000132
            ],
            [
              89.36315691400017,
              22.973614252000175
            ],
            [
              89.36261731000013,
              22.974199235000185
            ],
            [
              89.36184634699998,
              22.975101698000174
            ],
            [
              89.36130648700009,
              22.97573861400008
            ],
            [
              89.36051583400013,
              22.97667486600011
            ],
            [
              89.36002757000006,
              22.97729392100007
            ],
            [
              89.3590949010001,
              22.977827620000085
            ],
            [
              89.35874379500018,
              22.97825753000012
            ],
            [
              89.35792675200014,
              22.97890008600001
            ],
            [
              89.35769006400011,
              22.979761788000076
            ],
            [
              89.35745389200008,
              22.980512833000148
            ],
            [
              89.35721770700019,
              22.981266138000024
            ],
            [
              89.35663326000008,
              22.981909631000065
            ],
            [
              89.35628142500019,
              22.982554068000184
            ],
            [
              89.35581362700003,
              22.983091891000186
            ],
            [
              89.3558115940001,
              22.983520951000173
            ],
            [
              89.35580545600016,
              22.984814914000026
            ],
            [
              89.35580150400017,
              22.98564820000007
            ],
            [
              89.3557998460002,
              22.985998225000174
            ],
            [
              89.3566887200002,
              22.98577467300015
            ],
            [
              89.35673236600007,
              22.986369966000098
            ],
            [
              89.35674727700018,
              22.98649191800007
            ],
            [
              89.35676328300008,
              22.987650316000156
            ],
            [
              89.35677419300009,
              22.988439895
            ],
            [
              89.35656704500019,
              22.992932295000116
            ],
            [
              89.35650476500018,
              22.995953297000142
            ],
            [
              89.35639361900002,
              22.99793139400009
            ],
            [
              89.35637423100002,
              22.998168060000182
            ],
            [
              89.35611959,
              23.001276306000136
            ],
            [
              89.35648300900016,
              23.003944263000164
            ],
            [
              89.35652942800016,
              23.003943259000096
            ],
            [
              89.35729772100007,
              23.00392662400003
            ],
            [
              89.35736613400013,
              23.00450317400015
            ],
            [
              89.35742185500004,
              23.004972760999976
            ],
            [
              89.35750849800019,
              23.00575227200011
            ],
            [
              89.35778296800015,
              23.007372593000127
            ],
            [
              89.35784458300003,
              23.007736358000102
            ],
            [
              89.35763623100019,
              23.008117915000184
            ],
            [
              89.35727229100007,
              23.008642243
            ],
            [
              89.35727070600007,
              23.00897683800008
            ],
            [
              89.35710356900017,
              23.011557376999974
            ],
            [
              89.35647440100013,
              23.01356243400005
            ],
            [
              89.35603372200018,
              23.014369396000063
            ],
            [
              89.35590139400006,
              23.01461171
            ],
            [
              89.35542804800019,
              23.01479543900001
            ],
            [
              89.35472566400017,
              23.015068065000037
            ],
            [
              89.35459286700006,
              23.01509778400009
            ],
            [
              89.3537997300001,
              23.01527972500014
            ],
            [
              89.34960879100015,
              23.01590842600001
            ],
            [
              89.34901107700011,
              23.01596718200011
            ],
            [
              89.3487761780001,
              23.015265639000063
            ],
            [
              89.34849829300015,
              23.01443570400005
            ],
            [
              89.348307084,
              23.01386463
            ],
            [
              89.34664748,
              23.00890779200006
            ],
            [
              89.34663401900008,
              23.008867582000107
            ],
            [
              89.34537694500017,
              23.009219818000133
            ],
            [
              89.34288960300006,
              23.00992293900009
            ],
            [
              89.34265812900009,
              23.00995631500001
            ],
            [
              89.34172589900004,
              23.010275370000045
            ],
            [
              89.34055973500017,
              23.01091637999997
            ],
            [
              89.33997791500019,
              23.010913955000035
            ],
            [
              89.33951288600014,
              23.010912017000066
            ],
            [
              89.33940006200004,
              23.01015954900015
            ],
            [
              89.3393320630002,
              23.00983718500015
            ],
            [
              89.33917264200005,
              23.009081412000057
            ],
            [
              89.33883691500012,
              23.00638817000015
            ],
            [
              89.33860875600016,
              23.00546359100008
            ],
            [
              89.3383217870001,
              23.004656195999985
            ],
            [
              89.33809254600004,
              23.00395517800007
            ],
            [
              89.33797873800006,
              23.00346917799999
            ],
            [
              89.33786624600015,
              23.002714452000077
            ],
            [
              89.3378696490002,
              23.00201666400011
            ],
            [
              89.33787332800006,
              23.00126242100015
            ],
            [
              89.33781903400018,
              23.00045373800009
            ],
            [
              89.33782191900013,
              22.99986208900009
            ],
            [
              89.33782402200006,
              22.999430770000174
            ],
            [
              89.33782612800002,
              22.998999453000124
            ],
            [
              89.33782770300007,
              22.998676528000146
            ],
            [
              89.33806244400006,
              22.998248441000158
            ],
            [
              89.33847614900009,
              22.997902547000137
            ],
            [
              89.3387047670002,
              22.997711400000014
            ],
            [
              89.33892001500004,
              22.997590354000124
            ],
            [
              89.33946272100019,
              22.997285492000117
            ],
            [
              89.33973005700011,
              22.997009051000077
            ],
            [
              89.33998832400005,
              22.996842400000048
            ],
            [
              89.34050219000011,
              22.996285277000084
            ],
            [
              89.34089339000019,
              22.995469519999972
            ],
            [
              89.34093858900007,
              22.994974457000126
            ],
            [
              89.34095882700018,
              22.994752787000095
            ],
            [
              89.3409484180001,
              22.99370591700017
            ],
            [
              89.34088813300019,
              22.993361504000177
            ],
            [
              89.34072653000004,
              22.99314330699997
            ],
            [
              89.34022385700013,
              22.992908488000182
            ],
            [
              89.33964346200014,
              22.99269153199998
            ],
            [
              89.33862640200016,
              22.992362134000075
            ],
            [
              89.33817785500008,
              22.99223120100004
            ],
            [
              89.33802501600013,
              22.992174354000042
            ],
            [
              89.33801892800017,
              22.99222176900014
            ],
            [
              89.3380090730002,
              22.992257578000135
            ],
            [
              89.33798304000004,
              22.99230228200014
            ],
            [
              89.33794482400009,
              22.992373628000166
            ],
            [
              89.33778832600012,
              22.99270279600006
            ],
            [
              89.33770621500014,
              22.993077799000048
            ],
            [
              89.33747148300012,
              22.99414982000002
            ],
            [
              89.33732480200013,
              22.99564057500004
            ],
            [
              89.33713535600009,
              22.99665898400019
            ],
            [
              89.33702165699998,
              22.99764222000016
            ],
            [
              89.33699054100009,
              22.998358053000175
            ],
            [
              89.33692380400015,
              22.99935970900009
            ],
            [
              89.33685124600004,
              23.000448730000016
            ],
            [
              89.33702906399998,
              23.00394964700007
            ],
            [
              89.33751074900016,
              23.006819676000134
            ],
            [
              89.33719225400017,
              23.00859651100012
            ],
            [
              89.33705113400003,
              23.00986966800008
            ],
            [
              89.33686814300012,
              23.011520526000027
            ],
            [
              89.33698814700006,
              23.012324071000023
            ],
            [
              89.33752902100008,
              23.01576794700003
            ],
            [
              89.33742995600011,
              23.01584765600012
            ],
            [
              89.33669410300007,
              23.016439725
            ],
            [
              89.33665263400013,
              23.016463432000137
            ],
            [
              89.33622743300003,
              23.016706502000147
            ],
            [
              89.33638883600014,
              23.017518637000137
            ],
            [
              89.33700946100004,
              23.020641386000136
            ],
            [
              89.33723883100004,
              23.02442811600008
            ],
            [
              89.33653626000006,
              23.024891692999972
            ],
            [
              89.33547525300014,
              23.025250790000143
            ],
            [
              89.3343822970001,
              23.025620689999982
            ],
            [
              89.33134263100015,
              23.026238838000154
            ],
            [
              89.33123939000006,
              23.02705559000003
            ],
            [
              89.33120981700017,
              23.027289550000035
            ],
            [
              89.3314743300001,
              23.02887517100004
            ],
            [
              89.33156955700008,
              23.029446001000053
            ],
            [
              89.33041787000008,
              23.02962717100013
            ],
            [
              89.32864896500018,
              23.029721615000085
            ],
            [
              89.3277909000002,
              23.029819028000077
            ],
            [
              89.3278212260002,
              23.03019792599997
            ],
            [
              89.32791253100004,
              23.030543827000088
            ],
            [
              89.32797344900007,
              23.030745069000034
            ],
            [
              89.32811239800014,
              23.03083147000018
            ],
            [
              89.32870538200018,
              23.03136498000009
            ],
            [
              89.3289932190001,
              23.031903950000128
            ],
            [
              89.32965204100009,
              23.033137569000132
            ],
            [
              89.32969894500002,
              23.033581096000148
            ],
            [
              89.32984787900011,
              23.034011927000165
            ],
            [
              89.33006215000017,
              23.034547000000146
            ],
            [
              89.33020376500008,
              23.034891759000118
            ],
            [
              89.33040696600011,
              23.03531564900004
            ],
            [
              89.3304835130001,
              23.035502394000105
            ],
            [
              89.33065873800012,
              23.035727539
            ],
            [
              89.33075065800011,
              23.035874247000095
            ],
            [
              89.33071411700018,
              23.036017799000035
            ],
            [
              89.330707755,
              23.036147496000012
            ],
            [
              89.3306854020002,
              23.03660322700017
            ],
            [
              89.33060244000012,
              23.03731076100007
            ],
            [
              89.33042445500018,
              23.037570840000058
            ],
            [
              89.33038600900005,
              23.03767604100011
            ],
            [
              89.3302472950001,
              23.03805561100006
            ],
            [
              89.33044967900014,
              23.038948669999968
            ],
            [
              89.33047505200005,
              23.039009880000094
            ],
            [
              89.3306283190002,
              23.039379625000038
            ],
            [
              89.33098713500004,
              23.03993084299998
            ],
            [
              89.33116436300014,
              23.04064859200014
            ],
            [
              89.3310842950001,
              23.04117405300019
            ],
            [
              89.33102084700016,
              23.04129016200011
            ],
            [
              89.33079763299997,
              23.041698640000163
            ],
            [
              89.33038161300004,
              23.042270479000138
            ],
            [
              89.33022076400016,
              23.04246007500018
            ],
            [
              89.33000027399999,
              23.04271997000012
            ],
            [
              89.32987832200007,
              23.04286371500018
            ],
            [
              89.32939734200005,
              23.043289281000057
            ],
            [
              89.32916280400019,
              23.043484373000013
            ],
            [
              89.32911190100015,
              23.043512319
            ],
            [
              89.32794668700018,
              23.04411648900009
            ],
            [
              89.32761994600008,
              23.04438756100012
            ],
            [
              89.32705994499997,
              23.044735779000177
            ],
            [
              89.32673662100007,
              23.045050785000115
            ],
            [
              89.32712681600009,
              23.047909977000074
            ],
            [
              89.32713413400018,
              23.049186973000076
            ],
            [
              89.32713788200016,
              23.04984114000007
            ],
            [
              89.32694500100007,
              23.051236076000066
            ],
            [
              89.32679324700013,
              23.05266942500009
            ],
            [
              89.32664605300005,
              23.053185037000105
            ],
            [
              89.32622191200005,
              23.05329014199998
            ],
            [
              89.32596338200011,
              23.05335420700004
            ],
            [
              89.32528099700005,
              23.053466017000062
            ],
            [
              89.32503203700008,
              23.053702777000126
            ],
            [
              89.3238182090002,
              23.053944657000045
            ],
            [
              89.32392110100017,
              23.054521586000135
            ],
            [
              89.32339512300018,
              23.054592891000084
            ],
            [
              89.3228926860001,
              23.05466074499998
            ],
            [
              89.32233571199998,
              23.054786166000156
            ],
            [
              89.32219396400018,
              23.054818085000022
            ],
            [
              89.32195824900015,
              23.055410990000155
            ],
            [
              89.32184379900008,
              23.055688037000095
            ],
            [
              89.32178131300003,
              23.055839297000148
            ],
            [
              89.32143126700004,
              23.056054585000027
            ],
            [
              89.32079049200007,
              23.056212168
            ],
            [
              89.3197422070001,
              23.056424451000055
            ],
            [
              89.31869474900009,
              23.056471881000107
            ],
            [
              89.31802972000008,
              23.05664579400019
            ],
            [
              89.31787920500011,
              23.05668515499997
            ],
            [
              89.3177718620002,
              23.056758382000112
            ],
            [
              89.31764565100019,
              23.05684448100004
            ],
            [
              89.31752803300003,
              23.057060764000084
            ],
            [
              89.31758250600018,
              23.057812990000116
            ],
            [
              89.31763368800017,
              23.05806839200011
            ],
            [
              89.31803659899998,
              23.0600776980001
            ],
            [
              89.31809052700004,
              23.060938320000105
            ],
            [
              89.31808808099998,
              23.06142383000008
            ],
            [
              89.3179699260001,
              23.061746246000155
            ],
            [
              89.31785207200011,
              23.06206866399998
            ],
            [
              89.31752764200007,
              23.06251303000016
            ],
            [
              89.31749495100013,
              23.062538455000038
            ],
            [
              89.3174197350001,
              23.06264866600003
            ],
            [
              89.31684442500011,
              23.063491639000063
            ],
            [
              89.31674464300005,
              23.063743631000136
            ],
            [
              89.31650431300005,
              23.064350564000165
            ],
            [
              89.31673399200014,
              23.064901254000063
            ],
            [
              89.31724694400015,
              23.065620467000144
            ],
            [
              89.31729546600008,
              23.06624207300007
            ],
            [
              89.31681071600008,
              23.066640448999976
            ],
            [
              89.31654329600019,
              23.06686021800016
            ],
            [
              89.31548225800015,
              23.067261923000046
            ],
            [
              89.3143442130002,
              23.067567688000054
            ],
            [
              89.3139255710002,
              23.067972752000173
            ],
            [
              89.31387698900011,
              23.06801975700006
            ],
            [
              89.31392392100008,
              23.068952055000125
            ],
            [
              89.31403744700003,
              23.06941719300005
            ],
            [
              89.31407574600013,
              23.069574110000133
            ],
            [
              89.31414816600005,
              23.069632093000052
            ],
            [
              89.31425582499998,
              23.069718290000026
            ],
            [
              89.31495212800013,
              23.069936408000103
            ],
            [
              89.31553924400004,
              23.069726763000062
            ],
            [
              89.31614245500015,
              23.06951136700002
            ],
            [
              89.31636447100004,
              23.069387336000148
            ],
            [
              89.31653884600019,
              23.069289921000177
            ],
            [
              89.31730013300017,
              23.068864616999974
            ],
            [
              89.3174223480001,
              23.06879634000012
            ],
            [
              89.31767072500008,
              23.068657579000103
            ],
            [
              89.31834360800008,
              23.068397583999968
            ],
            [
              89.3189676360002,
              23.068408659000113
            ],
            [
              89.31938189600004,
              23.068410444000165
            ],
            [
              89.3195363600002,
              23.06851266400008
            ],
            [
              89.319617908,
              23.068732894
            ],
            [
              89.31959488800004,
              23.069201231000136
            ],
            [
              89.31927085300015,
              23.069945512000174
            ],
            [
              89.3189815630002,
              23.070411550000188
            ],
            [
              89.3184896140001,
              23.071204057000102
            ],
            [
              89.31683631400006,
              23.073105446000113
            ],
            [
              89.31597202500006,
              23.074099399000033
            ],
            [
              89.31533662200019,
              23.07480983100004
            ],
            [
              89.31492029100008,
              23.07535816100011
            ],
            [
              89.31423076600015,
              23.076266289000102
            ],
            [
              89.31330040700016,
              23.07706675700007
            ],
            [
              89.31300344000005,
              23.077338130000044
            ],
            [
              89.31298713000012,
              23.077425969000103
            ],
            [
              89.31294352800006,
              23.077660798000124
            ],
            [
              89.312942163,
              23.07792952000011
            ],
            [
              89.31294052100009,
              23.07825243800005
            ],
            [
              89.31328875700012,
              23.07846848300005
            ],
            [
              89.31346162700004,
              23.078792163000173
            ],
            [
              89.31345633900008,
              23.07897966800016
            ],
            [
              89.31274606300013,
              23.07963214700004
            ],
            [
              89.31289773200018,
              23.079802992000054
            ],
            [
              89.31241482900009,
              23.08011544600015
            ],
            [
              89.31106458500011,
              23.080990270000086
            ],
            [
              89.31103182500004,
              23.081011292000028
            ],
            [
              89.3104808490001,
              23.081364846000156
            ],
            [
              89.3104806130001,
              23.081411278000076
            ],
            [
              89.31086070200018,
              23.082220644000074
            ],
            [
              89.31120603000016,
              23.08295598000018
            ],
            [
              89.31126868900009,
              23.083066215000144
            ],
            [
              89.31268846100016,
              23.085563960000115
            ],
            [
              89.31280624900012,
              23.08577117500016
            ],
            [
              89.31303169000006,
              23.086385385000142
            ],
            [
              89.31299832800016,
              23.08639932000017
            ],
            [
              89.31111858200006,
              23.087184441000034
            ],
            [
              89.31041139000013,
              23.087400004000187
            ],
            [
              89.30986630400014,
              23.087566151000146
            ],
            [
              89.30844134600005,
              23.088372509000067
            ],
            [
              89.30787859300011,
              23.08893732700011
            ],
            [
              89.30700540100014,
              23.089587633000065
            ],
            [
              89.30647085400005,
              23.090271231000145
            ],
            [
              89.30620473500016,
              23.09057145600002
            ],
            [
              89.30608242900018,
              23.090706926000053
            ],
            [
              89.30544372500009,
              23.09139967300007
            ],
            [
              89.30508027400009,
              23.09292386400017
            ],
            [
              89.30506032400007,
              23.09270924300006
            ],
            [
              89.30493924800015,
              23.092460307000067
            ],
            [
              89.30490513100011,
              23.09239015000003
            ],
            [
              89.30465566700008,
              23.09206838600005
            ],
            [
              89.3045317530001,
              23.091778788000113
            ],
            [
              89.30453295000012,
              23.091546199000106
            ],
            [
              89.30462797100006,
              23.09134337600011
            ],
            [
              89.30466164100005,
              23.09090768600015
            ],
            [
              89.30434828400013,
              23.090847594000138
            ],
            [
              89.30397206000009,
              23.090730766000092
            ],
            [
              89.30384785600012,
              23.090497623000033
            ],
            [
              89.30369281700018,
              23.090090459000123
            ],
            [
              89.3034433630001,
              23.089827406000097
            ],
            [
              89.30316142500004,
              23.089710993000153
            ],
            [
              89.30250298800001,
              23.089590660000056
            ],
            [
              89.30159312800009,
              23.089530183000136
            ],
            [
              89.30096551500009,
              23.08952740300009
            ],
            [
              89.3007831020002,
              23.089458851000074
            ],
            [
              89.30065216300011,
              23.089408589000186
            ],
            [
              89.30027715200009,
              23.089117876000046
            ],
            [
              89.29978020200019,
              23.088099475000035
            ],
            [
              89.29946821200014,
              23.08771871100015
            ],
            [
              89.29929880600014,
              23.087614080000094
            ],
            [
              89.29911697000017,
              23.087501595000163
            ],
            [
              89.29909290400013,
              23.087486708000085
            ],
            [
              89.29852935600007,
              23.087192894999987
            ],
            [
              89.2981227890001,
              23.086929136000094
            ],
            [
              89.29762074000018,
              23.086897547999968
            ],
            [
              89.29659341300004,
              23.087193317000015
            ],
            [
              89.29651464300008,
              23.087214897000024
            ],
            [
              89.29444644699998,
              23.08775507000007
            ],
            [
              89.2936917670001,
              23.088072361000116
            ],
            [
              89.29318835400011,
              23.088300449000144
            ],
            [
              89.29299918200007,
              23.088475742000185
            ],
            [
              89.29255815800019,
              23.088792176000084
            ],
            [
              89.29220927400007,
              23.089459044000023
            ],
            [
              89.29164482200008,
              23.089397798999983
            ],
            [
              89.29155525900006,
              23.08944879100011
            ],
            [
              89.29170884900014,
              23.090359367000133
            ],
            [
              89.29177174100005,
              23.090682294000146
            ],
            [
              89.29178334300013,
              23.090933293000035
            ],
            [
              89.29177977299997,
              23.091614418000177
            ],
            [
              89.29174562500003,
              23.091768490000106
            ],
            [
              89.29171362400012,
              23.09191286800018
            ],
            [
              89.29153241500012,
              23.091983754000182
            ],
            [
              89.29117055700004,
              23.09201797999998
            ],
            [
              89.29045957300019,
              23.092122335
            ],
            [
              89.29039747600012,
              23.092131986000027
            ],
            [
              89.289124335,
              23.092329852000034
            ],
            [
              89.28902549300017,
              23.09234628000013
            ],
            [
              89.28836597700013,
              23.092431380000107
            ],
            [
              89.28770662600004,
              23.092484864000085
            ],
            [
              89.28707853800012,
              23.092511386000126
            ],
            [
              89.28654488300009,
              23.0925676870001
            ],
            [
              89.28516161700003,
              23.0929972670001
            ],
            [
              89.28450132800003,
              23.093226872000173
            ],
            [
              89.28346483899998,
              23.093337342000098
            ],
            [
              89.28180055300015,
              23.093533019
            ],
            [
              89.28117122400005,
              23.093792107000127
            ],
            [
              89.28005425400016,
              23.093955098000038
            ],
            [
              89.27982059400017,
              23.093989193000084
            ],
            [
              89.27953851300003,
              23.093958549000035
            ],
            [
              89.27919790300007,
              23.093753876000108
            ],
            [
              89.27918461900003,
              23.093719821000036
            ],
            [
              89.27910192400003,
              23.093434908000177
            ],
            [
              89.27907777799999,
              23.09322417600015
            ],
            [
              89.27907189300015,
              23.093172819000074
            ],
            [
              89.27894804100004,
              23.092824490000112
            ],
            [
              89.27854242300003,
              23.092386801000032
            ],
            [
              89.27801327500015,
              23.091542068000024
            ],
            [
              89.277779012,
              23.091186461
            ],
            [
              89.2777641830001,
              23.091163810000182
            ],
            [
              89.27754544100014,
              23.090986669000188
            ],
            [
              89.27732575900006,
              23.090985664000186
            ],
            [
              89.27675959200002,
              23.09124502400016
            ],
            [
              89.27660183300003,
              23.09141818500018
            ],
            [
              89.27660089100016,
              23.091594321
            ],
            [
              89.27669300500014,
              23.091942506000123
            ],
            [
              89.27674290500016,
              23.09207747900001
            ],
            [
              89.27678444500003,
              23.09223450000013
            ],
            [
              89.2770319810001,
              23.092904064000095
            ],
            [
              89.2776490190002,
              23.092959769
            ],
            [
              89.2776901360001,
              23.093074901000136
            ],
            [
              89.277689947,
              23.093110314000114
            ],
            [
              89.27778284200014,
              23.093370431000096
            ],
            [
              89.27790746000016,
              23.09351778600012
            ],
            [
              89.27809526200008,
              23.093604459000062
            ],
            [
              89.27818505800002,
              23.093646913000043
            ],
            [
              89.27815738300012,
              23.093981595
            ],
            [
              89.27806201600015,
              23.094184399000085
            ],
            [
              89.27793583700009,
              23.094328348000033
            ],
            [
              89.27727382900002,
              23.09487632100013
            ],
            [
              89.27708510800016,
              23.09490481400013
            ],
            [
              89.27655221200013,
              23.094816564000098
            ],
            [
              89.27639897000006,
              23.09469405200008
            ],
            [
              89.27636500500017,
              23.094380135000108
            ],
            [
              89.27630451600004,
              23.094374199000185
            ],
            [
              89.27605119100014,
              23.09434934000018
            ],
            [
              89.27564308600006,
              23.094376826000143
            ],
            [
              89.27554802200018,
              23.09457962800019
            ],
            [
              89.27535587200009,
              23.095247175999987
            ],
            [
              89.2752597130002,
              23.095653211000126
            ],
            [
              89.27516418300013,
              23.095885370000076
            ],
            [
              89.27497467200016,
              23.096117095000125
            ],
            [
              89.27481597100007,
              23.09646412800015
            ],
            [
              89.27481555400016,
              23.09654179200004
            ],
            [
              89.27481410600018,
              23.096811886000182
            ],
            [
              89.27556622500015,
              23.096989222000104
            ],
            [
              89.27565956400014,
              23.097165788000154
            ],
            [
              89.27575245700012,
              23.09742590800016
            ],
            [
              89.2760654970001,
              23.097544771000116
            ],
            [
              89.27612789600016,
              23.097630868000067
            ],
            [
              89.27631414000012,
              23.098008843000173
            ],
            [
              89.27638725400016,
              23.098066423000148
            ],
            [
              89.2765016190001,
              23.09815648800003
            ],
            [
              89.27640298300014,
              23.099025446000155
            ],
            [
              89.2759628070001,
              23.099170210000068
            ],
            [
              89.27552279700012,
              23.099283360000186
            ],
            [
              89.27536440600005,
              23.099515227000097
            ],
            [
              89.27514330600007,
              23.099776165000037
            ],
            [
              89.27495379000004,
              23.10000789100019
            ],
            [
              89.27487794900003,
              23.100058474000036
            ],
            [
              89.27460743600017,
              23.10023889400003
            ],
            [
              89.27438555600008,
              23.100644351000085
            ]
          ]
        ]
      }
    }
  ]
}