{
  "type": "FeatureCollection",
  "features": [
    {
      "type": "Feature",
      "properties": {
        "adm3_name": "Shalikha",
        "adm3_name1": null,
        "adm3_name2": null,
        "adm3_name3": null,
        "adm3_pcode": "BD40550085",
        "adm2_name": "Magura",
        "adm2_name1": null,
        "adm2_name2": null,
        "adm2_name3": null,
        "adm2_pcode": "BD4055",
        "adm1_name": "Khulna",
        "adm1_name1": null,
        "adm1_name2": null,
        "adm1_name3": null,
        "adm1_pcode": "BD40",
        "adm0_name": "Bangladesh",
        "adm0_name1": null,
        "adm0_name2": null,
        "adm0_name3": null,
        "adm0_pcode": "BD",
        "valid_on": "2023-05-21",
        "valid_to": null,
        "area_sqkm": 229.20980771,
        "version": "v03",
        "lang": "en",
        "lang1": null,
        "lang2": null,
        "lang3": null,
        "adm3_ref_name": null,
        "center_lat": 23.34769219,
        "center_lon": 89.35926814
      },
      "geometry": {
        "type": "Polygon",
        "coordinates": [
          [
            [
              89.29210201100017,
              23.443899616000124
            ],
            [
              89.29187581500014,
              23.44418523000013
            ],
            [
              89.29090248100005,
              23.44364563900018
            ],
            [
              89.2907206110001,
              23.443845785000065
            ],
            [
              89.29016684200019,
              23.44355497400005
            ],
            [
              89.29014372300014,
              23.443542833000038
            ],
            [
              89.29006316200014,
              23.443551580000133
            ],
            [
              89.28956488100005,
              23.443605684000147
            ],
            [
              89.28853046900008,
              23.44357182100009
            ],
            [
              89.28833335900009,
              23.443565367000133
            ],
            [
              89.28764186500013,
              23.443542724999986
            ],
            [
              89.28740501000016,
              23.443099053000083
            ],
            [
              89.2869931250001,
              23.442667867000125
            ],
            [
              89.28662074400006,
              23.44227803299998
            ],
            [
              89.28656076200008,
              23.442286909000188
            ],
            [
              89.28656132600014,
              23.442190591000042
            ],
            [
              89.28627039500014,
              23.441279239000153
            ],
            [
              89.28588065700006,
              23.440367436000088
            ],
            [
              89.28528884700012,
              23.44045505200006
            ],
            [
              89.28519199400017,
              23.44009105100008
            ],
            [
              89.28460183700008,
              23.439815117000137
            ],
            [
              89.28425676900014,
              23.439813534999985
            ],
            [
              89.28381564700004,
              23.439357630000018
            ],
            [
              89.28342526400019,
              23.43862646800011
            ],
            [
              89.28278267200011,
              23.438941912000075
            ],
            [
              89.28274630200013,
              23.43898987500006
            ],
            [
              89.28240220300017,
              23.43834538600015
            ],
            [
              89.28179633600007,
              23.438642798000046
            ],
            [
              89.28175961000005,
              23.438660826000103
            ],
            [
              89.28131254300007,
              23.439250393000123
            ],
            [
              89.28072270000001,
              23.43897444400011
            ],
            [
              89.28082778800001,
              23.43770135500006
            ],
            [
              89.28064044200016,
              23.437526484000045
            ],
            [
              89.2800782560002,
              23.437610722999977
            ],
            [
              89.27948250000009,
              23.43842767199999
            ],
            [
              89.27898840000006,
              23.438606038000046
            ],
            [
              89.27852416200005,
              23.439369394000096
            ],
            [
              89.27849113500002,
              23.439423438000176
            ],
            [
              89.27799850300016,
              23.439330834000145
            ],
            [
              89.27765268900015,
              23.439007740000022
            ],
            [
              89.27758726400015,
              23.438946614000145
            ],
            [
              89.27750785900002,
              23.438872426000046
            ],
            [
              89.27761112200017,
              23.4380532080001
            ],
            [
              89.27682961500005,
              23.436685691000037
            ],
            [
              89.27656785400018,
              23.43644286099999
            ],
            [
              89.27643728800018,
              23.43632031500016
            ],
            [
              89.27588508800017,
              23.43654193900005
            ],
            [
              89.27580658500017,
              23.436404568000114
            ],
            [
              89.27554482700015,
              23.43616173500004
            ],
            [
              89.27541426200008,
              23.43603918800011
            ],
            [
              89.2744899560002,
              23.436410149000153
            ],
            [
              89.27373450900012,
              23.436713334000103
            ],
            [
              89.27351380700014,
              23.43623137000003
            ],
            [
              89.27329617700008,
              23.435756111000046
            ],
            [
              89.2729967360001,
              23.43507728600008
            ],
            [
              89.27295503800019,
              23.434982252000054
            ],
            [
              89.27245949500013,
              23.435481243000027
            ],
            [
              89.27255053200014,
              23.436845568000024
            ],
            [
              89.27116732000007,
              23.437383321000027
            ],
            [
              89.27043066900012,
              23.437464890000115
            ],
            [
              89.27021632800006,
              23.437488623000036
            ],
            [
              89.2697859650001,
              23.43753627500007
            ],
            [
              89.26879966000013,
              23.437645479000025
            ],
            [
              89.26810502800004,
              23.438461917999973
            ],
            [
              89.26593335100017,
              23.43890560200009
            ],
            [
              89.26430346300015,
              23.43939922600009
            ],
            [
              89.26439360300014,
              23.44045938300013
            ],
            [
              89.26439623400012,
              23.440490332000138
            ],
            [
              89.26384050400014,
              23.44072961400002
            ],
            [
              89.26345727600005,
              23.440894621000098
            ],
            [
              89.26267165800004,
              23.440346708000163
            ],
            [
              89.26262679000007,
              23.44017770300013
            ],
            [
              89.26247838200004,
              23.439618685000028
            ],
            [
              89.26050296300014,
              23.44024612700008
            ],
            [
              89.25921969400008,
              23.44051101300016
            ],
            [
              89.25724728900019,
              23.440594222000016
            ],
            [
              89.25699784200009,
              23.44063109500013
            ],
            [
              89.25689411600001,
              23.440139554000098
            ],
            [
              89.25680527600014,
              23.438411679000183
            ],
            [
              89.25681697900012,
              23.43631847300003
            ],
            [
              89.25663086300017,
              23.434316903000138
            ],
            [
              89.25662901800013,
              23.434287571000027
            ],
            [
              89.256576124,
              23.43344668200018
            ],
            [
              89.25664864200013,
              23.433572454000114
            ],
            [
              89.25675549100004,
              23.433719740000015
            ],
            [
              89.25678586900005,
              23.43375827300008
            ],
            [
              89.25698410500013,
              23.433865347000108
            ],
            [
              89.25752589700016,
              23.43413212100012
            ],
            [
              89.25815913000008,
              23.434239007000087
            ],
            [
              89.25879231900012,
              23.4342442680001
            ],
            [
              89.25961624800004,
              23.434275277999973
            ],
            [
              89.26096678700014,
              23.434279417000084
            ],
            [
              89.26225624400013,
              23.43410035000005
            ],
            [
              89.26279794300012,
              23.433944842000187
            ],
            [
              89.26362949500015,
              23.43386973300011
            ],
            [
              89.26403383800016,
              23.433773849000147
            ],
            [
              89.26417104000012,
              23.433741313000098
            ],
            [
              89.26462908800016,
              23.433610245000125
            ],
            [
              89.26483037400016,
              23.433450137000023
            ],
            [
              89.2648576840001,
              23.43342841499998
            ],
            [
              89.26494924100012,
              23.433135291999974
            ],
            [
              89.26483486700005,
              23.432741842000098
            ],
            [
              89.2647816490001,
              23.432131904000073
            ],
            [
              89.26464430800019,
              23.43157801900003
            ],
            [
              89.26461363300007,
              23.431261740000025
            ],
            [
              89.26461371100004,
              23.430970445000185
            ],
            [
              89.26465201000013,
              23.43062739100003
            ],
            [
              89.26478931300005,
              23.43046997099998
            ],
            [
              89.26513249300018,
              23.43036545400014
            ],
            [
              89.2653690520001,
              23.43023559700015
            ],
            [
              89.2654225510002,
              23.430075523000028
            ],
            [
              89.26549585200013,
              23.429974549
            ],
            [
              89.26553690800017,
              23.42991799400005
            ],
            [
              89.26589563100009,
              23.429768387000024
            ],
            [
              89.26620522700011,
              23.429618442000162
            ],
            [
              89.26639894400006,
              23.429524618000187
            ],
            [
              89.26688739400015,
              23.429368844000123
            ],
            [
              89.26760453600019,
              23.429345110999975
            ],
            [
              89.26820713500018,
              23.42940213300011
            ],
            [
              89.2695501140002,
              23.42938132200004
            ],
            [
              89.27029017600017,
              23.429305750000026
            ],
            [
              89.2707477580002,
              23.42925594999997
            ],
            [
              89.2711215270001,
              23.429205759000183
            ],
            [
              89.271213848,
              23.429179439000166
            ],
            [
              89.27149560500015,
              23.429099113000063
            ],
            [
              89.27178554100016,
              23.428996593000136
            ],
            [
              89.2720447430001,
              23.4288645740001
            ],
            [
              89.27219008100008,
              23.42875968700008
            ],
            [
              89.27229656600008,
              23.428682840000192
            ],
            [
              89.27244166500009,
              23.42849609199999
            ],
            [
              89.27244144200017,
              23.42831318400016
            ],
            [
              89.27241973400015,
              23.428087271000038
            ],
            [
              89.27224324100018,
              23.427862897000125
            ],
            [
              89.27207545200008,
              23.42778082200016
            ],
            [
              89.27196101900012,
              23.42773060899998
            ],
            [
              89.27187643200011,
              23.427709372000095
            ],
            [
              89.27171358900006,
              23.427668487000176
            ],
            [
              89.27153367300008,
              23.42762248700012
            ],
            [
              89.27122072600008,
              23.427514895000115
            ],
            [
              89.27099200500004,
              23.427276726
            ],
            [
              89.2705342930002,
              23.426850062000085
            ],
            [
              89.27043900300015,
              23.42670002100016
            ],
            [
              89.27028258000007,
              23.426453717000015
            ],
            [
              89.27011465200019,
              23.42595163100009
            ],
            [
              89.27000028500004,
              23.425555927000175
            ],
            [
              89.26965699300007,
              23.425238186000115
            ],
            [
              89.26951924800017,
              23.4250902980001
            ],
            [
              89.26945842200007,
              23.425024993000136
            ],
            [
              89.26932123400007,
              23.424495953000076
            ],
            [
              89.26923730900018,
              23.42407103400018
            ],
            [
              89.26909233900005,
              23.42362325100015
            ],
            [
              89.26886354700014,
              23.423622180000166
            ],
            [
              89.26858122900006,
              23.423620859000152
            ],
            [
              89.26843609700012,
              23.423647274000075
            ],
            [
              89.26826070200008,
              23.423725489000105
            ],
            [
              89.26820228900016,
              23.42387272100018
            ],
            [
              89.26817664500015,
              23.423937356000124
            ],
            [
              89.2681156660002,
              23.42406804100017
            ],
            [
              89.26788691500019,
              23.424170841000148
            ],
            [
              89.26765795100005,
              23.424144929000136
            ],
            [
              89.26754302500012,
              23.42401240400011
            ],
            [
              89.26747243600005,
              23.424187692000032
            ],
            [
              89.26741145500011,
              23.424318377000134
            ],
            [
              89.26718270300017,
              23.42442117600018
            ],
            [
              89.26695373800015,
              23.424395263000065
            ],
            [
              89.26683945400009,
              23.42426375600013
            ],
            [
              89.26675546100017,
              23.424130133000176
            ],
            [
              89.26664086300008,
              23.423944429000073
            ],
            [
              89.26641220300019,
              23.423864321
            ],
            [
              89.26618310600014,
              23.423863246
            ],
            [
              89.26615041900004,
              23.423863092000033
            ],
            [
              89.26581697900014,
              23.423861524000074
            ],
            [
              89.26552714000007,
              23.423781129000076
            ],
            [
              89.26521436600012,
              23.42370062400005
            ],
            [
              89.26504655200006,
              23.42351466800011
            ],
            [
              89.26496253300013,
              23.423274913000114
            ],
            [
              89.26484805200016,
              23.422958239000025
            ],
            [
              89.26471699300009,
              23.422544646000176
            ],
            [
              89.2646724810001,
              23.4224041760001
            ],
            [
              89.26447418600014,
              23.42203291300018
            ],
            [
              89.26436739600018,
              23.421874341000034
            ],
            [
              89.26410002700004,
              23.42181740900014
            ],
            [
              89.26368085200005,
              23.421737876
            ],
            [
              89.26299429500017,
              23.42160366500019
            ],
            [
              89.26239139000012,
              23.421388561000185
            ],
            [
              89.26222344400009,
              23.421281633000035
            ],
            [
              89.26168202300016,
              23.421121009000046
            ],
            [
              89.26113265500015,
              23.421014537000133
            ],
            [
              89.26053757200003,
              23.42087849300009
            ],
            [
              89.26033153800006,
              23.420746547000135
            ],
            [
              89.26022461700018,
              23.420667007000134
            ],
            [
              89.2601849350001,
              23.420624330000066
            ],
            [
              89.26002637600004,
              23.42045380500008
            ],
            [
              89.25996514900004,
              23.420243513000116
            ],
            [
              89.2599271790001,
              23.420031071000096
            ],
            [
              89.25991203300009,
              23.419949705000136
            ],
            [
              89.25988152600013,
              23.419660523000175
            ],
            [
              89.25979751000011,
              23.41942302399997
            ],
            [
              89.25977451100005,
              23.41915871600014
            ],
            [
              89.2596600600001,
              23.41889397400007
            ],
            [
              89.25940063500019,
              23.418628545000047
            ],
            [
              89.2589734440001,
              23.418389417000185
            ],
            [
              89.25863008000016,
              23.418202620999978
            ],
            [
              89.25831743700013,
              23.417936940000118
            ],
            [
              89.25809606000018,
              23.417540718000055
            ],
            [
              89.25789763900019,
              23.417196543000045
            ],
            [
              89.25763831200015,
              23.41658562200007
            ],
            [
              89.25753165200018,
              23.41629607699997
            ],
            [
              89.25727207700015,
              23.416003547000116
            ],
            [
              89.25715763600016,
              23.415738802000135
            ],
            [
              89.25690587000014,
              23.41552760100018
            ],
            [
              89.25661607400014,
              23.415499124000064
            ],
            [
              89.25612778100015,
              23.41546970500019
            ],
            [
              89.2557614960001,
              23.415391184000157
            ],
            [
              89.25544889500009,
              23.415229370000077
            ],
            [
              89.25530371800005,
              23.414991575000045
            ],
            [
              89.2552418750002,
              23.414889670000036
            ],
            [
              89.25506733000003,
              23.41460205300018
            ],
            [
              89.25505192100013,
              23.414568108000083
            ],
            [
              89.25503086400005,
              23.414450586000157
            ],
            [
              89.25499114400014,
              23.41422458300019
            ],
            [
              89.25496828900009,
              23.413827049000133
            ],
            [
              89.2550306390001,
              23.413640398000098
            ],
            [
              89.25508276300019,
              23.413484360000155
            ],
            [
              89.25514372900005,
              23.413247550000108
            ],
            [
              89.25525806700011,
              23.412983896000128
            ],
            [
              89.25542594500013,
              23.412826629000165
            ],
            [
              89.25583039100002,
              23.41269758500016
            ],
            [
              89.2561243790002,
              23.412581716000034
            ],
            [
              89.25653455900004,
              23.41244729700003
            ],
            [
              89.25687784900003,
              23.412315701000182
            ],
            [
              89.2572823110001,
              23.412238591000175
            ],
            [
              89.25739853300013,
              23.412221553
            ],
            [
              89.25762544900005,
              23.412188285000127
            ],
            [
              89.25782394000004,
              23.412135034000073
            ],
            [
              89.25808327700008,
              23.412030132999973
            ],
            [
              89.25814425300018,
              23.411845260000064
            ],
            [
              89.25814433800008,
              23.411610413000062
            ],
            [
              89.25831079599999,
              23.411344114000144
            ],
            [
              89.25834277100006,
              23.411292962000175
            ],
            [
              89.25877744800005,
              23.410951793000095
            ],
            [
              89.25890816400005,
              23.410897036000108
            ],
            [
              89.25895559400004,
              23.410877166999967
            ],
            [
              89.2598381580001,
              23.41050745500013
            ],
            [
              89.26061596800014,
              23.410127432000024
            ],
            [
              89.26063920400009,
              23.41011607900009
            ],
            [
              89.26097757200006,
              23.40999681200003
            ],
            [
              89.26130297100002,
              23.409882117000052
            ],
            [
              89.26166904900015,
              23.409775456000034
            ],
            [
              89.26176074199998,
              23.40956588400013
            ],
            [
              89.26174693600012,
              23.409506252000142
            ],
            [
              89.26169951100019,
              23.409301396000046
            ],
            [
              89.2616924100002,
              23.409258458000068
            ],
            [
              89.26159291800013,
              23.408668621
            ],
            [
              89.26143748400006,
              23.408510229000058
            ],
            [
              89.261370178,
              23.408441642000184
            ],
            [
              89.26096733600008,
              23.408031132000133
            ],
            [
              89.25967790600015,
              23.40731598100001
            ],
            [
              89.25942603800007,
              23.407125105000034
            ],
            [
              89.25940319700004,
              23.406887896000057
            ],
            [
              89.25928890600011,
              23.406596057000115
            ],
            [
              89.25909036700011,
              23.40633091500007
            ],
            [
              89.25891491100015,
              23.406038788000103
            ],
            [
              89.25883105900016,
              23.40582838400013
            ],
            [
              89.25851837300002,
              23.405300761000092
            ],
            [
              89.25806035100015,
              23.405005031000144
            ],
            [
              89.25740447000015,
              23.404870945000027
            ],
            [
              89.25658052200004,
              23.40465702500012
            ],
            [
              89.25560369800019,
              23.404600439000035
            ],
            [
              89.25533139200007,
              23.404598506000127
            ],
            [
              89.25525689700004,
              23.404597977000037
            ],
            [
              89.25463485200015,
              23.404593559000034
            ],
            [
              89.25365831800019,
              23.404430834000152
            ],
            [
              89.25277336700003,
              23.40418950300017
            ],
            [
              89.25185783400008,
              23.40389382500001
            ],
            [
              89.25155274400004,
              23.403761394000185
            ],
            [
              89.25150699900007,
              23.403738593000128
            ],
            [
              89.250690571,
              23.40338693299998
            ],
            [
              89.24995056400019,
              23.40293401800011
            ],
            [
              89.2494698980002,
              23.402536542000064
            ],
            [
              89.24921034600004,
              23.40214012400014
            ],
            [
              89.249126472,
              23.401611322000065
            ],
            [
              89.24918743100017,
              23.401159993000135
            ],
            [
              89.2492485410001,
              23.400898345000144
            ],
            [
              89.24956150500003,
              23.400608550000072
            ],
            [
              89.25008010200003,
              23.40018877500006
            ],
            [
              89.25014798200016,
              23.400126605000082
            ],
            [
              89.25042348000005,
              23.399874284000077
            ],
            [
              89.25068281199998,
              23.399875527000063
            ],
            [
              89.25081305800012,
              23.399876152000047
            ],
            [
              89.25084090300004,
              23.39983863300006
            ],
            [
              89.25095539900008,
              23.399654015000067
            ],
            [
              89.2510165060001,
              23.399283979000188
            ],
            [
              89.25121475500003,
              23.398943952000025
            ],
            [
              89.25147422200013,
              23.39881196700003
            ],
            [
              89.25184821700009,
              23.39870762700008
            ],
            [
              89.25200149100016,
              23.398651646000133
            ],
            [
              89.25227540600014,
              23.398551602000055
            ],
            [
              89.25229131000003,
              23.398530171000118
            ],
            [
              89.25245074300017,
              23.39831533800003
            ],
            [
              89.2526491650001,
              23.397997892999967
            ],
            [
              89.25267981200005,
              23.39755093200006
            ],
            [
              89.25268283700018,
              23.39728449
            ],
            [
              89.25268748600013,
              23.396891601000107
            ],
            [
              89.25266461100011,
              23.39633599600006
            ],
            [
              89.25249661700008,
              23.395754855
            ],
            [
              89.25238206000012,
              23.395514949000074
            ],
            [
              89.25215325800019,
              23.395143522000126
            ],
            [
              89.2518099190001,
              23.39480090400002
            ],
            [
              89.25169567100005,
              23.394560996999985
            ],
            [
              89.25141338400005,
              23.394455773000175
            ],
            [
              89.25081048300018,
              23.394319655000118
            ],
            [
              89.2499559170002,
              23.394288460000098
            ],
            [
              89.24915486800006,
              23.394257517000142
            ],
            [
              89.24835380800005,
              23.394228829000042
            ],
            [
              89.24794967800017,
              23.39409365700004
            ],
            [
              89.2476976710002,
              23.393880181000156
            ],
            [
              89.24766736200007,
              23.393670030000067
            ],
            [
              89.24743845700004,
              23.393589896000037
            ],
            [
              89.24698051000007,
              23.393562849000034
            ],
            [
              89.24669841000019,
              23.393534394000085
            ],
            [
              89.24640839500012,
              23.393444932000136
            ],
            [
              89.24639211300018,
              23.393412038000065
            ],
            [
              89.24629410800014,
              23.39321405000004
            ],
            [
              89.24621010800013,
              23.392872671000134
            ],
            [
              89.24619471000011,
              23.392513556000154
            ],
            [
              89.24610340100008,
              23.39184245700011
            ],
            [
              89.24613363200018,
              23.391472271000055
            ],
            [
              89.24627884800014,
              23.391262969000138
            ],
            [
              89.24641616600013,
              23.391152982
            ],
            [
              89.24648463800008,
              23.391103633000114
            ],
            [
              89.24671366800004,
              23.390998607000142
            ],
            [
              89.24699605800015,
              23.390920933000075
            ],
            [
              89.2470847130001,
              23.39088602400011
            ],
            [
              89.24712023700005,
              23.390902729000175
            ],
            [
              89.24718870900017,
              23.39085337900019
            ],
            [
              89.24741773700015,
              23.390748352000116
            ],
            [
              89.24770012600015,
              23.39067067600007
            ],
            [
              89.24789842100012,
              23.390592596000033
            ],
            [
              89.24827206200018,
              23.39033019400017
            ],
            [
              89.24830276800009,
              23.390145175000043
            ],
            [
              89.24824937000011,
              23.389853621000043
            ],
            [
              89.24816553000011,
              23.38953708200006
            ],
            [
              89.24814256100007,
              23.389272774000062
            ],
            [
              89.24814253500006,
              23.38911470400012
            ],
            [
              89.24831023500008,
              23.38898453900009
            ],
            [
              89.24840182000008,
              23.388903687000152
            ],
            [
              89.24848588500004,
              23.38880021800003
            ],
            [
              89.24848587200012,
              23.388694087000033
            ],
            [
              89.2484019200001,
              23.388560455000174
            ],
            [
              89.24834088900013,
              23.388429190000068
            ],
            [
              89.24828735000006,
              23.38827086600014
            ],
            [
              89.24829142300013,
              23.388000516000147
            ],
            [
              89.24840180600012,
              23.387822049000192
            ],
            [
              89.24863097800005,
              23.38774411900016
            ],
            [
              89.2488645160002,
              23.387743592
            ],
            [
              89.2489511500001,
              23.387743397000065
            ],
            [
              89.249180174,
              23.387746755000023
            ],
            [
              89.24943196300018,
              23.387616995000087
            ],
            [
              89.24963789700013,
              23.387430558000062
            ],
            [
              89.24966842000009,
              23.387114567000083
            ],
            [
              89.2497295230001,
              23.3867445300001
            ],
            [
              89.24972962100009,
              23.386455491000106
            ],
            [
              89.24967623100014,
              23.386215875000175
            ],
            [
              89.24956153800014,
              23.386111450000158
            ],
            [
              89.24944731400012,
              23.385977674000117
            ],
            [
              89.24938628300009,
              23.385792215000095
            ],
            [
              89.24936343500019,
              23.385396935000074
            ],
            [
              89.24939379400013,
              23.385001912000178
            ],
            [
              89.24942419100006,
              23.384762695
            ],
            [
              89.24953865200018,
              23.384474207000153
            ],
            [
              89.24968388200011,
              23.384314577000055
            ],
            [
              89.24979822900008,
              23.38426318900008
            ],
            [
              89.250110877,
              23.384239849000096
            ],
            [
              89.250309314,
              23.384134667000126
            ],
            [
              89.2503703000001,
              23.384001732
            ],
            [
              89.2503704240001,
              23.383816566000178
            ],
            [
              89.25034743700007,
              23.38355451500007
            ],
            [
              89.25031713600015,
              23.383342106000157
            ],
            [
              89.25045998100012,
              23.38326480900008
            ],
            [
              89.25069076700004,
              23.383185829000126
            ],
            [
              89.2507517410001,
              23.383055149000143
            ],
            [
              89.25074189000009,
              23.38301219700014
            ],
            [
              89.25072130000018,
              23.382921776000046
            ],
            [
              89.25049241200009,
              23.382841645000042
            ],
            [
              89.25029426999998,
              23.382786499000133
            ],
            [
              89.2502329470002,
              23.382652977000077
            ],
            [
              89.25024068900012,
              23.382418170000108
            ],
            [
              89.25024079800005,
              23.38212687200013
            ],
            [
              89.25012641100005,
              23.381968254000185
            ],
            [
              89.24975258900002,
              23.381833234
            ],
            [
              89.24929465000008,
              23.381593935000012
            ],
            [
              89.24895124300019,
              23.381434217000105
            ],
            [
              89.24855464200016,
              23.381326179999974
            ],
            [
              89.24812745400016,
              23.381111866000026
            ],
            [
              89.24786799400016,
              23.381031583000038
            ],
            [
              89.24773053500007,
              23.380951886000105
            ],
            [
              89.24768457500016,
              23.38088508800007
            ],
            [
              89.24758556300014,
              23.3807411840001
            ],
            [
              89.2475321820001,
              23.380555761000096
            ],
            [
              89.24741779900012,
              23.380397143000096
            ],
            [
              89.2473035810001,
              23.380317561000084
            ],
            [
              89.24699062600007,
              23.38028895600013
            ],
            [
              89.24647173500017,
              23.38028645700001
            ],
            [
              89.24535780400015,
              23.38022915000016
            ],
            [
              89.24507573000005,
              23.380200691000027
            ],
            [
              89.24499930400015,
              23.380143869000108
            ],
            [
              89.24485446900013,
              23.380179298000144
            ],
            [
              89.24455700500005,
              23.380223025000078
            ],
            [
              89.244163985,
              23.38023536800017
            ],
            [
              89.24414288500003,
              23.379499166000187
            ],
            [
              89.24424193400017,
              23.377993479
            ],
            [
              89.24427263800004,
              23.37700005700009
            ],
            [
              89.24437935300006,
              23.37683798800009
            ],
            [
              89.24443268800013,
              23.37665308000004
            ],
            [
              89.24475325500009,
              23.376523656000188
            ],
            [
              89.24503547300003,
              23.37652501800011
            ],
            [
              89.24510061900008,
              23.37652787500008
            ],
            [
              89.24572970400015,
              23.376555465000024
            ],
            [
              89.24646981100005,
              23.376638066000055
            ],
            [
              89.24709540900011,
              23.37669301600016
            ],
            [
              89.24749977800008,
              23.376667863000137
            ],
            [
              89.24778214000014,
              23.376644382000052
            ],
            [
              89.24810256400019,
              23.37653979099997
            ],
            [
              89.2484687000001,
              23.376516711000022
            ],
            [
              89.24890349100014,
              23.376518799000053
            ],
            [
              89.24933079400006,
              23.376547948000052
            ],
            [
              89.24984188700017,
              23.37652104400013
            ],
            [
              89.2503607660002,
              23.376577727000097
            ],
            [
              89.25077341900015,
              23.376627206000023
            ],
            [
              89.25104736600014,
              23.37666005200009
            ],
            [
              89.25161979600006,
              23.3768727960001
            ],
            [
              89.25196286300013,
              23.37687443700014
            ],
            [
              89.25216128700004,
              23.376823449000028
            ],
            [
              89.25224535900009,
              23.37677191600011
            ],
            [
              89.25233795400015,
              23.37662258199998
            ],
            [
              89.2523598350001,
              23.376587295000036
            ],
            [
              89.25233684000005,
              23.376271049000138
            ],
            [
              89.25230621700013,
              23.375952505999976
            ],
            [
              89.25228338900018,
              23.375715294000088
            ],
            [
              89.2523674590002,
              23.375609565000104
            ],
            [
              89.25242072499998,
              23.37559853
            ],
            [
              89.25274123100007,
              23.375532318000012
            ],
            [
              89.25298827500006,
              23.37547442100015
            ],
            [
              89.253071439,
              23.375359281000044
            ],
            [
              89.25313500600004,
              23.375346117000163
            ],
            [
              89.25344521100004,
              23.375282032000086
            ],
            [
              89.25370448000007,
              23.375231331000066
            ],
            [
              89.2538723240001,
              23.37507180400013
            ],
            [
              89.25401735500014,
              23.374835395
            ],
            [
              89.25393336100012,
              23.374545954000155
            ],
            [
              89.25404798300019,
              23.374280041000077
            ],
            [
              89.25442187300018,
              23.374071820000154
            ],
            [
              89.25468113600004,
              23.373966923000125
            ],
            [
              89.2547117810002,
              23.37357189700009
            ],
            [
              89.25477274500008,
              23.373387021999974
            ],
            [
              89.25508566400015,
              23.373255282000116
            ],
            [
              89.25542900800014,
              23.37320498100013
            ],
            [
              89.2554899590001,
              23.373022361000096
            ],
            [
              89.25548977300008,
              23.372837196000148
            ],
            [
              89.25557381600004,
              23.37262533100011
            ],
            [
              89.25583336400018,
              23.372468499000092
            ],
            [
              89.25598063400014,
              23.37236744400019
            ],
            [
              89.25617652000017,
              23.37223302600006
            ],
            [
              89.25654066300018,
              23.372149970000123
            ],
            [
              89.25674871100017,
              23.372102516000098
            ],
            [
              89.2572524410001,
              23.371967164000125
            ],
            [
              89.25719117699998,
              23.371438473000126
            ],
            [
              89.25716832400013,
              23.371095128000093
            ],
            [
              89.25716828100008,
              23.370882865
            ],
            [
              89.25714832500017,
              23.370640795000043
            ],
            [
              89.25828246000015,
              23.37051178300004
            ],
            [
              89.25854190900003,
              23.370533997999985
            ],
            [
              89.25923168600019,
              23.370593056000075
            ],
            [
              89.25927004300007,
              23.37071640700009
            ],
            [
              89.25949467200007,
              23.37143877000011
            ],
            [
              89.25971832300019,
              23.37215798000011
            ],
            [
              89.26009666100009,
              23.37207830600005
            ],
            [
              89.26029745900018,
              23.371932650000076
            ],
            [
              89.26046066200007,
              23.372276657000043
            ],
            [
              89.26227693700014,
              23.372321362000093
            ],
            [
              89.26289718000004,
              23.37218202300005
            ],
            [
              89.2631035180001,
              23.372135576000176
            ],
            [
              89.26334183300014,
              23.37197997100003
            ],
            [
              89.26368380300005,
              23.371756684000104
            ],
            [
              89.2640045010001,
              23.371702294000045
            ],
            [
              89.26521250200011,
              23.371497413000043
            ],
            [
              89.26533758599999,
              23.37126992900005
            ],
            [
              89.26533905300005,
              23.371003476000112
            ],
            [
              89.26542286400013,
              23.370775801000036
            ],
            [
              89.26587690000002,
              23.370777932000124
            ],
            [
              89.26618174100014,
              23.37016264
            ],
            [
              89.26622929200005,
              23.370064055000114
            ],
            [
              89.26625289100014,
              23.37001644800017
            ],
            [
              89.26704487900014,
              23.368611089000183
            ],
            [
              89.26784182600011,
              23.36832576800009
            ],
            [
              89.26820289700004,
              23.368196496000053
            ],
            [
              89.26978501000008,
              23.368028854000045
            ],
            [
              89.26993781900006,
              23.368012661000023
            ],
            [
              89.270092031,
              23.36787277100018
            ],
            [
              89.27034640300008,
              23.367838966000136
            ],
            [
              89.27074199200007,
              23.367671465000058
            ],
            [
              89.27107658300014,
              23.36753303200004
            ],
            [
              89.27168447200006,
              23.367395870000053
            ],
            [
              89.27235273900004,
              23.36734253100019
            ],
            [
              89.27302068800014,
              23.367291445000035
            ],
            [
              89.27332532000008,
              23.367096419000063
            ],
            [
              89.27338738499998,
              23.36687091300007
            ],
            [
              89.27357613500016,
              23.366729147000058
            ],
            [
              89.27415597700019,
              23.366661598000064
            ],
            [
              89.27427835300017,
              23.36692862700005
            ],
            [
              89.27444158500003,
              23.36727261900006
            ],
            [
              89.2746563020001,
              23.367258259000153
            ],
            [
              89.27497837300018,
              23.36723671900012
            ],
            [
              89.27494974400003,
              23.366928218999988
            ],
            [
              89.2752703450002,
              23.366739653000025
            ],
            [
              89.27545451800006,
              23.366320529000177
            ],
            [
              89.27561010600016,
              23.36564838099997
            ],
            [
              89.27649082300007,
              23.365596008000182
            ],
            [
              89.27670373600006,
              23.365513448000115
            ],
            [
              89.27682600400004,
              23.365346925000097
            ],
            [
              89.27682676300003,
              23.365206936000163
            ],
            [
              89.27661522199998,
              23.365036612000097
            ],
            [
              89.27658647600009,
              23.364756494000176
            ],
            [
              89.27664837600008,
              23.364503890000037
            ],
            [
              89.27674037900016,
              23.36433722700002
            ],
            [
              89.27728757400001,
              23.364226859000155
            ],
            [
              89.2775911290002,
              23.364228260000175
            ],
            [
              89.27774396300003,
              23.364005429000088
            ],
            [
              89.27777543700017,
              23.363782037000078
            ],
            [
              89.27762503600007,
              23.363555549000182
            ],
            [
              89.27741333800014,
              23.36341457900005
            ],
            [
              89.27714111300008,
              23.363216880000152
            ],
            [
              89.27702750700007,
              23.363189901000112
            ],
            [
              89.27698219900009,
              23.363129415000117
            ],
            [
              89.27665221900014,
              23.363089503000026
            ],
            [
              89.27634054800018,
              23.363066417000027
            ],
            [
              89.2762313610001,
              23.363045588000034
            ],
            [
              89.27586742900002,
              23.362960360000045
            ],
            [
              89.27565619900014,
              23.36273358800014
            ],
            [
              89.27496104400007,
              23.36217039700017
            ],
            [
              89.27465917500007,
              23.361859660000107
            ],
            [
              89.2742955540001,
              23.36177443100007
            ],
            [
              89.2740227220001,
              23.361689620999982
            ],
            [
              89.27384129400019,
              23.361548786000128
            ],
            [
              89.27359979400006,
              23.36132412900014
            ],
            [
              89.27350946100017,
              23.361183717000074
            ],
            [
              89.2734496990002,
              23.360986999000147
            ],
            [
              89.2734810300002,
              23.36084715200019
            ],
            [
              89.27366474500002,
              23.360511570000142
            ],
            [
              89.27372680600013,
              23.36028606400015
            ],
            [
              89.27372771600017,
              23.360118980000152
            ],
            [
              89.27363814600005,
              23.359838579000154
            ],
            [
              89.27339650200014,
              23.35964101600007
            ],
            [
              89.27297389100005,
              23.35916262700016
            ],
            [
              89.27285406100009,
              23.35888208500006
            ],
            [
              89.27279582500006,
              23.358461837000107
            ],
            [
              89.27289013000018,
              23.357872951000047
            ],
            [
              89.27324936400004,
              23.356994222000083
            ],
            [
              89.273382116,
              23.35666949300014
            ],
            [
              89.27359669900011,
              23.356334055000048
            ],
            [
              89.27362848500007,
              23.356054216000075
            ],
            [
              89.27366772700009,
              23.355774376000056
            ],
            [
              89.27369145400019,
              23.355605178000076
            ],
            [
              89.27366302400014,
              23.35526861200009
            ],
            [
              89.27363687900004,
              23.35451207700015
            ],
            [
              89.27360935800016,
              23.3540084280001
            ],
            [
              89.27429680300008,
              23.353708015000052
            ],
            [
              89.27461255300011,
              23.353566371000056
            ],
            [
              89.27477941600017,
              23.353490085000146
            ],
            [
              89.27538594900017,
              23.35321278900011
            ],
            [
              89.2754675060001,
              23.35317532900001
            ],
            [
              89.27591961399997,
              23.35304261500005
            ],
            [
              89.27699730100011,
              23.35272625900018
            ],
            [
              89.27774430500006,
              23.35196645600007
            ],
            [
              89.27852072700017,
              23.35175777200004
            ],
            [
              89.27864150700003,
              23.351725350000038
            ],
            [
              89.2803898160002,
              23.35125603600011
            ],
            [
              89.28063949400007,
              23.350875556000062
            ],
            [
              89.28078517100016,
              23.35034917400003
            ],
            [
              89.28097653000009,
              23.349657711000134
            ],
            [
              89.28118698800006,
              23.34889542500008
            ],
            [
              89.28254703900006,
              23.34924490200018
            ],
            [
              89.28345057300004,
              23.35012519800017
            ],
            [
              89.28354504200013,
              23.35001046600007
            ],
            [
              89.28382445000017,
              23.349670764000052
            ],
            [
              89.28345548300013,
              23.349210674000176
            ],
            [
              89.28321277700007,
              23.348295016000066
            ],
            [
              89.28317335000014,
              23.34795159900017
            ],
            [
              89.28321646200015,
              23.347608557000058
            ],
            [
              89.28333686700006,
              23.346276774000046
            ],
            [
              89.28339196200011,
              23.34566736300019
            ],
            [
              89.28323241700014,
              23.34463691899998
            ],
            [
              89.28313819700014,
              23.34376090699999
            ],
            [
              89.28303559200009,
              23.342806924
            ],
            [
              89.28246583100014,
              23.34131845800016
            ],
            [
              89.28284071700006,
              23.340672088000133
            ],
            [
              89.28308934699999,
              23.34048128800015
            ],
            [
              89.28349986700005,
              23.34094156700013
            ],
            [
              89.28366472800008,
              23.34098071000011
            ],
            [
              89.28391274000018,
              23.340905067000165
            ],
            [
              89.28391458300007,
              23.340561837000166
            ],
            [
              89.28449395600012,
              23.3402596360001
            ],
            [
              89.28499302500012,
              23.339539311000124
            ],
            [
              89.28577720400011,
              23.33957901900004
            ],
            [
              89.28590283900007,
              23.339236355000082
            ],
            [
              89.28610936500013,
              23.339201166000123
            ],
            [
              89.28627525200011,
              23.339048366999975
            ],
            [
              89.28635962000016,
              23.33870551400014
            ],
            [
              89.28603070600013,
              23.33847594300005
            ],
            [
              89.286115484,
              23.33805631500013
            ],
            [
              89.28648708500015,
              23.33801962000007
            ],
            [
              89.28673732500005,
              23.3375262240001
            ],
            [
              89.28710973200003,
              23.337338236000164
            ],
            [
              89.28810245700004,
              23.336961126000062
            ],
            [
              89.288103712,
              23.336935345000143
            ],
            [
              89.28814880100015,
              23.336008398000104
            ],
            [
              89.28819208000004,
              23.335974722000117
            ],
            [
              89.28823182900004,
              23.335942899000088
            ],
            [
              89.2888118890001,
              23.335478489000025
            ],
            [
              89.29120691100019,
              23.334606409000173
            ],
            [
              89.29129297300005,
              23.334575184000187
            ],
            [
              89.2917070520001,
              23.33430834000012
            ],
            [
              89.29176361600014,
              23.334298869000122
            ],
            [
              89.29368988300013,
              23.33397631100007
            ],
            [
              89.29353329100013,
              23.332374580000135
            ],
            [
              89.29452626500006,
              23.3318822600001
            ],
            [
              89.29543599500016,
              23.331581506000077
            ],
            [
              89.29704510000016,
              23.331627124000136
            ],
            [
              89.29758354300003,
              23.331247911000105
            ],
            [
              89.29828633500011,
              23.33106137700014
            ],
            [
              89.298459191,
              23.331231710999987
            ],
            [
              89.29900183200004,
              23.331766436000123
            ],
            [
              89.29902528800005,
              23.331789550000053
            ],
            [
              89.2998533810001,
              23.331258073000072
            ],
            [
              89.30117493400013,
              23.331112676000032
            ],
            [
              89.30124062000004,
              23.331002321000028
            ],
            [
              89.30170014300012,
              23.331045674000165
            ],
            [
              89.30170355600012,
              23.330392632000155
            ],
            [
              89.302040239,
              23.329136342000083
            ],
            [
              89.30220728600005,
              23.328755459000092
            ],
            [
              89.30167443800002,
              23.328068864000045
            ],
            [
              89.30171769800006,
              23.327687429000036
            ],
            [
              89.30213112900009,
              23.32753571799998
            ],
            [
              89.30221424400014,
              23.32742318100003
            ],
            [
              89.30221583600007,
              23.327118337
            ],
            [
              89.30238227900008,
              23.326852616000167
            ],
            [
              89.30256962300012,
              23.32668183000004
            ],
            [
              89.30279690100008,
              23.326472834000185
            ],
            [
              89.30296785200011,
              23.32625335900002
            ],
            [
              89.30307311900003,
              23.326118212000154
            ],
            [
              89.30321231900018,
              23.325939500000118
            ],
            [
              89.30336729600015,
              23.325920836000137
            ],
            [
              89.30350165300013,
              23.325904654000055
            ],
            [
              89.30353934800019,
              23.326589045000105
            ],
            [
              89.30382539800019,
              23.327125497000054
            ],
            [
              89.30415788900007,
              23.326668569000105
            ],
            [
              89.30456754500005,
              23.3272417
            ],
            [
              89.30485717400012,
              23.32709169200001
            ],
            [
              89.30441241500017,
              23.325335131000088
            ],
            [
              89.30437253999997,
              23.32506849100008
            ],
            [
              89.30453877700018,
              23.32484115500006
            ],
            [
              89.30528169700017,
              23.324806064000086
            ],
            [
              89.3059422,
              23.32480899000018
            ],
            [
              89.30639904900005,
              23.324239700000135
            ],
            [
              89.30623959000013,
              23.32418946200005
            ],
            [
              89.30602828700012,
              23.324122892000048
            ],
            [
              89.30598919700009,
              23.323704961000033
            ],
            [
              89.30578377600006,
              23.32347371999998
            ],
            [
              89.30550768000012,
              23.323614819000056
            ],
            [
              89.30541910800008,
              23.32366008500003
            ],
            [
              89.30495754300017,
              23.323661997000045
            ],
            [
              89.30491766500006,
              23.323395360000063
            ],
            [
              89.30511511100008,
              23.32319328900013
            ],
            [
              89.30531898800012,
              23.322984636000058
            ],
            [
              89.30562485900015,
              23.322671686999968
            ],
            [
              89.30587125300008,
              23.322430787000144
            ],
            [
              89.30707377000004,
              23.322591451999983
            ],
            [
              89.3070458480002,
              23.321481019000032
            ],
            [
              89.30716899900017,
              23.321255262000136
            ],
            [
              89.30704325000016,
              23.318758188000118
            ],
            [
              89.30856673400012,
              23.318502506000073
            ],
            [
              89.30918788400015,
              23.318486126000153
            ],
            [
              89.30978714800017,
              23.31869907800018
            ],
            [
              89.31007194200015,
              23.31887623900019
            ],
            [
              89.31015549800009,
              23.318993218000173
            ],
            [
              89.31032678100019,
              23.319527034000146
            ],
            [
              89.31036134099998,
              23.31977606700002
            ],
            [
              89.31075342100013,
              23.322601218000102
            ],
            [
              89.31143325300008,
              23.323318029000177
            ],
            [
              89.31314544600008,
              23.324475212000095
            ],
            [
              89.31474138300001,
              23.3250712250001
            ],
            [
              89.31556488800004,
              23.32519323300005
            ],
            [
              89.31611689100015,
              23.324948076000112
            ],
            [
              89.31614469200008,
              23.324931789000118
            ],
            [
              89.31628619200006,
              23.324784421000174
            ],
            [
              89.31710383800004,
              23.323932851000052
            ],
            [
              89.3186476090001,
              23.32229869500003
            ],
            [
              89.31951309900012,
              23.320028313000137
            ],
            [
              89.31951549800004,
              23.31955712900003
            ],
            [
              89.31951656800015,
              23.31934712400016
            ],
            [
              89.31962398800016,
              23.318959187000132
            ],
            [
              89.31983858600017,
              23.318230733000064
            ],
            [
              89.32005262300004,
              23.31801051500014
            ],
            [
              89.32026258600007,
              23.317794488000118
            ],
            [
              89.32088861400018,
              23.31730293100003
            ],
            [
              89.32100335200005,
              23.317212837000056
            ],
            [
              89.32105662400005,
              23.31715678300003
            ],
            [
              89.32206345700013,
              23.31609737800005
            ],
            [
              89.32275236900011,
              23.31537096900007
            ],
            [
              89.32312644100017,
              23.31434963800001
            ],
            [
              89.32323434900019,
              23.313862341000117
            ],
            [
              89.32326537600017,
              23.313408584000115
            ],
            [
              89.323348163,
              23.312207598000043
            ],
            [
              89.32334889400016,
              23.312063078
            ],
            [
              89.32356347200016,
              23.311332362000144
            ],
            [
              89.32377748400012,
              23.31065357900019
            ],
            [
              89.32382804500008,
              23.310287624000182
            ],
            [
              89.32416068900011,
              23.307879946000128
            ],
            [
              89.32410803900018,
              23.307186190000095
            ],
            [
              89.32409235500012,
              23.30712994100014
            ],
            [
              89.32416647300005,
              23.307114175000095
            ],
            [
              89.32351163600015,
              23.304795331000037
            ],
            [
              89.32286722300017,
              23.303279818000192
            ],
            [
              89.32274227100015,
              23.302778824000086
            ],
            [
              89.3227150620001,
              23.302669731000037
            ],
            [
              89.32261453100006,
              23.30208376800016
            ],
            [
              89.32255214500003,
              23.30162941500015
            ],
            [
              89.32255353699998,
              23.30135458
            ],
            [
              89.32261553100017,
              23.301139207000062
            ],
            [
              89.32265119700008,
              23.301154883000095
            ],
            [
              89.3232566050001,
              23.300473346000103
            ],
            [
              89.32393173700018,
              23.299998274000075
            ],
            [
              89.32507162500013,
              23.29971639400003
            ],
            [
              89.32599743100019,
              23.299795129000074
            ],
            [
              89.32640357400015,
              23.299829667000097
            ],
            [
              89.3274870840001,
              23.300467646000186
            ],
            [
              89.32759488700003,
              23.300518517000057
            ],
            [
              89.328764837,
              23.301070600000173
            ],
            [
              89.3314366350001,
              23.302312823000022
            ],
            [
              89.33290639600011,
              23.303334798000094
            ],
            [
              89.33450442300011,
              23.304584347
            ],
            [
              89.33457007300018,
              23.304614687000026
            ],
            [
              89.3355060090002,
              23.30504722200004
            ],
            [
              89.33570486200006,
              23.30513911999998
            ],
            [
              89.33578753700004,
              23.305167651000147
            ],
            [
              89.33602159200012,
              23.305248424000183
            ],
            [
              89.3366030970002,
              23.30544910200007
            ],
            [
              89.33666449700013,
              23.305449362000104
            ],
            [
              89.3372975050001,
              23.305307516000084
            ],
            [
              89.33777427900009,
              23.304871447000153
            ],
            [
              89.3383390090001,
              23.303025075000164
            ],
            [
              89.33857788300014,
              23.302244070000086
            ],
            [
              89.33924333500016,
              23.300547720000054
            ],
            [
              89.33937824700013,
              23.30020379800004
            ],
            [
              89.33976134200009,
              23.29959795200017
            ],
            [
              89.33982119700016,
              23.29945654
            ],
            [
              89.34076006600014,
              23.29795483700019
            ],
            [
              89.34111200400014,
              23.29741858300008
            ],
            [
              89.3411899580002,
              23.297304533000045
            ],
            [
              89.34150109900008,
              23.2968070550001
            ],
            [
              89.34213967300019,
              23.296071873000187
            ],
            [
              89.34227371400016,
              23.295871013000067
            ],
            [
              89.34289035400019,
              23.294946974000084
            ],
            [
              89.34335331400013,
              23.29340024000004
            ],
            [
              89.3436973150001,
              23.292340345000184
            ],
            [
              89.34383667800017,
              23.29191094900017
            ],
            [
              89.34403101700013,
              23.29026749200017
            ],
            [
              89.34408641300013,
              23.28952206500003
            ],
            [
              89.34404979700014,
              23.288546822000114
            ],
            [
              89.343913349,
              23.286825502000113
            ],
            [
              89.34388462800001,
              23.28650350500004
            ],
            [
              89.34381525300006,
              23.28572572500019
            ],
            [
              89.34380879300005,
              23.284932241000092
            ],
            [
              89.34396711000011,
              23.28430196200003
            ],
            [
              89.34419636300015,
              23.283977890000074
            ],
            [
              89.34460071700005,
              23.283743660000027
            ],
            [
              89.34498100000013,
              23.283666231000097
            ],
            [
              89.34506983600005,
              23.28364814300005
            ],
            [
              89.34521683100002,
              23.283648757000094
            ],
            [
              89.34550963600003,
              23.283649978000085
            ],
            [
              89.34646438400017,
              23.283896809
            ],
            [
              89.34671321900004,
              23.284094516000096
            ],
            [
              89.34878541600017,
              23.285759596000048
            ],
            [
              89.3489395040001,
              23.28591078300002
            ],
            [
              89.34957229499997,
              23.286457876999975
            ],
            [
              89.34982834200014,
              23.286679247
            ],
            [
              89.3501262580001,
              23.286946648000026
            ],
            [
              89.35017609500005,
              23.286991379000085
            ],
            [
              89.35080837700013,
              23.287316637000174
            ],
            [
              89.35095863300012,
              23.28739782700012
            ],
            [
              89.35178894300009,
              23.287846476000027
            ],
            [
              89.35289652900008,
              23.28835200400016
            ],
            [
              89.35292738900011,
              23.288368083000137
            ],
            [
              89.35521333800017,
              23.289907503000165
            ],
            [
              89.35583453900017,
              23.290325824000035
            ],
            [
              89.35671195999998,
              23.29156955600007
            ],
            [
              89.35678966200004,
              23.29167969600013
            ],
            [
              89.35695629500003,
              23.29225869300018
            ],
            [
              89.35722367900013,
              23.29318776200006
            ],
            [
              89.35728785600003,
              23.293410753000103
            ],
            [
              89.35732626100014,
              23.29348804
            ],
            [
              89.35772210400012,
              23.294101625000053
            ],
            [
              89.35795749700014,
              23.29426025500004
            ],
            [
              89.35801177600007,
              23.294369485
            ],
            [
              89.35836755600019,
              23.29492095800009
            ],
            [
              89.3593076950001,
              23.29516147100003
            ],
            [
              89.35960023000007,
              23.295236307000152
            ],
            [
              89.3597564760002,
              23.295276278000188
            ],
            [
              89.36037561500018,
              23.295307406000063
            ],
            [
              89.36153598599998,
              23.29539824800014
            ],
            [
              89.36222222600009,
              23.295440669000186
            ],
            [
              89.36256726100015,
              23.295492447000015
            ],
            [
              89.3635949740002,
              23.295646665
            ],
            [
              89.36394660000013,
              23.295826655000155
            ],
            [
              89.36399421000016,
              23.295893720000095
            ],
            [
              89.36421532200018,
              23.296205186000122
            ],
            [
              89.364824151,
              23.298896964999983
            ],
            [
              89.36549946700012,
              23.301230385000167
            ],
            [
              89.36663117400002,
              23.302756618000046
            ],
            [
              89.36724774600009,
              23.30288547600003
            ],
            [
              89.36776326500018,
              23.30273992499997
            ],
            [
              89.36786201600012,
              23.302678720000188
            ],
            [
              89.36841200900005,
              23.302613423000025
            ],
            [
              89.36898537700006,
              23.30231861900012
            ],
            [
              89.36989870100012,
              23.301849014000084
            ],
            [
              89.3709482500002,
              23.301309357000093
            ],
            [
              89.37289227200012,
              23.300570639000114
            ],
            [
              89.37286851500016,
              23.300353170000108
            ],
            [
              89.37281449400007,
              23.2999279980001
            ],
            [
              89.37278159800019,
              23.299470674000133
            ],
            [
              89.37276387900005,
              23.29922433100006
            ],
            [
              89.37270696700011,
              23.298809677000065
            ],
            [
              89.37238910100012,
              23.296493704
            ],
            [
              89.3720241470001,
              23.295663490000038
            ],
            [
              89.37197219500007,
              23.29546907600013
            ],
            [
              89.37281651300015,
              23.29527825100007
            ],
            [
              89.37302918800009,
              23.294890695000163
            ],
            [
              89.37282176100007,
              23.29415821400005
            ],
            [
              89.37335025200014,
              23.293869020999978
            ],
            [
              89.3736179980001,
              23.292944234000117
            ],
            [
              89.37359339300014,
              23.292714895000074
            ],
            [
              89.37322232000008,
              23.289256011000077
            ],
            [
              89.37316356500008,
              23.288708323000037
            ],
            [
              89.37325300600008,
              23.288663515000053
            ],
            [
              89.37363894900017,
              23.288466337000102
            ],
            [
              89.37574403100007,
              23.289059599000154
            ],
            [
              89.37787018600005,
              23.28937192800015
            ],
            [
              89.37811398100007,
              23.289407739000183
            ],
            [
              89.37853189600008,
              23.289313649
            ],
            [
              89.3788532850001,
              23.289119362
            ],
            [
              89.37938008800012,
              23.289121446000024
            ],
            [
              89.37964559300013,
              23.28873408900006
            ],
            [
              89.37938301800017,
              23.288489167000023
            ],
            [
              89.37875079800006,
              23.288486663000185
            ],
            [
              89.37801330400015,
              23.288386641000045
            ],
            [
              89.3778055090001,
              23.288467728000114
            ],
            [
              89.37727430400014,
              23.288675016000013
            ],
            [
              89.3770133970001,
              23.28813878699998
            ],
            [
              89.37722914200009,
              23.287019584
            ],
            [
              89.37842056000011,
              23.2868747280001
            ],
            [
              89.37954942300019,
              23.286737471000038
            ],
            [
              89.38039157600014,
              23.28693500200012
            ],
            [
              89.38144645300008,
              23.286792382000044
            ],
            [
              89.38255043600003,
              23.287331925000046
            ],
            [
              89.38265630300003,
              23.287235238000108
            ],
            [
              89.38249944000006,
              23.286992994000116
            ],
            [
              89.38244837700006,
              23.286602127000037
            ],
            [
              89.38255447500012,
              23.286455762000116
            ],
            [
              89.38297615300019,
              23.286457421000136
            ],
            [
              89.38329285999998,
              23.28636156500005
            ],
            [
              89.38371655200007,
              23.285925139000142
            ],
            [
              89.38361158200007,
              23.28582762500008
            ],
            [
              89.38403586100009,
              23.285196997000128
            ],
            [
              89.3846177530001,
              23.284711515000083
            ],
            [
              89.38598840500003,
              23.28466946000009
            ],
            [
              89.38603933300016,
              23.283603439000103
            ],
            [
              89.38604654300019,
              23.28345252300005
            ],
            [
              89.38630993200007,
              23.283453554
            ],
            [
              89.38667927400007,
              23.283405319000053
            ],
            [
              89.38683345300012,
              23.284234675999983
            ],
            [
              89.387108076,
              23.284320189000027
            ],
            [
              89.38715461700008,
              23.28432321200006
            ],
            [
              89.38757418700015,
              23.28355559700003
            ],
            [
              89.38799852900007,
              23.28297238
            ],
            [
              89.39009752600009,
              23.283012995000092
            ],
            [
              89.39121306300012,
              23.283034568000176
            ],
            [
              89.39142668900001,
              23.282353418000127
            ],
            [
              89.39263816300007,
              23.28250489800007
            ],
            [
              89.3932726450002,
              23.28206926200005
            ],
            [
              89.39432148200018,
              23.281445052000095
            ],
            [
              89.394284,
              23.279783360000124
            ],
            [
              89.3951288450001,
              23.279447892000064
            ],
            [
              89.3961294770001,
              23.279596268999967
            ],
            [
              89.39691970700011,
              23.279648987000087
            ],
            [
              89.39727101800014,
              23.279585156000053
            ],
            [
              89.39771082500005,
              23.279505243000074
            ],
            [
              89.39803056200014,
              23.279092622000178
            ],
            [
              89.39808886400016,
              23.278313171000036
            ],
            [
              89.39882928900005,
              23.277683716000126
            ],
            [
              89.39907062100013,
              23.276638897000055
            ],
            [
              89.39964792199999,
              23.27678594000008
            ],
            [
              89.39994570300001,
              23.275497906999988
            ],
            [
              89.40055045800005,
              23.275425518000134
            ],
            [
              89.4010019960001,
              23.27496412100004
            ],
            [
              89.40147780000007,
              23.27467463
            ],
            [
              89.40282320400019,
              23.274241665000147
            ],
            [
              89.40324233200005,
              23.273944745000108
            ],
            [
              89.40340106700012,
              23.273831804000054
            ],
            [
              89.40377256400006,
              23.273223504000043
            ],
            [
              89.404248978,
              23.273106649000056
            ],
            [
              89.40435012500012,
              23.27308184000003
            ],
            [
              89.40498450800015,
              23.273252941000067
            ],
            [
              89.40621300100008,
              23.273499812000125
            ],
            [
              89.40745429000003,
              23.272410944000114
            ],
            [
              89.40777816500008,
              23.271852133000152
            ],
            [
              89.40784879300008,
              23.27185239900018
            ],
            [
              89.40970148800017,
              23.2718593780001
            ],
            [
              89.40989259600013,
              23.271543949000034
            ],
            [
              89.4098940950002,
              23.271202964000167
            ],
            [
              89.4093684500001,
              23.27088484000012
            ],
            [
              89.40935492300014,
              23.27080652900014
            ],
            [
              89.4091502620002,
              23.269621615000176
            ],
            [
              89.4091116350001,
              23.269397979000132
            ],
            [
              89.409299509,
              23.268572183
            ],
            [
              89.40948544200006,
              23.268256735000023
            ],
            [
              89.4106198240001,
              23.267920011000058
            ],
            [
              89.41275137000008,
              23.267878316000065
            ],
            [
              89.41327693000005,
              23.267866734000165
            ],
            [
              89.41337662100005,
              23.267864986
            ],
            [
              89.413816639,
              23.267858944000068
            ],
            [
              89.41409770299998,
              23.267908188000035
            ],
            [
              89.41433160100019,
              23.268638460999966
            ],
            [
              89.41504233000012,
              23.268763055000022
            ],
            [
              89.41520091700016,
              23.268619119000164
            ],
            [
              89.4151791050001,
              23.267596069999968
            ],
            [
              89.4156027460001,
              23.26713471500011
            ],
            [
              89.41652258900007,
              23.267648492000035
            ],
            [
              89.41683880500017,
              23.26764966600018
            ],
            [
              89.41721010500015,
              23.267068431000098
            ],
            [
              89.41763278700012,
              23.266826112000047
            ],
            [
              89.41802666500018,
              23.267094040000188
            ],
            [
              89.41826269100017,
              23.26733880200004
            ],
            [
              89.4184997750001,
              23.267339680000077
            ],
            [
              89.41863282100007,
              23.26709628700013
            ],
            [
              89.41863439800011,
              23.266732722000143
            ],
            [
              89.41860909200017,
              23.266439062000188
            ],
            [
              89.41926978800012,
              23.265980833000185
            ],
            [
              89.41993196600004,
              23.26517936100015
            ],
            [
              89.42014792000009,
              23.265200535000133
            ],
            [
              89.42019521600014,
              23.26520517300014
            ],
            [
              89.420614838,
              23.265667395000037
            ],
            [
              89.42093030900008,
              23.265840182000034
            ],
            [
              89.42119397700009,
              23.265768893000086
            ],
            [
              89.42135393000007,
              23.26530655099998
            ],
            [
              89.42140825700005,
              23.264965762000145
            ],
            [
              89.42180517899999,
              23.264529130000085
            ],
            [
              89.4218853590001,
              23.26428554100005
            ],
            [
              89.42175557400009,
              23.26384697000009
            ],
            [
              89.42178279300009,
              23.263628026000106
            ],
            [
              89.42204697700015,
              23.263507053000126
            ],
            [
              89.42267260400013,
              23.263240631000144
            ],
            [
              89.42278584900015,
              23.263193625000156
            ],
            [
              89.42294579200018,
              23.26273127800016
            ],
            [
              89.42368433100006,
              23.262564625000152
            ],
            [
              89.4240541280002,
              23.262322096000048
            ],
            [
              89.42408187000018,
              23.2619812100001
            ],
            [
              89.42379297300016,
              23.261810784000033
            ],
            [
              89.42345113100015,
              23.261662745000137
            ],
            [
              89.4235579970001,
              23.26132214800009
            ],
            [
              89.42458730200008,
              23.260887832000037
            ],
            [
              89.4246435030002,
              23.260036692000142
            ],
            [
              89.42413476200011,
              23.25784726400019
            ],
            [
              89.4245480580002,
              23.25774929000005
            ],
            [
              89.42534718400009,
              23.257808078000153
            ],
            [
              89.425813527,
              23.257799980000186
            ],
            [
              89.42594152400005,
              23.257797757000105
            ],
            [
              89.42601110700019,
              23.25779137600017
            ],
            [
              89.42607109400012,
              23.258016865000116
            ],
            [
              89.42629178000004,
              23.258039690000146
            ],
            [
              89.42676779600004,
              23.258022309000182
            ],
            [
              89.42737921500009,
              23.257795103000035
            ],
            [
              89.42813589000008,
              23.25747282600014
            ],
            [
              89.42891276400002,
              23.25726533599999
            ],
            [
              89.42953448200012,
              23.257047719000013
            ],
            [
              89.42979338500015,
              23.25699130000004
            ],
            [
              89.4303939190001,
              23.256888321000133
            ],
            [
              89.43073555100011,
              23.2568417600001
            ],
            [
              89.43105645000014,
              23.256804683000155
            ],
            [
              89.43143914300009,
              23.256834749000177
            ],
            [
              89.43194583100006,
              23.25690350100018
            ],
            [
              89.43211096700009,
              23.256999698000072
            ],
            [
              89.43229679700016,
              23.257095968000044
            ],
            [
              89.43250368300005,
              23.25710627500007
            ],
            [
              89.43278307500009,
              23.25709772500005
            ],
            [
              89.43294898100015,
              23.257012285000087
            ],
            [
              89.43322869700017,
              23.256927256000097
            ],
            [
              89.43354979700013,
              23.25684237600018
            ],
            [
              89.43390169400016,
              23.256814965000103
            ],
            [
              89.43413945800012,
              23.256863621000093
            ],
            [
              89.43447009700003,
              23.25696997100016
            ],
            [
              89.43532719300009,
              23.257365010000058
            ],
            [
              89.43569845600018,
              23.257653139000013
            ],
            [
              89.43605949500011,
              23.257912552999983
            ],
            [
              89.43624460500013,
              23.258180894000077
            ],
            [
              89.43647070000009,
              23.25854498000018
            ],
            [
              89.43661430600008,
              23.25884185100017
            ],
            [
              89.43679449700016,
              23.259060034000186
            ],
            [
              89.43682019100015,
              23.25909114600006
            ],
            [
              89.43699551999998,
              23.259225612000023
            ],
            [
              89.43729500800009,
              23.259360524000158
            ],
            [
              89.43765287600002,
              23.25951872200011
            ],
            [
              89.43768745500017,
              23.259534008000117
            ],
            [
              89.43818364900017,
              23.259640943000022
            ],
            [
              89.43827135800007,
              23.259661041000072
            ],
            [
              89.43860745700005,
              23.259738056000117
            ],
            [
              89.43907301300004,
              23.259749281000097
            ],
            [
              89.4395489960001,
              23.25974142000007
            ],
            [
              89.440294429,
              23.25962936000019
            ],
            [
              89.4413300810001,
              23.259394051000186
            ],
            [
              89.44167252900019,
              23.259273753000173
            ],
            [
              89.4418688990001,
              23.259204770000053
            ],
            [
              89.44194706300016,
              23.259176204000028
            ],
            [
              89.442283396,
              23.259053284000117
            ],
            [
              89.44272909200009,
              23.258863669000164
            ],
            [
              89.443091895,
              23.25870243900016
            ],
            [
              89.44345449899998,
              23.25858900600008
            ],
            [
              89.44380655700019,
              23.258523334000188
            ],
            [
              89.44408599200011,
              23.258505204000073
            ],
            [
              89.4445516240001,
              23.258497291000083
            ],
            [
              89.44492397800019,
              23.25852728700005
            ],
            [
              89.44583403600018,
              23.25863566000004
            ],
            [
              89.44635151800014,
              23.258599246000074
            ],
            [
              89.4465172990001,
              23.25854247200016
            ],
            [
              89.44680771100019,
              23.25837141700015
            ],
            [
              89.44698411400009,
              23.25824776000013
            ],
            [
              89.44701493800017,
              23.25822892900004
            ],
            [
              89.44726417900011,
              23.25807666800017
            ],
            [
              89.44753853300006,
              23.25796303700008
            ],
            [
              89.44758174700007,
              23.257952830000022
            ],
            [
              89.44762313400003,
              23.257952975000137
            ],
            [
              89.44765624900003,
              23.25795118100018
            ],
            [
              89.44769964100004,
              23.257966629
            ],
            [
              89.44773471800005,
              23.257991608000054
            ],
            [
              89.44780690600015,
              23.258049221000135
            ],
            [
              89.44784338300008,
              23.25808078700004
            ],
            [
              89.447896673,
              23.258116132000055
            ],
            [
              89.44792577400005,
              23.25814885200009
            ],
            [
              89.44845038400013,
              23.258738295000114
            ],
            [
              89.44918244200011,
              23.25918447000015
            ],
            [
              89.44965822800003,
              23.259279872000036
            ],
            [
              89.44990698600003,
              23.2593297520001
            ],
            [
              89.45096817200005,
              23.259053051000024
            ],
            [
              89.45141350200015,
              23.25893494200011
            ],
            [
              89.45166620600008,
              23.258867920000057
            ],
            [
              89.45232180600016,
              23.25869404000008
            ],
            [
              89.45335611100018,
              23.258419713000023
            ],
            [
              89.45484920600018,
              23.25829340900009
            ],
            [
              89.45502594300018,
              23.258392699000126
            ],
            [
              89.45502436500004,
              23.258781107000118
            ],
            [
              89.45502708600014,
              23.258826972000065
            ],
            [
              89.4547955750001,
              23.260080564000077
            ],
            [
              89.45470653600012,
              23.260562686000128
            ],
            [
              89.45469184200016,
              23.260644031000027
            ],
            [
              89.454619606,
              23.26101532900003
            ],
            [
              89.45452724400019,
              23.261655738000172
            ],
            [
              89.45451202599997,
              23.262025913000173
            ],
            [
              89.4544995490001,
              23.262549273000104
            ],
            [
              89.45449053400017,
              23.262731097000085
            ],
            [
              89.4545075530001,
              23.26280717800006
            ],
            [
              89.45453637300017,
              23.262875990000055
            ],
            [
              89.4546809040001,
              23.263115489000086
            ],
            [
              89.45492838100006,
              23.26348380700017
            ],
            [
              89.45510074800006,
              23.26374895300006
            ],
            [
              89.45522745100016,
              23.26387102200016
            ],
            [
              89.45538533900003,
              23.264023136000105
            ],
            [
              89.45556264300018,
              23.26415519900013
            ],
            [
              89.4556755820002,
              23.26421235200013
            ],
            [
              89.455762763,
              23.26424252800018
            ],
            [
              89.45586941800002,
              23.264254849
            ],
            [
              89.4559599540001,
              23.264255162000154
            ],
            [
              89.45604404700003,
              23.26424947800001
            ],
            [
              89.45610116600005,
              23.264230415000156
            ],
            [
              89.45640680200012,
              23.264006591999987
            ],
            [
              89.45672419100015,
              23.26371638100005
            ],
            [
              89.45719904600008,
              23.263546396000095
            ],
            [
              89.45744060000004,
              23.26350426
            ],
            [
              89.45788450700007,
              23.263426822000156
            ],
            [
              89.45810023800004,
              23.263494702000116
            ],
            [
              89.45823854700006,
              23.263538221000033
            ],
            [
              89.45851582400019,
              23.263625466000065
            ],
            [
              89.45862083400016,
              23.263722932000178
            ],
            [
              89.45867290300009,
              23.263917318000097
            ],
            [
              89.45869701700013,
              23.264452596000126
            ],
            [
              89.45777397800009,
              23.26469330100008
            ],
            [
              89.45788218800016,
              23.26653216400007
            ],
            [
              89.45789719000015,
              23.266787092000186
            ],
            [
              89.45844485200013,
              23.26678898199998
            ],
            [
              89.45863502600008,
              23.266789638000034
            ],
            [
              89.45890461400018,
              23.267115771000135
            ],
            [
              89.45915919600009,
              23.267423746000134
            ],
            [
              89.45950218300015,
              23.26730298300015
            ],
            [
              89.46008519000014,
              23.266453642000158
            ],
            [
              89.46055094300004,
              23.266490381999972
            ],
            [
              89.46060462800017,
              23.26649461600016
            ],
            [
              89.4607436980001,
              23.266505586000164
            ],
            [
              89.46095353600009,
              23.266747937000048
            ],
            [
              89.46168559500018,
              23.26678880700007
            ],
            [
              89.46190167999998,
              23.26680087000011
            ],
            [
              89.46205965200011,
              23.26687367300019
            ],
            [
              89.46213446100018,
              23.267341378000026
            ],
            [
              89.46218810500017,
              23.267678038000042
            ],
            [
              89.46205525500017,
              23.267968896000127
            ],
            [
              89.46186517600017,
              23.26804596300019
            ],
            [
              89.46181777600015,
              23.268065181000168
            ],
            [
              89.46134338500008,
              23.26804097200005
            ],
            [
              89.46102747200013,
              23.26803988800009
            ],
            [
              89.46105228300013,
              23.26840354500007
            ],
            [
              89.46128487100003,
              23.26952442000004
            ],
            [
              89.46123016600006,
              23.27005942700015
            ],
            [
              89.46043818400005,
              23.270447379000075
            ],
            [
              89.46063862000011,
              23.27179481200011
            ],
            [
              89.46067647200005,
              23.272049275000143
            ],
            [
              89.46074577900004,
              23.2725169630001
            ],
            [
              89.46092659700008,
              23.273443452000095
            ],
            [
              89.46092317200004,
              23.274294784
            ],
            [
              89.46115615900004,
              23.275318557000105
            ],
            [
              89.46131226800009,
              23.27577976800012
            ],
            [
              89.46150685200018,
              23.276025862000097
            ],
            [
              89.46241337300017,
              23.27717234300019
            ],
            [
              89.46230757300009,
              23.27726908699998
            ],
            [
              89.4615425340001,
              23.277557771999966
            ],
            [
              89.46180366300013,
              23.27811870500011
            ],
            [
              89.4621238100001,
              23.27844261500013
            ],
            [
              89.46246433700009,
              23.27878714400009
            ],
            [
              89.46298441200008,
              23.279315086999986
            ],
            [
              89.46330219200007,
              23.28062984800016
            ],
            [
              89.46337335500016,
              23.280924265000067
            ],
            [
              89.4630828940002,
              23.281045215000177
            ],
            [
              89.46276625300004,
              23.28114123200004
            ],
            [
              89.46271282000015,
              23.281360096000185
            ],
            [
              89.4628154150002,
              23.281726052000067
            ],
            [
              89.462927009,
              23.282124108000176
            ],
            [
              89.46313180100009,
              23.2828500170001
            ],
            [
              89.46325945700016,
              23.28303982200009
            ],
            [
              89.46344371800006,
              23.283114972000078
            ],
            [
              89.46437893400014,
              23.28307618200006
            ],
            [
              89.46455035200012,
              23.28306907199999
            ],
            [
              89.46470814500015,
              23.28319155400004
            ],
            [
              89.46502165700014,
              23.28380234000008
            ],
            [
              89.46525820500017,
              23.28402219200018
            ],
            [
              89.46541882000002,
              23.28462513100004
            ],
            [
              89.46549182200005,
              23.28489917500019
            ],
            [
              89.46717831800015,
              23.284807808000153
            ],
            [
              89.46737691900012,
              23.28484915500013
            ],
            [
              89.467652471,
              23.284906520000163
            ],
            [
              89.46878312000007,
              23.28669136300016
            ],
            [
              89.46882371800001,
              23.286755450000044
            ],
            [
              89.46938295700005,
              23.287053169000046
            ],
            [
              89.47059525200007,
              23.287032423000085
            ],
            [
              89.47075128900008,
              23.286990189000164
            ],
            [
              89.471087511,
              23.287316658000066
            ],
            [
              89.47117666800006,
              23.287269566000077
            ],
            [
              89.47145711100006,
              23.287121439000032
            ],
            [
              89.47367504400017,
              23.285936560000096
            ],
            [
              89.47519627200006,
              23.285363128000085
            ],
            [
              89.47533766900017,
              23.28530982700005
            ],
            [
              89.47768659000008,
              23.284369213000048
            ],
            [
              89.4785700330001,
              23.284434778000048
            ],
            [
              89.47885984400017,
              23.284456285000147
            ],
            [
              89.4789117310001,
              23.28446013700011
            ],
            [
              89.47898303500011,
              23.28446542800009
            ],
            [
              89.47905636000007,
              23.284470869000074
            ],
            [
              89.47992691800016,
              23.284157610000022
            ],
            [
              89.48136604700011,
              23.28372661800006
            ],
            [
              89.48131553200011,
              23.284118217000014
            ],
            [
              89.48118092400017,
              23.284563721000154
            ],
            [
              89.4805495810001,
              23.286806086000126
            ],
            [
              89.47964811500009,
              23.290007719000073
            ],
            [
              89.47883558500018,
              23.291967410000154
            ],
            [
              89.47880741100016,
              23.29203543200009
            ],
            [
              89.47858006000013,
              23.292584326
            ],
            [
              89.47789777700007,
              23.294231535000165
            ],
            [
              89.47787618100006,
              23.294283402000076
            ],
            [
              89.47787337300014,
              23.295003762000192
            ],
            [
              89.47828956500013,
              23.29555129300013
            ],
            [
              89.47961598000018,
              23.297296251999967
            ],
            [
              89.48009453999998,
              23.297925806000023
            ],
            [
              89.48010614800006,
              23.297998906000032
            ],
            [
              89.48102841000019,
              23.30010927100011
            ],
            [
              89.48116515900006,
              23.300422181000044
            ],
            [
              89.48123822800011,
              23.30074803800011
            ],
            [
              89.48191585400008,
              23.30376988000006
            ],
            [
              89.4819462170002,
              23.303916831000038
            ],
            [
              89.48212692100003,
              23.304791406
            ],
            [
              89.48222247100011,
              23.30513718000003
            ],
            [
              89.48261247100004,
              23.306876276000025
            ],
            [
              89.48274849,
              23.30748280100005
            ],
            [
              89.48277239300012,
              23.307589386000075
            ],
            [
              89.48305408900018,
              23.308845486000052
            ],
            [
              89.48356973100005,
              23.310590616000013
            ],
            [
              89.48366618200009,
              23.310689073000106
            ],
            [
              89.48451631600011,
              23.31251311000011
            ],
            [
              89.48611930100014,
              23.313844236000136
            ],
            [
              89.48618533600018,
              23.31389907100015
            ],
            [
              89.48690129699997,
              23.314287323000087
            ],
            [
              89.4883891570002,
              23.315094143000067
            ],
            [
              89.4910590840002,
              23.316258124
            ],
            [
              89.49106659100005,
              23.316507661000117
            ],
            [
              89.4910504360002,
              23.316672517000086
            ],
            [
              89.49110034700016,
              23.317025962000116
            ],
            [
              89.49057747300003,
              23.318002668000133
            ],
            [
              89.490430016,
              23.31827811400018
            ],
            [
              89.490082282,
              23.31919213800012
            ],
            [
              89.48999467600004,
              23.31925240400011
            ],
            [
              89.48974437300006,
              23.319424591000086
            ],
            [
              89.48960409400007,
              23.320060947000172
            ],
            [
              89.48912044800005,
              23.320249062000187
            ],
            [
              89.48891416200019,
              23.320125526000083
            ],
            [
              89.48863893400016,
              23.319960701000014
            ],
            [
              89.48825998600006,
              23.319864618000167
            ],
            [
              89.48794944900004,
              23.319863602000055
            ],
            [
              89.48771584400015,
              23.319942012000183
            ],
            [
              89.48756965100006,
              23.31999108100007
            ],
            [
              89.48729200600008,
              23.320498271000076
            ],
            [
              89.48734131200007,
              23.320793459000186
            ],
            [
              89.48749428900004,
              23.321709331000136
            ],
            [
              89.48687327400006,
              23.32177053200013
            ],
            [
              89.48746177400011,
              23.322989436000057
            ],
            [
              89.48748916700015,
              23.323046171000044
            ],
            [
              89.48717788400006,
              23.323237103000054
            ],
            [
              89.48673385500018,
              23.323159264000083
            ],
            [
              89.4866265440001,
              23.32314045100003
            ],
            [
              89.48655967300016,
              23.322566648000077
            ],
            [
              89.48655984200008,
              23.322522485000093
            ],
            [
              89.48656101300008,
              23.322216631000174
            ],
            [
              89.48641755400001,
              23.322216161000142
            ],
            [
              89.48625077800011,
              23.32221561199998
            ],
            [
              89.48590722800009,
              23.321896078
            ],
            [
              89.48583865000012,
              23.32176713800004
            ],
            [
              89.48570055500011,
              23.321829911000123
            ],
            [
              89.485630619,
              23.322053244000074
            ],
            [
              89.48572176500011,
              23.322265965000156
            ],
            [
              89.48576384100005,
              23.32236416
            ],
            [
              89.4859077390002,
              23.322503707000124
            ],
            [
              89.48593901000004,
              23.322532998000156
            ],
            [
              89.4859074740001,
              23.32257318300003
            ],
            [
              89.4857657730002,
              23.322753736000095
            ],
            [
              89.48498565000006,
              23.322079578000114
            ],
            [
              89.48476898900014,
              23.321892343000172
            ],
            [
              89.48423421000001,
              23.32162411500019
            ],
            [
              89.4838742410002,
              23.321442270000148
            ],
            [
              89.48332315800013,
              23.32141130300016
            ],
            [
              89.48208136900018,
              23.321341514000153
            ],
            [
              89.48097772900013,
              23.32140109300019
            ],
            [
              89.48093074899998,
              23.321418340000093
            ],
            [
              89.48032537000012,
              23.32145101600014
            ],
            [
              89.47980715900013,
              23.32164124400009
            ],
            [
              89.47901114600006,
              23.322370257000102
            ],
            [
              89.47722887000003,
              23.323622145000115
            ],
            [
              89.47716214100012,
              23.323743653000065
            ],
            [
              89.47694725700012,
              23.323465239000086
            ],
            [
              89.47628619300013,
              23.323291410000024
            ],
            [
              89.4761443270001,
              23.322755741000037
            ],
            [
              89.47662863800014,
              23.32240507800003
            ],
            [
              89.47618248500004,
              23.3218322620001
            ],
            [
              89.47600900800018,
              23.321889441999986
            ],
            [
              89.47580267500007,
              23.32195745100006
            ],
            [
              89.47574477800015,
              23.322157762000188
            ],
            [
              89.47562791899998,
              23.32256206500017
            ],
            [
              89.4750569680001,
              23.322330304000047
            ],
            [
              89.47484821000006,
              23.32224556300008
            ],
            [
              89.4747943210001,
              23.322114407000072
            ],
            [
              89.47469977700013,
              23.321827297000084
            ],
            [
              89.47473214900015,
              23.320915815000035
            ],
            [
              89.47473827000005,
              23.320743489000165
            ],
            [
              89.47436021599998,
              23.320423816000073
            ],
            [
              89.4741208100001,
              23.31997814700003
            ],
            [
              89.47415604600019,
              23.31972308799999
            ],
            [
              89.4741230680001,
              23.319404569000028
            ],
            [
              89.47405511900007,
              23.319117549000055
            ],
            [
              89.4738483220001,
              23.319085238000184
            ],
            [
              89.47367556400019,
              23.319179506000125
            ],
            [
              89.47357107200008,
              23.31940271700006
            ],
            [
              89.47347650600005,
              23.31951035500009
            ],
            [
              89.47343260700006,
              23.319560324
            ],
            [
              89.47253564000005,
              23.319686024000134
            ],
            [
              89.47243176300003,
              23.319659055000102
            ],
            [
              89.47215672100003,
              23.31958764800015
            ],
            [
              89.47201944400013,
              23.319365885000025
            ],
            [
              89.47202045200004,
              23.319110708000153
            ],
            [
              89.47202158800013,
              23.318823920000057
            ],
            [
              89.47188474600017,
              23.318568282
            ],
            [
              89.47145785100014,
              23.31839070100017
            ],
            [
              89.471351577,
              23.318753913000023
            ],
            [
              89.47133733400017,
              23.318814198000098
            ],
            [
              89.4712324030001,
              23.318618168000057
            ],
            [
              89.47080550900012,
              23.318440587
            ],
            [
              89.47061265700017,
              23.318360898000094
            ],
            [
              89.47047543700018,
              23.318202361000033
            ],
            [
              89.47044418500008,
              23.31737349600013
            ],
            [
              89.4701697050001,
              23.316990932000067
            ],
            [
              89.46999769200016,
              23.31695878000005
            ],
            [
              89.46982519500006,
              23.316926536000096
            ],
            [
              89.46946673000014,
              23.31698788799997
            ],
            [
              89.4693397650002,
              23.316841190000105
            ],
            [
              89.46930624200019,
              23.31658590000012
            ],
            [
              89.46910514300015,
              23.315119644000163
            ],
            [
              89.46886584400016,
              23.314576865000106
            ],
            [
              89.4686948600002,
              23.314226264000126
            ],
            [
              89.46845396800018,
              23.314162215000067
            ],
            [
              89.46783449700018,
              23.313841707
            ],
            [
              89.46728588500008,
              23.313074312000026
            ],
            [
              89.46704404700012,
              23.313170593000052
            ],
            [
              89.4668375230001,
              23.31307278700018
            ],
            [
              89.46673479700013,
              23.31285113500013
            ],
            [
              89.46673581800013,
              23.312595961000113
            ],
            [
              89.46663290100003,
              23.312498510000182
            ],
            [
              89.46628815100013,
              23.31249733500016
            ],
            [
              89.46525360200008,
              23.312493809000046
            ],
            [
              89.46442710200006,
              23.312206454000147
            ],
            [
              89.4643602050001,
              23.31166425600003
            ],
            [
              89.46411906500003,
              23.311663433000092
            ],
            [
              89.46393922900012,
              23.31169443200008
            ],
            [
              89.46384333800006,
              23.31159925999998
            ],
            [
              89.46377554000014,
              23.311280619
            ],
            [
              89.46367262800015,
              23.311183165000102
            ],
            [
              89.46350025400011,
              23.311182574000156
            ],
            [
              89.46325881200005,
              23.31118174800008
            ],
            [
              89.46265830400006,
              23.310484166000094
            ],
            [
              89.4623980130001,
              23.310458433
            ],
            [
              89.46209299400005,
              23.310645656000133
            ],
            [
              89.46195038900004,
              23.31073239700015
            ],
            [
              89.46188016800016,
              23.31101894800014
            ],
            [
              89.46191419100006,
              23.31114552500003
            ],
            [
              89.46187888500015,
              23.31133735200018
            ],
            [
              89.46111878600004,
              23.31171637700004
            ],
            [
              89.4572890570002,
              23.312213518000192
            ],
            [
              89.45719089900007,
              23.31219142300006
            ],
            [
              89.45656567600008,
              23.31205068400004
            ],
            [
              89.45649504500005,
              23.312059469000133
            ],
            [
              89.45627450500007,
              23.312103872000023
            ],
            [
              89.45609502800005,
              23.312141405000034
            ],
            [
              89.45591336800015,
              23.312100510999983
            ],
            [
              89.45584273600014,
              23.31210929600013
            ],
            [
              89.4556221950001,
              23.312153697000156
            ],
            [
              89.45543101300012,
              23.312193677000096
            ],
            [
              89.45538419900015,
              23.31221522200019
            ],
            [
              89.45487721500012,
              23.31178964200012
            ],
            [
              89.45445905700012,
              23.31180399500016
            ],
            [
              89.454034525,
              23.311819228000104
            ],
            [
              89.45332639800012,
              23.31184463700015
            ],
            [
              89.45239391600006,
              23.311878090000164
            ],
            [
              89.4523472370002,
              23.31190617599998
            ],
            [
              89.4517416130002,
              23.3119279
            ],
            [
              89.45042812800011,
              23.312718187000144
            ],
            [
              89.44970932500007,
              23.31307923600008
            ],
            [
              89.44954408799998,
              23.313163339000027
            ],
            [
              89.44950846700016,
              23.3133156400001
            ],
            [
              89.44945897600007,
              23.313606775000096
            ],
            [
              89.44931667500009,
              23.31469021000015
            ],
            [
              89.44931503800007,
              23.31508764700004
            ],
            [
              89.44935510600016,
              23.315432269000155
            ],
            [
              89.4493770250001,
              23.315620801000136
            ],
            [
              89.44947071900003,
              23.316544733
            ],
            [
              89.4498200480001,
              23.318034112000078
            ],
            [
              89.44992025000005,
              23.318603530000075
            ],
            [
              89.45009276200011,
              23.31883221300012
            ],
            [
              89.45018324700004,
              23.31920061800014
            ],
            [
              89.45019437100007,
              23.319245820000106
            ],
            [
              89.45012437500014,
              23.319469136000123
            ],
            [
              89.44970033400011,
              23.319718307000073
            ],
            [
              89.44969400700006,
              23.31977022300009
            ],
            [
              89.44966182500008,
              23.320163036000167
            ],
            [
              89.44947815600005,
              23.320528221000075
            ],
            [
              89.44901883800009,
              23.32080662300001
            ],
            [
              89.44905963900015,
              23.32166036400008
            ],
            [
              89.44895668600009,
              23.321870014000183
            ],
            [
              89.44859138100014,
              23.322178104000102
            ],
            [
              89.44864935900011,
              23.32279479500005
            ],
            [
              89.44882736200003,
              23.323804835000146
            ],
            [
              89.45017597100014,
              23.32560976500008
            ],
            [
              89.4500282750002,
              23.325563532000047
            ],
            [
              89.449689283,
              23.325717055999974
            ],
            [
              89.44943822100004,
              23.32626149700019
            ],
            [
              89.44985024400012,
              23.32671006600009
            ],
            [
              89.44992733300018,
              23.326938542000164
            ],
            [
              89.450259126,
              23.327921897000067
            ],
            [
              89.45111279600013,
              23.327924890000077
            ],
            [
              89.4513625670001,
              23.3279257640001
            ],
            [
              89.45229730500017,
              23.327808120000157
            ],
            [
              89.45284642800004,
              23.327739005000012
            ],
            [
              89.45301869000008,
              23.327771222000138
            ],
            [
              89.453116792,
              23.329045188
            ],
            [
              89.45266542200017,
              23.329840756000124
            ],
            [
              89.45266294200013,
              23.330445941
            ],
            [
              89.45300096400001,
              23.332102382000187
            ],
            [
              89.45303315300009,
              23.33267607600004
            ],
            [
              89.4530309330001,
              23.333218038000155
            ],
            [
              89.45320190000012,
              23.33356865500008
            ],
            [
              89.453409883,
              23.333763584000167
            ],
            [
              89.45346124700018,
              23.333836026000085
            ],
            [
              89.45191983400008,
              23.33499587000017
            ],
            [
              89.45188398300007,
              23.335314148
            ],
            [
              89.45194770400008,
              23.33662186600003
            ],
            [
              89.45180879100008,
              23.336876556000163
            ],
            [
              89.45097956600011,
              23.337223671000174
            ],
            [
              89.4509191620001,
              23.33702563900016
            ],
            [
              89.45070719800015,
              23.336330732000135
            ],
            [
              89.45046811800006,
              23.335819540999978
            ],
            [
              89.44946858500003,
              23.33565795800007
            ],
            [
              89.4487112010001,
              23.33533688700004
            ],
            [
              89.44818812200009,
              23.33544150000006
            ],
            [
              89.44805878000005,
              23.335386668000183
            ],
            [
              89.4480126750002,
              23.33539588800005
            ],
            [
              89.44748725500006,
              23.335500967000087
            ],
            [
              89.44739900000013,
              23.335682284000086
            ],
            [
              89.44722594300015,
              23.33583974700008
            ],
            [
              89.44732825200015,
              23.336158513000157
            ],
            [
              89.44784492899998,
              23.336289053000144
            ],
            [
              89.44849584300005,
              23.33737302000003
            ],
            [
              89.44828678800008,
              23.337882636000074
            ],
            [
              89.44776755400011,
              23.33829405500012
            ],
            [
              89.44742898100003,
              23.3380951420001
            ],
            [
              89.44711405100009,
              23.33791011700015
            ],
            [
              89.44673772400017,
              23.337177131999965
            ],
            [
              89.44660352200003,
              23.33621918400013
            ],
            [
              89.44660448800016,
              23.335986014000184
            ],
            [
              89.4466050060002,
              23.335860870000147
            ],
            [
              89.44660760800002,
              23.335232369000096
            ],
            [
              89.4468165310002,
              23.33475662899997
            ],
            [
              89.44644088100017,
              23.333863313000165
            ],
            [
              89.44587806200008,
              23.33412614800011
            ],
            [
              89.4457884680001,
              23.333913084000073
            ],
            [
              89.44423351000006,
              23.334639230000107
            ],
            [
              89.44412793500015,
              23.335180819000072
            ],
            [
              89.44446942100012,
              23.33597917500009
            ],
            [
              89.44443448599998,
              23.336073896000187
            ],
            [
              89.44419286800007,
              23.33610465300012
            ],
            [
              89.44405434700008,
              23.336262233000014
            ],
            [
              89.44402429900009,
              23.33653071300006
            ],
            [
              89.44401847300014,
              23.33658277100011
            ],
            [
              89.44325976900006,
              23.33658007300005
            ],
            [
              89.44333191200008,
              23.33584641900012
            ],
            [
              89.44316242899998,
              23.335145776000104
            ],
            [
              89.44306004300006,
              23.335145412000088
            ],
            [
              89.44298971900008,
              23.33514516200006
            ],
            [
              89.44210628400009,
              23.335221055000034
            ],
            [
              89.44192036700008,
              23.335236201000043
            ],
            [
              89.4409524570001,
              23.335774715000014
            ],
            [
              89.44081376200012,
              23.335900679000133
            ],
            [
              89.44091538500004,
              23.33637977700016
            ],
            [
              89.44063815100003,
              23.33666557700019
            ],
            [
              89.44079897600011,
              23.337022946
            ],
            [
              89.44040110700013,
              23.337236217000168
            ],
            [
              89.44022145900004,
              23.337332514000025
            ],
            [
              89.43960785300004,
              23.337272094000184
            ],
            [
              89.4392219670001,
              23.33723409600009
            ],
            [
              89.43846189300012,
              23.337484288000155
            ],
            [
              89.43780493100007,
              23.337929053000096
            ],
            [
              89.43731859000007,
              23.338724448000107
            ],
            [
              89.43568101500006,
              23.340315281000187
            ],
            [
              89.43489593000004,
              23.34068938100006
            ],
            [
              89.43444603500018,
              23.341101006000088
            ],
            [
              89.43354588900013,
              23.34186327800012
            ],
            [
              89.43326678200003,
              23.34265714900016
            ],
            [
              89.43278012900004,
              23.343515757000148
            ],
            [
              89.43260703700008,
              23.34367546300001
            ],
            [
              89.43236499600005,
              23.34380104400003
            ],
            [
              89.432260585,
              23.34405584000018
            ],
            [
              89.43239736900011,
              23.34431151200016
            ],
            [
              89.43239642900005,
              23.34453281100008
            ],
            [
              89.43232698800011,
              23.344754214000034
            ],
            [
              89.43187728400017,
              23.34497804900019
            ],
            [
              89.43145160900002,
              23.344607398000164
            ],
            [
              89.43136163700007,
              23.344529056000056
            ],
            [
              89.43039498100018,
              23.344749103000026
            ],
            [
              89.43028798400013,
              23.345609084000046
            ],
            [
              89.42855970300002,
              23.346494768000184
            ],
            [
              89.42797268400005,
              23.34665069900018
            ],
            [
              89.4278682260001,
              23.34684226200011
            ],
            [
              89.427935682,
              23.347224141000027
            ],
            [
              89.42800364600015,
              23.347416334
            ],
            [
              89.42754252200018,
              23.34778512600019
            ],
            [
              89.42744993700006,
              23.347859172000085
            ],
            [
              89.42737899600013,
              23.347856085000103
            ],
            [
              89.42758392900015,
              23.34809438200017
            ],
            [
              89.42730705000002,
              23.348285315000055
            ],
            [
              89.42696153500015,
              23.34844212800016
            ],
            [
              89.42664945600018,
              23.34885648900007
            ],
            [
              89.42640794500016,
              23.348855604999983
            ],
            [
              89.42610656600004,
              23.34876065800006
            ],
            [
              89.42599697300011,
              23.348906168000042
            ],
            [
              89.4257554620001,
              23.348905281000043
            ],
            [
              89.42565504700008,
              23.348873646000186
            ],
            [
              89.42534208600017,
              23.348775048
            ],
            [
              89.42454726500006,
              23.34912214900004
            ],
            [
              89.42268361000015,
              23.349338846000137
            ],
            [
              89.42248843600015,
              23.350017709000042
            ],
            [
              89.42247348200016,
              23.350069721000125
            ],
            [
              89.42218464700017,
              23.35006865500003
            ],
            [
              89.42168015800007,
              23.35006679200012
            ],
            [
              89.42095482300016,
              23.35031928700016
            ],
            [
              89.42108301800005,
              23.350862866000114
            ],
            [
              89.42109021100003,
              23.35089336800013
            ],
            [
              89.42075927600007,
              23.35090297500011
            ],
            [
              89.42012432500019,
              23.350921407000044
            ],
            [
              89.41949887500016,
              23.35203462800007
            ],
            [
              89.41973756900018,
              23.352543605000164
            ],
            [
              89.42122162600015,
              23.352454257000034
            ],
            [
              89.42142665900013,
              23.35290213400009
            ],
            [
              89.42142376000015,
              23.35357054400015
            ],
            [
              89.4212140260002,
              23.35420657500009
            ],
            [
              89.4213820380001,
              23.35522563500001
            ],
            [
              89.42200727400012,
              23.35507935600009
            ],
            [
              89.42202737600019,
              23.355132455000103
            ],
            [
              89.42204309700014,
              23.35517398200011
            ],
            [
              89.42265978700004,
              23.355029698000067
            ],
            [
              89.42286079800004,
              23.355560661000027
            ],
            [
              89.42306631399998,
              23.356582333000176
            ],
            [
              89.42336721200019,
              23.358078143000114
            ],
            [
              89.42377401400012,
              23.359737144000178
            ],
            [
              89.42397714200007,
              23.36062987300005
            ],
            [
              89.4243516210002,
              23.361776149000036
            ],
            [
              89.42455557700004,
              23.362479195000105
            ],
            [
              89.42389302800018,
              23.36269127999998
            ],
            [
              89.42141212500019,
              23.363486040000055
            ],
            [
              89.42089453400007,
              23.36354735600014
            ],
            [
              89.42082985200005,
              23.363513175000037
            ],
            [
              89.42065354600004,
              23.36342000400009
            ],
            [
              89.42065493100006,
              23.36310160700009
            ],
            [
              89.41923720900019,
              23.36309635500004
            ],
            [
              89.41920602300007,
              23.36309623800014
            ],
            [
              89.41886267200016,
              23.36274494999998
            ],
            [
              89.41810986000007,
              23.362690212000075
            ],
            [
              89.41796283500008,
              23.36240061700005
            ],
            [
              89.41749572400005,
              23.361405283000067
            ],
            [
              89.41707544400009,
              23.360452417000147
            ],
            [
              89.41654319600013,
              23.360428295000077
            ],
            [
              89.41640091600004,
              23.360452192000025
            ],
            [
              89.41595037300016,
              23.36052786600004
            ],
            [
              89.41510673300019,
              23.360899572000108
            ],
            [
              89.41318483100014,
              23.36138917500017
            ],
            [
              89.41200457200011,
              23.361757345000115
            ],
            [
              89.41196344300016,
              23.361810654000124
            ],
            [
              89.41159805900014,
              23.362284230000057
            ],
            [
              89.41212895700016,
              23.36405889399998
            ],
            [
              89.40936583600006,
              23.364421092000157
            ],
            [
              89.40700105500008,
              23.365067018000104
            ],
            [
              89.40636458800009,
              23.365249775000052
            ],
            [
              89.40630334500008,
              23.36521180300008
            ],
            [
              89.40601433000006,
              23.365276723000136
            ],
            [
              89.40586171800004,
              23.365256377000037
            ],
            [
              89.40558271400005,
              23.365219178000075
            ],
            [
              89.40523595500008,
              23.36505797899997
            ],
            [
              89.40500170300004,
              23.36494908100002
            ],
            [
              89.40480430900004,
              23.36485731800019
            ],
            [
              89.4047090360001,
              23.36498617799998
            ],
            [
              89.40426899800008,
              23.365411294000182
            ],
            [
              89.4038237530001,
              23.365974146000042
            ],
            [
              89.40318647700013,
              23.366814012000077
            ],
            [
              89.40273792400006,
              23.367431039000053
            ],
            [
              89.40233466700016,
              23.36831018600003
            ],
            [
              89.40182086100009,
              23.369430534
            ],
            [
              89.40139088300009,
              23.37040216200012
            ],
            [
              89.40128612800004,
              23.37071564600012
            ],
            [
              89.4012998440001,
              23.371065716000146
            ],
            [
              89.40134124900004,
              23.372127211000134
            ],
            [
              89.40119741600012,
              23.372426999000027
            ],
            [
              89.40063079200013,
              23.373115828000095
            ],
            [
              89.39926303400011,
              23.37396330000007
            ],
            [
              89.39859878400006,
              23.374374864
            ],
            [
              89.3975952890001,
              23.375041677000013
            ],
            [
              89.39669761500005,
              23.375227903000166
            ],
            [
              89.39648974300007,
              23.37541904699998
            ],
            [
              89.39638538800006,
              23.375639946000035
            ],
            [
              89.39638480400004,
              23.375768658000027
            ],
            [
              89.39651840500017,
              23.376055956000187
            ],
            [
              89.39717065000019,
              23.377458540000077
            ],
            [
              89.39761617700003,
              23.378065443000082
            ],
            [
              89.3984417690001,
              23.378610585000104
            ],
            [
              89.39978474100002,
              23.379157702000157
            ],
            [
              89.40009484100011,
              23.379425160000096
            ],
            [
              89.40026600900006,
              23.3795727910001
            ],
            [
              89.40047130500017,
              23.37995521000005
            ],
            [
              89.4003940720001,
              23.38062197199997
            ],
            [
              89.40032750400007,
              23.381196649
            ],
            [
              89.40013826000006,
              23.382108734999974
            ],
            [
              89.40011589400018,
              23.382216530000107
            ],
            [
              89.39992601699998,
              23.382726854000055
            ],
            [
              89.3993825980001,
              23.384187351000037
            ],
            [
              89.39938189500009,
              23.38434299200003
            ],
            [
              89.39938638200005,
              23.384620191000124
            ],
            [
              89.39941656500014,
              23.384724928000026
            ],
            [
              89.40001239200012,
              23.38680257600015
            ],
            [
              89.39998584200009,
              23.386956554999983
            ],
            [
              89.39992120600004,
              23.387152132000097
            ],
            [
              89.39960853300005,
              23.387659021000047
            ],
            [
              89.39953798600015,
              23.38797714900005
            ],
            [
              89.39958991200018,
              23.38863558899999
            ],
            [
              89.3996296750002,
              23.388763702000062
            ],
            [
              89.39963651200014,
              23.390002336
            ],
            [
              89.39958567800016,
              23.39007498000018
            ],
            [
              89.39958100600018,
              23.39024763200007
            ],
            [
              89.39963877100007,
              23.39097924600003
            ],
            [
              89.39967465100017,
              23.391165828
            ],
            [
              89.40010004400011,
              23.392459229
            ],
            [
              89.40007744400003,
              23.392816689000085
            ],
            [
              89.399966995,
              23.393019318000086
            ],
            [
              89.39984619700016,
              23.39324093400012
            ],
            [
              89.39936466900008,
              23.393589056000167
            ],
            [
              89.39867104600017,
              23.393941794
            ],
            [
              89.39633397800009,
              23.394582573000037
            ],
            [
              89.39612249600015,
              23.39460963600004
            ],
            [
              89.39506707800007,
              23.394744688
            ],
            [
              89.3938913820001,
              23.39469847700019
            ],
            [
              89.39320033200016,
              23.39443908900006
            ],
            [
              89.39297190500014,
              23.393984739000132
            ],
            [
              89.39278466400003,
              23.393612309000048
            ],
            [
              89.39295926000011,
              23.389980257000047
            ],
            [
              89.39255444700007,
              23.386973436000062
            ],
            [
              89.39259095400018,
              23.38694855500006
            ],
            [
              89.39120907200004,
              23.386320588000046
            ],
            [
              89.391097995,
              23.386241290000044
            ],
            [
              89.39104354200003,
              23.386159830000054
            ],
            [
              89.38969363100017,
              23.38339806800019
            ],
            [
              89.38965503000009,
              23.383313270000087
            ],
            [
              89.38937659500004,
              23.383050546
            ],
            [
              89.38904812300007,
              23.38274060600014
            ],
            [
              89.38874756800016,
              23.382457007000028
            ],
            [
              89.388005438,
              23.38217732800007
            ],
            [
              89.38715090200003,
              23.382229160000065
            ],
            [
              89.38580159500003,
              23.382412729000066
            ],
            [
              89.38414225200012,
              23.382589109000094
            ],
            [
              89.383669833,
              23.382614460000184
            ],
            [
              89.3819674820001,
              23.382705800999986
            ],
            [
              89.37902400000013,
              23.383520595000107
            ],
            [
              89.37825021400005,
              23.38345492300016
            ],
            [
              89.37767415800016,
              23.38277334300011
            ],
            [
              89.37737274800008,
              23.380290678000108
            ],
            [
              89.37620711300019,
              23.379684590000068
            ],
            [
              89.37605269800014,
              23.379603551000173
            ],
            [
              89.3754934660002,
              23.379310057000055
            ],
            [
              89.37499104900013,
              23.378773368000168
            ],
            [
              89.37465468800008,
              23.37783482800012
            ],
            [
              89.37413359100003,
              23.37703518900014
            ],
            [
              89.3732410680002,
              23.37658490100017
            ],
            [
              89.37319102800012,
              23.376587480000126
            ],
            [
              89.37295312800018,
              23.376599738000095
            ],
            [
              89.37268276500009,
              23.37661366900005
            ],
            [
              89.37253567099998,
              23.376621249000152
            ],
            [
              89.37228323700009,
              23.376634256000102
            ],
            [
              89.36988156300015,
              23.37843992500018
            ],
            [
              89.36647661800004,
              23.380693045999976
            ],
            [
              89.36629348600019,
              23.380814224000062
            ],
            [
              89.3662938720002,
              23.380733047000035
            ],
            [
              89.36600694800006,
              23.380795851000073
            ],
            [
              89.36542380900005,
              23.380944563000128
            ],
            [
              89.36484926600002,
              23.381510752000167
            ],
            [
              89.36459009000009,
              23.381769688000077
            ],
            [
              89.36467154400009,
              23.38257344100009
            ],
            [
              89.36562907100017,
              23.384619461000057
            ],
            [
              89.36593476300004,
              23.385542983000107
            ],
            [
              89.36598535200005,
              23.386270579999973
            ],
            [
              89.366124366,
              23.389313871000184
            ],
            [
              89.3661442940001,
              23.38942154400013
            ],
            [
              89.36616542300015,
              23.38953617100009
            ],
            [
              89.36623551800017,
              23.389916450000044
            ],
            [
              89.3665073360001,
              23.391082758000096
            ],
            [
              89.36652252300019,
              23.391147908000107
            ],
            [
              89.36661852300017,
              23.39238324400003
            ],
            [
              89.36620385400005,
              23.39333460300014
            ],
            [
              89.36564401400005,
              23.393732764000106
            ],
            [
              89.3629544580001,
              23.394768100000192
            ],
            [
              89.36265914200004,
              23.394881778000183
            ],
            [
              89.36010689300014,
              23.396086121000053
            ],
            [
              89.35981155700006,
              23.396225478000133
            ],
            [
              89.35947000500005,
              23.396440726000037
            ],
            [
              89.3578024090001,
              23.397314047000066
            ],
            [
              89.35776766400011,
              23.397285236000073
            ],
            [
              89.35762233300011,
              23.397408352000127
            ],
            [
              89.3561306410001,
              23.398829600000113
            ],
            [
              89.35569888700013,
              23.39949794
            ],
            [
              89.355301586,
              23.400864816000137
            ],
            [
              89.35500233700003,
              23.401894333000143
            ],
            [
              89.35502158300005,
              23.403481960000136
            ],
            [
              89.35503065200015,
              23.404230145000156
            ],
            [
              89.3550484660002,
              23.405699629000026
            ],
            [
              89.35484487700018,
              23.407938142999967
            ],
            [
              89.35448501600013,
              23.408777610000072
            ],
            [
              89.35438908000003,
              23.409001401000012
            ],
            [
              89.35371281400018,
              23.409618011000077
            ],
            [
              89.35070982000008,
              23.410893620000024
            ],
            [
              89.35055835900005,
              23.41091035900007
            ],
            [
              89.34750880500013,
              23.411210208000114
            ],
            [
              89.34687746400004,
              23.411266122000086
            ],
            [
              89.34639059700015,
              23.411294350000105
            ],
            [
              89.34282799300007,
              23.411500859000057
            ],
            [
              89.34185834800007,
              23.411535912000033
            ],
            [
              89.34168943200012,
              23.4115420170001
            ],
            [
              89.33845660400016,
              23.411770365000166
            ],
            [
              89.33830455300011,
              23.41178110300018
            ],
            [
              89.3363292480002,
              23.412337700000137
            ],
            [
              89.33591405600009,
              23.412454688000025
            ],
            [
              89.33431742300007,
              23.412904556000115
            ],
            [
              89.3323192000002,
              23.413866106000114
            ],
            [
              89.33154558100006,
              23.414238362000162
            ],
            [
              89.32996730600013,
              23.414997790000143
            ],
            [
              89.32922159400005,
              23.41547654900006
            ],
            [
              89.32832203800007,
              23.416054068000108
            ],
            [
              89.32828109600007,
              23.416069835000087
            ],
            [
              89.32748134200011,
              23.416888356000072
            ],
            [
              89.32679013000012,
              23.417786375
            ],
            [
              89.32635187100004,
              23.418683224000063
            ],
            [
              89.32605711100018,
              23.41975004900013
            ],
            [
              89.32597630000015,
              23.421452332
            ],
            [
              89.32621804000007,
              23.422246676000043
            ],
            [
              89.32640293300017,
              23.42285421400004
            ],
            [
              89.32688360700013,
              23.423733759000072
            ],
            [
              89.32729851900018,
              23.424492962999977
            ],
            [
              89.32725804000012,
              23.425359911000157
            ],
            [
              89.3268163960002,
              23.42685966700003
            ],
            [
              89.32656904200013,
              23.427226616000155
            ],
            [
              89.32529286700014,
              23.430788742000175
            ],
            [
              89.32493433900015,
              23.431447582000146
            ],
            [
              89.32467859600007,
              23.43182826000003
            ],
            [
              89.32452194200005,
              23.432061442000133
            ],
            [
              89.32440512400018,
              23.432234809000192
            ],
            [
              89.3242240080001,
              23.432299513000032
            ],
            [
              89.32414302500007,
              23.432283354
            ],
            [
              89.32392000800019,
              23.432241522000083
            ],
            [
              89.32337674900009,
              23.432139620000044
            ],
            [
              89.32296001000014,
              23.432061448000127
            ],
            [
              89.32212927100005,
              23.431924617000107
            ],
            [
              89.32172057800011,
              23.432014021000043
            ],
            [
              89.32093492500019,
              23.432185886000127
            ],
            [
              89.32051522100011,
              23.432184060000168
            ],
            [
              89.32032038400007,
              23.432183212000098
            ],
            [
              89.31916434800013,
              23.432011070000044
            ],
            [
              89.3170853330002,
              23.431735535000087
            ],
            [
              89.31616568900012,
              23.43124164900007
            ],
            [
              89.31343035200018,
              23.433194873000048
            ],
            [
              89.31229609600013,
              23.433748458000082
            ],
            [
              89.31205867400018,
              23.433919189999983
            ],
            [
              89.31108543100004,
              23.434732599000085
            ],
            [
              89.30785574700019,
              23.437167181000063
            ],
            [
              89.30759865800013,
              23.43736097200002
            ],
            [
              89.30726873400016,
              23.437694749
            ],
            [
              89.30689540100013,
              23.438072439
            ],
            [
              89.3060394580001,
              23.43893836000018
            ],
            [
              89.30525689500007,
              23.43973003100001
            ],
            [
              89.30459894299997,
              23.440325343000097
            ],
            [
              89.30352479800018,
              23.440450505000115
            ],
            [
              89.30342656300013,
              23.44046195100003
            ],
            [
              89.3033165870001,
              23.440474765000033
            ],
            [
              89.30328389600015,
              23.440499385000066
            ],
            [
              89.30285172700019,
              23.440131639000015
            ],
            [
              89.30263746800017,
              23.439629379000053
            ],
            [
              89.30213762199998,
              23.438459697999974
            ],
            [
              89.30200888900009,
              23.438332668000157
            ],
            [
              89.3014902920001,
              23.437822271000073
            ],
            [
              89.30087612300014,
              23.437686292000137
            ],
            [
              89.29993666400014,
              23.437575481000124
            ],
            [
              89.29852787300018,
              23.43740930100006
            ],
            [
              89.29829195000013,
              23.437318976000086
            ],
            [
              89.29773410700005,
              23.437105402000043
            ],
            [
              89.29522332200008,
              23.435504895
            ],
            [
              89.29434517400006,
              23.43494509900006
            ],
            [
              89.29383471100004,
              23.434619688000055
            ],
            [
              89.29343552600011,
              23.43450046000015
            ],
            [
              89.29278955900003,
              23.435515949000035
            ],
            [
              89.29437387200011,
              23.436722174000124
            ],
            [
              89.294551823,
              23.43725815300013
            ],
            [
              89.29545564000011,
              23.437228364000077
            ],
            [
              89.29552531600018,
              23.437761596000144
            ],
            [
              89.2954450360001,
              23.43922900800004
            ],
            [
              89.2950819850002,
              23.439561573000105
            ],
            [
              89.29515134300004,
              23.440097057
            ],
            [
              89.29496524000001,
              23.441096565000123
            ],
            [
              89.29490060400019,
              23.441554468999982
            ],
            [
              89.29481488700014,
              23.442161717000147
            ],
            [
              89.29452561900018,
              23.44219428000008
            ],
            [
              89.29427085100002,
              23.44252732900003
            ],
            [
              89.29432193800011,
              23.44298976300007
            ],
            [
              89.29433209900014,
              23.44308174000014
            ],
            [
              89.29434814800015,
              23.443227009000168
            ],
            [
              89.29437164500001,
              23.443463580000127
            ],
            [
              89.29401187800005,
              23.443594248000124
            ],
            [
              89.29314521200007,
              23.44335775600007
            ],
            [
              89.29264026500016,
              23.443219966000015
            ],
            [
              89.29210201100017,
              23.443899616000124
            ]
          ]
        ]
      }
    }
  ]
}