{
  "type": "FeatureCollection",
  "features": [
    {
      "type": "Feature",
      "properties": {
        "adm3_name": "Kaliganj",
        "adm3_name1": null,
        "adm3_name2": null,
        "adm3_name3": null,
        "adm3_pcode": "BD40870047",
        "adm2_name": "Satkhira",
        "adm2_name1": null,
        "adm2_name2": null,
        "adm2_name3": null,
        "adm2_pcode": "BD4087",
        "adm1_name": "Khulna",
        "adm1_name1": null,
        "adm1_name2": null,
        "adm1_name3": null,
        "adm1_pcode": "BD40",
        "adm0_name": "Bangladesh",
        "adm0_name1": null,
        "adm0_name2": null,
        "adm0_name3": null,
        "adm0_pcode": "BD",
        "valid_on": "2023-05-21",
        "valid_to": null,
        "area_sqkm": 330.10936754,
        "version": "v03",
        "lang": "en",
        "lang1": null,
        "lang2": null,
        "lang3": null,
        "adm3_ref_name": null,
        "center_lat": 22.44743606,
        "center_lon": 89.06238055
      },
      "geometry": {
        "type": "Polygon",
        "coordinates": [
          [
            [
              89.07076811900009,
              22.558927050000023
            ],
            [
              89.07003908700017,
              22.560002289000067
            ],
            [
              89.06934584400011,
              22.56040702600012
            ],
            [
              89.06868488900005,
              22.56066515800012
            ],
            [
              89.0675521,
              22.561123795000185
            ],
            [
              89.06651438400013,
              22.561409093000123
            ],
            [
              89.06541306800017,
              22.56184079900015
            ],
            [
              89.06503474400012,
              22.562100558000054
            ],
            [
              89.06481245000003,
              22.562478655000177
            ],
            [
              89.06480949700006,
              22.562916742000084
            ],
            [
              89.06499282800019,
              22.563674330000083
            ],
            [
              89.06492696200007,
              22.56411205200004
            ],
            [
              89.0644864190001,
              22.564312732000133
            ],
            [
              89.06376340600008,
              22.564484670000127
            ],
            [
              89.06305913300014,
              22.564655679000168
            ],
            [
              89.0629459920001,
              22.564683152000043
            ],
            [
              89.06212640600017,
              22.565202289000126
            ],
            [
              89.06073935000018,
              22.566126858000132
            ],
            [
              89.05974568900007,
              22.566048782000053
            ],
            [
              89.05970048000017,
              22.565984948000107
            ],
            [
              89.05949117800009,
              22.565968501999976
            ],
            [
              89.05904599600018,
              22.56533989900015
            ],
            [
              89.05871225200013,
              22.56529299100015
            ],
            [
              89.0584810410001,
              22.565235179000183
            ],
            [
              89.05827108200003,
              22.56516603600005
            ],
            [
              89.05822653300015,
              22.56515489700007
            ],
            [
              89.05768025900011,
              22.56497499700015
            ],
            [
              89.05724638000015,
              22.56484177900012
            ],
            [
              89.05676726500002,
              22.564723797000113
            ],
            [
              89.05584935600001,
              22.564637109000046
            ],
            [
              89.05563996300003,
              22.56456108300017
            ],
            [
              89.0555948510002,
              22.5645568220001
            ],
            [
              89.05484352300005,
              22.564284029000135
            ],
            [
              89.05439403500014,
              22.564156578
            ],
            [
              89.0543387370002,
              22.564132773999972
            ],
            [
              89.0542098200001,
              22.56409622000018
            ],
            [
              89.05413953200014,
              22.564076289000013
            ],
            [
              89.05347498100014,
              22.563790215000154
            ],
            [
              89.05271930400005,
              22.56358441200007
            ],
            [
              89.05264914800011,
              22.563554326000087
            ],
            [
              89.05246480200015,
              22.56350412
            ],
            [
              89.051679912,
              22.563167526000086
            ],
            [
              89.04981383100005,
              22.562047700000107
            ],
            [
              89.04915307600004,
              22.561605690000135
            ],
            [
              89.04785229800007,
              22.560891153000114
            ],
            [
              89.0473788700001,
              22.560567674000083
            ],
            [
              89.04721628100009,
              22.56047413000016
            ],
            [
              89.04654999200011,
              22.560090786000046
            ],
            [
              89.04582768200004,
              22.559763571000076
            ],
            [
              89.04573201900018,
              22.55967702700019
            ],
            [
              89.04532567300015,
              22.559177620000185
            ],
            [
              89.04526640000012,
              22.55910586699997
            ],
            [
              89.04466392900014,
              22.55858211300017
            ],
            [
              89.04394647200019,
              22.557816814000034
            ],
            [
              89.04324409500003,
              22.55698159500008
            ],
            [
              89.04226544700009,
              22.555973100000074
            ],
            [
              89.04162616700012,
              22.55528955500006
            ],
            [
              89.04122428700009,
              22.554864864000024
            ],
            [
              89.0409001660002,
              22.55440224600011
            ],
            [
              89.04065608900015,
              22.553926961000116
            ],
            [
              89.04062208200008,
              22.55386073900013
            ],
            [
              89.04040927100016,
              22.553446330000043
            ],
            [
              89.0404293430002,
              22.551994386
            ],
            [
              89.04043794600011,
              22.551892816000134
            ],
            [
              89.04062333400003,
              22.550529932000188
            ],
            [
              89.04103480700002,
              22.548420908000082
            ],
            [
              89.0410644870002,
              22.548000317
            ],
            [
              89.04117259400016,
              22.546468329000106
            ],
            [
              89.04129494400019,
              22.54543025700019
            ],
            [
              89.04148272300017,
              22.543810581000116
            ],
            [
              89.04153333400018,
              22.54364990600004
            ],
            [
              89.04168724400012,
              22.543092156000114
            ],
            [
              89.04138462600014,
              22.543186374000072
            ],
            [
              89.04125757600008,
              22.543225929000073
            ],
            [
              89.0409216010001,
              22.543401543000186
            ],
            [
              89.03999378600014,
              22.543625452000185
            ],
            [
              89.03929264400006,
              22.54381246800017
            ],
            [
              89.03865417700007,
              22.543866014000173
            ],
            [
              89.03828448000013,
              22.54374908400007
            ],
            [
              89.03826124900007,
              22.543560019000154
            ],
            [
              89.037353602,
              22.54404724400007
            ],
            [
              89.03717199500016,
              22.543504172999974
            ],
            [
              89.037207594,
              22.54336663400005
            ],
            [
              89.0372009580002,
              22.54327174500014
            ],
            [
              89.03719435500005,
              22.54317234200016
            ],
            [
              89.0371795530001,
              22.543027726000105
            ],
            [
              89.03726305000015,
              22.54299435100006
            ],
            [
              89.03731540400003,
              22.54280722900006
            ],
            [
              89.03732535900008,
              22.542642434000186
            ],
            [
              89.03739473800005,
              22.542541227000072
            ],
            [
              89.03742803500006,
              22.542428513000175
            ],
            [
              89.03745481000004,
              22.542336084000056
            ],
            [
              89.0374847810001,
              22.542221094000126
            ],
            [
              89.03751695300014,
              22.54214361100003
            ],
            [
              89.03756449600007,
              22.542031876000124
            ],
            [
              89.03759458200005,
              22.541943982000134
            ],
            [
              89.03764431300016,
              22.54178394600001
            ],
            [
              89.03767531200015,
              22.541696057000138
            ],
            [
              89.03770815000001,
              22.54160592200003
            ],
            [
              89.03835297000012,
              22.540162230000135
            ],
            [
              89.03842866900004,
              22.539893948000156
            ],
            [
              89.0384184040002,
              22.53979678200011
            ],
            [
              89.03839900500009,
              22.539613747000146
            ],
            [
              89.03817985800015,
              22.53913820100007
            ],
            [
              89.03766933600019,
              22.538656398000057
            ],
            [
              89.03719493300014,
              22.538312563000147
            ],
            [
              89.03687646800017,
              22.53809386000006
            ],
            [
              89.03618388600006,
              22.537705809000045
            ],
            [
              89.03610346800014,
              22.53764661100007
            ],
            [
              89.03601245800007,
              22.537580578000075
            ],
            [
              89.03590562000011,
              22.537518964000128
            ],
            [
              89.03580283100007,
              22.53739865900019
            ],
            [
              89.0357359210002,
              22.537319218000107
            ],
            [
              89.03559267400016,
              22.53720544700019
            ],
            [
              89.03551857200006,
              22.537155322000046
            ],
            [
              89.03542209700015,
              22.537089255000183
            ],
            [
              89.03531124800014,
              22.53694857700009
            ],
            [
              89.0351615030001,
              22.53680766500014
            ],
            [
              89.03503602300003,
              22.536673676000134
            ],
            [
              89.03497935200005,
              22.536607848000017
            ],
            [
              89.03489192700016,
              22.53655086600014
            ],
            [
              89.03483843400011,
              22.536464731000024
            ],
            [
              89.03472805500013,
              22.536344381000163
            ],
            [
              89.03459269500013,
              22.536232913
            ],
            [
              89.03449811500008,
              22.536112658000093
            ],
            [
              89.03442731799998,
              22.536024162000047
            ],
            [
              89.0343256290002,
              22.53596483600012
            ],
            [
              89.03425462500019,
              22.535862786000052
            ],
            [
              89.03419203600009,
              22.535774339000056
            ],
            [
              89.03411892200006,
              22.53567001900018
            ],
            [
              89.03407219400009,
              22.535572634000175
            ],
            [
              89.0340212590001,
              22.535468449000177
            ],
            [
              89.03397542900018,
              22.53537332800005
            ],
            [
              89.03393735100008,
              22.535255667000172
            ],
            [
              89.03384905900003,
              22.535148999000057
            ],
            [
              89.03380735800005,
              22.535071969000057
            ],
            [
              89.03374867100007,
              22.53497732000011
            ],
            [
              89.03365336299998,
              22.534931030000052
            ],
            [
              89.03356573200011,
              22.534860498000057
            ],
            [
              89.03352966600016,
              22.534715753000057
            ],
            [
              89.0334237400001,
              22.534654145000104
            ],
            [
              89.03324467400006,
              22.534535638000023
            ],
            [
              89.03306665500014,
              22.534484888000065
            ],
            [
              89.03292162200012,
              22.534366585000157
            ],
            [
              89.03285004800006,
              22.534302924000087
            ],
            [
              89.03277546800012,
              22.53423473000015
            ],
            [
              89.0326797580002,
              22.534146081000188
            ],
            [
              89.03253483600008,
              22.53401197200003
            ],
            [
              89.03245756300004,
              22.533894077000127
            ],
            [
              89.03233248500015,
              22.53374653800006
            ],
            [
              89.03228499000005,
              22.533628821000036
            ],
            [
              89.03226132700013,
              22.533536092000077
            ],
            [
              89.032234415,
              22.533429790000184
            ],
            [
              89.03225335000008,
              22.533285377000027
            ],
            [
              89.03223101200018,
              22.533176846
            ],
            [
              89.03226607100015,
              22.53307317600013
            ],
            [
              89.03223169500018,
              22.532991671000048
            ],
            [
              89.03218535400015,
              22.532882997000115
            ],
            [
              89.03218284400009,
              22.532763292000084
            ],
            [
              89.03199095700012,
              22.532653742000093
            ],
            [
              89.0318359150001,
              22.532633407000105
            ],
            [
              89.03171420600006,
              22.53256864900004
            ],
            [
              89.03161282400004,
              22.53254081200015
            ],
            [
              89.03150625400008,
              22.532514260000085
            ],
            [
              89.03141777700012,
              22.532492215000104
            ],
            [
              89.03127425900016,
              22.532461993000084
            ],
            [
              89.03113930000012,
              22.532425048000164
            ],
            [
              89.03110152900007,
              22.532398874000137
            ],
            [
              89.03103738800019,
              22.53235442800019
            ],
            [
              89.03098636200008,
              22.53237250899997
            ],
            [
              89.03094965700012,
              22.532385514999987
            ],
            [
              89.0309270050002,
              22.532356260000142
            ],
            [
              89.03089695700004,
              22.532317453000076
            ],
            [
              89.03076696400018,
              22.53226472600005
            ],
            [
              89.03065602200007,
              22.53225455800009
            ],
            [
              89.03060875300014,
              22.53225022700019
            ],
            [
              89.03047243100008,
              22.532190690000107
            ],
            [
              89.03044468800016,
              22.532178183999974
            ],
            [
              89.03036580400004,
              22.532142625000176
            ],
            [
              89.030238886,
              22.532085403000053
            ],
            [
              89.03017303300015,
              22.532090095000058
            ],
            [
              89.03000509500015,
              22.532102060000057
            ],
            [
              89.0297747510001,
              22.532024469000135
            ],
            [
              89.02967908500017,
              22.531966856999986
            ],
            [
              89.02958774500007,
              22.531905331000075
            ],
            [
              89.02947891100013,
              22.531825639000033
            ],
            [
              89.02942126100015,
              22.53168302000006
            ],
            [
              89.02930660200013,
              22.53169813700015
            ],
            [
              89.02921542000007,
              22.53161402900014
            ],
            [
              89.02910375800008,
              22.53154786600004
            ],
            [
              89.02899346900011,
              22.531459129000098
            ],
            [
              89.02892036200018,
              22.531397714000093
            ],
            [
              89.02884783200005,
              22.53134082100007
            ],
            [
              89.02875041900006,
              22.531279259000144
            ],
            [
              89.02860707700012,
              22.531224198000075
            ],
            [
              89.0285051690002,
              22.53115357500002
            ],
            [
              89.02844019500014,
              22.53108367900012
            ],
            [
              89.02825685900007,
              22.530944315000113
            ],
            [
              89.02815196300008,
              22.530909808000047
            ],
            [
              89.0280975350002,
              22.530828180000185
            ],
            [
              89.02801938900012,
              22.530705764
            ],
            [
              89.02797070200012,
              22.530628690000015
            ],
            [
              89.02789437500013,
              22.530463375000124
            ],
            [
              89.02781431000017,
              22.530354496000086
            ],
            [
              89.02771167800017,
              22.530213863000085
            ],
            [
              89.02767624800009,
              22.530109768999978
            ],
            [
              89.02764550500012,
              22.530018479999967
            ],
            [
              89.02761640700004,
              22.529933262000043
            ],
            [
              89.02760298000004,
              22.5298112320001
            ],
            [
              89.02759296100004,
              22.52972310000007
            ],
            [
              89.02756958800012,
              22.52958972300013
            ],
            [
              89.02757717200006,
              22.529461047000154
            ],
            [
              89.02752868800013,
              22.52931170900007
            ],
            [
              89.02751185500006,
              22.529198693000126
            ],
            [
              89.02749646300003,
              22.529096982000112
            ],
            [
              89.02742839000018,
              22.528967847
            ],
            [
              89.02742787200015,
              22.52886848000003
            ],
            [
              89.02737634200014,
              22.528807194000137
            ],
            [
              89.02733561500008,
              22.528678229000036
            ],
            [
              89.02733337100005,
              22.528391416000034
            ],
            [
              89.02731533800005,
              22.528276136000045
            ],
            [
              89.02723939200018,
              22.52805662500009
            ],
            [
              89.02721155500012,
              22.52790966800012
            ],
            [
              89.02716416100009,
              22.527778403000184
            ],
            [
              89.02713581400013,
              22.527660804000163
            ],
            [
              89.02703232400012,
              22.527556298000036
            ],
            [
              89.02703409000009,
              22.52743436000003
            ],
            [
              89.02700847800008,
              22.527316776000077
            ],
            [
              89.02701623799999,
              22.527163261000112
            ],
            [
              89.02696671799998,
              22.527031983000086
            ],
            [
              89.0269680340001,
              22.526887463000037
            ],
            [
              89.0269797790001,
              22.526772361999974
            ],
            [
              89.02699088600002,
              22.526661774000104
            ],
            [
              89.026971328,
              22.526460671000052
            ],
            [
              89.02697494400013,
              22.52629132400017
            ],
            [
              89.02695772700008,
              22.526146688000097
            ],
            [
              89.0269456760002,
              22.5260449970001
            ],
            [
              89.02693075300016,
              22.525789721000137
            ],
            [
              89.02690531700017,
              22.52564729700009
            ],
            [
              89.02689158900012,
              22.525568173000124
            ],
            [
              89.02683940900005,
              22.52538268000012
            ],
            [
              89.02672105900018,
              22.52518775400017
            ],
            [
              89.02667183200009,
              22.525101645000063
            ],
            [
              89.02663159200017,
              22.525033651000115
            ],
            [
              89.02657513200012,
              22.52489555600016
            ],
            [
              89.02654221400007,
              22.52478018700009
            ],
            [
              89.02638809299998,
              22.52461665900006
            ],
            [
              89.02641325400003,
              22.52449486400019
            ],
            [
              89.0264440430002,
              22.524350521000088
            ],
            [
              89.02647382200007,
              22.52417681500009
            ],
            [
              89.02649060400006,
              22.52407981300007
            ],
            [
              89.02663265100017,
              22.52401517900006
            ],
            [
              89.02679329400002,
              22.523941628000102
            ],
            [
              89.02688084000016,
              22.523892478000107
            ],
            [
              89.02700468800015,
              22.523823221000157
            ],
            [
              89.02715634500015,
              22.523774455000023
            ],
            [
              89.02732200900016,
              22.523721256000158
            ],
            [
              89.0274324900002,
              22.523694825000177
            ],
            [
              89.0275904500001,
              22.523657389000107
            ],
            [
              89.02763230300008,
              22.523642128000176
            ],
            [
              89.0278158710002,
              22.52357519400016
            ],
            [
              89.02802955700008,
              22.523520028000178
            ],
            [
              89.0282322920001,
              22.523509961000173
            ],
            [
              89.02835782199998,
              22.523503943000037
            ],
            [
              89.02847391900008,
              22.523500127000034
            ],
            [
              89.02858871700016,
              22.523507594000023
            ],
            [
              89.02876570200016,
              22.52350053300006
            ],
            [
              89.02891672800007,
              22.523484733000032
            ],
            [
              89.02903114700018,
              22.523503490000053
            ],
            [
              89.02916304200016,
              22.523499768000136
            ],
            [
              89.02927152600012,
              22.523498165999968
            ],
            [
              89.02938517400008,
              22.523496593000118
            ],
            [
              89.0295140790002,
              22.523486079000122
            ],
            [
              89.02962320400007,
              22.52347996000009
            ],
            [
              89.02981917400012,
              22.52348114199998
            ],
            [
              89.03000512200003,
              22.523482262000073
            ],
            [
              89.03013727300004,
              22.523485316000176
            ],
            [
              89.03024900300005,
              22.523497281000175
            ],
            [
              89.03032577100004,
              22.523425481000118
            ],
            [
              89.03049922300016,
              22.523388133000026
            ],
            [
              89.03059975700012,
              22.52335034800018
            ],
            [
              89.03076431800014,
              22.523324239999965
            ],
            [
              89.03090919500016,
              22.523288978000096
            ],
            [
              89.03105955500018,
              22.52325149300009
            ],
            [
              89.03123676500007,
              22.523198364000052
            ],
            [
              89.03133830900015,
              22.5231430180001
            ],
            [
              89.03139658800006,
              22.523111254000128
            ],
            [
              89.0314494530001,
              22.523058573000128
            ],
            [
              89.03152723700015,
              22.522981059000074
            ],
            [
              89.031582834,
              22.522807508000028
            ],
            [
              89.03155337900017,
              22.52267409199999
            ],
            [
              89.03150391000008,
              22.522447967000062
            ],
            [
              89.03147807700014,
              22.522231019
            ],
            [
              89.03135547100015,
              22.52207897600016
            ],
            [
              89.03130396900013,
              22.52197026900012
            ],
            [
              89.03125724900019,
              22.52187288200014
            ],
            [
              89.03123705000019,
              22.521719198000028
            ],
            [
              89.03131478100016,
              22.52155255300005
            ],
            [
              89.03137099499997,
              22.521464822000155
            ],
            [
              89.0314626070001,
              22.5213118100001
            ],
            [
              89.03151866300016,
              22.521246658000052
            ],
            [
              89.03163598800018,
              22.521109608000074
            ],
            [
              89.03178793500001,
              22.520975026000087
            ],
            [
              89.03187952000007,
              22.52086943800009
            ],
            [
              89.03202469800016,
              22.520703201000117
            ],
            [
              89.03200343800017,
              22.520484022000176
            ],
            [
              89.03192109000014,
              22.520244560000094
            ],
            [
              89.03179615800008,
              22.51988126400005
            ],
            [
              89.03174196400005,
              22.51972366900003
            ],
            [
              89.03156657800008,
              22.519298060000096
            ],
            [
              89.0313869530001,
              22.51930601400005
            ],
            [
              89.03134921500015,
              22.519307635000075
            ],
            [
              89.03124866700017,
              22.519311956000024
            ],
            [
              89.03107521500004,
              22.519228155000064
            ],
            [
              89.0310309420002,
              22.519206765000092
            ],
            [
              89.03090174800013,
              22.51917211300008
            ],
            [
              89.0308151380001,
              22.519130944000096
            ],
            [
              89.03078825900008,
              22.519132107000132
            ],
            [
              89.0306318690001,
              22.519138874000078
            ],
            [
              89.03049493300017,
              22.519212571000025
            ],
            [
              89.03025972600017,
              22.51921792900015
            ],
            [
              89.03008703400008,
              22.51927786100009
            ],
            [
              89.02999169300011,
              22.519399235000037
            ],
            [
              89.0299073860001,
              22.51949755800007
            ],
            [
              89.02981340100007,
              22.519608179999977
            ],
            [
              89.02973160200014,
              22.519704791000095
            ],
            [
              89.02972990600017,
              22.519860602000108
            ],
            [
              89.02972829000004,
              22.52000512300009
            ],
            [
              89.02968111100017,
              22.520104202000027
            ],
            [
              89.02962499600005,
              22.520221292000087
            ],
            [
              89.02951832800011,
              22.52031098200007
            ],
            [
              89.02943946800013,
              22.52037825100001
            ],
            [
              89.02932400300011,
              22.52042272400007
            ],
            [
              89.02918949900015,
              22.520365454000114
            ],
            [
              89.0291041230002,
              22.52032910000014
            ],
            [
              89.029011975,
              22.52028986099998
            ],
            [
              89.02890838400009,
              22.520244071000093
            ],
            [
              89.02879538800016,
              22.52019596800011
            ],
            [
              89.02870874600006,
              22.520159311000043
            ],
            [
              89.0286510910002,
              22.520152339000163
            ],
            [
              89.02861770100009,
              22.52014830200011
            ],
            [
              89.028472863,
              22.520130788000074
            ],
            [
              89.02822160099998,
              22.52012927100003
            ],
            [
              89.02809425000004,
              22.52013527800011
            ],
            [
              89.02798512800007,
              22.52014139300013
            ],
            [
              89.02785616600005,
              22.520160940000096
            ],
            [
              89.02772409500005,
              22.52014659100007
            ],
            [
              89.02758358500017,
              22.520166067000048
            ],
            [
              89.027442469,
              22.52018554000017
            ],
            [
              89.02729042900006,
              22.520202688000154
            ],
            [
              89.02721375600004,
              22.520260941000117
            ],
            [
              89.02709446800009,
              22.520287317000168
            ],
            [
              89.02698645200002,
              22.520309248000103
            ],
            [
              89.02685377800009,
              22.52033780400012
            ],
            [
              89.02673118200005,
              22.520402551000075
            ],
            [
              89.02662279800012,
              22.520433512000068
            ],
            [
              89.0265374390001,
              22.520430741000098
            ],
            [
              89.02629681100007,
              22.520472190000078
            ],
            [
              89.02610404400019,
              22.520491349000167
            ],
            [
              89.02600402900003,
              22.520511193
            ],
            [
              89.02584334900007,
              22.520534935
            ],
            [
              89.02562514000005,
              22.52058555800005
            ],
            [
              89.02546717000007,
              22.520625251000013
            ],
            [
              89.02533958300012,
              22.52066512600004
            ],
            [
              89.02520318300003,
              22.52070494900005
            ],
            [
              89.02505876900017,
              22.520717624000156
            ],
            [
              89.02495132700011,
              22.520744073000117
            ],
            [
              89.02481131000019,
              22.520736449000026
            ],
            [
              89.02461869900014,
              22.52069011900005
            ],
            [
              89.02449998200018,
              22.52067810700015
            ],
            [
              89.02430172700019,
              22.520656580000036
            ],
            [
              89.02414501100003,
              22.52060369100002
            ],
            [
              89.02399177100017,
              22.520575662000113
            ],
            [
              89.02392548100016,
              22.520564003000118
            ],
            [
              89.02384549900012,
              22.520549936000123
            ],
            [
              89.02374366900005,
              22.520513187000176
            ],
            [
              89.02357865800013,
              22.520516703000112
            ],
            [
              89.02343717100007,
              22.520502296000075
            ],
            [
              89.02332566900009,
              22.520501618000026
            ],
            [
              89.02319443100009,
              22.520498563000046
            ],
            [
              89.02307299500018,
              22.520484277000094
            ],
            [
              89.02293085500014,
              22.52047663899998
            ],
            [
              89.02282384100016,
              22.52048502200006
            ],
            [
              89.02270733300008,
              22.520461735000026
            ],
            [
              89.02260665300014,
              22.520476930000086
            ],
            [
              89.02248773200012,
              22.5204942740001
            ],
            [
              89.02239696900017,
              22.52048243100012
            ],
            [
              89.02229776500013,
              22.52059022600008
            ],
            [
              89.02215871400011,
              22.52066164500002
            ],
            [
              89.02205282300014,
              22.52072649100006
            ],
            [
              89.02211511900015,
              22.520984312000166
            ],
            [
              89.0220934730001,
              22.521081286000026
            ],
            [
              89.02201788700006,
              22.521157609000056
            ],
            [
              89.02199173100001,
              22.5212906860001
            ],
            [
              89.0218990240001,
              22.52146852800007
            ],
            [
              89.02187621000019,
              22.521601625000187
            ],
            [
              89.02178780000014,
              22.521729809000135
            ],
            [
              89.02169678500013,
              22.521839910999972
            ],
            [
              89.02161147600009,
              22.52191617300008
            ],
            [
              89.0214870710002,
              22.522021556000027
            ],
            [
              89.02134880000006,
              22.522111044000155
            ],
            [
              89.02121886000015,
              22.522182522000037
            ],
            [
              89.02112480200014,
              22.52220679000004
            ],
            [
              89.02097274600004,
              22.522269095000183
            ],
            [
              89.02084901000006,
              22.522322543000143
            ],
            [
              89.02075306300003,
              22.522355834000166
            ],
            [
              89.0205327880002,
              22.522440306000192
            ],
            [
              89.02041837400014,
              22.522464451000133
            ],
            [
              89.02026484400005,
              22.522519974000033
            ],
            [
              89.02009036900012,
              22.522573109000064
            ],
            [
              89.01994237400004,
              22.522662540000113
            ],
            [
              89.01983488500008,
              22.522738666
            ],
            [
              89.0196995390001,
              22.52284398
            ],
            [
              89.01959205100007,
              22.52292010600013
            ],
            [
              89.01945348800007,
              22.523007336000035
            ],
            [
              89.019377786,
              22.52305655400005
            ],
            [
              89.01930870799998,
              22.52311484700016
            ],
            [
              89.01921063700013,
              22.523191033000046
            ],
            [
              89.01911835300012,
              22.523264994000044
            ],
            [
              89.01904661700007,
              22.523311978000038
            ],
            [
              89.01895660399998,
              22.523322722000046
            ],
            [
              89.01885014900017,
              22.523337880000042
            ],
            [
              89.0187075130001,
              22.523400244000072
            ],
            [
              89.01859861300011,
              22.523460554000053
            ],
            [
              89.01849985100012,
              22.523505116000024
            ],
            [
              89.01830511200012,
              22.523587484000075
            ],
            [
              89.01816725200007,
              22.52361825800017
            ],
            [
              89.01808617699999,
              22.523696804000053
            ],
            [
              89.01801719500014,
              22.523784454000065
            ],
            [
              89.01792754200011,
              22.523845910000148
            ],
            [
              89.01783809400018,
              22.523932405000096
            ],
            [
              89.01769911700012,
              22.524035438
            ],
            [
              89.01759863000007,
              22.524109347000035
            ],
            [
              89.01748675300013,
              22.524117696000076
            ],
            [
              89.0174198630001,
              22.524166972000046
            ],
            [
              89.01728974200012,
              22.52426328400003
            ],
            [
              89.01709995900012,
              22.52437503700014
            ],
            [
              89.01700011000014,
              22.524401527
            ],
            [
              89.01689207400005,
              22.524425707999967
            ],
            [
              89.01672029500014,
              22.524483372000134
            ],
            [
              89.01660504600011,
              22.524496220000117
            ],
            [
              89.01651279200013,
              22.524479845000087
            ],
            [
              89.01641113500017,
              22.52446116200008
            ],
            [
              89.0163096870001,
              22.52449893200003
            ],
            [
              89.01624679500003,
              22.52439736800011
            ],
            [
              89.01623248100009,
              22.524374253000076
            ],
            [
              89.01606303700015,
              22.524334435000185
            ],
            [
              89.01602530000014,
              22.524325566000073
            ],
            [
              89.01599327400015,
              22.52431845200016
            ],
            [
              89.01588939100014,
              22.5242953770001
            ],
            [
              89.0157879100002,
              22.524251849000052
            ],
            [
              89.0156249920002,
              22.524259886000095
            ],
            [
              89.01543080900007,
              22.524306123000144
            ],
            [
              89.01519999200002,
              22.52429116000002
            ],
            [
              89.01510970100014,
              22.524215604000176
            ],
            [
              89.01503042200005,
              22.524123011000086
            ],
            [
              89.0149396880002,
              22.524020835000158
            ],
            [
              89.01483841800012,
              22.52390504400006
            ],
            [
              89.01477085500017,
              22.523791718000098
            ],
            [
              89.01469585700016,
              22.523698670000044
            ],
            [
              89.01462967200013,
              22.52356277100006
            ],
            [
              89.01454719000003,
              22.52332514700015
            ],
            [
              89.0144340440001,
              22.522999266000113
            ],
            [
              89.01435974900005,
              22.522892673000058
            ],
            [
              89.01430210200016,
              22.522838123000156
            ],
            [
              89.01420705400011,
              22.522744953000085
            ],
            [
              89.0140832030001,
              22.52268547900013
            ],
            [
              89.01395191600017,
              22.52264628400019
            ],
            [
              89.01385529300006,
              22.522617852000167
            ],
            [
              89.01379515600013,
              22.522600156000124
            ],
            [
              89.01369206400017,
              22.522570170000108
            ],
            [
              89.0134641620001,
              22.522530382000184
            ],
            [
              89.01334950500012,
              22.522502580000037
            ],
            [
              89.01315269000008,
              22.522492341000145
            ],
            [
              89.01289973800016,
              22.522412066000186
            ],
            [
              89.01258058000019,
              22.522310677000064
            ],
            [
              89.01237781700002,
              22.522239429000024
            ],
            [
              89.01220901800019,
              22.522177420000105
            ],
            [
              89.01210263000007,
              22.522140634000095
            ],
            [
              89.01198201000005,
              22.522096988000044
            ],
            [
              89.01183352000004,
              22.522041876000117
            ],
            [
              89.01166501000012,
              22.521982129000037
            ],
            [
              89.01155756600014,
              22.521942958000068
            ],
            [
              89.01126135500004,
              22.521882296000058
            ],
            [
              89.01115663100006,
              22.521911011000043
            ],
            [
              89.01105126400012,
              22.521944238
            ],
            [
              89.01094605700007,
              22.522040698000183
            ],
            [
              89.01082401400015,
              22.522026398000037
            ],
            [
              89.01074570200007,
              22.522100440000145
            ],
            [
              89.01068576600011,
              22.52215426800018
            ],
            [
              89.0105590350002,
              22.52224382100019
            ],
            [
              89.01045575800009,
              22.522410297000135
            ],
            [
              89.01035968200011,
              22.522504554000022
            ],
            [
              89.01026267499998,
              22.522601061000103
            ],
            [
              89.01011178300013,
              22.522670139000127
            ],
            [
              89.00986933800004,
              22.522709299000155
            ],
            [
              89.0097538060001,
              22.522719879000135
            ],
            [
              89.00954829700004,
              22.52282023600003
            ],
            [
              89.00942148600012,
              22.52287816900008
            ],
            [
              89.00932219100014,
              22.52304015300018
            ],
            [
              89.00931601100018,
              22.52318238500004
            ],
            [
              89.00934913700007,
              22.523309050000137
            ],
            [
              89.00928347100017,
              22.52348479200009
            ],
            [
              89.00928316900013,
              22.52357858100015
            ],
            [
              89.00928272300007,
              22.52371738700009
            ],
            [
              89.00914571800001,
              22.523926564000078
            ],
            [
              89.00902152200007,
              22.52408613200015
            ],
            [
              89.0089072670001,
              22.524044783000022
            ],
            [
              89.00876596000006,
              22.523999374000084
            ],
            [
              89.00864824299998,
              22.524022862000038
            ],
            [
              89.00854307100019,
              22.523986083000125
            ],
            [
              89.00837356200009,
              22.524023428000078
            ],
            [
              89.00824660500018,
              22.524058777999983
            ],
            [
              89.00814796000009,
              22.524001715000168
            ],
            [
              89.00782535500014,
              22.523990694000076
            ],
            [
              89.00770301500012,
              22.524102852000112
            ],
            [
              89.00761839700004,
              22.52416891400003
            ],
            [
              89.00752871999998,
              22.52421468900019
            ],
            [
              89.00741863300004,
              22.52427046800011
            ],
            [
              89.007337748,
              22.524321910000083
            ],
            [
              89.00722180600019,
              22.524388942000144
            ],
            [
              89.00711531700017,
              22.52445151600017
            ],
            [
              89.00697358200006,
              22.524513873000103
            ],
            [
              89.00684117000014,
              22.524589836000075
            ],
            [
              89.00673803700005,
              22.524693080000077
            ],
            [
              89.00652718200007,
              22.524818240000116
            ],
            [
              89.00633998200004,
              22.524907417000122
            ],
            [
              89.00620470500013,
              22.52500142700012
            ],
            [
              89.00610489100006,
              22.524980489000143
            ],
            [
              89.00596546600013,
              22.524950550000085
            ],
            [
              89.00595030400012,
              22.524921065
            ],
            [
              89.00585048900012,
              22.52490012700008
            ],
            [
              89.00570972000014,
              22.524869899000066
            ],
            [
              89.00562297900018,
              22.524855611000135
            ],
            [
              89.00548179800012,
              22.52483235700015
            ],
            [
              89.00539076100011,
              22.52481598700001
            ],
            [
              89.00534757700012,
              22.52473668200014
            ],
            [
              89.00529719300005,
              22.524643782000112
            ],
            [
              89.00522670000015,
              22.524516884000093
            ],
            [
              89.00518504900015,
              22.524435331000177
            ],
            [
              89.00513230200016,
              22.52433338400016
            ],
            [
              89.00510239000016,
              22.52422480200005
            ],
            [
              89.00508829500012,
              22.524114062000137
            ],
            [
              89.00507421500004,
              22.524001061000092
            ],
            [
              89.00506756300001,
              22.523784226000032
            ],
            [
              89.00502930400017,
              22.52369591900009
            ],
            [
              89.00500476400009,
              22.52360092000015
            ],
            [
              89.00493939600017,
              22.52335210700005
            ],
            [
              89.00480741899997,
              22.523281714000177
            ],
            [
              89.0047064800001,
              22.523249050000175
            ],
            [
              89.00457095900015,
              22.523207559000184
            ],
            [
              89.00443261600014,
              22.523188071000163
            ],
            [
              89.00438001700019,
              22.5231474200001
            ],
            [
              89.0043504460001,
              22.522991415000035
            ],
            [
              89.00440921000018,
              22.52284724900005
            ],
            [
              89.00445280900016,
              22.522741378999967
            ],
            [
              89.00448385600015,
              22.522648986000036
            ],
            [
              89.00451303100016,
              22.52256335300018
            ],
            [
              89.00455431500018,
              22.522441661000073
            ],
            [
              89.00456614500013,
              22.522274622000168
            ],
            [
              89.00425363400012,
              22.52208525700007
            ],
            [
              89.00413572900004,
              22.52208896100018
            ],
            [
              89.00398890000002,
              22.52209716700014
            ],
            [
              89.00382477200014,
              22.522105186000033
            ],
            [
              89.00365637000004,
              22.52211543400017
            ],
            [
              89.00344420900018,
              22.522211224999978
            ],
            [
              89.00335336100011,
              22.52225357200001
            ],
            [
              89.00322333100019,
              22.52233632100001
            ],
            [
              89.00310788400014,
              22.52241916100013
            ],
            [
              89.00295211300016,
              22.522447554999985
            ],
            [
              89.00284452400001,
              22.52249431200005
            ],
            [
              89.00273875400018,
              22.522541078000188
            ],
            [
              89.00260562300008,
              22.522589938000124
            ],
            [
              89.00249079000008,
              22.522629874000074
            ],
            [
              89.00238191500006,
              22.522685658000057
            ],
            [
              89.00226205900009,
              22.522748144000104
            ],
            [
              89.00214976600012,
              22.522772289000045
            ],
            [
              89.00200219900006,
              22.52280073000003
            ],
            [
              89.00187450400006,
              22.522854138000184
            ],
            [
              89.00178560900008,
              22.522878427000137
            ],
            [
              89.0016674790001,
              22.522911568000097
            ],
            [
              89.001534762,
              22.522987525000076
            ],
            [
              89.00146530500007,
              22.523054841000146
            ],
            [
              89.00136587900016,
              22.523149072000024
            ],
            [
              89.00125410900017,
              22.523227418000147
            ],
            [
              89.0011303060001,
              22.52337343400012
            ],
            [
              89.00106665200019,
              22.52347917999998
            ],
            [
              89.0009937850001,
              22.523598413
            ],
            [
              89.0009421210001,
              22.523683907000134
            ],
            [
              89.00091382400018,
              22.523774062000086
            ],
            [
              89.00086439500006,
              22.523929574000135
            ],
            [
              89.00082546200014,
              22.524019663000047
            ],
            [
              89.00078037100002,
              22.524121004000165
            ],
            [
              89.00076139600014,
              22.524224768000067
            ],
            [
              89.00073353800019,
              22.52438041200014
            ],
            [
              89.00069519600004,
              22.524472763000063
            ],
            [
              89.00065933300016,
              22.52455835300003
            ],
            [
              89.00062169200015,
              22.524680065000155
            ],
            [
              89.00056853000018,
              22.524763289000134
            ],
            [
              89.00053520900019,
              22.524875997000038
            ],
            [
              89.00045232700006,
              22.524992909000105
            ],
            [
              89.00039830000014,
              22.525069354000152
            ],
            [
              89.00032028500016,
              22.5251433950001
            ],
            [
              89.00019647600016,
              22.52520585600007
            ],
            [
              89.00007180100005,
              22.525261538000052
            ],
            [
              88.99998918400001,
              22.52529941400013
            ],
            [
              88.9998646090001,
              22.525341546999982
            ],
            [
              88.99974857,
              22.52537921700008
            ],
            [
              88.99958239400013,
              22.525459481000155
            ],
            [
              88.99946750800007,
              22.52550618900011
            ],
            [
              88.99932932300004,
              22.525539204000097
            ],
            [
              88.99919684600019,
              22.525581288000012
            ],
            [
              88.9990762340002,
              22.52562118700007
            ],
            [
              88.99899245200015,
              22.525652282000067
            ],
            [
              88.9988949640001,
              22.525687807000054
            ],
            [
              88.99872155600013,
              22.525675437000075
            ],
            [
              88.99858212300006,
              22.525712958999975
            ],
            [
              88.99845060600012,
              22.52574827500007
            ],
            [
              88.99832759700013,
              22.525783640999975
            ],
            [
              88.99823017300008,
              22.52581013300005
            ],
            [
              88.99812565000002,
              22.52585239000007
            ],
            [
              88.997996752,
              22.52590352500016
            ],
            [
              88.99786427900017,
              22.525902703000042
            ],
            [
              88.99768750700014,
              22.52593547600003
            ],
            [
              88.99753960500016,
              22.5259255200001
            ],
            [
              88.99738376300019,
              22.52596294199998
            ],
            [
              88.99727673000012,
              22.525973566000175
            ],
            [
              88.99710522200019,
              22.525992821000045
            ],
            [
              88.99697311900013,
              22.52598296500014
            ],
            [
              88.99681811300013,
              22.525988772000176
            ],
            [
              88.99672253400013,
              22.52597011200004
            ],
            [
              88.99656718400007,
              22.525939786000038
            ],
            [
              88.99648448200014,
              22.525905401000102
            ],
            [
              88.9962865600001,
              22.525879320000172
            ],
            [
              88.9961739540002,
              22.52586281400005
            ],
            [
              88.99608590700012,
              22.525806025000065
            ],
            [
              88.99596889800011,
              22.525730555000052
            ],
            [
              88.99589297800003,
              22.525682659000154
            ],
            [
              88.9957872810001,
              22.525634576000186
            ],
            [
              88.99562616500009,
              22.52556130700009
            ],
            [
              88.99553012700011,
              22.52552231600015
            ],
            [
              88.99543044200016,
              22.525483308000105
            ],
            [
              88.99537618300019,
              22.525470594000126
            ],
            [
              88.9952986850002,
              22.52545243500009
            ],
            [
              88.99516176900005,
              22.525409365000087
            ],
            [
              88.9950489860002,
              22.52537478500011
            ],
            [
              88.99492302500016,
              22.525355935000107
            ],
            [
              88.99479341300008,
              22.52537996600006
            ],
            [
              88.99462302900002,
              22.52536986700005
            ],
            [
              88.99452265500008,
              22.52534214400015
            ],
            [
              88.99436669100015,
              22.52535471800013
            ],
            [
              88.99425696400004,
              22.525317902000097
            ],
            [
              88.9941501620001,
              22.52529690900002
            ],
            [
              88.99402428700006,
              22.52524480800008
            ],
            [
              88.99389615900014,
              22.52521659500013
            ],
            [
              88.99386244500016,
              22.52520929500008
            ],
            [
              88.99363466700015,
              22.52519432300005
            ],
            [
              88.99355065400005,
              22.52517347300011
            ],
            [
              88.99343512200005,
              22.525141137000105
            ],
            [
              88.99334474500017,
              22.52511799000007
            ],
            [
              88.9932981280001,
              22.52509355500007
            ],
            [
              88.99318072800014,
              22.52506075600013
            ],
            [
              88.99309035200014,
              22.52503760800016
            ],
            [
              88.99290693100016,
              22.524939353000093
            ],
            [
              88.99280431100004,
              22.52488677300005
            ],
            [
              88.99268807800007,
              22.52482507500008
            ],
            [
              88.99260029499999,
              22.524779358000103
            ],
            [
              88.99248254600013,
              22.52471765100006
            ],
            [
              88.99237146700011,
              22.524658240000065
            ],
            [
              88.99228066000012,
              22.52461024600018
            ],
            [
              88.99217866200001,
              22.524555411000165
            ],
            [
              88.99207149600005,
              22.524500543000045
            ],
            [
              88.99191017900012,
              22.524413719000165
            ],
            [
              88.99180605400011,
              22.524358869000025
            ],
            [
              88.99162019,
              22.52426285700011
            ],
            [
              88.99147006300012,
              22.52418287900008
            ],
            [
              88.99137532500009,
              22.52413260600008
            ],
            [
              88.99124032400005,
              22.524061753000183
            ],
            [
              88.99091729200012,
              22.52389211800005
            ],
            [
              88.99079204100013,
              22.523826343000053
            ],
            [
              88.99068436000005,
              22.523717273000102
            ],
            [
              88.98991402600006,
              22.523436935000177
            ],
            [
              88.98980795000017,
              22.523400137000124
            ],
            [
              88.98971672700014,
              22.523367950000022
            ],
            [
              88.9896399800001,
              22.523308752000105
            ],
            [
              88.98951462300016,
              22.523249251000095
            ],
            [
              88.98935977800005,
              22.523191823000104
            ],
            [
              88.989134304,
              22.52311136900005
            ],
            [
              88.98903931300009,
              22.52305431800005
            ],
            [
              88.98893725300013,
              22.52300851200016
            ],
            [
              88.98884911600004,
              22.52296956700002
            ],
            [
              88.98868608300018,
              22.522909827000035
            ],
            [
              88.98856000400013,
              22.52286612800009
            ],
            [
              88.98847244400014,
              22.52283170600009
            ],
            [
              88.98838013500006,
              22.522796144000154
            ],
            [
              88.9882411910001,
              22.522752089000164
            ],
            [
              88.98820845000017,
              22.52274197700001
            ],
            [
              88.98748182200006,
              22.522511581000174
            ],
            [
              88.98738884300013,
              22.522470348000013
            ],
            [
              88.98729701400009,
              22.52243815600019
            ],
            [
              88.98722442500019,
              22.522392534000176
            ],
            [
              88.98712629700009,
              22.522349010000084
            ],
            [
              88.98703212200019,
              22.522305511000127
            ],
            [
              88.98688577600012,
              22.522207485000024
            ],
            [
              88.98680675700007,
              22.5221686000001
            ],
            [
              88.98660300800003,
              22.522067954000136
            ],
            [
              88.9864795740001,
              22.521994913000015
            ],
            [
              88.98628922600017,
              22.52188983400015
            ],
            [
              88.98564837600009,
              22.52152222100017
            ],
            [
              88.98555356100013,
              22.521483232000037
            ],
            [
              88.9853575630001,
              22.52140295800018
            ],
            [
              88.9852502170001,
              22.52133227799999
            ],
            [
              88.9851298530001,
              22.52125473700005
            ],
            [
              88.98504843900008,
              22.5212113180001
            ],
            [
              88.98491287000013,
              22.521135941000182
            ],
            [
              88.98475922700015,
              22.521080774000154
            ],
            [
              88.98466074600009,
              22.521044021000023
            ],
            [
              88.98462832500013,
              22.52103252500018
            ],
            [
              88.98441406600011,
              22.52095665100012
            ],
            [
              88.98421709200016,
              22.520885404000182
            ],
            [
              88.98410996600018,
              22.520826014000022
            ],
            [
              88.98400134000008,
              22.52076435700019
            ],
            [
              88.9838023710002,
              22.520675026000163
            ],
            [
              88.98372278099998,
              22.52063161700005
            ],
            [
              88.98361820900004,
              22.52059708500019
            ],
            [
              88.98348968800019,
              22.520555625000156
            ],
            [
              88.98339532400018,
              22.520496314000127
            ],
            [
              88.98319889499999,
              22.520350546000145
            ],
            [
              88.98277702600018,
              22.52003850200009
            ],
            [
              88.98261874500014,
              22.519994597000107
            ],
            [
              88.98252409600002,
              22.519933025000114
            ],
            [
              88.9823712430001,
              22.519853022000177
            ],
            [
              88.98226849700012,
              22.51980265100019
            ],
            [
              88.98217991000018,
              22.51975922200006
            ],
            [
              88.98211908200011,
              22.519684316000053
            ],
            [
              88.98204409300018,
              22.51959351300013
            ],
            [
              88.98152856899998,
              22.51941636700019
            ],
            [
              88.98122788700016,
              22.519312449000154
            ],
            [
              88.98105195699998,
              22.519284385000105
            ],
            [
              88.9809529640001,
              22.51922877200002
            ],
            [
              88.98079758199998,
              22.519203984000114
            ],
            [
              88.98063902800004,
              22.519114908000063
            ],
            [
              88.980642235,
              22.519008791000033
            ],
            [
              88.98050709900002,
              22.51895825600002
            ],
            [
              88.98026694700008,
              22.518850596
            ],
            [
              88.98019302500018,
              22.518814554000073
            ],
            [
              88.98012683400009,
              22.518822360000172
            ],
            [
              88.9799935100001,
              22.518727683000066
            ],
            [
              88.97995998700009,
              22.518703877000064
            ],
            [
              88.97987656700008,
              22.51864463300012
            ],
            [
              88.97912053000016,
              22.51836885200015
            ],
            [
              88.97906246600013,
              22.51833675900002
            ],
            [
              88.97895107200014,
              22.51827518900012
            ],
            [
              88.97863725900004,
              22.518103832000065
            ],
            [
              88.97840419600004,
              22.518035062000024
            ],
            [
              88.97809367000008,
              22.51794343600011
            ],
            [
              88.97780534600003,
              22.517855591
            ],
            [
              88.97756220100007,
              22.517781102000185
            ],
            [
              88.97720221800006,
              22.51759133200011
            ],
            [
              88.97701979800007,
              22.517495164000138
            ],
            [
              88.97697186700009,
              22.51746989700007
            ],
            [
              88.97672535900011,
              22.517339945000174
            ],
            [
              88.97658110900011,
              22.517289347000087
            ],
            [
              88.97646627900019,
              22.517248855000105
            ],
            [
              88.97641807500008,
              22.517231856000024
            ],
            [
              88.97632596200003,
              22.517197397000075
            ],
            [
              88.97612520400014,
              22.517146438000054
            ],
            [
              88.97589831700009,
              22.517095313000027
            ],
            [
              88.97482552900016,
              22.517050096000105
            ],
            [
              88.9747928880002,
              22.517067955000073
            ],
            [
              88.97470455000018,
              22.51709900800006
            ],
            [
              88.97464905900011,
              22.51716640000012
            ],
            [
              88.97459479000014,
              22.517315101000065
            ],
            [
              88.97452828400014,
              22.517434362000074
            ],
            [
              88.97450474700008,
              22.51753583600015
            ],
            [
              88.97447699600019,
              22.517762619000166
            ],
            [
              88.97355110000012,
              22.518026324
            ],
            [
              88.97324030000016,
              22.518024341000114
            ],
            [
              88.97288476400007,
              22.518031107000184
            ],
            [
              88.97289298600003,
              22.517945697000187
            ],
            [
              88.97263039700005,
              22.517950693000103
            ],
            [
              88.97264125900006,
              22.51783785000009
            ],
            [
              88.97265077000009,
              22.517743064000058
            ],
            [
              88.97268118099998,
              22.517492592999986
            ],
            [
              88.97269992100013,
              22.517341412
            ],
            [
              88.97272691600017,
              22.517018655000072
            ],
            [
              88.97275146400005,
              22.51669814200011
            ],
            [
              88.97276816300007,
              22.516535656000144
            ],
            [
              88.97278843300018,
              22.51634157400008
            ],
            [
              88.9728253180001,
              22.515996300000097
            ],
            [
              88.97287427000009,
              22.515662393000127
            ],
            [
              88.97288874100013,
              22.515554090000137
            ],
            [
              88.9729131680001,
              22.515373587
            ],
            [
              88.97295863000011,
              22.515100630000063
            ],
            [
              88.97297452000004,
              22.51500588300013
            ],
            [
              88.97302557000017,
              22.514717155000028
            ],
            [
              88.97309954700017,
              22.51432695
            ],
            [
              88.97313748599998,
              22.514085562000105
            ],
            [
              88.9731480280002,
              22.514015621999988
            ],
            [
              88.97319856000007,
              22.513796895000098
            ],
            [
              88.97323039500014,
              22.513641280000115
            ],
            [
              88.97325939700005,
              22.51349919600011
            ],
            [
              88.97332242900012,
              22.513233125
            ],
            [
              88.97335887500014,
              22.51294655999999
            ],
            [
              88.97336283800018,
              22.512903680000022
            ],
            [
              88.97338039100015,
              22.512707324000132
            ],
            [
              88.9733962750002,
              22.512531283000044
            ],
            [
              88.97339861400013,
              22.512461293000115
            ],
            [
              88.973409269,
              22.512129399000173
            ],
            [
              88.97339851400011,
              22.51169348900015
            ],
            [
              88.973378024,
              22.511341073000153
            ],
            [
              88.97337319000013,
              22.51125522900014
            ],
            [
              88.97337254299998,
              22.511013594000133
            ],
            [
              88.973360952,
              22.510690593000163
            ],
            [
              88.97336273600018,
              22.51044897000014
            ],
            [
              88.9733541710001,
              22.510256719000097
            ],
            [
              88.97335066000005,
              22.510177904999978
            ],
            [
              88.97333008500004,
              22.509974532000115
            ],
            [
              88.973326456,
              22.50993160200011
            ],
            [
              88.97331352000003,
              22.509667304000118
            ],
            [
              88.97328969200015,
              22.509355519000167
            ],
            [
              88.97326563400014,
              22.50907533900005
            ],
            [
              88.97326311600011,
              22.509045967000134
            ],
            [
              88.97322700200016,
              22.508711517000165
            ],
            [
              88.97320710800011,
              22.50856686200018
            ],
            [
              88.97318461100008,
              22.50840412700012
            ],
            [
              88.97316531000018,
              22.508261733000097
            ],
            [
              88.97315331500016,
              22.50795227900005
            ],
            [
              88.97312891900009,
              22.507676616000083
            ],
            [
              88.97315314800005,
              22.50739900500008
            ],
            [
              88.9731619160001,
              22.507322285000157
            ],
            [
              88.97317945600008,
              22.507168833000094
            ],
            [
              88.97322741900007,
              22.506927508000103
            ],
            [
              88.97326587500004,
              22.50669741200005
            ],
            [
              88.97329837900008,
              22.506492120000132
            ],
            [
              88.97332739400008,
              22.50630712600008
            ],
            [
              88.97342737700012,
              22.50597354500013
            ],
            [
              88.97344468300014,
              22.505892357000164
            ],
            [
              88.97350070800002,
              22.505628502000093
            ],
            [
              88.97356415300004,
              22.505305975000113
            ],
            [
              88.9736144310001,
              22.50512111900008
            ],
            [
              88.97364998700004,
              22.50491359100016
            ],
            [
              88.97370033300012,
              22.504719701000113
            ],
            [
              88.97372599900012,
              22.50453468900008
            ],
            [
              88.97376236100013,
              22.504259418000117
            ],
            [
              88.97377433800011,
              22.503995275000023
            ],
            [
              88.97378649300015,
              22.5037062990001
            ],
            [
              88.97380106500009,
              22.50341959600007
            ],
            [
              88.97380859200013,
              22.50326382300011
            ],
            [
              88.97381287200011,
              22.50317803900009
            ],
            [
              88.9738183290001,
              22.50305612700015
            ],
            [
              88.97382484600001,
              22.502913899000077
            ],
            [
              88.97383869500004,
              22.50268364600015
            ],
            [
              88.97386273900008,
              22.502430875000073
            ],
            [
              88.973862145,
              22.502223113000127
            ],
            [
              88.97387604900013,
              22.50202673400014
            ],
            [
              88.97389970300009,
              22.50178525300015
            ],
            [
              88.97392545400004,
              22.501588948000176
            ],
            [
              88.97394838900004,
              22.501403918000108
            ],
            [
              88.97396245200008,
              22.501268516000096
            ],
            [
              88.97396360600015,
              22.501153351000085
            ],
            [
              88.97397485900012,
              22.500945666000064
            ],
            [
              88.97397725000002,
              22.500909548000095
            ],
            [
              88.9739950880001,
              22.500715453999987
            ],
            [
              88.97430572400003,
              22.499746385000037
            ],
            [
              88.97487205900006,
              22.497963716000072
            ],
            [
              88.9749955200001,
              22.49757608500005
            ],
            [
              88.97509939200017,
              22.497249300000078
            ],
            [
              88.97512117200017,
              22.497179431000063
            ],
            [
              88.9752278270002,
              22.49684589000009
            ],
            [
              88.97524835700011,
              22.496780531000127
            ],
            [
              88.97524934200015,
              22.49668794900009
            ],
            [
              88.97527412600004,
              22.496622618000117
            ],
            [
              88.9753262100001,
              22.496480680000104
            ],
            [
              88.9754400600001,
              22.496242033000158
            ],
            [
              88.97551667600004,
              22.496068631000185
            ],
            [
              88.97560569000012,
              22.49586143800019
            ],
            [
              88.97567036000015,
              22.495701515000178
            ],
            [
              88.97579599100015,
              22.495471970000096
            ],
            [
              88.97592192800016,
              22.495242431000065
            ],
            [
              88.9760232590001,
              22.495012734000113
            ],
            [
              88.97612129500004,
              22.494838341
            ],
            [
              88.97614567500011,
              22.494793710000124
            ],
            [
              88.97616209800015,
              22.494768292000174
            ],
            [
              88.97622075300012,
              22.494677512000123
            ],
            [
              88.976235514,
              22.494652761999987
            ],
            [
              88.97627698800005,
              22.494589796000128
            ],
            [
              88.97639499000007,
              22.494364721000068
            ],
            [
              88.9764395850001,
              22.494290480000075
            ],
            [
              88.97646109800019,
              22.49425674500003
            ],
            [
              88.97656776700006,
              22.494085795000103
            ],
            [
              88.97670610000006,
              22.493822456000032
            ],
            [
              88.9768589750002,
              22.493523081999967
            ],
            [
              88.97698507100012,
              22.49327095899997
            ],
            [
              88.97706639400019,
              22.493117913000106
            ],
            [
              88.97715016300009,
              22.49296262600012
            ],
            [
              88.97729110400013,
              22.492674465
            ],
            [
              88.97742913400003,
              22.49241112599998
            ],
            [
              88.97745131800008,
              22.492368359000068
            ],
            [
              88.97758229100015,
              22.4921140080001
            ],
            [
              88.97768544000007,
              22.49189685400006
            ],
            [
              88.97770848700014,
              22.491848335000043
            ],
            [
              88.97782186300009,
              22.491632262000053
            ],
            [
              88.9779628030002,
              22.491344101000095
            ],
            [
              88.97803136100003,
              22.491150328000117
            ],
            [
              88.9780645410001,
              22.491057947
            ],
            [
              88.9782032990002,
              22.490735897000036
            ],
            [
              88.97836878600015,
              22.490414018000138
            ],
            [
              88.97849717100019,
              22.490139327000065
            ],
            [
              88.97859188500018,
              22.489959620000036
            ],
            [
              88.9786601460001,
              22.489828719000116
            ],
            [
              88.97878836200005,
              22.489576608000107
            ],
            [
              88.97882989400011,
              22.489463958000044
            ],
            [
              88.9789151330001,
              22.48923189700008
            ],
            [
              88.97900460900007,
              22.48900212300009
            ],
            [
              88.97909433000012,
              22.488738476000037
            ],
            [
              88.97919581600019,
              22.488486197000043
            ],
            [
              88.979225155,
              22.488420891000146
            ],
            [
              88.97932460000015,
              22.488197954999976
            ],
            [
              88.97943903400005,
              22.48787800800011
            ],
            [
              88.97946095000009,
              22.48783072200007
            ],
            [
              88.97950972100011,
              22.4877248950001
            ],
            [
              88.97956743200018,
              22.487601054000095
            ],
            [
              88.97966938600007,
              22.487326194000104
            ],
            [
              88.9797588030001,
              22.487062546000118
            ],
            [
              88.97988523800018,
              22.486762998000188
            ],
            [
              88.98000201700017,
              22.486454357000127
            ],
            [
              88.9801162980001,
              22.48615473200016
            ],
            [
              88.9802178650001,
              22.485891161000097
            ],
            [
              88.98030768100006,
              22.485613962000173
            ],
            [
              88.98037011200017,
              22.485467571000015
            ],
            [
              88.9804242130001,
              22.485339193000073
            ],
            [
              88.98052552800004,
              22.48510949100006
            ],
            [
              88.98065126300008,
              22.48490478900004
            ],
            [
              88.980764561,
              22.48469774300014
            ],
            [
              88.98087777800009,
              22.484501990000183
            ],
            [
              88.9810305900001,
              22.484250033000023
            ],
            [
              88.98120756100008,
              22.483975645000044
            ],
            [
              88.98136954000006,
              22.48375761700015
            ],
            [
              88.9815467320002,
              22.483494520000136
            ],
            [
              88.9817088740001,
              22.483253912000123
            ],
            [
              88.98186078400005,
              22.483083244
            ],
            [
              88.98203511499997,
              22.48287884399997
            ],
            [
              88.9821995210001,
              22.48266083200008
            ],
            [
              88.9824493860001,
              22.482386904000123
            ],
            [
              88.98247322700018,
              22.48236672700017
            ],
            [
              88.98269882100004,
              22.482171684000093
            ],
            [
              88.98298748000019,
              22.48190928700012
            ],
            [
              88.98305501900018,
              22.48185326100014
            ],
            [
              88.9833492840001,
              22.48161348100018
            ],
            [
              88.98362352400005,
              22.481328412000153
            ],
            [
              88.98390049900013,
              22.48104335900007
            ],
            [
              88.98406230700004,
              22.480847912000172
            ],
            [
              88.98423883800018,
              22.480632233000165
            ],
            [
              88.98440307400006,
              22.480436798000085
            ],
            [
              88.98464069800019,
              22.480174079000108
            ],
            [
              88.98484514100016,
              22.47996308900008
            ],
            [
              88.98491524000019,
              22.479889008000043
            ],
            [
              88.98514044900008,
              22.479662344000133
            ],
            [
              88.98532914700007,
              22.479444479000108
            ],
            [
              88.98545415300009,
              22.47929622100014
            ],
            [
              88.98550559300008,
              22.479240091000122
            ],
            [
              88.98555461800015,
              22.479181681000057
            ],
            [
              88.98557932600005,
              22.47912538200012
            ],
            [
              88.98631741100013,
              22.47841867200009
            ],
            [
              88.98672453600011,
              22.478028294000126
            ],
            [
              88.98703072000006,
              22.4777343880001
            ],
            [
              88.98705518400016,
              22.477711959000146
            ],
            [
              88.98719485000015,
              22.477552498000023
            ],
            [
              88.98727596200013,
              22.477467195000145
            ],
            [
              88.98736871500006,
              22.477368413000136
            ],
            [
              88.98754507300009,
              22.477175311000167
            ],
            [
              88.987638909,
              22.477094603000012
            ],
            [
              88.98773090700018,
              22.477016141000092
            ],
            [
              88.98786786000005,
              22.476916509000034
            ],
            [
              88.9879948200001,
              22.47681229600005
            ],
            [
              88.98815610600008,
              22.476686845000074
            ],
            [
              88.98835618700002,
              22.476572930000145
            ],
            [
              88.98858071600006,
              22.476438845000132
            ],
            [
              88.98884178600014,
              22.47629143600011
            ],
            [
              88.98906594400006,
              22.476166378000073
            ],
            [
              88.98922911000005,
              22.47607481400013
            ],
            [
              88.98928795700004,
              22.476043566000044
            ],
            [
              88.98951241800006,
              22.47591851100009
            ],
            [
              88.9897124960001,
              22.475804594000124
            ],
            [
              88.98992479000009,
              22.47568171800009
            ],
            [
              88.99025861300004,
              22.475512184000138
            ],
            [
              88.99046583500018,
              22.475418632000185
            ],
            [
              88.99053165200019,
              22.475389687000188
            ],
            [
              88.99084352200003,
              22.475231302000168
            ],
            [
              88.99112888700012,
              22.47508404300015
            ],
            [
              88.9913410150001,
              22.474983750000092
            ],
            [
              88.99158993400016,
              22.474836261000064
            ],
            [
              88.9918507770002,
              22.474677555000085
            ],
            [
              88.99208754400013,
              22.47452998800003
            ],
            [
              88.99224739700014,
              22.474433882000085
            ],
            [
              88.99231207900016,
              22.474393638000095
            ],
            [
              88.99234637300015,
              22.474367983000036
            ],
            [
              88.99252463100015,
              22.474234629000023
            ],
            [
              88.99277379300014,
              22.474053268000034
            ],
            [
              88.99302303300016,
              22.473860612000067
            ],
            [
              88.99313782000019,
              22.47378003500006
            ],
            [
              88.99318421200007,
              22.473748708000016
            ],
            [
              88.99337230200001,
              22.473612128000127
            ],
            [
              88.99353382400005,
              22.473452800000075
            ],
            [
              88.99373440500005,
              22.473268873000052
            ],
            [
              88.99388369300016,
              22.473120760000143
            ],
            [
              88.99404789100004,
              22.472927574000153
            ],
            [
              88.99412289000014,
              22.472846743000105
            ],
            [
              88.99420950900009,
              22.472754693000127
            ],
            [
              88.99437370500004,
              22.47256150800007
            ],
            [
              88.99455021200015,
              22.472345816000143
            ],
            [
              88.99462436600004,
              22.472255948000168
            ],
            [
              88.99470509500009,
              22.47215934500008
            ],
            [
              88.99481380600008,
              22.47201549500005
            ],
            [
              88.99487667000017,
              22.47193233100012
            ],
            [
              88.99498975900019,
              22.471750115000134
            ],
            [
              88.99512762600011,
              22.471543213000075
            ],
            [
              88.99522856500005,
              22.47136092200003
            ],
            [
              88.99530496100016,
              22.47121235400016
            ],
            [
              88.99539415000015,
              22.47101644200012
            ],
            [
              88.99545903200004,
              22.470906191000154
            ],
            [
              88.99548269500013,
              22.470867946000055
            ],
            [
              88.9955715010002,
              22.470683323000173
            ],
            [
              88.99566067300009,
              22.47048966600005
            ],
            [
              88.99572509900008,
              22.470316181000157
            ],
            [
              88.995799309,
              22.470133725000153
            ],
            [
              88.99585189200019,
              22.469960165000032
            ],
            [
              88.99592878900006,
              22.46974159200016
            ],
            [
              88.99598161500018,
              22.469534161000126
            ],
            [
              88.99603191199998,
              22.46934026300005
            ],
            [
              88.99608469500004,
              22.469096697000168
            ],
            [
              88.99611304200016,
              22.46891395800003
            ],
            [
              88.9961633760002,
              22.468672635000075
            ],
            [
              88.99621197800013,
              22.46847181300012
            ],
            [
              88.99623265900016,
              22.46824625300013
            ],
            [
              88.99625861600009,
              22.468016073000115
            ],
            [
              88.99626134000016,
              22.467975441000135
            ],
            [
              88.99627533600005,
              22.467760993000127
            ],
            [
              88.9962653120001,
              22.467508007000163
            ],
            [
              88.99623125500005,
              22.467218735000017
            ],
            [
              88.99621143200011,
              22.466976976000183
            ],
            [
              88.99619196300017,
              22.466854910000052
            ],
            [
              88.99616522500008,
              22.466687630000024
            ],
            [
              88.99611982600015,
              22.466328287000067
            ],
            [
              88.99608567200016,
              22.466052563000176
            ],
            [
              88.99607841900018,
              22.465752170000087
            ],
            [
              88.99604419900004,
              22.46548548000004
            ],
            [
              88.99600996300006,
              22.465221053000107
            ],
            [
              88.99595194900002,
              22.46488420900016
            ],
            [
              88.99590855899999,
              22.464583590000018
            ],
            [
              88.99583830100005,
              22.46426022100019
            ],
            [
              88.995780109,
              22.46394821500013
            ],
            [
              88.99574349800014,
              22.463760554000146
            ],
            [
              88.99571070400009,
              22.463590980000163
            ],
            [
              88.9956040400001,
              22.46321996
            ],
            [
              88.99554504500014,
              22.462977957000135
            ],
            [
              88.99552203899998,
              22.462882966
            ],
            [
              88.99540134700015,
              22.462477986000067
            ],
            [
              88.99533115200012,
              22.46218849000013
            ],
            [
              88.99524850400019,
              22.461898918000145
            ],
            [
              88.99517816800005,
              22.461586838000073
            ],
            [
              88.99514386700014,
              22.461457903000166
            ],
            [
              88.99512374199998,
              22.461381532000132
            ],
            [
              88.99510750700017,
              22.46131992200003
            ],
            [
              88.99509015800004,
              22.461240777000114
            ],
            [
              88.99503755500007,
              22.460996557000158
            ],
            [
              88.9949671390001,
              22.46069576800005
            ],
            [
              88.99492051200008,
              22.460465134000174
            ],
            [
              88.99486199800003,
              22.46019829300019
            ],
            [
              88.99480306200013,
              22.459990167000058
            ],
            [
              88.99476681600015,
              22.4598363770001
            ],
            [
              88.99475619100002,
              22.45979340700012
            ],
            [
              88.99469709200002,
              22.45960786000012
            ],
            [
              88.99465180800019,
              22.459402076000117
            ],
            [
              88.99463858000018,
              22.459341017000156
            ],
            [
              88.99456766000014,
              22.459110233000047
            ],
            [
              88.99453328200019,
              22.458866127000135
            ],
            [
              88.99448698000009,
              22.458590329
            ],
            [
              88.99445485200005,
              22.458371079000187
            ],
            [
              88.99443270200004,
              22.458115755
            ],
            [
              88.99440990500017,
              22.45790785200012
            ],
            [
              88.99439930000011,
              22.45773615800016
            ],
            [
              88.99437957900017,
              22.457480852000174
            ],
            [
              88.994357552,
              22.457250370999986
            ],
            [
              88.99434883999999,
              22.45715321100016
            ],
            [
              88.99433509800014,
              22.45699504700019
            ],
            [
              88.99428889800004,
              22.456705701000033
            ],
            [
              88.99427829200005,
              22.45653400600014
            ],
            [
              88.99423427800014,
              22.456278549000046
            ],
            [
              88.99417575100017,
              22.45601396500001
            ],
            [
              88.99411440400013,
              22.455803565
            ],
            [
              88.99403125700013,
              22.45558399400005
            ],
            [
              88.99394803100017,
              22.45537571600005
            ],
            [
              88.99381420800017,
              22.455108406000136
            ],
            [
              88.99369488000008,
              22.454852475
            ],
            [
              88.99361165300019,
              22.454644198000096
            ],
            [
              88.99352583600012,
              22.454458484000043
            ],
            [
              88.99343046200005,
              22.454250129000116
            ],
            [
              88.99331089000009,
              22.454028072000085
            ],
            [
              88.99328131500005,
              22.453960140000163
            ],
            [
              88.99318958700007,
              22.45375180700006
            ],
            [
              88.993045886,
              22.453507018000153
            ],
            [
              88.99289949600018,
              22.453298345000064
            ],
            [
              88.99277715600016,
              22.453123694000055
            ],
            [
              88.99268878800012,
              22.452996678000034
            ],
            [
              88.99262114700014,
              22.45290140700007
            ],
            [
              88.9924629140001,
              22.452692660000082
            ],
            [
              88.99232877100013,
              22.452470513000094
            ],
            [
              88.99215817200013,
              22.452250396000125
            ],
            [
              88.99196408700016,
              22.451960124000095
            ],
            [
              88.99182031000004,
              22.451726626000095
            ],
            [
              88.99167392200019,
              22.451517950000095
            ],
            [
              88.9915396180001,
              22.45131838499998
            ],
            [
              88.99132124100004,
              22.451027960000033
            ],
            [
              88.99117325900005,
              22.450830566000036
            ],
            [
              88.99113867900007,
              22.45078292700009
            ],
            [
              88.99095875100011,
              22.45055145700013
            ],
            [
              88.99075205900004,
              22.450283690000106
            ],
            [
              88.99061814200007,
              22.450072835000128
            ],
            [
              88.99042359700002,
              22.449805142000116
            ],
            [
              88.99039865300011,
              22.449768856000105
            ],
            [
              88.99025326500015,
              22.449548892000053
            ],
            [
              88.99014566800003,
              22.449351750000062
            ],
            [
              88.99006320800015,
              22.449206706000155
            ],
            [
              88.98998795200015,
              22.449072995
            ],
            [
              88.98984165300004,
              22.448853029000134
            ],
            [
              88.98967383400009,
              22.448585501000025
            ],
            [
              88.98950397100015,
              22.44830667100001
            ],
            [
              88.98938180500016,
              22.448109437000028
            ],
            [
              88.98925001700007,
              22.447898595000026
            ],
            [
              88.98911625300002,
              22.447667412000158
            ],
            [
              88.98906108900007,
              22.447527057000173
            ],
            [
              88.98904115300007,
              22.447470474000056
            ],
            [
              88.98897364600003,
              22.44727358100016
            ],
            [
              88.98890249600004,
              22.447076666000157
            ],
            [
              88.98887913700014,
              22.446947799000043
            ],
            [
              88.98885753000002,
              22.44682797600018
            ],
            [
              88.98880928700004,
              22.446613137000043
            ],
            [
              88.98877465500004,
              22.446405161000087
            ],
            [
              88.98875217300014,
              22.446197259000087
            ],
            [
              88.98875390000018,
              22.446000801000025
            ],
            [
              88.98878170400019,
              22.44585193000006
            ],
            [
              88.98880797200019,
              22.445621752000022
            ],
            [
              88.98882372300017,
              22.445459252999967
            ],
            [
              88.988849829,
              22.44525165800013
            ],
            [
              88.98886005200006,
              22.445181713000125
            ],
            [
              88.98887827800019,
              22.445055365000144
            ],
            [
              88.98889125900007,
              22.444940276000125
            ],
            [
              88.988931369,
              22.44476889800012
            ],
            [
              88.98895722800012,
              22.44459517399997
            ],
            [
              88.98898511200014,
              22.444435012000042
            ],
            [
              88.98901080300004,
              22.44428386900006
            ],
            [
              88.98901868000007,
              22.444202619000123
            ],
            [
              88.98902394800012,
              22.444146194000155
            ],
            [
              88.98905213600017,
              22.443986037000116
            ],
            [
              88.98907734400012,
              22.443859731000146
            ],
            [
              88.98910546600013,
              22.443708602000186
            ],
            [
              88.98913051100016,
              22.44360487900019
            ],
            [
              88.98942293300018,
              22.443019561000085
            ],
            [
              88.98965126100006,
              22.442562564000013
            ],
            [
              88.98971241600009,
              22.442504229000065
            ],
            [
              88.98982507700009,
              22.442378471000154
            ],
            [
              88.99000096000015,
              22.442244077000055
            ],
            [
              88.99015022200007,
              22.442095962000167
            ],
            [
              88.99027268900016,
              22.441999623000072
            ],
            [
              88.99032612400003,
              22.441959308000037
            ],
            [
              88.99046323600004,
              22.441811122000047
            ],
            [
              88.99061059400015,
              22.44167428800006
            ],
            [
              88.99064911700003,
              22.441638398000123
            ],
            [
              88.9908008860001,
              22.4414790080001
            ],
            [
              88.99093854800009,
              22.441296949000048
            ],
            [
              88.9910513690001,
              22.441148607000173
            ],
            [
              88.991188744,
              22.44096428900002
            ],
            [
              88.99134067700004,
              22.440782318000174
            ],
            [
              88.99154153300015,
              22.440553229000102
            ],
            [
              88.99156175400014,
              22.440528514000107
            ],
            [
              88.99160126900011,
              22.44048133600012
            ],
            [
              88.99172810500016,
              22.44032630900017
            ],
            [
              88.99186782700014,
              22.44015329399997
            ],
            [
              88.99202963600015,
              22.439948802000117
            ],
            [
              88.99211690800007,
              22.439847726000096
            ],
            [
              88.99216252300005,
              22.43979682300005
            ],
            [
              88.992219192,
              22.439728561000095
            ],
            [
              88.99233100200018,
              22.439593877000164
            ],
            [
              88.99250738600006,
              22.43938947600003
            ],
            [
              88.99266935000014,
              22.43920530700018
            ],
            [
              88.99288217400016,
              22.439001132000044
            ],
            [
              88.99304365400019,
              22.438841802000184
            ],
            [
              88.99321962800019,
              22.43869385500011
            ],
            [
              88.99338102800004,
              22.43854581500011
            ],
            [
              88.99348800500007,
              22.438449377000154
            ],
            [
              88.9935204030001,
              22.438420219000022
            ],
            [
              88.9937060110002,
              22.438283623000075
            ],
            [
              88.99384277700017,
              22.43818285200001
            ],
            [
              88.99400605800008,
              22.438068698000166
            ],
            [
              88.99410566500006,
              22.437983504000044
            ],
            [
              88.99417960200003,
              22.437920733000112
            ],
            [
              88.99433120100008,
              22.437783923000154
            ],
            [
              88.99451705200005,
              22.43761345100006
            ],
            [
              88.99470366800006,
              22.43746331000017
            ],
            [
              88.99472962300018,
              22.43744314700018
            ],
            [
              88.99495451900009,
              22.437248076000117
            ],
            [
              88.99511599700014,
              22.437088744000107
            ],
            [
              88.99534079400019,
              22.436907223000105
            ],
            [
              88.99552915500004,
              22.43672547400007
            ],
            [
              88.99577840400013,
              22.436521523000124
            ],
            [
              88.99600329600014,
              22.436326451000184
            ],
            [
              88.99619157300015,
              22.43615599200018
            ],
            [
              88.99640446500018,
              22.435940523000056
            ],
            [
              88.99662990299998,
              22.43571158000003
            ],
            [
              88.99679153900007,
              22.435529663000125
            ],
            [
              88.99697999200009,
              22.435334363000152
            ],
            [
              88.99705583000014,
              22.43526031200014
            ],
            [
              88.99714146500003,
              22.43517503000004
            ],
            [
              88.99734212800007,
              22.434970774000192
            ],
            [
              88.99754280500002,
              22.43476425700004
            ],
            [
              88.99771658500003,
              22.4345824130001
            ],
            [
              88.9978805670001,
              22.434411805000025
            ],
            [
              88.9980298100001,
              22.434263684000086
            ],
            [
              88.9981628480001,
              22.43413127100007
            ],
            [
              88.99830643700017,
              22.433967308000092
            ],
            [
              88.998419464,
              22.433830254000156
            ],
            [
              88.99855648200014,
              22.433693349000066
            ],
            [
              88.998656821,
              22.433590091000042
            ],
            [
              88.99867884200017,
              22.433567645000153
            ],
            [
              88.99876355900017,
              22.43348154000006
            ],
            [
              88.99889417400004,
              22.43334992700011
            ],
            [
              88.99897004299999,
              22.43327135800007
            ],
            [
              88.99899360000006,
              22.43324666200016
            ],
            [
              88.99907037900016,
              22.43316809900017
            ],
            [
              88.99917079700009,
              22.43305355000018
            ],
            [
              88.99924441300016,
              22.432950125000048
            ],
            [
              88.99935713600013,
              22.432813067000097
            ],
            [
              88.99946978200006,
              22.432687302999966
            ],
            [
              88.9995388420001,
              22.432583848000036
            ],
            [
              88.99962223800003,
              22.432471453000062
            ],
            [
              88.99970314200016,
              22.432354005000093
            ],
            [
              88.99975991800005,
              22.432241961000102
            ],
            [
              88.99983620400019,
              22.432104679000076
            ],
            [
              88.99990073100008,
              22.43195603200013
            ],
            [
              88.99993260400015,
              22.4318726730001
            ],
            [
              88.99995023500009,
              22.43182761600019
            ],
            [
              88.99999008600014,
              22.43169010800017
            ],
            [
              89.00004004100009,
              22.431541370000105
            ],
            [
              89.00008014800011,
              22.43136773300006
            ],
            [
              89.00010589200008,
              22.431207555000128
            ],
            [
              89.00012153300008,
              22.431058607000068
            ],
            [
              89.00013530900014,
              22.430873513
            ],
            [
              89.00012398900009,
              22.430758270000126
            ],
            [
              89.00010132700015,
              22.430572950999988
            ],
            [
              89.00007794499999,
              22.430446342000096
            ],
            [
              89.00005721200017,
              22.430331044000127
            ],
            [
              89.00000696400008,
              22.43022459200006
            ],
            [
              88.999971818,
              22.430086620000168
            ],
            [
              88.99991222100016,
              22.42997107800005
            ],
            [
              88.9998953220001,
              22.429943423000168
            ],
            [
              88.99984019200014,
              22.42985320200006
            ],
            [
              88.99981108000003,
              22.429805599000133
            ],
            [
              88.99979248300019,
              22.429773867000165
            ],
            [
              88.99971776400014,
              22.429692107000108
            ],
            [
              88.99969461400019,
              22.429660348000084
            ],
            [
              88.99964586200008,
              22.429599070000165
            ],
            [
              88.99955900200013,
              22.42951723600015
            ],
            [
              88.9994508420001,
              22.429399134000164
            ],
            [
              88.99934007400014,
              22.42930586100016
            ],
            [
              88.99920463300003,
              22.42922372300012
            ],
            [
              88.99905761100013,
              22.42910538200016
            ],
            [
              88.99891040900002,
              22.429011878999972
            ],
            [
              88.99870256500009,
              22.428906708000056
            ],
            [
              88.99850679900004,
              22.428810647000034
            ],
            [
              88.99842715700004,
              22.428780799000037
            ],
            [
              88.99826001300005,
              22.428716527000063
            ],
            [
              88.99800244500005,
              22.42863104999998
            ],
            [
              88.99793407400017,
              22.428608369000187
            ],
            [
              88.99787894500014,
              22.42858996000018
            ],
            [
              88.99782928000019,
              22.428571587000135
            ],
            [
              88.9975968230001,
              22.428511425000124
            ],
            [
              88.99743697600007,
              22.428487852000046
            ],
            [
              88.9973402820001,
              22.42846467100003
            ],
            [
              88.99722599500012,
              22.428439118000085
            ],
            [
              88.99694262500014,
              22.428365094000014
            ],
            [
              88.9966979420002,
              22.42831615100016
            ],
            [
              88.99650171100006,
              22.428261909000128
            ],
            [
              88.99643885000012,
              22.42824453300011
            ],
            [
              88.99640573900012,
              22.428233633000048
            ],
            [
              88.99618015700008,
              22.42815937200004
            ],
            [
              88.9959380190001,
              22.428107712000042
            ],
            [
              88.99589669199997,
              22.42809889500012
            ],
            [
              88.99580521000007,
              22.428068967000115
            ],
            [
              88.99557625300002,
              22.427990518000115
            ],
            [
              88.9955365290001,
              22.427979222999966
            ],
            [
              88.995356905,
              22.42791938900018
            ],
            [
              88.9953232850001,
              22.42790789000003
            ],
            [
              88.99503743100007,
              22.427799975000084
            ],
            [
              88.99476674300001,
              22.427694409000026
            ],
            [
              88.99455648900005,
              22.427586962000134
            ],
            [
              88.9943122320002,
              22.427479302999984
            ],
            [
              88.99412868400009,
              22.427374278000116
            ],
            [
              88.9938820800001,
              22.427255313000103
            ],
            [
              88.99361126800011,
              22.42712490499997
            ],
            [
              88.9933669940001,
              22.427019499000153
            ],
            [
              88.99329862100006,
              22.426985200000047
            ],
            [
              88.9930360240001,
              22.42685258400013
            ],
            [
              88.9927290820001,
              22.42672194900007
            ],
            [
              88.9923985580001,
              22.42657761600009
            ],
            [
              88.99229868900011,
              22.42653182600003
            ],
            [
              88.9919162330001,
              22.426389429000096
            ],
            [
              88.99163592800005,
              22.426270248000094
            ],
            [
              88.99130188600014,
              22.42615073000013
            ],
            [
              88.99102128200019,
              22.42603154900013
            ],
            [
              88.99075068200017,
              22.425914686000112
            ],
            [
              88.99049202000009,
              22.425784349000082
            ],
            [
              88.99027187799999,
              22.425701673
            ],
            [
              88.99001331700003,
              22.42555778600007
            ],
            [
              88.98979334,
              22.425452532000065
            ],
            [
              88.989641947,
              22.42535222000015
            ],
            [
              88.98951110300004,
              22.42526558600008
            ],
            [
              88.9892649320002,
              22.425087902000143
            ],
            [
              88.98916256200005,
              22.425010479000036
            ],
            [
              88.98902156000014,
              22.424901200000136
            ],
            [
              88.98877529100008,
              22.424737064000055
            ],
            [
              88.98861864700007,
              22.424607361000085
            ],
            [
              88.98842071300004,
              22.42447740100016
            ],
            [
              88.98827344300014,
              22.4243951790001
            ],
            [
              88.98815698200019,
              22.424292826000055
            ],
            [
              88.98812892800015,
              22.42426781300003
            ],
            [
              88.98789464300006,
              22.424126329000046
            ],
            [
              88.98769930100002,
              22.423973801000045
            ],
            [
              88.98747967499997,
              22.423821122000106
            ],
            [
              88.9872963160002,
              22.423691249000115
            ],
            [
              88.98723320500005,
              22.423643433000052
            ],
            [
              88.98712510200005,
              22.423561455000026
            ],
            [
              88.98691565600012,
              22.423386256000185
            ],
            [
              88.98668413000019,
              22.42319962600004
            ],
            [
              88.98660672500006,
              22.423113324000155
            ],
            [
              88.98651332600008,
              22.423013375000153
            ],
            [
              88.98627014100009,
              22.42280183000014
            ],
            [
              88.98608727900006,
              22.422604212000124
            ],
            [
              88.98595274500013,
              22.422440773
            ],
            [
              88.98580598700005,
              22.422288548000154
            ],
            [
              88.98568586400017,
              22.42214778100015
            ],
            [
              88.98556321400014,
              22.42202054600017
            ],
            [
              88.98550571599998,
              22.421952438000062
            ],
            [
              88.98541662000008,
              22.421845738000115
            ],
            [
              88.98520989600001,
              22.421589256000175
            ],
            [
              88.98509000400009,
              22.42141687400016
            ],
            [
              88.9850398270001,
              22.421344294000164
            ],
            [
              88.98485704800015,
              22.421135386000117
            ],
            [
              88.98465114000015,
              22.42080890000011
            ],
            [
              88.98463462200004,
              22.420783957000083
            ],
            [
              88.98458124400008,
              22.42069890600004
            ],
            [
              88.98451936600009,
              22.420600311000157
            ],
            [
              88.98448992500005,
              22.42055721900016
            ],
            [
              88.98440912500013,
              22.420437022000044
            ],
            [
              88.98433829800007,
              22.420323663000033
            ],
            [
              88.98427735500007,
              22.420228432000044
            ],
            [
              88.98419115900003,
              22.420099172000164
            ],
            [
              88.98411344400012,
              22.419972216000133
            ],
            [
              88.9839987000002,
              22.419813751999982
            ],
            [
              88.98389761000016,
              22.41967502600005
            ],
            [
              88.98380230400011,
              22.419545706
            ],
            [
              88.9831053910001,
              22.41860188100003
            ],
            [
              88.98301639800007,
              22.41848163100019
            ],
            [
              88.98264149600016,
              22.417973419000077
            ],
            [
              88.98217581199998,
              22.41734042799999
            ],
            [
              88.98215224000018,
              22.417283823000048
            ],
            [
              88.98203229,
              22.4171204700001
            ],
            [
              88.98190911100005,
              22.417024847999983
            ],
            [
              88.9817743270001,
              22.41689753700001
            ],
            [
              88.98160304400005,
              22.416779024000107
            ],
            [
              88.98144388800017,
              22.41666285000008
            ],
            [
              88.98123625700015,
              22.416532819000054
            ],
            [
              88.98102862600012,
              22.41640279100011
            ],
            [
              88.98081838500002,
              22.41629758300013
            ],
            [
              88.98061032700008,
              22.41622626500009
            ],
            [
              88.98042665500014,
              22.4161415480001
            ],
            [
              88.98017998300014,
              22.41603611300019
            ],
            [
              88.97997218800009,
              22.41592866300016
            ],
            [
              88.97972600300005,
              22.41579838600012
            ],
            [
              88.97948135600018,
              22.415686186000073
            ],
            [
              88.97924750100009,
              22.415551472000118
            ],
            [
              88.97901533900006,
              22.415455156000178
            ],
            [
              88.97885602000014,
              22.415361560000065
            ],
            [
              88.97864578300005,
              22.415256351000153
            ],
            [
              88.97842584700015,
              22.415148823000095
            ],
            [
              88.97824233000017,
              22.415043781000122
            ],
            [
              88.97798361600007,
              22.414924716000144
            ],
            [
              88.97772520900008,
              22.41480565200004
            ],
            [
              88.97740594300012,
              22.41466361800002
            ],
            [
              88.97701438700005,
              22.41448499600017
            ],
            [
              88.976695044,
              22.414354251000077
            ],
            [
              88.97633714500017,
              22.41422326300011
            ],
            [
              88.97614486000015,
              22.414154297000096
            ],
            [
              88.97600587400018,
              22.414103734000093
            ],
            [
              88.97567430600014,
              22.413984204000144
            ],
            [
              88.97540387400011,
              22.41384925000017
            ],
            [
              88.97534337100018,
              22.413819510000167
            ],
            [
              88.97507260500015,
              22.413689071000135
            ],
            [
              88.97481389700005,
              22.413570000000163
            ],
            [
              88.97450951500014,
              22.413428057000033
            ],
            [
              88.97425081000011,
              22.41330898500013
            ],
            [
              88.97395584100013,
              22.41316710000001
            ],
            [
              88.97369768900006,
              22.41301415500004
            ],
            [
              88.97349015200007,
              22.412872826000182
            ],
            [
              88.97319581900013,
              22.412685777999968
            ],
            [
              88.97301257200013,
              22.412544599000114
            ],
            [
              88.97297568300002,
              22.412524042000086
            ],
            [
              88.97280487,
              22.412425849000044
            ],
            [
              88.97265795600015,
              22.412298452000073
            ],
            [
              88.97245042200018,
              22.412157121
            ],
            [
              88.97228286300009,
              22.412029594000046
            ],
            [
              88.97216866600013,
              22.411911436000025
            ],
            [
              88.97202168700017,
              22.411793070000044
            ],
            [
              88.97188959200014,
              22.411631895000085
            ],
            [
              88.97175500300011,
              22.411479735000114
            ],
            [
              88.97163272500012,
              22.411305069000036
            ],
            [
              88.97151847700007,
              22.41115303800018
            ],
            [
              88.9715007320001,
              22.41113034400007
            ],
            [
              88.97140235300009,
              22.410967119000134
            ],
            [
              88.97131893300008,
              22.41079270500012
            ],
            [
              88.97123513100007,
              22.41062957600002
            ],
            [
              88.97117363400008,
              22.41044626300004
            ],
            [
              88.97112639500017,
              22.410305950000065
            ],
            [
              88.9711195910001,
              22.41024041800017
            ],
            [
              88.97110628900009,
              22.410109354000156
            ],
            [
              88.97108344900016,
              22.409912739000163
            ],
            [
              88.97107270600003,
              22.409763624000163
            ],
            [
              88.97108062000018,
              22.409637213000053
            ],
            [
              88.97108684900007,
              22.40953337100018
            ],
            [
              88.97111517700012,
              22.409314500000107
            ],
            [
              88.97116792600013,
              22.409118368000065
            ],
            [
              88.97120602400008,
              22.408933431000094
            ],
            [
              88.97123406200006,
              22.40883650300009
            ],
            [
              88.9712458960002,
              22.40879592900012
            ],
            [
              88.97129565,
              22.408635909
            ],
            [
              88.9713481510002,
              22.408473647000108
            ],
            [
              88.9714373970001,
              22.40826871500019
            ],
            [
              88.97152674300003,
              22.408050229000025
            ],
            [
              88.97162759600013,
              22.407876987000122
            ],
            [
              88.9717203670001,
              22.407687883000108
            ],
            [
              88.97177007900012,
              22.407615932000056
            ],
            [
              88.97189331200008,
              22.407454124000026
            ],
            [
              88.97200096400013,
              22.40730575900011
            ],
            [
              88.97204298400004,
              22.407247315000063
            ],
            [
              88.97225603200008,
              22.407009290000133
            ],
            [
              88.97237147600003,
              22.406874529000106
            ],
            [
              88.97244464500017,
              22.406791438000084
            ],
            [
              88.972669586,
              22.406587364000075
            ],
            [
              88.97288248400002,
              22.406369665000057
            ],
            [
              88.97303202500007,
              22.406221572000163
            ],
            [
              88.97318134400007,
              22.40606218100004
            ],
            [
              88.97329616399998,
              22.40592967100008
            ],
            [
              88.97332095200011,
              22.40590272900016
            ],
            [
              88.97345804800005,
              22.405754555000158
            ],
            [
              88.97361977700001,
              22.405559114000084
            ],
            [
              88.97370548800012,
              22.40546255099997
            ],
            [
              88.97373366800014,
              22.40542885600013
            ],
            [
              88.97375202800004,
              22.405408647000172
            ],
            [
              88.97387848000005,
              22.405262664000077
            ],
            [
              88.97390878300013,
              22.405228982000096
            ],
            [
              88.97407275800015,
              22.405058394000037
            ],
            [
              88.97423950200005,
              22.404882177000104
            ],
            [
              88.974295955,
              22.4048228960001
            ],
            [
              88.97448425500016,
              22.40462516000008
            ],
            [
              88.97470929000019,
              22.404407535000075
            ],
            [
              88.97494661500002,
              22.40416966400005
            ],
            [
              88.97518395700013,
              22.40392953100013
            ],
            [
              88.9754236390001,
              22.403700709000077
            ],
            [
              88.97564848900004,
              22.40350791999998
            ],
            [
              88.975858947,
              22.403290202000107
            ],
            [
              88.97607190000014,
              22.403063464000184
            ],
            [
              88.97626413300014,
              22.40288853800007
            ],
            [
              88.97647287400014,
              22.402697906000128
            ],
            [
              88.97663406700002,
              22.402574722000054
            ],
            [
              88.97670156700013,
              22.402518693000104
            ],
            [
              88.97685884400005,
              22.40239096700003
            ],
            [
              88.97707138100014,
              22.402220683000166
            ],
            [
              88.97725954800018,
              22.402061537000122
            ],
            [
              88.97745751500014,
              22.40189115900006
            ],
            [
              88.97762131400009,
              22.401743150000186
            ],
            [
              88.97777045900011,
              22.401606337000146
            ],
            [
              88.97798299599998,
              22.401436051000076
            ],
            [
              88.97814410000018,
              22.401324156000157
            ],
            [
              88.97838092000006,
              22.40115402500004
            ],
            [
              88.97841479600004,
              22.40112939700009
            ],
            [
              88.97859328600003,
              22.401006319000032
            ],
            [
              88.97889302400017,
              22.400825295000175
            ],
            [
              88.97897961600006,
              22.400773900000104
            ],
            [
              88.97917841100008,
              22.400655469000128
            ],
            [
              88.97939069500006,
              22.400519050000128
            ],
            [
              88.97961528600007,
              22.400360132000117
            ],
            [
              88.9798639390001,
              22.400190075000182
            ],
            [
              88.98010067100017,
              22.400031229000035
            ],
            [
              88.98014701000017,
              22.400004420000187
            ],
            [
              88.98032266600012,
              22.39989487400004
            ],
            [
              88.98055929999998,
              22.399749579000172
            ],
            [
              88.98077150000017,
              22.399624453000115
            ],
            [
              88.98103237500015,
              22.399443177000023
            ],
            [
              88.98130804100003,
              22.399273286000096
            ],
            [
              88.98134465200013,
              22.39924867500008
            ],
            [
              88.98150575100004,
              22.399136775999978
            ],
            [
              88.98158896600012,
              22.399089876
            ],
            [
              88.9817422970001,
              22.399002768000116
            ],
            [
              88.98200292500019,
              22.398855366000134
            ],
            [
              88.98221520400006,
              22.398718945000155
            ],
            [
              88.98228413600009,
              22.398674213
            ],
            [
              88.98235617199998,
              22.398626566000075
            ],
            [
              88.98243970700008,
              22.398571312000115
            ],
            [
              88.98260090399998,
              22.398445864000053
            ],
            [
              88.98281342800016,
              22.39827557200016
            ],
            [
              88.98302578800013,
              22.39812786100009
            ],
            [
              88.9831991100001,
              22.398004745000037
            ],
            [
              88.98342338800018,
              22.39784581800012
            ],
            [
              88.98346637400005,
              22.397821248000014
            ],
            [
              88.98365994900013,
              22.39770955000006
            ],
            [
              88.98390906100013,
              22.397516904999975
            ],
            [
              88.98417249800019,
              22.397358219000182
            ],
            [
              88.98434252800001,
              22.397228311000106
            ],
            [
              88.98439303100002,
              22.397192497000162
            ],
            [
              88.98461892600017,
              22.39704035000011
            ],
            [
              88.98485572900012,
              22.39687020700012
            ],
            [
              88.98513155000012,
              22.396677729000032
            ],
            [
              88.98534147700019,
              22.39652999800012
            ],
            [
              88.9855294640002,
              22.3963934250001
            ],
            [
              88.98557770600007,
              22.39635533700016
            ],
            [
              88.98570288000013,
              22.396256757000174
            ],
            [
              88.98592736000006,
              22.396111376000135
            ],
            [
              88.98615155100003,
              22.395963737999978
            ],
            [
              88.98637604500016,
              22.395816095000157
            ],
            [
              88.98657617200013,
              22.395679594000114
            ],
            [
              88.98664844100011,
              22.395634884000174
            ],
            [
              88.98677379000014,
              22.39555437200005
            ],
            [
              88.98684270300004,
              22.395511896000073
            ],
            [
              88.98698604200007,
              22.39542020500005
            ],
            [
              88.98717410900014,
              22.39527233399997
            ],
            [
              88.98734722000012,
              22.395135666000044
            ],
            [
              88.98754797700013,
              22.394954
            ],
            [
              88.98764632300009,
              22.394871061000117
            ],
            [
              88.98771668200015,
              22.39481070700009
            ],
            [
              88.98789708800018,
              22.394658094000135
            ],
            [
              88.98808515300016,
              22.39451022300011
            ],
            [
              88.98823420100007,
              22.394384693000177
            ],
            [
              88.98841119800005,
              22.394214172000034
            ],
            [
              88.98843473300013,
              22.394191733000014
            ],
            [
              88.9884924280002,
              22.39414692800011
            ],
            [
              88.98864716100013,
              22.394032724000112
            ],
            [
              88.98885412100003,
              22.393853356000022
            ],
            [
              88.9889889700001,
              22.393739026000162
            ],
            [
              88.98902103800009,
              22.39371213000004
            ],
            [
              88.98914570100015,
              22.393599995000102
            ],
            [
              88.98931911100016,
              22.393463324000038
            ],
            [
              88.98945852300011,
              22.39332643700004
            ],
            [
              88.989571061,
              22.39321196800006
            ],
            [
              88.9896215230001,
              22.393160343000147
            ],
            [
              88.98969582300003,
              22.393086287000017
            ],
            [
              88.98979621299998,
              22.39297173900013
            ],
            [
              88.98992096000012,
              22.392848312000183
            ],
            [
              88.98996951700013,
              22.39280796600019
            ],
            [
              88.990045555,
              22.392745210000157
            ],
            [
              88.99019468000017,
              22.392608388000042
            ],
            [
              88.9903072150002,
              22.39249391900006
            ],
            [
              88.99044420000007,
              22.392357017999984
            ],
            [
              88.9905714680001,
              22.39222005500011
            ],
            [
              88.99066963800004,
              22.39211904500013
            ],
            [
              88.990720818,
              22.39205161900003
            ],
            [
              88.9907386000001,
              22.392026888000032
            ],
            [
              88.99078243200017,
              22.39196844500009
            ],
            [
              88.99087050500009,
              22.391878664000046
            ],
            [
              88.99093455400015,
              22.391752598000096
            ],
            [
              88.99100443000003,
              22.391660446000117
            ],
            [
              88.99104743200007,
              22.391590706000045
            ],
            [
              88.99108434400006,
              22.391523189000054
            ],
            [
              88.99113600800007,
              22.39143092100005
            ],
            [
              88.99121242100011,
              22.39131622500014
            ],
            [
              88.99126164000018,
              22.391226203000144
            ],
            [
              88.99132536300004,
              22.39114530100005
            ],
            [
              88.99134316300007,
              22.391118313000106
            ],
            [
              88.99136836600013,
              22.391075561000093
            ],
            [
              88.99149295300003,
              22.390635972000098
            ],
            [
              88.99155965400013,
              22.39039475200019
            ],
            [
              88.99159283300014,
              22.39027579900005
            ],
            [
              88.99171205700009,
              22.389844680000124
            ],
            [
              88.99170015900012,
              22.389810733000104
            ],
            [
              88.99165331400008,
              22.389613969000152
            ],
            [
              88.99161625500011,
              22.389448884000103
            ],
            [
              88.99160654900004,
              22.3894059160001
            ],
            [
              88.99160169800007,
              22.389362978000065
            ],
            [
              88.99158398500015,
              22.389209307000044
            ],
            [
              88.99157731400004,
              22.389166358000182
            ],
            [
              88.9915495250001,
              22.388978748000113
            ],
            [
              88.9915268800001,
              22.388793426
            ],
            [
              88.99146830100017,
              22.38854013400004
            ],
            [
              88.99145008400012,
              22.388456462000022
            ],
            [
              88.9914098180002,
              22.388273289000097
            ],
            [
              88.99133885300012,
              22.388053796000122
            ],
            [
              88.99123172500009,
              22.387797940000098
            ],
            [
              88.99112263600006,
              22.387519491000035
            ],
            [
              88.99097932500018,
              22.387229537000053
            ],
            [
              88.99096786300015,
              22.38720440000003
            ],
            [
              88.99090910500007,
              22.3870755370001
            ],
            [
              88.99085292000012,
              22.386953239000093
            ],
            [
              88.990714464,
              22.38670622100011
            ],
            [
              88.99055616600009,
              22.386474889000112
            ],
            [
              88.99044871300015,
              22.386264196000184
            ],
            [
              88.9903264140001,
              22.386091802000124
            ],
            [
              88.9902064800001,
              22.385928458000137
            ],
            [
              88.99007223799998,
              22.385728891000042
            ],
            [
              88.98994689700004,
              22.385599387000184
            ],
            [
              88.98980977700006,
              22.385420125000053
            ],
            [
              88.98977941400011,
              22.38537928600016
            ],
            [
              88.98973508900008,
              22.385338360000162
            ],
            [
              88.98965883400007,
              22.385263361000057
            ],
            [
              88.98947623400005,
              22.385077042000034
            ],
            [
              88.98934148700005,
              22.38494747800013
            ],
            [
              88.98915874800008,
              22.384738574000096
            ],
            [
              88.98895182200005,
              22.384515970000166
            ],
            [
              88.98883548400016,
              22.38435942000018
            ],
            [
              88.98876964800007,
              22.384270934000142
            ],
            [
              88.98858691000004,
              22.384062030000052
            ],
            [
              88.98839233500019,
              22.38385305300011
            ],
            [
              88.98823338900019,
              22.383712043000173
            ],
            [
              88.98802630500012,
              22.383512021000115
            ],
            [
              88.98787948400013,
              22.3833733460001
            ],
            [
              88.98772086800017,
              22.383187173000067
            ],
            [
              88.98750253600019,
              22.382905780000158
            ],
            [
              88.98731980100007,
              22.38269687400009
            ],
            [
              88.98714926700018,
              22.382521919000112
            ],
            [
              88.98700262900013,
              22.38235840300007
            ],
            [
              88.98692843600014,
              22.38229244900009
            ],
            [
              88.98685817600017,
              22.382228779000172
            ],
            [
              88.98666721400019,
              22.382024337000132
            ],
            [
              88.9864924640001,
              22.381844836000084
            ],
            [
              88.98628334000006,
              22.381633509000096
            ],
            [
              88.98612689200007,
              22.381483479000167
            ],
            [
              88.98594401500014,
              22.381294896999975
            ],
            [
              88.98577318100018,
              22.381119939000087
            ],
            [
              88.9856387690001,
              22.380945207000025
            ],
            [
              88.98546840100005,
              22.380747669000186
            ],
            [
              88.98535421100019,
              22.380588871000043
            ],
            [
              88.98533407100012,
              22.38056164600016
            ],
            [
              88.9851515220002,
              22.38032789900012
            ],
            [
              88.98498336400013,
              22.380119082000135
            ],
            [
              88.98484886900007,
              22.379955641000038
            ],
            [
              88.98466636500012,
              22.379758026000104
            ],
            [
              88.98448357300009,
              22.379558150000094
            ],
            [
              88.984337105,
              22.379372051000075
            ],
            [
              88.98413058200009,
              22.379138151000063
            ],
            [
              88.98394769400005,
              22.378951822000033
            ],
            [
              88.98376543900014,
              22.37872033500014
            ],
            [
              88.98360692900019,
              22.378520609000134
            ],
            [
              88.98352333000014,
              22.378371034999986
            ],
            [
              88.9834159780001,
              22.378149049000115
            ],
            [
              88.9833301320001,
              22.377974621000078
            ],
            [
              88.98324696300006,
              22.37776633900006
            ],
            [
              88.9831637910001,
              22.377558055000065
            ],
            [
              88.98308054000006,
              22.3773610610001
            ],
            [
              88.98298280200015,
              22.37715268400018
            ],
            [
              88.98297299900014,
              22.37712326400009
            ],
            [
              88.98294446900007,
              22.37703953100015
            ],
            [
              88.98291177300007,
              22.376944476
            ],
            [
              88.98284074300005,
              22.376736268
            ],
            [
              88.98278228200007,
              22.37646942300006
            ],
            [
              88.98271200700003,
              22.376157338000098
            ],
            [
              88.98270615000018,
              22.376127945000064
            ],
            [
              88.9826536290002,
              22.375879202000135
            ],
            [
              88.98260769300009,
              22.375601143000154
            ],
            [
              88.98259324900016,
              22.37554233700007
            ],
            [
              88.98258737500004,
              22.375515202000088
            ],
            [
              88.98256086500015,
              22.37540437900003
            ],
            [
              88.98255457200008,
              22.375350596000146
            ],
            [
              88.98254314700011,
              22.375252961000115
            ],
            [
              88.98253801100003,
              22.37520776500014
            ],
            [
              88.9825273400001,
              22.375047359000177
            ],
            [
              88.98251944100008,
              22.374839548000125
            ],
            [
              88.98249713900003,
              22.374609062000047
            ],
            [
              88.98249832300013,
              22.374446475000184
            ],
            [
              88.98250239900011,
              22.374261320000073
            ],
            [
              88.9825174520002,
              22.374069464000172
            ],
            [
              88.98255669600007,
              22.37384839599997
            ],
            [
              88.98259527300013,
              22.373593453000126
            ],
            [
              88.98263536900009,
              22.373422076000054
            ],
            [
              88.98265263700011,
              22.373343144000103
            ],
            [
              88.98268841900006,
              22.373180772000183
            ],
            [
              88.9827652530002,
              22.37300736500015
            ],
            [
              88.98286655700002,
              22.372766367999986
            ],
            [
              88.98300403500002,
              22.372559469
            ],
            [
              88.98302824000018,
              22.372528004000173
            ],
            [
              88.98310488500005,
              22.37242234600012
            ],
            [
              88.98324210100003,
              22.372251581000114
            ],
            [
              88.98336348300012,
              22.37208748600011
            ],
            [
              88.98351921900002,
              22.371873929000117
            ],
            [
              88.98366233000007,
              22.371685131000163
            ],
            [
              88.98368346900014,
              22.371658164000166
            ],
            [
              88.98382051600004,
              22.371509980000155
            ],
            [
              88.98395821300011,
              22.37131437300002
            ],
            [
              88.98403976300011,
              22.37120197100012
            ],
            [
              88.98412256000012,
              22.371085057000073
            ],
            [
              88.984223107,
              22.370947936000164
            ],
            [
              88.984360563,
              22.3707432920001
            ],
            [
              88.98448561100008,
              22.37061761500013
            ],
            [
              88.98463506100018,
              22.37043337300014
            ],
            [
              88.98480692600009,
              22.370254918000057
            ],
            [
              88.98492372100009,
              22.370137088000035
            ],
            [
              88.9850485450001,
              22.370000119000167
            ],
            [
              88.98518541200013,
              22.369876769000086
            ],
            [
              88.98533712400007,
              22.36971512400015
            ],
            [
              88.98549853000014,
              22.369555797000032
            ],
            [
              88.98569927400001,
              22.36932896800016
            ],
            [
              88.98586068000009,
              22.36916964300002
            ],
            [
              88.98608831000007,
              22.36891814000012
            ],
            [
              88.98623300900005,
              22.36876096600008
            ],
            [
              88.98628838100018,
              22.36870034100008
            ],
            [
              88.98645102300014,
              22.36849585300007
            ],
            [
              88.98660030300005,
              22.36833419300018
            ],
            [
              88.9866394780002,
              22.368289271000037
            ],
            [
              88.98667614100015,
              22.368255627000053
            ],
            [
              88.98739435200014,
              22.36760973300011
            ],
            [
              88.98847212800013,
              22.36663863700005
            ],
            [
              88.9885359640001,
              22.366582575000052
            ],
            [
              88.98856057000017,
              22.366537565000044
            ],
            [
              88.98862463100005,
              22.366420314000038
            ],
            [
              88.98868882700003,
              22.36626059800011
            ],
            [
              88.98876581299999,
              22.36606460700017
            ],
            [
              88.98882758700012,
              22.365915945000097
            ],
            [
              88.98890417200016,
              22.365733502000012
            ],
            [
              88.98895696200009,
              22.365526069
            ],
            [
              88.9890464140002,
              22.36528498800004
            ],
            [
              88.98905920000004,
              22.36523764500015
            ],
            [
              88.98909881800012,
              22.36508884500006
            ],
            [
              88.98915201300014,
              22.36482495700011
            ],
            [
              88.98919023600001,
              22.36461743400008
            ],
            [
              88.98921844200004,
              22.364409849000026
            ],
            [
              88.98924484800011,
              22.364157085000045
            ],
            [
              88.98924737700008,
              22.364017085000057
            ],
            [
              88.98924933900003,
              22.363913217000118
            ],
            [
              88.98926368700018,
              22.363649087000113
            ],
            [
              88.98926082300011,
              22.36358357900002
            ],
            [
              88.9892553140001,
              22.36346385600018
            ],
            [
              88.98924505800011,
              22.363244736000183
            ],
            [
              88.98921060900005,
              22.363014177000025
            ],
            [
              88.98918821100011,
              22.362818969000045
            ],
            [
              88.98912990700012,
              22.362505558000123
            ],
            [
              88.98905943900013,
              22.362261223000075
            ],
            [
              88.98900079100008,
              22.362019218
            ],
            [
              88.988905563,
              22.36179956800015
            ],
            [
              88.98882206700006,
              22.36163645200014
            ],
            [
              88.98870006800018,
              22.361425669000027
            ],
            [
              88.98858013900008,
              22.361264582000103
            ],
            [
              88.98849421500012,
              22.361101448000113
            ],
            [
              88.98838636000016,
              22.36094946700007
            ],
            [
              88.98829995500017,
              22.36081117200007
            ],
            [
              88.98819201900011,
              22.360670483999968
            ],
            [
              88.98805754000011,
              22.360507047000056
            ],
            [
              88.98792298000018,
              22.360354900000175
            ],
            [
              88.9878028070001,
              22.360227683
            ],
            [
              88.98770424200018,
              22.36013447800002
            ],
            [
              88.98762001800014,
              22.360030072000086
            ],
            [
              88.98756891700009,
              22.359962002000145
            ],
            [
              88.98750384500005,
              22.359874651000098
            ],
            [
              88.98740180100015,
              22.359737386000063
            ],
            [
              88.98723145700006,
              22.359539850000033
            ],
            [
              88.9871213400001,
              22.35936527100006
            ],
            [
              88.9870013490002,
              22.359213217000104
            ],
            [
              88.98687933800016,
              22.359004691999985
            ],
            [
              88.98679584700005,
              22.358841571000085
            ],
            [
              88.98677398800015,
              22.358800785000085
            ],
            [
              88.98671711300011,
              22.358692031000146
            ],
            [
              88.98668597600016,
              22.358633121000082
            ],
            [
              88.98662684200002,
              22.358458862000134
            ],
            [
              88.9865431140002,
              22.358286707
            ],
            [
              88.98649611900015,
              22.358112527000173
            ],
            [
              88.98643715300005,
              22.357915686000126
            ],
            [
              88.98641459800007,
              22.357719073000112
            ],
            [
              88.98638006900012,
              22.357499800000028
            ],
            [
              88.98638132800016,
              22.35732592200003
            ],
            [
              88.98639703000003,
              22.357210846999976
            ],
            [
              88.98639802800011,
              22.357073098000058
            ],
            [
              88.98643616900017,
              22.356876864000128
            ],
            [
              88.98647681900013,
              22.356669359000136
            ],
            [
              88.98652863400008,
              22.3565545080001
            ],
            [
              88.98660539600002,
              22.356347226000025
            ],
            [
              88.98669460000013,
              22.356140023000023
            ],
            [
              88.98676867200004,
              22.35596885399997
            ],
            [
              88.98688525200009,
              22.355669232000082
            ],
            [
              88.98701063200019,
              22.35545322100006
            ],
            [
              88.9871011090001,
              22.355279899000095
            ],
            [
              88.98712419300006,
              22.355234878000033
            ],
            [
              88.98723728900018,
              22.355039112000156
            ],
            [
              88.98733306800005,
              22.354845497000042
            ],
            [
              88.98734938000013,
              22.354813985000078
            ],
            [
              88.98747046400001,
              22.354604723000023
            ],
            [
              88.98755557900006,
              22.354374904999986
            ],
            [
              88.9876269770001,
              22.35423759800011
            ],
            [
              88.98768143900014,
              22.354134056000078
            ],
            [
              88.98769626800004,
              22.354098018000116
            ],
            [
              88.98777631500019,
              22.353897528
            ],
            [
              88.98778866700013,
              22.353868251000165
            ],
            [
              88.98787200100014,
              22.353674557000147
            ],
            [
              88.98789240700006,
              22.35362274300013
            ],
            [
              88.98793628000004,
              22.353514618000133
            ],
            [
              88.98797341300019,
              22.353415487
            ],
            [
              88.98800065500012,
              22.35334113199997
            ],
            [
              88.98806272799999,
              22.35319247400014
            ],
            [
              88.98815154200008,
              22.352996558000086
            ],
            [
              88.9882154780002,
              22.352884044000177
            ],
            [
              88.98826324500016,
              22.35278271600015
            ],
            [
              88.9882922110001,
              22.352721925000026
            ],
            [
              88.98838060200018,
              22.352584721000028
            ],
            [
              88.98839086000015,
              22.352550913000073
            ],
            [
              88.98843031200005,
              22.352424693000103
            ],
            [
              88.98850110100011,
              22.35228738
            ],
            [
              88.98851926700002,
              22.35225135900015
            ],
            [
              88.98853324800001,
              22.35220628100018
            ],
            [
              88.98857148600018,
              22.35208005600009
            ],
            [
              88.9886361610001,
              22.351906570000153
            ],
            [
              88.98870052100011,
              22.35173534400019
            ],
            [
              88.98873819100004,
              22.351561689000107
            ],
            [
              88.98875183500007,
              22.351521126000023
            ],
            [
              88.98880301300005,
              22.35136788300008
            ],
            [
              88.98884060200004,
              22.351205517000153
            ],
            [
              88.98887769700019,
              22.351027346000023
            ],
            [
              88.98891341500013,
              22.350871745000063
            ],
            [
              88.98892124600019,
              22.350837920000174
            ],
            [
              88.98895895900017,
              22.350700400000164
            ],
            [
              88.98896572000012,
              22.350646242000153
            ],
            [
              88.98898762500005,
              22.350470233000067
            ],
            [
              88.98900159600004,
              22.350384506000125
            ],
            [
              88.98902570300004,
              22.350240127000177
            ],
            [
              88.98902944300016,
              22.35010013500016
            ],
            [
              88.98903012700004,
              22.35000529200005
            ],
            [
              88.98903132600003,
              22.34988108900012
            ],
            [
              88.98903206000011,
              22.349779472000023
            ],
            [
              88.98903290600015,
              22.34966204700015
            ],
            [
              88.98903427300019,
              22.349598823000065
            ],
            [
              88.98903725600019,
              22.349472862000027
            ],
            [
              88.98903934300006,
              22.349443032000067
            ],
            [
              88.98905081600003,
              22.3492827660001
            ],
            [
              88.98905143400009,
              22.349196953000046
            ],
            [
              88.98905190700003,
              22.34913146700012
            ],
            [
              88.98904373800019,
              22.34895978300011
            ],
            [
              88.98903970300012,
              22.348930403000168
            ],
            [
              88.98902093800007,
              22.348797046000072
            ],
            [
              88.98901013600005,
              22.348611800000185
            ],
            [
              88.9889991330001,
              22.348496554000064
            ],
            [
              88.98898774400016,
              22.348392603000093
            ],
            [
              88.988988168,
              22.348333893000017
            ],
            [
              88.98827484300006,
              22.346342138000182
            ],
            [
              88.98824744600017,
              22.346186806000105
            ],
            [
              88.98824015200012,
              22.34614545000005
            ],
            [
              88.98821266100009,
              22.345960097999978
            ],
            [
              88.98819415400004,
              22.34583351900011
            ],
            [
              88.98817596100002,
              22.345621126000026
            ],
            [
              88.98816110300004,
              22.34545166100014
            ],
            [
              88.98813976600019,
              22.34533861200009
            ],
            [
              88.98810296400012,
              22.345139651000068
            ],
            [
              88.98806558700016,
              22.344979081000076
            ],
            [
              88.98802080000007,
              22.344793621
            ],
            [
              88.98795058700006,
              22.34451541100009
            ],
            [
              88.98787978200016,
              22.344234940999968
            ],
            [
              88.9878682580001,
              22.34419196100015
            ],
            [
              88.98782199800019,
              22.344042623000064
            ],
            [
              88.987785826,
              22.3439249650001
            ],
            [
              88.9876916230001,
              22.343565308999985
            ],
            [
              88.98764528200013,
              22.343300799000133
            ],
            [
              88.9875632780001,
              22.342975093
            ],
            [
              88.9874929250002,
              22.342674298000077
            ],
            [
              88.98743420400007,
              22.342443586000172
            ],
            [
              88.98737393400006,
              22.34221738100001
            ],
            [
              88.98736360700013,
              22.34217666800015
            ],
            [
              88.98730505300011,
              22.34192337200011
            ],
            [
              88.98721089000003,
              22.34159984700011
            ],
            [
              88.987180422,
              22.341491260000055
            ],
            [
              88.98717244100015,
              22.34146185100002
            ],
            [
              88.98715202600016,
              22.341389457000105
            ],
            [
              88.9870697020001,
              22.341066007000165
            ],
            [
              88.98701145000007,
              22.34081271300016
            ],
            [
              88.98691692400007,
              22.340498219999972
            ],
            [
              88.98684183100016,
              22.34018158700019
            ],
            [
              88.9868350660002,
              22.340152188000104
            ],
            [
              88.98677668700009,
              22.339874052000027
            ],
            [
              88.98673061300019,
              22.33957341200005
            ],
            [
              88.98666018500006,
              22.339283908000027
            ],
            [
              88.98664116300006,
              22.339186684000026
            ],
            [
              88.98661429200007,
              22.33904198400012
            ],
            [
              88.98655553200018,
              22.338775138000074
            ],
            [
              88.98646091000018,
              22.338474194000014
            ],
            [
              88.9864346380001,
              22.338372406000133
            ],
            [
              88.98638891500013,
              22.33819145600006
            ],
            [
              88.98637858600011,
              22.338150741000163
            ],
            [
              88.98629648900015,
              22.33783858300012
            ],
            [
              88.98625588300018,
              22.337705092000135
            ],
            [
              88.98622565100015,
              22.33760553600007
            ],
            [
              88.98618614800017,
              22.33736139400014
            ],
            [
              88.98616785100018,
              22.337248365000107
            ],
            [
              88.98614358100014,
              22.337121746000037
            ],
            [
              88.98610994299997,
              22.336947648000034
            ],
            [
              88.98605148800004,
              22.33668080400014
            ],
            [
              88.98604245700011,
              22.33662880600008
            ],
            [
              88.98603360200013,
              22.33657886800006
            ],
            [
              88.986016802,
              22.33648411400003
            ],
            [
              88.98594619600004,
              22.33621945100009
            ],
            [
              88.98590038300006,
              22.33588267900012
            ],
            [
              88.98587399700017,
              22.33571314200003
            ],
            [
              88.98584296500013,
              22.33551421800007
            ],
            [
              88.98578761100015,
              22.33515480300008
            ],
            [
              88.98574049800004,
              22.334872219000147
            ],
            [
              88.98573003299998,
              22.33480892200015
            ],
            [
              88.98572537300015,
              22.334781796000073
            ],
            [
              88.9856837980002,
              22.334530863000168
            ],
            [
              88.98566488300014,
              22.334377179000057
            ],
            [
              88.98565169400018,
              22.334270958000047
            ],
            [
              88.98563937000006,
              22.33404505100009
            ],
            [
              88.9856420390002,
              22.33392763800009
            ],
            [
              88.98564376600007,
              22.33381473200012
            ],
            [
              88.98562951800011,
              22.33364527100008
            ],
            [
              88.9856217090001,
              22.333550373000037
            ],
            [
              88.98562272800007,
              22.333451014000048
            ],
            [
              88.98562351300006,
              22.333342621999975
            ],
            [
              88.98560406000013,
              22.33305343900014
            ],
            [
              88.98559261700018,
              22.33291561100009
            ],
            [
              88.98555857800011,
              22.33267150200004
            ],
            [
              88.98554798700002,
              22.332499807000147
            ],
            [
              88.985525274,
              22.33232577300015
            ],
            [
              88.98550476500003,
              22.33214046600017
            ],
            [
              88.98549409200012,
              22.331980060000035
            ],
            [
              88.98548302900019,
              22.33187385100007
            ],
            [
              88.98547653100019,
              22.331765411000163
            ],
            [
              88.98547221400008,
              22.331690861000027
            ],
            [
              88.9854728590002,
              22.331643440000107
            ],
            [
              88.98547402300011,
              22.331483107000054
            ],
            [
              88.98545975900004,
              22.33139946200015
            ],
            [
              88.98544168100011,
              22.33129772400008
            ],
            [
              88.9854314320001,
              22.33107860500013
            ],
            [
              88.9853960590001,
              22.330893203000073
            ],
            [
              88.98539158100004,
              22.33084123600014
            ],
            [
              88.98537836700001,
              22.330696623000165
            ],
            [
              88.98537414200013,
              22.33065143100015
            ],
            [
              88.98535193500015,
              22.330407395000066
            ],
            [
              88.98532122400019,
              22.330039101000125
            ],
            [
              88.98531466600019,
              22.32981323100006
            ],
            [
              88.98531172700001,
              22.329716105000045
            ],
            [
              88.98529707000017,
              22.32960309700013
            ],
            [
              88.98528901399999,
              22.329542072000095
            ],
            [
              88.98527180500008,
              22.329320653000025
            ],
            [
              88.98526930200018,
              22.329289019000043
            ],
            [
              88.985257999,
              22.329173776
            ],
            [
              88.98524635200005,
              22.32910595300018
            ],
            [
              88.9852350430001,
              22.32903361700005
            ],
            [
              88.98518872800008,
              22.328766849000033
            ],
            [
              88.98516567400009,
              22.328640240000084
            ],
            [
              88.9851625390001,
              22.328570214000024
            ],
            [
              88.98515520400014,
              22.328409829000122
            ],
            [
              88.98513013500008,
              22.328310307000095
            ],
            [
              88.98512009500018,
              22.328271853000103
            ],
            [
              88.9851120300001,
              22.328086620000136
            ],
            [
              88.98511232400011,
              22.32804597300003
            ],
            [
              88.98511344900015,
              22.32789016100014
            ],
            [
              88.98511466800016,
              22.32776370300013
            ],
            [
              88.9851074340001,
              22.327673324000045
            ],
            [
              88.98510352900001,
              22.327625875000138
            ],
            [
              88.98510727300015,
              22.3274858850001
            ],
            [
              88.98510826800015,
              22.327348136000126
            ],
            [
              88.98511840000009,
              22.327205924999987
            ],
            [
              88.98512213000004,
              22.32715175000004
            ],
            [
              88.98512585700013,
              22.327014017000124
            ],
            [
              88.98513262900013,
              22.3269169510001
            ],
            [
              88.98513941300018,
              22.326817629
            ],
            [
              88.98516498500015,
              22.326680034000105
            ],
            [
              88.98518064400008,
              22.326528826000015
            ],
            [
              88.98519416000016,
              22.326379863000057
            ],
            [
              88.98521918500018,
              22.32627613699998
            ],
            [
              88.98523425400009,
              22.32620622600018
            ],
            [
              88.9852718790001,
              22.3260799950001
            ],
            [
              88.98529563300013,
              22.32602594400015
            ],
            [
              88.98531432400017,
              22.325979769000185
            ],
            [
              88.98534860700005,
              22.32587497100019
            ],
            [
              88.98538568700013,
              22.325782614000104
            ],
            [
              88.98542502600009,
              22.325712851000105
            ],
            [
              88.98544421300016,
              22.325661031000095
            ],
            [
              88.98546239200016,
              22.325622754
            ],
            [
              88.98578773000008,
              22.325317661999975
            ],
            [
              88.98589679500014,
              22.325214463000066
            ],
            [
              88.98639929200004,
              22.3247456200001
            ],
            [
              88.98644939299999,
              22.32469850900003
            ],
            [
              88.98649872900017,
              22.324631067000098
            ],
            [
              88.98654364600009,
              22.324545533000162
            ],
            [
              88.9866266890001,
              22.324390230000176
            ],
            [
              88.98664512100004,
              22.324358730000085
            ],
            [
              88.98675729500007,
              22.324160699000117
            ],
            [
              88.98677665500009,
              22.324126946999968
            ],
            [
              88.98691591500005,
              22.324001353000085
            ],
            [
              88.98701854000012,
              22.323907145000078
            ],
            [
              88.98704053100005,
              22.323886957000184
            ],
            [
              88.98708011900015,
              22.323866880000026
            ],
            [
              88.98720129400016,
              22.323808921000136
            ],
            [
              88.98732540600008,
              22.323764531
            ],
            [
              88.98746174900009,
              22.323706666000135
            ],
            [
              88.98753693400005,
              22.323673261000124
            ],
            [
              88.98762830800013,
              22.323624149000125
            ],
            [
              88.98767154600017,
              22.32360296700017
            ],
            [
              88.98778523600015,
              22.32357318800007
            ],
            [
              88.98786220800014,
              22.323544314000173
            ],
            [
              88.9879093460001,
              22.323528798000154
            ],
            [
              88.98804521100004,
              22.323495772000058
            ],
            [
              88.98818137300015,
              22.323462748000168
            ],
            [
              88.98829313700014,
              22.32344763599997
            ],
            [
              88.98835356000006,
              22.323441240000022
            ],
            [
              88.9884134940001,
              22.323419029000036
            ],
            [
              88.98852637599998,
              22.323374569000066
            ],
            [
              88.98865056700004,
              22.323318884000173
            ],
            [
              88.98872274899998,
              22.323280945000135
            ],
            [
              88.98876264000017,
              22.323260870000183
            ],
            [
              88.98881048400006,
              22.32323181099997
            ],
            [
              88.98885042400019,
              22.323204959000066
            ],
            [
              88.98896225800019,
              22.323137907000046
            ],
            [
              88.98909858600007,
              22.323082300000124
            ],
            [
              88.9892348480002,
              22.323035726
            ],
            [
              88.98941957599999,
              22.32295783600017
            ],
            [
              88.989485237,
              22.322940180000103
            ],
            [
              88.98954360500005,
              22.322924734000082
            ],
            [
              88.98969095700016,
              22.32287597100003
            ],
            [
              88.9898040430001,
              22.322824736000143
            ],
            [
              88.98992776700004,
              22.322791630999973
            ],
            [
              88.9900786550001,
              22.32273611300019
            ],
            [
              88.99018812100007,
              22.32270292200019
            ],
            [
              88.99032389900015,
              22.322681182000167
            ],
            [
              88.99038625700013,
              22.322658989000047
            ],
            [
              88.99042365700006,
              22.322647931000176
            ],
            [
              88.9905717110002,
              22.322648852000157
            ],
            [
              88.99070732900009,
              22.322649694000063
            ],
            [
              88.99083109600008,
              22.322652727000047
            ],
            [
              88.99099098400018,
              22.32265372200004
            ],
            [
              88.9911507760001,
              22.322668263000082
            ],
            [
              88.99136185300006,
              22.322680868000134
            ],
            [
              88.99158475200011,
              22.32269580700006
            ],
            [
              88.99188021900011,
              22.32274506800013
            ],
            [
              88.9921996560002,
              22.32279448000014
            ],
            [
              88.99239198700019,
              22.32284084100013
            ],
            [
              88.99256767700018,
              22.32288032300005
            ],
            [
              88.99264243800002,
              22.322905629
            ],
            [
              88.99276254600005,
              22.3229473990001
            ],
            [
              88.99281434300013,
              22.322965413000134
            ],
            [
              88.99295691800012,
              22.323011465000036
            ],
            [
              88.99307286100003,
              22.323048319000065
            ],
            [
              88.99331711400009,
              22.323131134000107
            ],
            [
              88.99365091600015,
              22.323250637000115
            ],
            [
              88.99380484900018,
              22.323295171000098
            ],
            [
              88.99385832000007,
              22.323310640000045
            ],
            [
              88.99388891500007,
              22.323317606000046
            ],
            [
              88.99399428500004,
              22.32334761800007
            ],
            [
              88.9942652250001,
              22.323432858
            ],
            [
              88.99432400299997,
              22.323444513000027
            ],
            [
              88.99436430500015,
              22.323451538000143
            ],
            [
              88.99450972500006,
              22.323481797000056
            ],
            [
              88.99463650500007,
              22.323537643000066
            ],
            [
              88.99479083500006,
              22.323587423000106
            ],
            [
              88.99486555100003,
              22.323607004000053
            ],
            [
              88.99497617300011,
              22.323635997000054
            ],
            [
              88.99511175400005,
              22.32368426200003
            ],
            [
              88.9952592480002,
              22.323721308000074
            ],
            [
              88.99529648600009,
              22.32373282900005
            ],
            [
              88.99541879800006,
              22.323769721000076
            ],
            [
              88.99549512400017,
              22.32378826000013
            ],
            [
              88.99560535200004,
              22.323818300000084
            ],
            [
              88.99575278400016,
              22.32386438200018
            ],
            [
              88.9958217960002,
              22.32388842200004
            ],
            [
              88.99592438800016,
              22.323924159000057
            ],
            [
              88.99609599500008,
              22.323983939000072
            ],
            [
              88.99620738500005,
              22.324020761999975
            ],
            [
              88.99626407600005,
              22.324034363000123
            ],
            [
              88.99630400500001,
              22.32404394300005
            ],
            [
              88.99635444000006,
              22.324065173
            ],
            [
              88.99639112600005,
              22.32408061500007
            ],
            [
              88.99643409600003,
              22.324096688000054
            ],
            [
              88.99649007800008,
              22.324117362000152
            ],
            [
              88.99662325000008,
              22.32416335000005
            ],
            [
              88.99672990900012,
              22.32419248100007
            ],
            [
              88.99675861100019,
              22.324200321000035
            ],
            [
              88.99683377200006,
              22.324212078000187
            ],
            [
              88.99694486000004,
              22.324248897000132
            ],
            [
              88.99701767600004,
              22.32424934800008
            ],
            [
              88.99710479600014,
              22.324286020000102
            ],
            [
              88.99714120200014,
              22.324286245
            ],
            [
              88.99717730700019,
              22.32428646800014
            ],
            [
              88.99740425100015,
              22.32436666500007
            ],
            [
              88.99799687400002,
              22.32457608200008
            ],
            [
              88.9983912030001,
              22.324718535999978
            ],
            [
              88.99845431100016,
              22.324729925000156
            ],
            [
              88.99866331500004,
              22.324767642000154
            ],
            [
              88.99872512900015,
              22.324779314000068
            ],
            [
              88.9990846930001,
              22.324691202000054
            ],
            [
              88.99938453800013,
              22.324510130000135
            ],
            [
              88.99958126100012,
              22.32436681400003
            ],
            [
              88.99974412800003,
              22.324248128000136
            ],
            [
              88.99978683000018,
              22.324216774000035
            ],
            [
              88.99981030400016,
              22.324201113000072
            ],
            [
              88.99991365500011,
              22.324131742000134
            ],
            [
              89.00021118700005,
              22.323934845000053
            ],
            [
              89.00057446000017,
              22.323708998000143
            ],
            [
              89.00410426700006,
              22.320510373000047
            ],
            [
              89.00435603900013,
              22.320261247000076
            ],
            [
              89.00474511900018,
              22.31981649100004
            ],
            [
              89.00487182600011,
              22.319704352000088
            ],
            [
              89.00497229900014,
              22.319612379000034
            ],
            [
              89.00534866400011,
              22.319248841000103
            ],
            [
              89.005776061,
              22.318876582000144
            ],
            [
              89.00600949500017,
              22.318645409000112
            ],
            [
              89.00615414400016,
              22.31883408300007
            ],
            [
              89.00618866700006,
              22.318879114000026
            ],
            [
              89.00657574700011,
              22.319872884000176
            ],
            [
              89.00678669500019,
              22.321065399000133
            ],
            [
              89.00680329900013,
              22.321159255999987
            ],
            [
              89.00703449500008,
              22.321930755000153
            ],
            [
              89.00726387300006,
              22.32295969300003
            ],
            [
              89.00772577000015,
              22.323759252
            ],
            [
              89.00790850100009,
              22.323860063000097
            ],
            [
              89.00828127200009,
              22.324065716000177
            ],
            [
              89.00846568499998,
              22.324107650000087
            ],
            [
              89.00853531400014,
              22.324146063000114
            ],
            [
              89.00914778300012,
              22.32428533
            ],
            [
              89.00936199600017,
              22.324334039000064
            ],
            [
              89.00963670300007,
              22.324552241000163
            ],
            [
              89.0101069430001,
              22.32492575200007
            ],
            [
              89.0108884930001,
              22.325921918000063
            ],
            [
              89.01127877600015,
              22.326511461999985
            ],
            [
              89.01151026100018,
              22.32724682500003
            ],
            [
              89.01173967900019,
              22.328275754000174
            ],
            [
              89.01189073800015,
              22.32922968100013
            ],
            [
              89.01210003800003,
              22.32962616100008
            ],
            [
              89.01224078100006,
              22.32989124200003
            ],
            [
              89.01282648800014,
              22.330739420000043
            ],
            [
              89.01353204000003,
              22.331330877000084
            ],
            [
              89.01439640700005,
              22.33177650400006
            ],
            [
              89.01534069700006,
              22.332075826000164
            ],
            [
              89.01624473400017,
              22.332442893000064
            ],
            [
              89.01644173800008,
              22.332522882000035
            ],
            [
              89.01699395600014,
              22.332526234000113
            ],
            [
              89.01786142300006,
              22.332531495000126
            ],
            [
              89.01828600400012,
              22.332534065000118
            ],
            [
              89.01837114900013,
              22.332534581000175
            ],
            [
              89.01881034000013,
              22.332537241000068
            ],
            [
              89.01907964400004,
              22.332538871
            ],
            [
              89.01931436700005,
              22.3325402910001
            ],
            [
              89.01939811800014,
              22.332591620000187
            ],
            [
              89.01996976900006,
              22.332941967000124
            ],
            [
              89.02051841200006,
              22.333457922000093
            ],
            [
              89.0209928320001,
              22.334000523000157
            ],
            [
              89.02106598100016,
              22.33408452499998
            ],
            [
              89.02130060100006,
              22.334379523000052
            ],
            [
              89.02169170700006,
              22.334860648000188
            ],
            [
              89.02199945700016,
              22.33544288900015
            ],
            [
              89.02211149800007,
              22.33563657800005
            ],
            [
              89.02223673500004,
              22.33585307800007
            ],
            [
              89.02239247200009,
              22.336147596000103
            ],
            [
              89.02278283100014,
              22.336737114000186
            ],
            [
              89.02356402900011,
              22.33780548800013
            ],
            [
              89.02411136300009,
              22.338470471000164
            ],
            [
              89.02461826800004,
              22.338884537000126
            ],
            [
              89.0246997370001,
              22.338950520000026
            ],
            [
              89.02482513400008,
              22.339024327000175
            ],
            [
              89.02501372900014,
              22.339135332000183
            ],
            [
              89.0250911980001,
              22.33911170300013
            ],
            [
              89.02536951500008,
              22.33902681400008
            ],
            [
              89.02568916200016,
              22.338441575000104
            ],
            [
              89.02596655500014,
              22.338260319000028
            ],
            [
              89.02619411300009,
              22.33835796900007
            ],
            [
              89.0263988870002,
              22.33844584200017
            ],
            [
              89.02647649400012,
              22.33863149100017
            ],
            [
              89.02678927100015,
              22.339035347
            ],
            [
              89.02717731900009,
              22.339918422000153
            ],
            [
              89.0273704780002,
              22.34050674300005
            ],
            [
              89.02749675400014,
              22.34143438000018
            ],
            [
              89.02752062000019,
              22.34160970400012
            ],
            [
              89.02739490100015,
              22.342672612000115
            ],
            [
              89.0272719830001,
              22.343331305
            ],
            [
              89.02778224500008,
              22.343702472000075
            ],
            [
              89.02801474800003,
              22.343767087000174
            ],
            [
              89.02815598900008,
              22.343806339000025
            ],
            [
              89.02841387199999,
              22.343878545000166
            ],
            [
              89.02912032,
              22.344076342000108
            ],
            [
              89.02967233400005,
              22.344115785999975
            ],
            [
              89.02999779200013,
              22.344014252000136
            ],
            [
              89.03027623200012,
              22.344086971000024
            ],
            [
              89.0303481470001,
              22.343971813000053
            ],
            [
              89.03096012800017,
              22.342991828000095
            ],
            [
              89.03128077600007,
              22.342259793000153
            ],
            [
              89.03172699800007,
              22.342138753000086
            ],
            [
              89.03207092800011,
              22.34204545900019
            ],
            [
              89.03215291400011,
              22.34202686900005
            ],
            [
              89.03266617000014,
              22.34191048600013
            ],
            [
              89.03287633300005,
              22.341862830000082
            ],
            [
              89.03301887900011,
              22.341829807000124
            ],
            [
              89.03306636800005,
              22.34183009000003
            ],
            [
              89.0332508100002,
              22.341831190000164
            ],
            [
              89.03341334900006,
              22.341832160000024
            ],
            [
              89.0336748840001,
              22.341900582
            ],
            [
              89.0340247640001,
              22.34205059400017
            ],
            [
              89.03425816400005,
              22.34252849000012
            ],
            [
              89.03446122200017,
              22.342803203000187
            ],
            [
              89.03453145800012,
              22.342898224000123
            ],
            [
              89.03472705300004,
              22.342899391000174
            ],
            [
              89.03478555100008,
              22.342978531000142
            ],
            [
              89.03502223400005,
              22.34297994400015
            ],
            [
              89.0356943050001,
              22.342726497000058
            ],
            [
              89.03636768700005,
              22.342326264000064
            ],
            [
              89.0370400020002,
              22.342036680000092
            ],
            [
              89.03740485700007,
              22.34187019500007
            ],
            [
              89.03743572800005,
              22.34185610800006
            ],
            [
              89.03790878700005,
              22.341858918000128
            ],
            [
              89.03802455400012,
              22.34185960500008
            ],
            [
              89.03832303300004,
              22.34211229800013
            ],
            [
              89.03875287100004,
              22.342665881000187
            ],
            [
              89.03911187400018,
              22.342964299000187
            ],
            [
              89.03937237800005,
              22.343070237000063
            ],
            [
              89.03942595600006,
              22.343068994000078
            ],
            [
              89.0396967800001,
              22.343039585000042
            ],
            [
              89.03993598700009,
              22.342672896000124
            ],
            [
              89.04025381999998,
              22.34234506400003
            ],
            [
              89.040375423,
              22.341869278000104
            ],
            [
              89.04049698500012,
              22.34135510100009
            ],
            [
              89.04069747800008,
              22.340879783000048
            ],
            [
              89.04097837800009,
              22.340183623000144
            ],
            [
              89.04129795000006,
              22.33960061200014
            ],
            [
              89.04153784500011,
              22.339087134000124
            ],
            [
              89.0415821260001,
              22.338718061000066
            ],
            [
              89.04160943700015,
              22.338490429000046
            ],
            [
              89.0416215090001,
              22.338389807000055
            ],
            [
              89.04178154400012,
              22.33806103500001
            ],
            [
              89.04221670000004,
              22.33788068600012
            ],
            [
              89.04236966100018,
              22.338002894000113
            ],
            [
              89.04272643500019,
              22.338287939000168
            ],
            [
              89.04288116700002,
              22.33828885200012
            ],
            [
              89.04292366499999,
              22.33828910300008
            ],
            [
              89.04298664800018,
              22.338368269000057
            ],
            [
              89.04304100100012,
              22.338436589000025
            ],
            [
              89.043078535,
              22.338750252000125
            ],
            [
              89.04309756600009,
              22.338909283000078
            ],
            [
              89.04310793200005,
              22.338995913000133
            ],
            [
              89.0431156410001,
              22.339060326000038
            ],
            [
              89.04314076500003,
              22.339175045
            ],
            [
              89.04319126200005,
              22.339405616000192
            ],
            [
              89.04326866600002,
              22.339759051000044
            ],
            [
              89.04338496800005,
              22.34000628200016
            ],
            [
              89.0434242030002,
              22.340089685
            ],
            [
              89.04364804200014,
              22.340105666
            ],
            [
              89.043975907,
              22.340129071999968
            ],
            [
              89.04468564300015,
              22.340133260000187
            ],
            [
              89.04488262799998,
              22.340170554000053
            ],
            [
              89.04492813000002,
              22.340213483000127
            ],
            [
              89.04531378800016,
              22.340577336000138
            ],
            [
              89.04552589300005,
              22.340608519000114
            ],
            [
              89.04562603600004,
              22.34062208400013
            ],
            [
              89.04610166800012,
              22.340692633000174
            ],
            [
              89.04686588300007,
              22.340405808000128
            ],
            [
              89.047454824,
              22.33998524100008
            ],
            [
              89.04774189400013,
              22.34007613800003
            ],
            [
              89.04780092500016,
              22.340094829000066
            ],
            [
              89.04818580500017,
              22.340168792999975
            ],
            [
              89.05159052900018,
              22.341973823000103
            ],
            [
              89.05240589200002,
              22.341535851000117
            ],
            [
              89.05296007400005,
              22.34120937600005
            ],
            [
              89.05335628300008,
              22.34095424300017
            ],
            [
              89.05395428700018,
              22.341017703999967
            ],
            [
              89.05445975000015,
              22.341071343000067
            ],
            [
              89.05458766800007,
              22.34113822900008
            ],
            [
              89.054813539,
              22.34125633399998
            ],
            [
              89.05524960200012,
              22.341403122000088
            ],
            [
              89.05530041900016,
              22.341365785999983
            ],
            [
              89.05558552200006,
              22.34115632099997
            ],
            [
              89.05564261300009,
              22.341114376000178
            ],
            [
              89.05584206700007,
              22.340785823999965
            ],
            [
              89.05627717100015,
              22.340567041999975
            ],
            [
              89.0563805600001,
              22.340723099
            ],
            [
              89.05647242700013,
              22.340861763000134
            ],
            [
              89.05650915500019,
              22.341266216000122
            ],
            [
              89.0567544000001,
              22.341248934000077
            ],
            [
              89.056982764,
              22.34123284100008
            ],
            [
              89.05761435700015,
              22.341125858000055
            ],
            [
              89.05801055600017,
              22.34087071100015
            ],
            [
              89.05844662600015,
              22.34050739600002
            ],
            [
              89.05847740000007,
              22.34011252500011
            ],
            [
              89.05840782300004,
              22.340081703000067
            ],
            [
              89.05821314600001,
              22.340029533
            ],
            [
              89.05789886300005,
              22.339880914000048
            ],
            [
              89.05782514300017,
              22.33911039600008
            ],
            [
              89.0581019500001,
              22.338965212000176
            ],
            [
              89.05889039500005,
              22.339042061000043
            ],
            [
              89.05987649500008,
              22.33901165300017
            ],
            [
              89.06070481000012,
              22.338980322000168
            ],
            [
              89.061179105,
              22.338797889999967
            ],
            [
              89.06129867000004,
              22.338615656000172
            ],
            [
              89.06126437700016,
              22.337845367000114
            ],
            [
              89.06126708400012,
              22.33744114200016
            ],
            [
              89.06126733700006,
              22.337403403000167
            ],
            [
              89.06127061700016,
              22.336913225000103
            ],
            [
              89.06127272100014,
              22.336598818000084
            ],
            [
              89.06135831,
              22.335780130000046
            ],
            [
              89.06144057100016,
              22.335095739000167
            ],
            [
              89.06168019000017,
              22.33465675200017
            ],
            [
              89.06223898900015,
              22.333632445999967
            ],
            [
              89.06278546900006,
              22.333224589000054
            ],
            [
              89.06287329300005,
              22.333159609
            ],
            [
              89.06318934900008,
              22.333086910000134
            ],
            [
              89.06358397700006,
              22.333016923000116
            ],
            [
              89.0640575700001,
              22.332981267000036
            ],
            [
              89.06431138300019,
              22.333061549000092
            ],
            [
              89.0647837210002,
              22.33321104500004
            ],
            [
              89.06478200400016,
              22.333468486000072
            ],
            [
              89.06458208200013,
              22.333871573000124
            ],
            [
              89.06418647300018,
              22.334088349000126
            ],
            [
              89.0639083980002,
              22.334380325000154
            ],
            [
              89.06374914000014,
              22.334600721000072
            ],
            [
              89.0638842940001,
              22.334777901000166
            ],
            [
              89.06394466500007,
              22.33485704300017
            ],
            [
              89.06465437600008,
              22.334861142000022
            ],
            [
              89.06488310400016,
              22.334905731000106
            ],
            [
              89.06490822100005,
              22.334919311000135
            ],
            [
              89.06506937500006,
              22.335006057000044
            ],
            [
              89.06494982100008,
              22.33518829200011
            ],
            [
              89.064905963,
              22.3358497320001
            ],
            [
              89.06498241600002,
              22.33621602200003
            ],
            [
              89.06501818600015,
              22.336767264
            ],
            [
              89.06509218500014,
              22.337501647000124
            ],
            [
              89.06508803100019,
              22.338124924000056
            ],
            [
              89.06506609600001,
              22.33845677400018
            ],
            [
              89.06512587100008,
              22.338457117000132
            ],
            [
              89.06532771200017,
              22.338423386999978
            ],
            [
              89.06532020000009,
              22.33853703400007
            ],
            [
              89.06529829300013,
              22.338864365000063
            ],
            [
              89.06494325199998,
              22.339320757000166
            ],
            [
              89.0648037320002,
              22.339499783000065
            ],
            [
              89.06470146000004,
              22.339631013000087
            ],
            [
              89.06410686600009,
              22.34010634700013
            ],
            [
              89.06346381700007,
              22.340339754000183
            ],
            [
              89.06324903700005,
              22.34041858900008
            ],
            [
              89.06320971100018,
              22.34025949100004
            ],
            [
              89.06286445000012,
              22.340386219000038
            ],
            [
              89.06199667800007,
              22.34041733100014
            ],
            [
              89.0607354230001,
              22.340299365000135
            ],
            [
              89.06002542500016,
              22.340333641000143
            ],
            [
              89.05947170100018,
              22.340549485000054
            ],
            [
              89.05903587600005,
              22.340876670000057
            ],
            [
              89.05870458300012,
              22.341633544000103
            ],
            [
              89.05863203500013,
              22.342269972000054
            ],
            [
              89.05866753900006,
              22.34285734400015
            ],
            [
              89.05889758799998,
              22.343847827000104
            ],
            [
              89.05885518200006,
              22.344287956000187
            ],
            [
              89.05821785500018,
              22.345201134000092
            ],
            [
              89.0577777800001,
              22.34570669599998
            ],
            [
              89.05742303000005,
              22.34611339100013
            ],
            [
              89.05658848600007,
              22.34706380500012
            ],
            [
              89.05595286500017,
              22.347719534000078
            ],
            [
              89.05586900100013,
              22.34782416200005
            ],
            [
              89.05556917600012,
              22.348198217000174
            ],
            [
              89.05546473400017,
              22.34832869100012
            ],
            [
              89.05539618200004,
              22.348414111000068
            ],
            [
              89.05539246800004,
              22.34896512100005
            ],
            [
              89.05556840600008,
              22.3492461780001
            ],
            [
              89.05563349100004,
              22.349349876000133
            ],
            [
              89.0558998780001,
              22.349774300000092
            ],
            [
              89.05640723300007,
              22.350547345000052
            ],
            [
              89.05667892700018,
              22.351210619000028
            ],
            [
              89.0569084660001,
              22.35227562400013
            ],
            [
              89.05702183400007,
              22.352971852000167
            ],
            [
              89.0573339720001,
              22.353488564000088
            ],
            [
              89.05772551700011,
              22.353931218000128
            ],
            [
              89.05811603100005,
              22.354482263000023
            ],
            [
              89.05830958100012,
              22.355034420000095
            ],
            [
              89.05838552500018,
              22.355475235000085
            ],
            [
              89.058475999,
              22.35563357700005
            ],
            [
              89.05870828500008,
              22.356040109000105
            ],
            [
              89.05908795400012,
              22.35657912300013
            ],
            [
              89.05963362100005,
              22.35757369900017
            ],
            [
              89.06033852600001,
              22.358311743000115
            ],
            [
              89.06080825400016,
              22.35886550400005
            ],
            [
              89.06119731000001,
              22.359637848000148
            ],
            [
              89.06150728500018,
              22.360482
            ],
            [
              89.06169692300006,
              22.36162129500002
            ],
            [
              89.06204007100001,
              22.3622262560001
            ],
            [
              89.06228153500012,
              22.362652219000097
            ],
            [
              89.0625304740002,
              22.362823036000066
            ],
            [
              89.06270807500005,
              22.362944556
            ],
            [
              89.06289656000013,
              22.36297989400009
            ],
            [
              89.06314675400006,
              22.36302307800014
            ],
            [
              89.06354128700008,
              22.36302536000011
            ],
            [
              89.06371070200015,
              22.363105133999966
            ],
            [
              89.06393459700013,
              22.363210561000074
            ],
            [
              89.06440551499998,
              22.363545257000055
            ],
            [
              89.06479834600009,
              22.363802714000144
            ],
            [
              89.06499241600017,
              22.364282603000163
            ],
            [
              89.06506936500006,
              22.364576630000045
            ],
            [
              89.06506900200009,
              22.36463082600011
            ],
            [
              89.06506766200016,
              22.364831810000055
            ],
            [
              89.06475007000017,
              22.365123559000097
            ],
            [
              89.0645508390001,
              22.36541598700012
            ],
            [
              89.06447021100018,
              22.365672973000073
            ],
            [
              89.06446678700007,
              22.36618559300007
            ],
            [
              89.06442242900016,
              22.366919293000024
            ],
            [
              89.06422123300001,
              22.367505292999965
            ],
            [
              89.06409992700014,
              22.367944965000106
            ],
            [
              89.06417711500012,
              22.368202861000157
            ],
            [
              89.06425284100015,
              22.36867980300019
            ],
            [
              89.06437022500012,
              22.368827273000136
            ],
            [
              89.06460401100009,
              22.369269001000077
            ],
            [
              89.06452363800008,
              22.369487592000155
            ],
            [
              89.06416436,
              22.370111072000043
            ],
            [
              89.06393883000004,
              22.370568207000133
            ],
            [
              89.0638046740001,
              22.37084068700011
            ],
            [
              89.06371298500005,
              22.37125342900015
            ],
            [
              89.06368114400004,
              22.371612320000054
            ],
            [
              89.06381121800013,
              22.372497279000015
            ],
            [
              89.0638338080002,
              22.37265096900012
            ],
            [
              89.06386984400018,
              22.37289613700017
            ],
            [
              89.06434178900008,
              22.37308179100006
            ],
            [
              89.06444019800011,
              22.373100784000144
            ],
            [
              89.0645959540002,
              22.373162054000034
            ],
            [
              89.06518706100019,
              22.373276128999976
            ],
            [
              89.06629128900005,
              22.373318637000125
            ],
            [
              89.06678651300018,
              22.37337351700006
            ],
            [
              89.0672934860001,
              22.374090234000107
            ],
            [
              89.06748783300014,
              22.374531728000022
            ],
            [
              89.06787848900012,
              22.37512114400016
            ],
            [
              89.06810936700003,
              22.37600321900004
            ],
            [
              89.06800457800017,
              22.376241999000058
            ],
            [
              89.06786895500005,
              22.376552864000132
            ],
            [
              89.06743248900017,
              22.376916198000174
            ],
            [
              89.066997141,
              22.37717108200013
            ],
            [
              89.06652453800007,
              22.37702162400018
            ],
            [
              89.06605357,
              22.37668693100011
            ],
            [
              89.06574059600007,
              22.376283144000183
            ],
            [
              89.06542714100016,
              22.375951617
            ],
            [
              89.06500455000008,
              22.37561417800009
            ],
            [
              89.06491720300005,
              22.37554443199997
            ],
            [
              89.06428613700007,
              22.375504652000075
            ],
            [
              89.06369458900014,
              22.375501228000132
            ],
            [
              89.0628275840001,
              22.375385553000058
            ],
            [
              89.06231390400006,
              22.375493235000135
            ],
            [
              89.06211589300011,
              22.3756004870001
            ],
            [
              89.06179685000006,
              22.376149669000085
            ],
            [
              89.06163607000008,
              22.376589108000076
            ],
            [
              89.06175026300002,
              22.377213067000127
            ],
            [
              89.06199084600013,
              22.37775484000008
            ],
            [
              89.06206094100014,
              22.377912689000084
            ],
            [
              89.06229399400019,
              22.378465068000082
            ],
            [
              89.06284124400014,
              22.37923832600012
            ],
            [
              89.06331100200015,
              22.379753685000026
            ],
            [
              89.06366317800013,
              22.380196098000113
            ],
            [
              89.06385752300014,
              22.380637595000167
            ],
            [
              89.06428733300015,
              22.381227245000105
            ],
            [
              89.06479196200007,
              22.382476757000063
            ],
            [
              89.06482699800017,
              22.38313864600002
            ],
            [
              89.06482479500005,
              22.383468349000054
            ],
            [
              89.06472012800003,
              22.383596469000167
            ],
            [
              89.0645860780001,
              22.38376054800017
            ],
            [
              89.06411060600004,
              22.384051381000177
            ],
            [
              89.06347785300017,
              22.38430290800011
            ],
            [
              89.06264704500018,
              22.38466620200012
            ],
            [
              89.06213037900005,
              22.385214239000106
            ],
            [
              89.0620492500002,
              22.385543483000163
            ],
            [
              89.06228257200013,
              22.386057476000133
            ],
            [
              89.06287127600018,
              22.386537390000058
            ],
            [
              89.06326360600013,
              22.386833246000037
            ],
            [
              89.0634179990002,
              22.38734903500017
            ],
            [
              89.06349348700002,
              22.387862111000175
            ],
            [
              89.06361703100015,
              22.387953159000062
            ],
            [
              89.06387858400018,
              22.388147452000055
            ],
            [
              89.0640429250002,
              22.388269531000105
            ],
            [
              89.06421176100014,
              22.388534122000067
            ],
            [
              89.06427723800016,
              22.388636733000112
            ],
            [
              89.06451007400005,
              22.389225245000148
            ],
            [
              89.06474389600004,
              22.389666967000096
            ],
            [
              89.06497863400006,
              22.389925773000186
            ],
            [
              89.06545118600008,
              22.390075295000145
            ],
            [
              89.06596147600004,
              22.39048248100005
            ],
            [
              89.066234957,
              22.390849908000177
            ],
            [
              89.06654892900008,
              22.391109170000163
            ],
            [
              89.06690286000014,
              22.39129413600017
            ],
            [
              89.06693244200011,
              22.391319149000026
            ],
            [
              89.06721653000017,
              22.391553395000017
            ],
            [
              89.06721530800007,
              22.39173631300008
            ],
            [
              89.06712461500007,
              22.391862255000035
            ],
            [
              89.06693668700018,
              22.39213894500017
            ],
            [
              89.06665923500015,
              22.392320266000183
            ],
            [
              89.06646094700005,
              22.392465914000127
            ],
            [
              89.06582814500013,
              22.392719709000062
            ],
            [
              89.06527397600019,
              22.392971696000075
            ],
            [
              89.06471738900007,
              22.393630162000022
            ],
            [
              89.06400266400016,
              22.39428545500016
            ],
            [
              89.06360563800018,
              22.39468739600011
            ],
            [
              89.06332767800006,
              22.394943237
            ],
            [
              89.06324532000019,
              22.395455396000045
            ],
            [
              89.06363625500012,
              22.396008689000098
            ],
            [
              89.06396239200018,
              22.396356100000162
            ],
            [
              89.06411319800009,
              22.396517270000174
            ],
            [
              89.06422371800016,
              22.39663538700006
            ],
            [
              89.06440379700001,
              22.396636429000125
            ],
            [
              89.06447792500012,
              22.396715651000136
            ],
            [
              89.06491201600005,
              22.39671816200007
            ],
            [
              89.06554507800007,
              22.39642824200007
            ],
            [
              89.0664546210001,
              22.396103779000157
            ],
            [
              89.06748328200018,
              22.39566934400017
            ],
            [
              89.06867052700011,
              22.395125155000187
            ],
            [
              89.06902244800017,
              22.395021040000188
            ],
            [
              89.06990327700015,
              22.394758011000135
            ],
            [
              89.07009830200019,
              22.394699773000127
            ],
            [
              89.07096337400003,
              22.394440524000117
            ],
            [
              89.07155218000008,
              22.39421509200008
            ],
            [
              89.07218956100013,
              22.39397105900008
            ],
            [
              89.07321818900016,
              22.393536583000184
            ],
            [
              89.07324474400014,
              22.393521966000094
            ],
            [
              89.07346101600007,
              22.39340293100014
            ],
            [
              89.0740100430001,
              22.393100747000176
            ],
            [
              89.07492582700002,
              22.392646962000185
            ],
            [
              89.07505945999998,
              22.392772769000032
            ],
            [
              89.07549129500012,
              22.39306882000011
            ],
            [
              89.0757239470002,
              22.393693447000032
            ],
            [
              89.07583942300016,
              22.394134481000094
            ],
            [
              89.07583724500012,
              22.394464180000114
            ],
            [
              89.0757361860002,
              22.394680257000118
            ],
            [
              89.07571715600005,
              22.394720946
            ],
            [
              89.07571473700011,
              22.395086777000188
            ],
            [
              89.07594933500019,
              22.395417832000135
            ],
            [
              89.07642135800006,
              22.39560571500016
            ],
            [
              89.07649105800016,
              22.395612518000064
            ],
            [
              89.07667557200011,
              22.395685961000027
            ],
            [
              89.07682301200009,
              22.395700350000084
            ],
            [
              89.07706996000007,
              22.395724344000087
            ],
            [
              89.07718884000013,
              22.395650498
            ],
            [
              89.07728421600007,
              22.395598251000024
            ],
            [
              89.07758460800005,
              22.395433698000033
            ],
            [
              89.07818114500009,
              22.394739277000042
            ],
            [
              89.07889430300014,
              22.394266835
            ],
            [
              89.07980839400017,
              22.393244500000094
            ],
            [
              89.08027324699998,
              22.39279777700017
            ],
            [
              89.08064239500015,
              22.392443023000112
            ],
            [
              89.08135649700012,
              22.39182378200013
            ],
            [
              89.08147907,
              22.391836957000066
            ],
            [
              89.08157336,
              22.392075938
            ],
            [
              89.08164938900018,
              22.392516742000055
            ],
            [
              89.08196340800015,
              22.392773716000022
            ],
            [
              89.08218952300012,
              22.39283095800016
            ],
            [
              89.08271526600015,
              22.392971994999982
            ],
            [
              89.0829058540001,
              22.39344075100007
            ],
            [
              89.08329758600001,
              22.393883346000166
            ],
            [
              89.0834537610001,
              22.394139421000148
            ],
            [
              89.08368709500019,
              22.394619508000176
            ],
            [
              89.08388104700009,
              22.395133251000118
            ],
            [
              89.08399957900014,
              22.39543653600009
            ],
            [
              89.08426918000015,
              22.396126853999988
            ],
            [
              89.08437794800005,
              22.396866451000164
            ],
            [
              89.08438252600007,
              22.396897583999987
            ],
            [
              89.08469120100017,
              22.39792686800007
            ],
            [
              89.08480359200013,
              22.398844385000075
            ],
            [
              89.08507744200006,
              22.39921178500009
            ],
            [
              89.08538978300004,
              22.399728448000076
            ],
            [
              89.08578219800006,
              22.40002425100016
            ],
            [
              89.08601519100012,
              22.400088476000064
            ],
            [
              89.08603642500009,
              22.40010448200013
            ],
            [
              89.08608566700008,
              22.400118056
            ],
            [
              89.0869815920002,
              22.400365013000112
            ],
            [
              89.08796763900017,
              22.400408969000182
            ],
            [
              89.08844146000018,
              22.40037325200018
            ],
            [
              89.08875908700008,
              22.40008145900009
            ],
            [
              89.08897298800014,
              22.400023970000063
            ],
            [
              89.089212036,
              22.400445589000185
            ],
            [
              89.08936510900014,
              22.40118041100004
            ],
            [
              89.08960068900012,
              22.401366920000157
            ],
            [
              89.08971942100015,
              22.401339870000015
            ],
            [
              89.09007468100009,
              22.401258932000076
            ],
            [
              89.09031505300004,
              22.40070925000009
            ],
            [
              89.09051284400016,
              22.400638095000147
            ],
            [
              89.09065849400014,
              22.400757381000062
            ],
            [
              89.09082659500012,
              22.40089505400016
            ],
            [
              89.09102343200016,
              22.400970682000036
            ],
            [
              89.09107016299998,
              22.400966543000152
            ],
            [
              89.09133508500008,
              22.40094307900017
            ],
            [
              89.0914183070002,
              22.400936769000168
            ],
            [
              89.09146289800009,
              22.401034499000048
            ],
            [
              89.09153504200003,
              22.401192617
            ],
            [
              89.09184377800017,
              22.402221893000103
            ],
            [
              89.09192199000006,
              22.402332988000126
            ],
            [
              89.09211764300017,
              22.402591535000113
            ],
            [
              89.09219514600011,
              22.402811030000066
            ],
            [
              89.09242150600016,
              22.402812301999973
            ],
            [
              89.09258979500015,
              22.40281324600005
            ],
            [
              89.09322164800011,
              22.40270613299998
            ],
            [
              89.09328158100004,
              22.40281929200006
            ],
            [
              89.09329962599998,
              22.402853363000133
            ],
            [
              89.09333646800019,
              22.40325781000007
            ],
            [
              89.09337330900013,
              22.403662256000132
            ],
            [
              89.09353121200013,
              22.40403124900007
            ],
            [
              89.09368594300008,
              22.404140516000098
            ],
            [
              89.09372198400013,
              22.40416377700018
            ],
            [
              89.09378519300014,
              22.40411086400013
            ],
            [
              89.09398344099998,
              22.40404959400007
            ],
            [
              89.09416017200016,
              22.403996384000095
            ],
            [
              89.09455672600012,
              22.403705022000167
            ],
            [
              89.09499362399998,
              22.403230959999973
            ],
            [
              89.0959447570001,
              22.402574591000132
            ],
            [
              89.09650176000008,
              22.401882138000133
            ],
            [
              89.09648219100018,
              22.401809763000074
            ],
            [
              89.09619340400013,
              22.40074221900005
            ],
            [
              89.09604680300004,
              22.399892268000144
            ],
            [
              89.09604123999998,
              22.399860619000094
            ],
            [
              89.09584292300019,
              22.399168460000112
            ],
            [
              89.09580997300014,
              22.399053103000085
            ],
            [
              89.09577857300019,
              22.397806327000126
            ],
            [
              89.09574505400019,
              22.396887
            ],
            [
              89.09587150300007,
              22.395641110000156
            ],
            [
              89.09591279500012,
              22.395311621000133
            ],
            [
              89.09607895200008,
              22.394027559000108
            ],
            [
              89.09612647000012,
              22.392781228000104
            ],
            [
              89.09609103600002,
              22.39215773100011
            ],
            [
              89.09624925400016,
              22.391772440000125
            ],
            [
              89.09633160200002,
              22.39157190600008
            ],
            [
              89.09676852400014,
              22.39113397400007
            ],
            [
              89.0969205240001,
              22.391006096000126
            ],
            [
              89.09724436900018,
              22.390732389000163
            ],
            [
              89.0974816050001,
              22.390661447000127
            ],
            [
              89.09803518800015,
              22.390443218000087
            ],
            [
              89.09882582600017,
              22.390228566000133
            ],
            [
              89.09937821700015,
              22.39019551000007
            ],
            [
              89.10016833000009,
              22.390014723000093
            ],
            [
              89.10064796500006,
              22.389784537000082
            ],
            [
              89.1007410700002,
              22.389656328
            ],
            [
              89.10059573100017,
              22.387711094
            ],
            [
              89.10067865700012,
              22.38708825300006
            ],
            [
              89.10084073600012,
              22.38642972200006
            ],
            [
              89.10092271900004,
              22.38595366600009
            ],
            [
              89.10131920900017,
              22.385662288000105
            ],
            [
              89.10230823100011,
              22.385227402000055
            ],
            [
              89.10282279000012,
              22.38493667200015
            ],
            [
              89.10322044500009,
              22.38446236900006
            ],
            [
              89.10338016300017,
              22.384169668000084
            ],
            [
              89.10346332300008,
              22.383508441000174
            ],
            [
              89.10326908000013,
              22.383030853000093
            ],
            [
              89.10304173500003,
              22.381561672000146
            ],
            [
              89.1031670750001,
              22.38117101400013
            ],
            [
              89.10332359000017,
              22.380682482000054
            ],
            [
              89.10395814100019,
              22.380137221000155
            ],
            [
              89.10464379200016,
              22.379716448000067
            ],
            [
              89.10506972300016,
              22.37904130400011
            ],
            [
              89.1051927900001,
              22.378308024000034
            ],
            [
              89.10539289500008,
              22.377868754000133
            ],
            [
              89.10634052000006,
              22.377727200000095
            ],
            [
              89.10673479700006,
              22.377729375000058
            ],
            [
              89.10736494100018,
              22.37791803700003
            ],
            [
              89.1079168190002,
              22.377957215000038
            ],
            [
              89.10799151500015,
              22.377967722000108
            ],
            [
              89.1082510110001,
              22.378004224000108
            ],
            [
              89.109808557,
              22.3782250860001
            ],
            [
              89.11004777200003,
              22.37825381300007
            ],
            [
              89.11075455800005,
              22.378338687000166
            ],
            [
              89.11122828600014,
              22.378305155000078
            ],
            [
              89.11126852100006,
              22.378278279000142
            ],
            [
              89.11175525400006,
              22.377927479000107
            ],
            [
              89.11200008000009,
              22.37741495000006
            ],
            [
              89.11310631500004,
              22.375609316
            ],
            [
              89.113374555,
              22.374644705000094
            ],
            [
              89.11393365999999,
              22.373199363000026
            ],
            [
              89.11439628800008,
              22.37156580600015
            ],
            [
              89.11448773100011,
              22.371566305999977
            ],
            [
              89.11539560600016,
              22.371462869000084
            ],
            [
              89.11598807200016,
              22.371319315000108
            ],
            [
              89.11646362800008,
              22.370992193
            ],
            [
              89.11685973800019,
              22.370700770000155
            ],
            [
              89.11733598500007,
              22.370262990000185
            ],
            [
              89.1179302930002,
              22.369825853000123
            ],
            [
              89.11816957400004,
              22.36942291200012
            ],
            [
              89.1181714240002,
              22.369129338000164
            ],
            [
              89.11793699600014,
              22.36876220700009
            ],
            [
              89.11829348800012,
              22.368542832000117
            ],
            [
              89.11853067700014,
              22.368471855000053
            ],
            [
              89.11904491300004,
              22.368217206
            ],
            [
              89.11961805400011,
              22.367958353000176
            ],
            [
              89.12094369300013,
              22.36734677100003
            ],
            [
              89.12110601400013,
              22.367275227000164
            ],
            [
              89.12201166500006,
              22.366876055000148
            ],
            [
              89.12307963200004,
              22.366405332
            ],
            [
              89.12379189800015,
              22.36607721000007
            ],
            [
              89.1243451040001,
              22.36589727700016
            ],
            [
              89.12481856300013,
              22.36589984000011
            ],
            [
              89.1249025030001,
              22.365979087000028
            ],
            [
              89.12509283100007,
              22.366158775000144
            ],
            [
              89.12528690300013,
              22.36667246899998
            ],
            [
              89.12563482200005,
              22.366803074000075
            ],
            [
              89.1256805390002,
              22.36682138900005
            ],
            [
              89.12571608200005,
              22.366818325000168
            ],
            [
              89.12588901500004,
              22.366883242000142
            ],
            [
              89.12593473200019,
              22.366901556000016
            ],
            [
              89.12632920600015,
              22.366867550000052
            ],
            [
              89.12664736700009,
              22.366465025000082
            ],
            [
              89.12684528400018,
              22.366338666
            ],
            [
              89.12696305800017,
              22.366263474
            ],
            [
              89.12704350700017,
              22.36621196599998
            ],
            [
              89.1274772070002,
              22.36621430400004
            ],
            [
              89.12787175300014,
              22.36621643
            ],
            [
              89.12834590200004,
              22.366108325000027
            ],
            [
              89.12897916700013,
              22.36574362000016
            ],
            [
              89.12925579800014,
              22.36567284200015
            ],
            [
              89.12965004000012,
              22.365674962000185
            ],
            [
              89.13028063300015,
              22.365789012
            ],
            [
              89.13089647200019,
              22.36569641300008
            ],
            [
              89.13099120200002,
              22.365682169000138
            ],
            [
              89.131622176,
              22.36568555400015
            ],
            [
              89.13221377200011,
              22.36572486
            ],
            [
              89.13280642100005,
              22.365545111000188
            ],
            [
              89.13296975700007,
              22.365495572000043
            ],
            [
              89.13297823500005,
              22.36533554200014
            ],
            [
              89.13338206600014,
              22.365211945000112
            ],
            [
              89.13428997200015,
              22.36514453700005
            ],
            [
              89.13531526500014,
              22.365186150000056
            ],
            [
              89.1353724330001,
              22.36519469600006
            ],
            [
              89.13608327500009,
              22.365300959000024
            ],
            [
              89.1361142720001,
              22.36530559200014
            ],
            [
              89.1368903550001,
              22.36559880200008
            ],
            [
              89.13723135200013,
              22.36576999600004
            ],
            [
              89.1373598630002,
              22.365833619000057
            ],
            [
              89.13755875000004,
              22.365932085000054
            ],
            [
              89.13779413200018,
              22.366152398000054
            ],
            [
              89.13798982200018,
              22.366410894000126
            ],
            [
              89.13818551400004,
              22.366669389000094
            ],
            [
              89.1381850570001,
              22.366743581000037
            ],
            [
              89.13818423400011,
              22.36687714900006
            ],
            [
              89.13818370700017,
              22.366962965000084
            ],
            [
              89.13818263700006,
              22.36713671200016
            ],
            [
              89.13747174100007,
              22.367635327000073
            ],
            [
              89.13695264799998,
              22.368469102000063
            ],
            [
              89.13695014300004,
              22.368875409
            ],
            [
              89.13725585800006,
              22.36930726000014
            ],
            [
              89.13794198100004,
              22.369389419000072
            ],
            [
              89.13804380500011,
              22.3693947000001
            ],
            [
              89.1383259480001,
              22.36949534000007
            ],
            [
              89.13934924900013,
              22.369866640000055
            ],
            [
              89.1400571280002,
              22.370200122000142
            ],
            [
              89.14076275300005,
              22.37090170099998
            ],
            [
              89.14098786300019,
              22.371272178000027
            ],
            [
              89.14107525800006,
              22.371416009000086
            ],
            [
              89.14114418100013,
              22.37185068800011
            ],
            [
              89.1411512360001,
              22.371895183000106
            ],
            [
              89.1411079560001,
              22.372518263000188
            ],
            [
              89.14110141300017,
              22.372644695000133
            ],
            [
              89.141076021,
              22.373121864000098
            ],
            [
              89.14107189000015,
              22.373199499000066
            ],
            [
              89.14086028100013,
              22.374301078000144
            ],
            [
              89.14056522600015,
              22.37583703000007
            ],
            [
              89.14052987700012,
              22.37602104200016
            ],
            [
              89.14050312900002,
              22.376160277000054
            ],
            [
              89.14037748500016,
              22.378009102000192
            ],
            [
              89.14036186599998,
              22.37823893000018
            ],
            [
              89.140461873,
              22.378693584000132
            ],
            [
              89.1406602730001,
              22.379865795000057
            ],
            [
              89.14091506400013,
              22.380225666000058
            ],
            [
              89.14117867700014,
              22.380767384000137
            ],
            [
              89.141777989,
              22.381998933000148
            ],
            [
              89.14203278600007,
              22.38235880200017
            ],
            [
              89.14233898300006,
              22.382718943000043
            ],
            [
              89.14260701100005,
              22.382869585000094
            ],
            [
              89.14264421000019,
              22.382953239000074
            ],
            [
              89.14273882700013,
              22.383166026000026
            ],
            [
              89.14293028800006,
              22.384120064000058
            ],
            [
              89.1429608040001,
              22.385183912000173
            ],
            [
              89.14296277900019,
              22.385258448000116
            ],
            [
              89.14298939600013,
              22.38552109600016
            ],
            [
              89.14299995000016,
              22.385625232999985
            ],
            [
              89.14303720000004,
              22.38599280800014
            ],
            [
              89.14327036800012,
              22.38658121600014
            ],
            [
              89.14350613400012,
              22.38689144600005
            ],
            [
              89.14366153700007,
              22.387095930999976
            ],
            [
              89.14424850200004,
              22.3879075320001
            ],
            [
              89.14456097600015,
              22.38838569700016
            ],
            [
              89.14499146200006,
              22.38897514100006
            ],
            [
              89.145100372,
              22.38911548700014
            ],
            [
              89.14530469800007,
              22.389378787000055
            ],
            [
              89.14549908200013,
              22.38985858600006
            ],
            [
              89.14552153100016,
              22.389915381000037
            ],
            [
              89.1456153690001,
              22.390152786000044
            ],
            [
              89.14584968500009,
              22.39055601000001
            ],
            [
              89.14587605300017,
              22.390662293000048
            ],
            [
              89.14600372700005,
              22.391180129000077
            ],
            [
              89.14607422200015,
              22.391467311000042
            ],
            [
              89.1460557150001,
              22.391577312000152
            ],
            [
              89.14592806200011,
              22.39233600600005
            ],
            [
              89.14597308000009,
              22.39235560600008
            ],
            [
              89.14617751100008,
              22.392444613000066
            ],
            [
              89.1463113590001,
              22.392502888000024
            ],
            [
              89.146357443,
              22.392512168000053
            ],
            [
              89.14643284000016,
              22.392525219000163
            ],
            [
              89.1465656110002,
              22.392583025000135
            ],
            [
              89.1466116950001,
              22.392592304000118
            ],
            [
              89.14743258800007,
              22.392734392000136
            ],
            [
              89.14885605700016,
              22.3922292420001
            ],
            [
              89.14914392300017,
              22.39223075800004
            ],
            [
              89.14954681300014,
              22.392447668000045
            ],
            [
              89.14986042500016,
              22.392742905000034
            ],
            [
              89.15003051100018,
              22.39274379900013
            ],
            [
              89.15012518700019,
              22.39282309100014
            ],
            [
              89.15114040600008,
              22.392828422000093
            ],
            [
              89.15174064799999,
              22.39257453600004
            ],
            [
              89.15216880100019,
              22.39239343800017
            ],
            [
              89.15223560300018,
              22.39235664100005
            ],
            [
              89.15296071700016,
              22.39195720800012
            ],
            [
              89.15312263100003,
              22.391958055000146
            ],
            [
              89.1532035370002,
              22.391958479000152
            ],
            [
              89.15337194300008,
              22.391959360000158
            ],
            [
              89.15343286200005,
              22.39195967900008
            ],
            [
              89.15422290800007,
              22.39196381199997
            ],
            [
              89.15428669500011,
              22.391964145000088
            ],
            [
              89.15523651600006,
              22.391969112000083
            ],
            [
              89.15532755300006,
              22.391969587
            ],
            [
              89.15706227400017,
              22.392197699000064
            ],
            [
              89.15724808800007,
              22.392175234000092
            ],
            [
              89.15861747200006,
              22.392009671000153
            ],
            [
              89.15901435900008,
              22.392569447000085
            ],
            [
              89.15940324500014,
              22.393526754000163
            ],
            [
              89.159657461,
              22.393606754000018
            ],
            [
              89.16011260400012,
              22.393749904000174
            ],
            [
              89.16036621900003,
              22.39382961200016
            ],
            [
              89.16090329800016,
              22.39416669700006
            ],
            [
              89.16143487400007,
              22.39450032600007
            ],
            [
              89.16154540500008,
              22.394569697
            ],
            [
              89.16199714500016,
              22.39503651500013
            ],
            [
              89.16232953600002,
              22.39537999600003
            ],
            [
              89.16287894300012,
              22.395897745000127
            ],
            [
              89.1628745490001,
              22.396631692000028
            ],
            [
              89.1631051820001,
              22.397660439000163
            ],
            [
              89.16314366500018,
              22.398650452000084
            ],
            [
              89.16317358000009,
              22.39942005400019
            ],
            [
              89.16316874,
              22.400228522000077
            ],
            [
              89.16300902200015,
              22.401066951000075
            ],
            [
              89.16274426700016,
              22.40104184000006
            ],
            [
              89.16241021800016,
              22.40100849200013
            ],
            [
              89.16177046800016,
              22.40087193200003
            ],
            [
              89.16143452800009,
              22.400870190999967
            ],
            [
              89.16112961800007,
              22.400868611000192
            ],
            [
              89.16070168700008,
              22.400999633000026
            ],
            [
              89.16057209500019,
              22.40111854300011
            ],
            [
              89.160129,
              22.40152511300016
            ],
            [
              89.15969678300007,
              22.40231780900001
            ],
            [
              89.15954962500018,
              22.403111986000113
            ],
            [
              89.15946545400004,
              22.405295376000083
            ],
            [
              89.15945788800013,
              22.406553240999983
            ],
            [
              89.15923937800017,
              22.407347049000123
            ],
            [
              89.1588090460001,
              22.40787326300017
            ],
            [
              89.15843392900001,
              22.408002296000063
            ],
            [
              89.15839436700014,
              22.408137335000163
            ],
            [
              89.15802117500016,
              22.40809245900016
            ],
            [
              89.1573540060001,
              22.408012232000033
            ],
            [
              89.15628716900005,
              22.40780792800018
            ],
            [
              89.15614988400017,
              22.4077502130001
            ],
            [
              89.15603288300014,
              22.407727806000082
            ],
            [
              89.1553258990001,
              22.40743058300012
            ],
            [
              89.15475463400014,
              22.40719041600005
            ],
            [
              89.15460196600014,
              22.407142257000032
            ],
            [
              89.15380727600012,
              22.406891572000177
            ],
            [
              89.15351588700008,
              22.40679965300012
            ],
            [
              89.15326225700005,
              22.406719643000088
            ],
            [
              89.15251815300013,
              22.406585814000096
            ],
            [
              89.15212409500003,
              22.406514940000136
            ],
            [
              89.15112701500016,
              22.4065751980001
            ],
            [
              89.15069633900004,
              22.40681257400007
            ],
            [
              89.15041268400012,
              22.40696891600004
            ],
            [
              89.14976818100013,
              22.407561733000136
            ],
            [
              89.14926041700005,
              22.409081189000062
            ],
            [
              89.14903852000009,
              22.41047116699997
            ],
            [
              89.14881470400002,
              22.412125359000072
            ],
            [
              89.14866101600012,
              22.413978654
            ],
            [
              89.14865375300013,
              22.415171024000074
            ],
            [
              89.14866202700011,
              22.41528822600003
            ],
            [
              89.14871313000015,
              22.416011974000014
            ],
            [
              89.1487191540001,
              22.416097291000085
            ],
            [
              89.14878444700008,
              22.41709130800018
            ],
            [
              89.14885024600011,
              22.417952088000163
            ],
            [
              89.14884581600012,
              22.418679250000082
            ],
            [
              89.14884097200007,
              22.419474164000178
            ],
            [
              89.14883652700013,
              22.420203586000127
            ],
            [
              89.1486178400001,
              22.421062865000067
            ],
            [
              89.14825685800008,
              22.42185364200003
            ],
            [
              89.147894539,
              22.42291315200015
            ],
            [
              89.1473193830002,
              22.423770548
            ],
            [
              89.14717132600015,
              22.42469568900009
            ],
            [
              89.1472386370001,
              22.42535774100014
            ],
            [
              89.14744884700008,
              22.42588956200018
            ],
            [
              89.14776443600016,
              22.426717778000125
            ],
            [
              89.14807991900005,
              22.427514381000094
            ],
            [
              89.1483131670002,
              22.427872417
            ],
            [
              89.148750162,
              22.428543202000185
            ],
            [
              89.1495274900002,
              22.429540970000176
            ],
            [
              89.15022350300018,
              22.430484521000153
            ],
            [
              89.15041050300016,
              22.43073802400005
            ],
            [
              89.1513298640001,
              22.43180202200017
            ],
            [
              89.15217808800014,
              22.43283176700004
            ],
            [
              89.15252721900015,
              22.433513211000104
            ],
            [
              89.15270596300002,
              22.43386208400011
            ],
            [
              89.15273647200019,
              22.434688799000014
            ],
            [
              89.15241290000006,
              22.435217809999983
            ],
            [
              89.15173394700008,
              22.435611715
            ],
            [
              89.15073475000008,
              22.43593618200009
            ],
            [
              89.14972510100012,
              22.43609644000003
            ],
            [
              89.149522876,
              22.436128538000048
            ],
            [
              89.14824156100013,
              22.436056291
            ],
            [
              89.14688970200012,
              22.435850421000055
            ],
            [
              89.145465478,
              22.43580901500019
            ],
            [
              89.14450411400009,
              22.435803926000176
            ],
            [
              89.14368415700017,
              22.435964438000155
            ],
            [
              89.14286337800019,
              22.43625818400011
            ],
            [
              89.14244162400013,
              22.43645155100006
            ],
            [
              89.14238132000008,
              22.43647919900019
            ],
            [
              89.14227869800015,
              22.436526078999975
            ],
            [
              89.14200645600016,
              22.43665110000012
            ],
            [
              89.141217735,
              22.437507334000088
            ],
            [
              89.14111305100005,
              22.437642278000055
            ],
            [
              89.14107946600006,
              22.437685467000165
            ],
            [
              89.14092783400008,
              22.437880462000066
            ],
            [
              89.14067932300009,
              22.438200039000094
            ],
            [
              89.14039021000019,
              22.438894069000185
            ],
            [
              89.14018929200012,
              22.439770777000035
            ],
            [
              89.14017052000014,
              22.43985269300009
            ],
            [
              89.14002442700007,
              22.44044811500015
            ],
            [
              89.1399673890001,
              22.440804353000146
            ],
            [
              89.13987630200012,
              22.441373245000136
            ],
            [
              89.1397651210001,
              22.44206822000018
            ],
            [
              89.13969018,
              22.442697898
            ],
            [
              89.13954347100002,
              22.44339268500005
            ],
            [
              89.13925343700004,
              22.44418381400004
            ],
            [
              89.13914383800011,
              22.444424871000024
            ],
            [
              89.13910312700006,
              22.444514322000032
            ],
            [
              89.138892629,
              22.444976825000026
            ],
            [
              89.1386028760001,
              22.445770212000014
            ],
            [
              89.1383139420002,
              22.446430363000047
            ],
            [
              89.13829501200007,
              22.446741915000075
            ],
            [
              89.13829028800018,
              22.4468206840001
            ],
            [
              89.13828485700003,
              22.446911235000016
            ],
            [
              89.1382740210002,
              22.447091843000067
            ],
            [
              89.1383065760001,
              22.44762272600019
            ],
            [
              89.13862430700004,
              22.44805350500002
            ],
            [
              89.1388719790001,
              22.448321310000097
            ],
            [
              89.13933336200017,
              22.44855412200019
            ],
            [
              89.13944812200009,
              22.448563837000165
            ],
            [
              89.13958771100016,
              22.44863427200005
            ],
            [
              89.14001478000006,
              22.448670423000124
            ],
            [
              89.14065584800016,
              22.448673835000022
            ],
            [
              89.1411347040002,
              22.448595035999972
            ],
            [
              89.14144016200004,
              22.448544769000023
            ],
            [
              89.14251114000018,
              22.448121378000053
            ],
            [
              89.14365278800017,
              22.447761589000038
            ],
            [
              89.14475858000014,
              22.447503226000094
            ],
            [
              89.14572042300006,
              22.447442827000145
            ],
            [
              89.14664633300015,
              22.44744772500019
            ],
            [
              89.14757173500016,
              22.44748649000013
            ],
            [
              89.14828356700008,
              22.44758735700003
            ],
            [
              89.14911744200003,
              22.4477781920001
            ],
            [
              89.14991333600017,
              22.448047864000046
            ],
            [
              89.14995914600007,
              22.448057337000023
            ],
            [
              89.15016769100015,
              22.448127996999972
            ],
            [
              89.15098570800006,
              22.44829716000004
            ],
            [
              89.15184026300017,
              22.448301654000034
            ],
            [
              89.1522861150001,
              22.448387512000068
            ],
            [
              89.1525135930001,
              22.44843131700003
            ],
            [
              89.15255158100007,
              22.448438632000034
            ],
            [
              89.1530492220001,
              22.448606102000042
            ],
            [
              89.15343332800006,
              22.44874135900011
            ],
            [
              89.15377736500005,
              22.448923829000137
            ],
            [
              89.15423856100017,
              22.449242418000097
            ],
            [
              89.15464441900019,
              22.449822677000043
            ],
            [
              89.15494770100008,
              22.450194255000042
            ],
            [
              89.15487795000007,
              22.45021710100019
            ],
            [
              89.15475290200004,
              22.450254836
            ],
            [
              89.15491505100005,
              22.45063877200016
            ],
            [
              89.15493643300005,
              22.45068940200008
            ],
            [
              89.15511158700014,
              22.451153276000127
            ],
            [
              89.15523168100009,
              22.451883350000116
            ],
            [
              89.15522737000003,
              22.45259470500008
            ],
            [
              89.15524268700011,
              22.453023870000152
            ],
            [
              89.1551501900002,
              22.45360377999998
            ],
            [
              89.15510306600004,
              22.453795909000178
            ],
            [
              89.15500414600001,
              22.454199217000166
            ],
            [
              89.15476862499997,
              22.45487548700015
            ],
            [
              89.15449706000015,
              22.455585439000117
            ],
            [
              89.15444745400015,
              22.45581733500012
            ],
            [
              89.15438703700005,
              22.4560997640001
            ],
            [
              89.15431336900014,
              22.45652846400003
            ],
            [
              89.15427633000019,
              22.45677668700006
            ],
            [
              89.15428972400008,
              22.457472326000186
            ],
            [
              89.15439372300006,
              22.457951638000054
            ],
            [
              89.154512484,
              22.458353370000054
            ],
            [
              89.15455085700012,
              22.458483173000047
            ],
            [
              89.15474376000014,
              22.458976501
            ],
            [
              89.15498905800018,
              22.45959431100016
            ],
            [
              89.15523539000014,
              22.46009243800006
            ],
            [
              89.15535770700006,
              22.46050635200004
            ],
            [
              89.155409862,
              22.46072116800002
            ],
            [
              89.15549361900014,
              22.4615842930001
            ],
            [
              89.15550833500009,
              22.46206313600004
            ],
            [
              89.15546969399998,
              22.462575578000155
            ],
            [
              89.15537699700008,
              22.46318710200012
            ],
            [
              89.15523133700009,
              22.463717050000128
            ],
            [
              89.15504925500011,
              22.464393597000026
            ],
            [
              89.15477826000017,
              22.465006445000142
            ],
            [
              89.15457955600004,
              22.46546836200008
            ],
            [
              89.15443490700011,
              22.465831195000135
            ],
            [
              89.15440375499998,
              22.465874131000135
            ],
            [
              89.15429125700012,
              22.4660291780001
            ],
            [
              89.1541117700001,
              22.466276654000126
            ],
            [
              89.15389664800006,
              22.46649006800004
            ],
            [
              89.15366380400013,
              22.466721455000084
            ],
            [
              89.15363494000007,
              22.466741776000106
            ],
            [
              89.1534313680001,
              22.46688509400002
            ],
            [
              89.15302053800002,
              22.467065863000187
            ],
            [
              89.15271802800004,
              22.467217245000086
            ],
            [
              89.15262752800004,
              22.46726253300011
            ],
            [
              89.15227077200018,
              22.46739164100012
            ],
            [
              89.15203831800011,
              22.46750785200004
            ],
            [
              89.15164602400017,
              22.467587090000052
            ],
            [
              89.15119975000005,
              22.46780154000004
            ],
            [
              89.1507477950002,
              22.468066518000114
            ],
            [
              89.15021662300012,
              22.468390307000163
            ],
            [
              89.14973319900008,
              22.4688191030001
            ],
            [
              89.14965442400006,
              22.468888898000102
            ],
            [
              89.14919602500004,
              22.469295038000155
            ],
            [
              89.14860456400004,
              22.469906182000102
            ],
            [
              89.1482818140002,
              22.470283879000135
            ],
            [
              89.14789622900014,
              22.47075933600013
            ],
            [
              89.14770736600008,
              22.47099221800005
            ],
            [
              89.14745992400003,
              22.471324945000163
            ],
            [
              89.14724062700009,
              22.47161982400013
            ],
            [
              89.14689892400014,
              22.47216453500016
            ],
            [
              89.14646761799997,
              22.472808138
            ],
            [
              89.14643391200002,
              22.472908941000128
            ],
            [
              89.1462135920001,
              22.473567849000062
            ],
            [
              89.14618861500009,
              22.473628693000137
            ],
            [
              89.14617115800013,
              22.47367116600003
            ],
            [
              89.14594224700011,
              22.474228104000076
            ],
            [
              89.14581426700005,
              22.474556910000103
            ],
            [
              89.14565277200006,
              22.474971820000178
            ],
            [
              89.14545381400012,
              22.47546759700009
            ],
            [
              89.14529029300019,
              22.476029056000073
            ],
            [
              89.14526230700017,
              22.476159962000054
            ],
            [
              89.14519866400013,
              22.47645765400017
            ],
            [
              89.14510652200016,
              22.476920123000184
            ],
            [
              89.14497872900017,
              22.47745015300012
            ],
            [
              89.14485084000017,
              22.477995992000103
            ],
            [
              89.14483567300005,
              22.478111925000178
            ],
            [
              89.14479474600012,
              22.47842477500012
            ],
            [
              89.14472071800003,
              22.478855725000074
            ],
            [
              89.14471895200006,
              22.479143018000173
            ],
            [
              89.14471806800003,
              22.479287051000085
            ],
            [
              89.14471594800017,
              22.479632563000052
            ],
            [
              89.14470903600017,
              22.48075763800017
            ],
            [
              89.14470730500011,
              22.481039457000122
            ],
            [
              89.14466575900019,
              22.482017092000092
            ],
            [
              89.14462697400012,
              22.482545335
            ],
            [
              89.14462226500018,
              22.482619838000062
            ],
            [
              89.144587162,
              22.483191006000084
            ],
            [
              89.14453940500005,
              22.483597253000028
            ],
            [
              89.14453119500007,
              22.48367387000002
            ],
            [
              89.14461751000005,
              22.48408546600018
            ],
            [
              89.14464990200003,
              22.484598278000135
            ],
            [
              89.14468340000013,
              22.484930432000112
            ],
            [
              89.14475356500003,
              22.485129537000148
            ],
            [
              89.14494511900006,
              22.485841926000035
            ],
            [
              89.14510266400004,
              22.486256033000075
            ],
            [
              89.14524299300018,
              22.486604560000046
            ],
            [
              89.14543551800006,
              22.48698146800018
            ],
            [
              89.14547201900012,
              22.487052925000114
            ],
            [
              89.14559878500012,
              22.487268091000146
            ],
            [
              89.14573628300013,
              22.487501474
            ],
            [
              89.14603660000006,
              22.487916340000083
            ],
            [
              89.14642601899999,
              22.48831586900019
            ],
            [
              89.14652141400018,
              22.488413480000133
            ],
            [
              89.14678780300011,
              22.488687015000153
            ],
            [
              89.14681544100006,
              22.488715394999986
            ],
            [
              89.14736525500012,
              22.48906608900006
            ],
            [
              89.14788013900005,
              22.48936690700009
            ],
            [
              89.14813420000002,
              22.489446832000056
            ],
            [
              89.14841315500013,
              22.489534586
            ],
            [
              89.14892961900006,
              22.489627648000067
            ],
            [
              89.14907163100008,
              22.48965323700014
            ],
            [
              89.14960626300007,
              22.489606374000118
            ],
            [
              89.15019455600014,
              22.489528176000192
            ],
            [
              89.15076514100019,
              22.489413750000153
            ],
            [
              89.15156627700009,
              22.48945184500019
            ],
            [
              89.15222524900003,
              22.489489189000096
            ],
            [
              89.15263786200018,
              22.489569276000054
            ],
            [
              89.15291886900008,
              22.48962381900003
            ],
            [
              89.15327458500019,
              22.489725054000132
            ],
            [
              89.15346510300014,
              22.48978699500003
            ],
            [
              89.1537899920001,
              22.489892622000127
            ],
            [
              89.15451844400019,
              22.490194542000097
            ],
            [
              89.15506878100012,
              22.490513596000028
            ],
            [
              89.15561892900018,
              22.49086426200006
            ],
            [
              89.15570844700011,
              22.4909302210001
            ],
            [
              89.15576697500018,
              22.49087657500013
            ],
            [
              89.15587336400017,
              22.490944388000116
            ],
            [
              89.1559628830002,
              22.491010346999985
            ],
            [
              89.15647608600011,
              22.49139243600007
            ],
            [
              89.15695404600007,
              22.49187596200011
            ],
            [
              89.15730736600017,
              22.492374639000104
            ],
            [
              89.15757137600019,
              22.492872855000087
            ],
            [
              89.15772896900017,
              22.493336637000084
            ],
            [
              89.15781568000011,
              22.49371648800019
            ],
            [
              89.15781202300008,
              22.494320620000053
            ],
            [
              89.15791569400005,
              22.494859728000108
            ],
            [
              89.15800079500008,
              22.495506052999986
            ],
            [
              89.15817499700012,
              22.49613703900019
            ],
            [
              89.15836723700005,
              22.49675004900007
            ],
            [
              89.15847277700004,
              22.496980951000182
            ],
            [
              89.15866590700006,
              22.497447174000115
            ],
            [
              89.158877082,
              22.497893170000054
            ],
            [
              89.15905209800013,
              22.498390916000062
            ],
            [
              89.15924374500008,
              22.499103288000185
            ],
            [
              89.15932825100015,
              22.499848978000045
            ],
            [
              89.15925395500005,
              22.500379298999974
            ],
            [
              89.15912549200016,
              22.500974830000132
            ],
            [
              89.15891565000004,
              22.50132247200014
            ],
            [
              89.15874772500007,
              22.50160067100012
            ],
            [
              89.15833529400015,
              22.50202985700014
            ],
            [
              89.15801349000014,
              22.50224271600007
            ],
            [
              89.15740681400007,
              22.502388595000127
            ],
            [
              89.15683679500006,
              22.50240142300015
            ],
            [
              89.15607091900011,
              22.50239741000007
            ],
            [
              89.15528731500012,
              22.502361687000075
            ],
            [
              89.15482423100013,
              22.502375067000116
            ],
            [
              89.15418282000013,
              22.502387509000073
            ],
            [
              89.15363040500011,
              22.502402676000145
            ],
            [
              89.15295324300007,
              22.502448798000046
            ],
            [
              89.15264759100017,
              22.502492112000084
            ],
            [
              89.15206201400014,
              22.502575093000132
            ],
            [
              89.15133097900014,
              22.5026864190001
            ],
            [
              89.15054596800013,
              22.502881015000014
            ],
            [
              89.14956449400006,
              22.50315812800011
            ],
            [
              89.14883707500019,
              22.503442109000105
            ],
            [
              89.148725495,
              22.503485668000053
            ],
            [
              89.14783262600014,
              22.503828732000045
            ],
            [
              89.14667170100012,
              22.50433522700007
            ],
            [
              89.14604658200017,
              22.504611946000182
            ],
            [
              89.14563937100013,
              22.504776900000138
            ],
            [
              89.14524301600011,
              22.504905781000048
            ],
            [
              89.14474344900009,
              22.505070247000162
            ],
            [
              89.14457607800017,
              22.505164206000018
            ],
            [
              89.14439101500005,
              22.50526936600005
            ],
            [
              89.14427852400007,
              22.505332
            ],
            [
              89.14424878500017,
              22.505350138000153
            ],
            [
              89.14358108300019,
              22.505757374999973
            ],
            [
              89.14316951200016,
              22.50608716
            ],
            [
              89.14263226600008,
              22.506547256999966
            ],
            [
              89.14209429100009,
              22.507124780000083
            ],
            [
              89.14166203600013,
              22.507899341000098
            ],
            [
              89.14140994900009,
              22.508329335000155
            ],
            [
              89.14094193500011,
              22.509137579000082
            ],
            [
              89.140582295,
              22.509664108000038
            ],
            [
              89.14013322400007,
              22.510257904000127
            ],
            [
              89.13989726400013,
              22.51053441700003
            ],
            [
              89.1396129530001,
              22.510867130000065
            ],
            [
              89.13920003100003,
              22.511361754000177
            ],
            [
              89.13868036800011,
              22.511871614000086
            ],
            [
              89.13862908000016,
              22.51191384100008
            ],
            [
              89.13817892500015,
              22.51228446200014
            ],
            [
              89.13782111400008,
              22.512562579000132
            ],
            [
              89.13722609300015,
              22.513072030000103
            ],
            [
              89.13663975400004,
              22.51345506100006
            ],
            [
              89.13624722600008,
              22.513647171000173
            ],
            [
              89.13590774400006,
              22.51371310000019
            ],
            [
              89.13547333400015,
              22.51370173500004
            ],
            [
              89.13477963700007,
              22.513515087000087
            ],
            [
              89.13467402700019,
              22.513474978000033
            ],
            [
              89.1341825020001,
              22.513288302000035
            ],
            [
              89.13412371300012,
              22.513282455000024
            ],
            [
              89.13390405100012,
              22.513260611000135
            ],
            [
              89.13380481900003,
              22.513477664999982
            ],
            [
              89.13374319500008,
              22.51361245800007
            ],
            [
              89.13404556400019,
              22.51394950200006
            ],
            [
              89.13514229700007,
              22.51503938500008
            ],
            [
              89.13643304300007,
              22.516252254000165
            ],
            [
              89.13779113600009,
              22.51704542700014
            ],
            [
              89.13796865500012,
              22.51708064000013
            ],
            [
              89.13934730400007,
              22.517354108000177
            ],
            [
              89.14058017100001,
              22.51742166500003
            ],
            [
              89.14067162800006,
              22.517411556000127
            ],
            [
              89.14158639700014,
              22.51731043700005
            ],
            [
              89.14213932200016,
              22.517249314000026
            ],
            [
              89.14395980400013,
              22.516775724000127
            ],
            [
              89.1453234550001,
              22.516721994000136
            ],
            [
              89.14649203400006,
              22.51666947500013
            ],
            [
              89.1474007290002,
              22.516733004000116
            ],
            [
              89.14796133100003,
              22.51687824900017
            ],
            [
              89.14883340200015,
              22.517112788000134
            ],
            [
              89.14959961200015,
              22.51807252800012
            ],
            [
              89.14964929500007,
              22.51825359000003
            ],
            [
              89.14998064500014,
              22.519461146000083
            ],
            [
              89.15045568400012,
              22.521205131000045
            ],
            [
              89.15066184700004,
              22.522615078000115
            ],
            [
              89.15070582600003,
              22.52275928600011
            ],
            [
              89.15081204800009,
              22.52310758599998
            ],
            [
              89.15093927900006,
              22.52352477200003
            ],
            [
              89.15147338800011,
              22.524531422000052
            ],
            [
              89.15198323700008,
              22.525298935000023
            ],
            [
              89.15305644600016,
              22.5264996250001
            ],
            [
              89.15371965000014,
              22.527435244000117
            ],
            [
              89.15397531400015,
              22.52769949700007
            ],
            [
              89.15415423400003,
              22.527891643000146
            ],
            [
              89.15438519100007,
              22.527988460000074
            ],
            [
              89.15525146400006,
              22.52937925500015
            ],
            [
              89.15527457800005,
              22.529412655000044
            ],
            [
              89.15650771100019,
              22.53119443000014
            ],
            [
              89.15724996400002,
              22.532266896000067
            ],
            [
              89.15877107500006,
              22.534464662000175
            ],
            [
              89.1592302680001,
              22.535112384000115
            ],
            [
              89.1592632620002,
              22.535237984000048
            ],
            [
              89.15943146200004,
              22.53587826000006
            ],
            [
              89.159547837,
              22.536882385000126
            ],
            [
              89.15958919700006,
              22.536977453000134
            ],
            [
              89.15965272800008,
              22.537123117000135
            ],
            [
              89.15812594200003,
              22.537647050000032
            ],
            [
              89.15609983500019,
              22.53821456600008
            ],
            [
              89.15488810600004,
              22.538545331000023
            ],
            [
              89.153762105,
              22.53885268400012
            ],
            [
              89.15347654800013,
              22.53883266700018
            ],
            [
              89.15300661100002,
              22.538799725000104
            ],
            [
              89.15041835500011,
              22.538618267
            ],
            [
              89.15000425000005,
              22.538548125999966
            ],
            [
              89.1485503770001,
              22.538301859000114
            ],
            [
              89.14645494600018,
              22.53794689500006
            ],
            [
              89.14451237500015,
              22.537575249000042
            ],
            [
              89.14434970400009,
              22.537512673000037
            ],
            [
              89.14425786200013,
              22.537495102000094
            ],
            [
              89.14387688600004,
              22.537348550000047
            ],
            [
              89.14216240000013,
              22.53668901700007
            ],
            [
              89.14021435400002,
              22.535683071000165
            ],
            [
              89.13975848700005,
              22.535447661000035
            ],
            [
              89.1371221490001,
              22.53406049400013
            ],
            [
              89.13695730100011,
              22.533988316000034
            ],
            [
              89.13325823200006,
              22.532368655000028
            ],
            [
              89.13312122600007,
              22.532308663000038
            ],
            [
              89.13277767100016,
              22.532158228000128
            ],
            [
              89.12997557400001,
              22.530962008000074
            ],
            [
              89.12951916500003,
              22.53076758400016
            ],
            [
              89.12841893000018,
              22.530029937000165
            ],
            [
              89.12837649900013,
              22.529867110000055
            ],
            [
              89.12862728700014,
              22.529900106000127
            ],
            [
              89.12903927500008,
              22.529926301000103
            ],
            [
              89.12921958600003,
              22.529891425000073
            ],
            [
              89.12943931100017,
              22.529725309000185
            ],
            [
              89.12964669800016,
              22.529475473000105
            ],
            [
              89.12967482,
              22.529093215000103
            ],
            [
              89.1295737850001,
              22.528793909
            ],
            [
              89.12928137600016,
              22.528242612000156
            ],
            [
              89.1292057440001,
              22.52815793300016
            ],
            [
              89.12916127300008,
              22.52805091099998
            ],
            [
              89.12831652900019,
              22.52601837700007
            ],
            [
              89.12774568200007,
              22.52483155300007
            ],
            [
              89.12708917600014,
              22.523466611000117
            ],
            [
              89.12668282600009,
              22.52272807100013
            ],
            [
              89.12612822,
              22.521720064000135
            ],
            [
              89.12591597400007,
              22.521334299000102
            ],
            [
              89.12581054000003,
              22.521142666000117
            ],
            [
              89.1257706500001,
              22.52107016399998
            ],
            [
              89.12509943200018,
              22.519995726000104
            ],
            [
              89.12500056300007,
              22.519837463000044
            ],
            [
              89.12463850600005,
              22.51915476200014
            ],
            [
              89.124282855,
              22.518833647000122
            ],
            [
              89.12423183300007,
              22.518787579000048
            ],
            [
              89.12398283100003,
              22.51856275500012
            ],
            [
              89.12385981000011,
              22.518451678000076
            ],
            [
              89.1235757140002,
              22.518518460000053
            ],
            [
              89.12354877000013,
              22.518524794000086
            ],
            [
              89.12280817800013,
              22.51869888200008
            ],
            [
              89.12214602300014,
              22.518818173000113
            ],
            [
              89.12202945700011,
              22.518839172000128
            ],
            [
              89.12148339700019,
              22.519089122000025
            ],
            [
              89.12124891100018,
              22.51926850700005
            ],
            [
              89.12054916200009,
              22.51976804600008
            ],
            [
              89.12036106600016,
              22.519707014000176
            ],
            [
              89.12011880000017,
              22.519623665000097
            ],
            [
              89.1198461090001,
              22.519694442
            ],
            [
              89.11976741200004,
              22.51983854200006
            ],
            [
              89.11961047700015,
              22.52005448000017
            ],
            [
              89.11937529800014,
              22.52034225799997
            ],
            [
              89.11906348900015,
              22.520448951
            ],
            [
              89.11891205600017,
              22.52043248000018
            ],
            [
              89.11871369900018,
              22.52041090400013
            ],
            [
              89.11806874800004,
              22.51973718500011
            ],
            [
              89.118018253,
              22.51968443800007
            ],
            [
              89.11712446000007,
              22.519571140000153
            ],
            [
              89.11642443000005,
              22.519567300000176
            ],
            [
              89.11568550800018,
              22.519563245000086
            ],
            [
              89.11541143600004,
              22.519850802000178
            ],
            [
              89.11525219400005,
              22.520428053000046
            ],
            [
              89.11497996000008,
              22.520426556000018
            ],
            [
              89.11471467500007,
              22.52034912300013
            ],
            [
              89.11447529800006,
              22.520279251000034
            ],
            [
              89.1140493470001,
              22.51998784200015
            ],
            [
              89.11370117500007,
              22.519696864000025
            ],
            [
              89.11311897000013,
              22.519512994000138
            ],
            [
              89.11296525199998,
              22.51922308400009
            ],
            [
              89.11296848100017,
              22.51871724199998
            ],
            [
              89.11324232700008,
              22.518465819000085
            ],
            [
              89.1131876030002,
              22.518283794000183
            ],
            [
              89.11317466500003,
              22.518240759000093
            ],
            [
              89.11300446000007,
              22.518276822000132
            ],
            [
              89.11286540700019,
              22.518307671000116
            ],
            [
              89.11234860000013,
              22.518684219000022
            ],
            [
              89.11180275499999,
              22.51889800600003
            ],
            [
              89.11071290200016,
              22.519036522000135
            ],
            [
              89.10931516900007,
              22.518667466000124
            ],
            [
              89.1087722690001,
              22.518562842
            ],
            [
              89.10851761200007,
              22.518514210999967
            ],
            [
              89.10841157300007,
              22.51849396199998
            ],
            [
              89.107761418,
              22.518369802000052
            ],
            [
              89.10776173700015,
              22.518320121999977
            ],
            [
              89.10642030900016,
              22.518789185000173
            ],
            [
              89.10509803600007,
              22.519490948000055
            ],
            [
              89.10439543900014,
              22.51985330700012
            ],
            [
              89.10398470200016,
              22.520065139000053
            ],
            [
              89.10357953300013,
              22.520464861999983
            ],
            [
              89.10346278400016,
              22.52058018800011
            ],
            [
              89.10307711800004,
              22.52096114900013
            ],
            [
              89.10230585900007,
              22.52224633700007
            ],
            [
              89.10209148500013,
              22.523211694000054
            ],
            [
              89.10208838000011,
              22.523692228000073
            ],
            [
              89.10223017300007,
              22.524010416000067
            ],
            [
              89.10225832600014,
              22.524431223000192
            ],
            [
              89.1022663920001,
              22.52477543600014
            ],
            [
              89.1022536930002,
              22.52514821400007
            ],
            [
              89.10222047500014,
              22.5255113180001
            ],
            [
              89.10207356900003,
              22.525950269000077
            ],
            [
              89.1018551860002,
              22.526302779000105
            ],
            [
              89.10169959400008,
              22.526493116000154
            ],
            [
              89.10146185500008,
              22.526654469999983
            ],
            [
              89.10099780900003,
              22.526804686
            ],
            [
              89.10059574100018,
              22.526917162000075
            ],
            [
              89.10004030900006,
              22.526875817000132
            ],
            [
              89.09962844600017,
              22.52691175500007
            ],
            [
              89.09909384300005,
              22.526832282000157
            ],
            [
              89.0984972490001,
              22.52679070099998
            ],
            [
              89.09815772800016,
              22.52677923900012
            ],
            [
              89.09767383400009,
              22.526814768000122
            ],
            [
              89.0972929030001,
              22.52684131300009
            ],
            [
              89.0971953790002,
              22.526860873000146
            ],
            [
              89.09694452200011,
              22.52694769800013
            ],
            [
              89.09658044400004,
              22.527210165000042
            ],
            [
              89.09621791700016,
              22.527571417000104
            ],
            [
              89.0958967360001,
              22.527904222000018
            ],
            [
              89.09564758700003,
              22.528237430000047
            ],
            [
              89.09535727500014,
              22.528570406000085
            ],
            [
              89.09519144500013,
              22.528751118000116
            ],
            [
              89.0950153230001,
              22.528931772000135
            ],
            [
              89.09479835000019,
              22.529064395000034
            ],
            [
              89.094406687,
              22.529157794000184
            ],
            [
              89.09401472000019,
              22.529207402000054
            ],
            [
              89.09311561600003,
              22.529116903999977
            ],
            [
              89.09249904400019,
              22.52898197600001
            ],
            [
              89.09201590800018,
              22.528873490000137
            ],
            [
              89.09184396100011,
              22.528834879000044
            ],
            [
              89.0914076300001,
              22.52867706300009
            ],
            [
              89.0911892540002,
              22.52858872600018
            ],
            [
              89.09104062700004,
              22.528528603000098
            ],
            [
              89.09095868000009,
              22.52850966900013
            ],
            [
              89.09004656800016,
              22.528298917000086
            ],
            [
              89.08957040000018,
              22.52833207499998
            ],
            [
              89.08900356200019,
              22.528460320000022
            ],
            [
              89.08850017800006,
              22.52872037600008
            ],
            [
              89.08778846900009,
              22.529361658000028
            ],
            [
              89.08752396600016,
              22.529811403000167
            ],
            [
              89.08742421900013,
              22.52998100600007
            ],
            [
              89.08713761500007,
              22.530529092000165
            ],
            [
              89.08705411300008,
              22.530784302000143
            ],
            [
              89.0869932130002,
              22.53097043200006
            ],
            [
              89.08692661800012,
              22.531316612000126
            ],
            [
              89.08692410500015,
              22.531699005000064
            ],
            [
              89.08706655300006,
              22.532332679000092
            ],
            [
              89.08726200100006,
              22.53296724500018
            ],
            [
              89.0872732380002,
              22.533003728999972
            ],
            [
              89.08717556099998,
              22.534211503000108
            ],
            [
              89.08736761900008,
              22.536660578000124
            ],
            [
              89.08763657700013,
              22.537951585000087
            ],
            [
              89.08797440600011,
              22.539306217000103
            ],
            [
              89.08798477700014,
              22.53946479399997
            ],
            [
              89.08803764400017,
              22.54027312300019
            ],
            [
              89.08793073600003,
              22.540691789000164
            ],
            [
              89.08791787100012,
              22.54074216800018
            ],
            [
              89.0878239860001,
              22.54110973600001
            ],
            [
              89.08719485700016,
              22.541815268000107
            ],
            [
              89.08559398000017,
              22.542644005000056
            ],
            [
              89.08451077500013,
              22.543033043000094
            ],
            [
              89.08458388000008,
              22.54338324400004
            ],
            [
              89.08461582800004,
              22.543536282000048
            ],
            [
              89.08437716200018,
              22.543531825000116
            ],
            [
              89.08442950700015,
              22.543782578
            ],
            [
              89.08511605300015,
              22.544881751000105
            ],
            [
              89.08692311000016,
              22.545678667000118
            ],
            [
              89.08714245300013,
              22.545775396000067
            ],
            [
              89.08719111500005,
              22.545796856000038
            ],
            [
              89.0873562230002,
              22.545939194000084
            ],
            [
              89.08801910600005,
              22.546510655000077
            ],
            [
              89.08898060900015,
              22.547997539000164
            ],
            [
              89.08987295500009,
              22.549420795000117
            ],
            [
              89.08987248300019,
              22.549493057000063
            ],
            [
              89.08987042300004,
              22.54980694900013
            ],
            [
              89.08938141900006,
              22.550319070000114
            ],
            [
              89.088686236,
              22.550572577000025
            ],
            [
              89.08792156800018,
              22.55076245400005
            ],
            [
              89.0875774930002,
              22.55076050200006
            ],
            [
              89.08722807400017,
              22.55075851900017
            ],
            [
              89.08646456700012,
              22.550817416000143
            ],
            [
              89.08535443200003,
              22.550811107000072
            ],
            [
              89.08466148200006,
              22.550678442
            ],
            [
              89.08396385200007,
              22.55125485100018
            ],
            [
              89.08319564400011,
              22.552025064000077
            ],
            [
              89.08201182100015,
              22.55272741200008
            ],
            [
              89.08145341000005,
              22.553101738000123
            ],
            [
              89.08096627600003,
              22.553428281000095
            ],
            [
              89.08071639800016,
              22.553485234000107
            ],
            [
              89.0798547030002,
              22.553681628000163
            ],
            [
              89.07902319100015,
              22.554081594000024
            ],
            [
              89.07853239600013,
              22.554317667000134
            ],
            [
              89.07817849800011,
              22.55534541500009
            ],
            [
              89.07823922000017,
              22.556635240000105
            ],
            [
              89.07826959700014,
              22.557033858000068
            ],
            [
              89.0783092100001,
              22.557553653000184
            ],
            [
              89.07836697400012,
              22.55831161499998
            ],
            [
              89.07759913200016,
              22.559016312000153
            ],
            [
              89.07704246900005,
              22.55927056100012
            ],
            [
              89.07592883500007,
              22.55977905200018
            ],
            [
              89.07481677800018,
              22.56009559000006
            ],
            [
              89.07435731600015,
              22.560441562000108
            ],
            [
              89.07431492500012,
              22.560379466000143
            ],
            [
              89.0741185600001,
              22.56002583300011
            ],
            [
              89.07352461500011,
              22.559672378000073
            ],
            [
              89.07294424900005,
              22.559325781999974
            ],
            [
              89.07282542300015,
              22.559254819000046
            ],
            [
              89.07271514200016,
              22.55918895800005
            ],
            [
              89.07258708600006,
              22.5591136970001
            ],
            [
              89.07196311000013,
              22.55868159100004
            ],
            [
              89.0715249230002,
              22.558378144000073
            ],
            [
              89.07137435400011,
              22.558369859000038
            ],
            [
              89.07092884200017,
              22.558345343000155
            ],
            [
              89.07076811900009,
              22.558927050000023
            ]
          ]
        ]
      }
    }
  ]
}