{
  "type": "FeatureCollection",
  "features": [
    {
      "type": "Feature",
      "properties": {
        "adm3_name": "Daulatpur",
        "adm3_name1": null,
        "adm3_name2": null,
        "adm3_name3": null,
        "adm3_pcode": "BD40500039",
        "adm2_name": "Kushtia",
        "adm2_name1": null,
        "adm2_name2": null,
        "adm2_name3": null,
        "adm2_pcode": "BD4050",
        "adm1_name": "Khulna",
        "adm1_name1": null,
        "adm1_name2": null,
        "adm1_name3": null,
        "adm1_pcode": "BD40",
        "adm0_name": "Bangladesh",
        "adm0_name1": null,
        "adm0_name2": null,
        "adm0_name3": null,
        "adm0_pcode": "BD",
        "valid_on": "2023-05-21",
        "valid_to": null,
        "area_sqkm": 483.72172988,
        "version": "v03",
        "lang": "en",
        "lang1": null,
        "lang2": null,
        "lang3": null,
        "adm3_ref_name": null,
        "center_lat": 24.03425965,
        "center_lon": 88.83553965
      },
      "geometry": {
        "type": "Polygon",
        "coordinates": [
          [
            [
              88.74678346600007,
              24.200315778000117
            ],
            [
              88.74592157100005,
              24.202056111000104
            ],
            [
              88.7452179610001,
              24.203465863000076
            ],
            [
              88.7451843790002,
              24.20353331500013
            ],
            [
              88.7441699530001,
              24.20522948200005
            ],
            [
              88.74252097500005,
              24.207967953000036
            ],
            [
              88.74171132000015,
              24.209139757
            ],
            [
              88.74117822100015,
              24.210097110000106
            ],
            [
              88.74026675700009,
              24.2113561110001
            ],
            [
              88.73942861500018,
              24.212572820000105
            ],
            [
              88.73878756900007,
              24.21383405
            ],
            [
              88.73773322100004,
              24.215660779000075
            ],
            [
              88.7368552750001,
              24.217008086000078
            ],
            [
              88.73649255300006,
              24.217562712000188
            ],
            [
              88.73603386800005,
              24.218267808000064
            ],
            [
              88.73478258900019,
              24.219466142999977
            ],
            [
              88.73474300400017,
              24.219013399
            ],
            [
              88.73485244500012,
              24.218307667999966
            ],
            [
              88.7349137120001,
              24.21727643500003
            ],
            [
              88.73497066800019,
              24.216712498000163
            ],
            [
              88.73476259500012,
              24.215877701000124
            ],
            [
              88.73488538000004,
              24.21497340500008
            ],
            [
              88.73489059700006,
              24.214445162000118
            ],
            [
              88.73489280200016,
              24.21422167200012
            ],
            [
              88.73485069500015,
              24.213282144
            ],
            [
              88.73494488900008,
              24.212382572000024
            ],
            [
              88.7349638290001,
              24.21220167600012
            ],
            [
              88.73492390200005,
              24.211072522000165
            ],
            [
              88.73473058600007,
              24.209896942000057
            ],
            [
              88.73448636100017,
              24.208673526999974
            ],
            [
              88.7344036520002,
              24.207604166000067
            ],
            [
              88.73439550300014,
              24.207498800000053
            ],
            [
              88.73419927000015,
              24.206650553000145
            ],
            [
              88.73415716700009,
              24.205711024000095
            ],
            [
              88.7340161780001,
              24.20444105700011
            ],
            [
              88.73387071300004,
              24.203593232
            ],
            [
              88.7339290490001,
              24.202889331000108
            ],
            [
              88.73388277800007,
              24.202371948000064
            ],
            [
              88.7337718660001,
              24.201327993000064
            ],
            [
              88.7337650250002,
              24.200999053000032
            ],
            [
              88.73375013500004,
              24.200257690000058
            ],
            [
              88.73370712100018,
              24.19941071400018
            ],
            [
              88.73376592200015,
              24.198659410000175
            ],
            [
              88.73363135400007,
              24.197269841000036
            ],
            [
              88.73363808400006,
              24.196028189000174
            ],
            [
              88.73349609100012,
              24.194923021000022
            ],
            [
              88.73345315500012,
              24.194006062000085
            ],
            [
              88.73343495400013,
              24.19391786200009
            ],
            [
              88.73338417500008,
              24.193670227000098
            ],
            [
              88.73337020900004,
              24.193526748000068
            ],
            [
              88.73291136500006,
              24.188838319000183
            ],
            [
              88.73238666700018,
              24.18231838500003
            ],
            [
              88.73234439500004,
              24.18214419300017
            ],
            [
              88.73214025800013,
              24.180865250000124
            ],
            [
              88.73145507700019,
              24.176571692000152
            ],
            [
              88.73140945100016,
              24.176239436
            ],
            [
              88.73123044200014,
              24.172907915000167
            ],
            [
              88.7312244220002,
              24.172770149000087
            ],
            [
              88.73124599800019,
              24.172610035
            ],
            [
              88.73127711100005,
              24.172449999000094
            ],
            [
              88.73131423300009,
              24.17221099800014
            ],
            [
              88.73136581000017,
              24.171972118999975
            ],
            [
              88.73139734000011,
              24.171800797
            ],
            [
              88.73144599100016,
              24.17160930100016
            ],
            [
              88.73149217200017,
              24.17144939200017
            ],
            [
              88.73153692200015,
              24.171309791000056
            ],
            [
              88.73155055100011,
              24.17126926500009
            ],
            [
              88.73159393800006,
              24.17114319800004
            ],
            [
              88.73166406100006,
              24.171019612000123
            ],
            [
              88.7317467100001,
              24.170873550000124
            ],
            [
              88.73181454700011,
              24.17076349000007
            ],
            [
              88.73188681900001,
              24.170671530000106
            ],
            [
              88.73192169000015,
              24.17062892100006
            ],
            [
              88.7320291210001,
              24.170496615000104
            ],
            [
              88.73213615100008,
              24.170373333000043
            ],
            [
              88.73226188200005,
              24.17022537300005
            ],
            [
              88.73228585600009,
              24.17019622300012
            ],
            [
              88.73240516800018,
              24.170075302000157
            ],
            [
              88.73255243400013,
              24.16989591400005
            ],
            [
              88.73265997200014,
              24.16975231700019
            ],
            [
              88.73277930600005,
              24.169629138
            ],
            [
              88.73288631300011,
              24.169508115000042
            ],
            [
              88.73305794000004,
              24.16935376100008
            ],
            [
              88.73324465900009,
              24.169165671000144
            ],
            [
              88.73341595300008,
              24.169013573000143
            ],
            [
              88.73359976699999,
              24.16887060700003
            ],
            [
              88.73378369500011,
              24.168716358000154
            ],
            [
              88.73395994600003,
              24.168591393000042
            ],
            [
              88.73416340500012,
              24.16842150000008
            ],
            [
              88.73432272400004,
              24.16826704500005
            ],
            [
              88.7345090010001,
              24.168092492000085
            ],
            [
              88.73468073400016,
              24.16792685200005
            ],
            [
              88.7348399400002,
              24.167783682000106
            ],
            [
              88.73503619000013,
              24.16759566800016
            ],
            [
              88.73519550600014,
              24.167441210000163
            ],
            [
              88.73539463700018,
              24.167241931000092
            ],
            [
              88.73558040200004,
              24.167087692000052
            ],
            [
              88.73560551500003,
              24.16706757999998
            ],
            [
              88.73577981600016,
              24.166890673000182
            ],
            [
              88.73600388300014,
              24.166657735000115
            ],
            [
              88.73619057400003,
              24.166471894999972
            ],
            [
              88.73642940200011,
              24.166239077000114
            ],
            [
              88.73666066300012,
              24.165993781000054
            ],
            [
              88.73687954900015,
              24.16578675800008
            ],
            [
              88.73711837400009,
              24.1655539410001
            ],
            [
              88.73735728700007,
              24.165312092000022
            ],
            [
              88.7375835860002,
              24.16510174800004
            ],
            [
              88.73780718000006,
              24.16491621000017
            ],
            [
              88.73803088400007,
              24.164719388000037
            ],
            [
              88.73821449100006,
              24.164565130000085
            ],
            [
              88.73842591400006,
              24.16436594600009
            ],
            [
              88.73863687000011,
              24.164214171000083
            ],
            [
              88.7387930770002,
              24.16409354900003
            ],
            [
              88.73897696900013,
              24.163941547000093
            ],
            [
              88.73913616500016,
              24.16379837400001
            ],
            [
              88.739267655,
              24.163688836
            ],
            [
              88.73939934300006,
              24.163590588999966
            ],
            [
              88.73954302600015,
              24.163492438000105
            ],
            [
              88.73968701400014,
              24.16339429100009
            ],
            [
              88.7398186150001,
              24.1632734640001
            ],
            [
              88.73993791400011,
              24.163152534000062
            ],
            [
              88.7400697110001,
              24.163043
            ],
            [
              88.74017413600012,
              24.162933237000118
            ],
            [
              88.74029354200007,
              24.162832628000046
            ],
            [
              88.74039669100017,
              24.16272737100013
            ],
            [
              88.74049274400005,
              24.162624312000048
            ],
            [
              88.74059965100008,
              24.162512313000093
            ],
            [
              88.74067936,
              24.16241363200004
            ],
            [
              88.74077438000006,
              24.16229024600011
            ],
            [
              88.74085701400014,
              24.16214418100003
            ],
            [
              88.74092475100014,
              24.16204314500004
            ],
            [
              88.74099508100011,
              24.161896977000026
            ],
            [
              88.74104733000007,
              24.161775493999983
            ],
            [
              88.74112385800004,
              24.161593257000106
            ],
            [
              88.74119722400008,
              24.1613884140001
            ],
            [
              88.74126819400004,
              24.161208387000045
            ],
            [
              88.74134184500019,
              24.161005805000173
            ],
            [
              88.7414124190002,
              24.16083480600014
            ],
            [
              88.74148584800014,
              24.160654798000166
            ],
            [
              88.74158368600007,
              24.160463704000165
            ],
            [
              88.74165443200008,
              24.16030625200011
            ],
            [
              88.74175259900011,
              24.160081296000158
            ],
            [
              88.74184125600004,
              24.159854005000057
            ],
            [
              88.74192452400018,
              24.159674078000023
            ],
            [
              88.74199786400004,
              24.159471492000137
            ],
            [
              88.74208406100018,
              24.159244179000098
            ],
            [
              88.74214532000019,
              24.159018918000186
            ],
            [
              88.74220668900017,
              24.158813977000023
            ],
            [
              88.74224984100005,
              24.158678873000042
            ],
            [
              88.74229554000016,
              24.158566367000105
            ],
            [
              88.7423112100002,
              24.15847393200005
            ],
            [
              88.74231422600013,
              24.15841751700009
            ],
            [
              88.74304573800003,
              24.155326031000072
            ],
            [
              88.74309209900008,
              24.155145802000163
            ],
            [
              88.7436630850001,
              24.153023787
            ],
            [
              88.74370946400006,
              24.152841298000112
            ],
            [
              88.74378605300012,
              24.152557463000164
            ],
            [
              88.74383241200013,
              24.15237723000007
            ],
            [
              88.74389335500013,
              24.152183573000116
            ],
            [
              88.74395458500004,
              24.151992177000068
            ],
            [
              88.74401295900009,
              24.151809786
            ],
            [
              88.74408706400004,
              24.15155979600013
            ],
            [
              88.744163738,
              24.15129853700006
            ],
            [
              88.7442343890001,
              24.15111850599999
            ],
            [
              88.74430791900011,
              24.150927207999985
            ],
            [
              88.74436939100008,
              24.150710980000042
            ],
            [
              88.74445502300006,
              24.150508495000054
            ],
            [
              88.74452857400019,
              24.150314940000158
            ],
            [
              88.74461130500003,
              24.15015758300018
            ],
            [
              88.7447370500002,
              24.14991027600007
            ],
            [
              88.74484748000009,
              24.14971928100016
            ],
            [
              88.74495758100005,
              24.149530545000175
            ],
            [
              88.74509294600017,
              24.14930589100004
            ],
            [
              88.74520306700015,
              24.14911489400015
            ],
            [
              88.74532825900019,
              24.148924023000063
            ],
            [
              88.7454360960001,
              24.14874655400007
            ],
            [
              88.74554621599998,
              24.148555557000122
            ],
            [
              88.74566872600019,
              24.14838723800017
            ],
            [
              88.74575134500003,
              24.148241171000052
            ],
            [
              88.74586166300008,
              24.148061464000023
            ],
            [
              88.74595935000008,
              24.14788391100018
            ],
            [
              88.74604406200018,
              24.147710671000027
            ],
            [
              88.74613741500013,
              24.14756930100009
            ],
            [
              88.74622033999998,
              24.147423234000144
            ],
            [
              88.74629868500017,
              24.14727374200004
            ],
            [
              88.7463461870002,
              24.147164634999967
            ],
            [
              88.74640130200004,
              24.147063493000132
            ],
            [
              88.7464284730001,
              24.147052428000052
            ],
            [
              88.74643170500019,
              24.146973436000053
            ],
            [
              88.7464466850002,
              24.146950982000135
            ],
            [
              88.74003092300012,
              24.14212996200007
            ],
            [
              88.739648752,
              24.141932649000182
            ],
            [
              88.73605433500006,
              24.139335964000168
            ],
            [
              88.73312878500013,
              24.13722111700008
            ],
            [
              88.72678708400002,
              24.132691419000082
            ],
            [
              88.72672851400017,
              24.132643519000055
            ],
            [
              88.72633184600005,
              24.13223834600018
            ],
            [
              88.72035330400007,
              24.128065878000086
            ],
            [
              88.7200360290002,
              24.127812618000064
            ],
            [
              88.71782201300016,
              24.126250233000064
            ],
            [
              88.71376770600017,
              24.123386871000093
            ],
            [
              88.71374335700006,
              24.12336183300016
            ],
            [
              88.71368502500019,
              24.123291353000184
            ],
            [
              88.71271755700008,
              24.122596877000092
            ],
            [
              88.71169547100004,
              24.121861293000165
            ],
            [
              88.70801684500015,
              24.119220374000065
            ],
            [
              88.70798017900012,
              24.11919748500003
            ],
            [
              88.7078702460002,
              24.119122055
            ],
            [
              88.70769891300012,
              24.119037071000093
            ],
            [
              88.70750068500007,
              24.1189360570001
            ],
            [
              88.70736571300012,
              24.118873957000062
            ],
            [
              88.70719440600004,
              24.11878671800008
            ],
            [
              88.70705716700013,
              24.118735886000138
            ],
            [
              88.70692261700003,
              24.118662503000166
            ],
            [
              88.706809862,
              24.118623170000035
            ],
            [
              88.70673632300009,
              24.118597713000156
            ],
            [
              88.70664025100012,
              24.118583975999968
            ],
            [
              88.70654698300001,
              24.11859159300019
            ],
            [
              88.70641783200011,
              24.118592757999977
            ],
            [
              88.70635724300013,
              24.11859450200012
            ],
            [
              88.70621675200016,
              24.118622663000053
            ],
            [
              88.70607623900014,
              24.118653079000126
            ],
            [
              88.70591483000004,
              24.118712669000047
            ],
            [
              88.70575500600012,
              24.118767755000192
            ],
            [
              88.7055894660001,
              24.118840856000077
            ],
            [
              88.70532983400011,
              24.11894476400016
            ],
            [
              88.7051490020001,
              24.11904031000006
            ],
            [
              88.70494130500003,
              24.119146917000137
            ],
            [
              88.70476313500006,
              24.11922216500011
            ],
            [
              88.70459244600005,
              24.119317796000132
            ],
            [
              88.70438701800009,
              24.119413133000137
            ],
            [
              88.70420391600004,
              24.119519948000175
            ],
            [
              88.70403535700007,
              24.11961785400007
            ],
            [
              88.70385471600014,
              24.119724689000122
            ],
            [
              88.70363429800017,
              24.119842472000187
            ],
            [
              88.70337429900007,
              24.11998249800007
            ],
            [
              88.70330688899998,
              24.12002030399998
            ],
            [
              88.70316648900013,
              24.12010039000006
            ],
            [
              88.70294595700017,
              24.120229460000076
            ],
            [
              88.702765006,
              24.120336291000115
            ],
            [
              88.7026091620001,
              24.12042301500003
            ],
            [
              88.70241356900016,
              24.120518431000107
            ],
            [
              88.70223315200008,
              24.120602687000144
            ],
            [
              88.70201541799997,
              24.120697918000076
            ],
            [
              88.70183511700009,
              24.120770888000095
            ],
            [
              88.70168221100005,
              24.12081022500007
            ],
            [
              88.70151412500019,
              24.120860723000135
            ],
            [
              88.7013489200001,
              24.12089995600013
            ],
            [
              88.70122338900012,
              24.12090791900016
            ],
            [
              88.70102132500006,
              24.12093293999999
            ],
            [
              88.70083740100011,
              24.12091639100015
            ],
            [
              88.70064617600019,
              24.12092958500017
            ],
            [
              88.7004408680001,
              24.12087642700004
            ],
            [
              88.70022998100012,
              24.120811421000155
            ],
            [
              88.70003127700005,
              24.120757804000107
            ],
            [
              88.69985717000014,
              24.12070439600012
            ],
            [
              88.69968281100017,
              24.120675818000052
            ],
            [
              88.69957005800018,
              24.120636479999973
            ],
            [
              88.69946915800017,
              24.12061078500011
            ],
            [
              88.69935897900018,
              24.120560180000098
            ],
            [
              88.69918510000014,
              24.12048419700011
            ],
            [
              88.69903825300014,
              24.120410701000026
            ],
            [
              88.69891589100013,
              24.12034870200017
            ],
            [
              88.69879364100012,
              24.12027541600014
            ],
            [
              88.69865934600011,
              24.120177193000075
            ],
            [
              88.69850045300007,
              24.120078761000116
            ],
            [
              88.69840277600002,
              24.120007941000097
            ],
            [
              88.69831579500004,
              24.119943986000067
            ],
            [
              88.69825629800016,
              24.1198983270001
            ],
            [
              88.69814657300009,
              24.119802570000104
            ],
            [
              88.69801225700013,
              24.119706605000033
            ],
            [
              88.69788087900014,
              24.11956325300008
            ],
            [
              88.69772479200009,
              24.119430978000082
            ],
            [
              88.69754176200001,
              24.119287186000065
            ],
            [
              88.69739528500008,
              24.119177569000158
            ],
            [
              88.6972881370001,
              24.119070547000035
            ],
            [
              88.69710566800018,
              24.118901923000067
            ],
            [
              88.69696491200011,
              24.118713339000124
            ],
            [
              88.69678516800013,
              24.11848829700017
            ],
            [
              88.6966351430001,
              24.11824319400006
            ],
            [
              88.69649529000014,
              24.117995915000108
            ],
            [
              88.69635790900003,
              24.117717052000046
            ],
            [
              88.69624222800013,
              24.117481271000145
            ],
            [
              88.69615386600015,
              24.117250237
            ],
            [
              88.69607482800018,
              24.117039600999988
            ],
            [
              88.69604467200014,
              24.116890339000122
            ],
            [
              88.69600204900007,
              24.116727425000136
            ],
            [
              88.69597146900003,
              24.11658944700008
            ],
            [
              88.69595344000004,
              24.11642674300009
            ],
            [
              88.69593861300018,
              24.116221171000177
            ],
            [
              88.69591131900006,
              24.116001945000107
            ],
            [
              88.69587506500005,
              24.11572620400017
            ],
            [
              88.695832554,
              24.11555200200013
            ],
            [
              88.69576564300007,
              24.115388879000022
            ],
            [
              88.6956864710001,
              24.115191788000175
            ],
            [
              88.69561902300018,
              24.115051238999968
            ],
            [
              88.69552477200011,
              24.114885625000113
            ],
            [
              88.69543361000007,
              24.11468843100016
            ],
            [
              88.69530819000016,
              24.114443535000134
            ],
            [
              88.69521405400019,
              24.114266635999968
            ],
            [
              88.6950984360002,
              24.11405568700002
            ],
            [
              88.69497278400013,
              24.11383336300014
            ],
            [
              88.69488168400005,
              24.113600046999977
            ],
            [
              88.69480282000006,
              24.11340295900004
            ],
            [
              88.69471406400004,
              24.11318095200005
            ],
            [
              88.69461097400017,
              24.112947532000078
            ],
            [
              88.69452525100013,
              24.11266911100006
            ],
            [
              88.69441300800014,
              24.112367885000026
            ],
            [
              88.69435809000004,
              24.112204863000045
            ],
            [
              88.69433981100002,
              24.112066992000052
            ],
            [
              88.69429438700018,
              24.111937918000024
            ],
            [
              88.69426434900004,
              24.111777367000172
            ],
            [
              88.69422149900004,
              24.11163702800019
            ],
            [
              88.69420333600004,
              24.11148786900003
            ],
            [
              88.69417318100011,
              24.111338605000128
            ],
            [
              88.69414554600007,
              24.111153242000114
            ],
            [
              88.69412738100004,
              24.111004083000125
            ],
            [
              88.69413423400016,
              24.110843848000115
            ],
            [
              88.69414371800008,
              24.1106362270001
            ],
            [
              88.69418990000014,
              24.11047858699999
            ],
            [
              88.69423565700015,
              24.11033222800006
            ],
            [
              88.69426622300017,
              24.110228639000127
            ],
            [
              88.69430668300015,
              24.110149966000108
            ],
            [
              88.69437669100006,
              24.11003768400002
            ],
            [
              88.69441633000008,
              24.109979321000083
            ],
            [
              88.69444410200003,
              24.109938922000026
            ],
            [
              88.69453901200012,
              24.109826851000093
            ],
            [
              88.69466779200008,
              24.10973990300016
            ],
            [
              88.69479922500005,
              24.10966426600004
            ],
            [
              88.6948761320001,
              24.109599451000122
            ],
            [
              88.69499227200009,
              24.109546259000126
            ],
            [
              88.695096,
              24.109504251000033
            ],
            [
              88.69523679000008,
              24.10947610300019
            ],
            [
              88.69532553400018,
              24.10945654200009
            ],
            [
              88.69540186800009,
              24.109448164000128
            ],
            [
              88.69552340100012,
              24.109429203000047
            ],
            [
              88.69563276800017,
              24.109434243000123
            ],
            [
              88.69578390700013,
              24.109429310000166
            ],
            [
              88.69594319500004,
              24.109457301000077
            ],
            [
              88.69626657400005,
              24.1095842310001
            ],
            [
              88.69653878999998,
              24.109663312000123
            ],
            [
              88.69670089200008,
              24.10971662200012
            ],
            [
              88.69688741900018,
              24.109756594000032
            ],
            [
              88.69703705200004,
              24.109796248000123
            ],
            [
              88.69719896300018,
              24.109838267000157
            ],
            [
              88.69741240400015,
              24.109892015000128
            ],
            [
              88.6975717410001,
              24.109945299000117
            ],
            [
              88.69773655300008,
              24.109973794999974
            ],
            [
              88.6978864150002,
              24.10999087600004
            ],
            [
              88.69804868900013,
              24.109996776
            ],
            [
              88.69824586100009,
              24.1100053670001
            ],
            [
              88.69836444700013,
              24.110008529000027
            ],
            [
              88.69847274500006,
              24.11001408000004
            ],
            [
              88.69858990500018,
              24.110017188000086
            ],
            [
              88.6986785360001,
              24.110008912000126
            ],
            [
              88.69880683300016,
              24.109969368000066
            ],
            [
              88.69892328200012,
              24.109916177
            ],
            [
              88.69900230300016,
              24.109885241000143
            ],
            [
              88.69906681700019,
              24.10982934900011
            ],
            [
              88.6991337660001,
              24.10977573500014
            ],
            [
              88.69922598500006,
              24.109686214000078
            ],
            [
              88.6993179860001,
              24.109587663000184
            ],
            [
              88.69942516600008,
              24.109477950000098
            ],
            [
              88.69950477900016,
              24.109388322000143
            ],
            [
              88.69961153400004,
              24.109289894000142
            ],
            [
              88.69967904600014,
              24.109211450000032
            ],
            [
              88.69977093200009,
              24.10912418500004
            ],
            [
              88.69985077100006,
              24.10901198100015
            ],
            [
              88.6999580640001,
              24.108890981000116
            ],
            [
              88.70006798600014,
              24.108722592000106
            ],
            [
              88.70017575600019,
              24.10855418600005
            ],
            [
              88.70026097000016,
              24.108396875000096
            ],
            [
              88.70030561300018,
              24.108294538000052
            ],
            [
              88.70034437400011,
              24.108205685000087
            ],
            [
              88.70041449100012,
              24.108082109000122
            ],
            [
              88.70048817100019,
              24.10787954799997
            ],
            [
              88.7005589580001,
              24.107719856000074
            ],
            [
              88.7006413470001,
              24.107598644
            ],
            [
              88.70069659100005,
              24.107486231000053
            ],
            [
              88.70073728800008,
              24.107170506000102
            ],
            [
              88.7012042230001,
              24.10355094400012
            ],
            [
              88.70121072400019,
              24.103424572000165
            ],
            [
              88.70122579800005,
              24.103149266000116
            ],
            [
              88.70125404400005,
              24.102817633000143
            ],
            [
              88.70125792900012,
              24.1024632110001
            ],
            [
              88.7012705090001,
              24.102221751
            ],
            [
              88.70123775100006,
              24.101842187000045
            ],
            [
              88.70121627800012,
              24.10153270500001
            ],
            [
              88.70120449400002,
              24.10126845900004
            ],
            [
              88.701192403,
              24.101004212000078
            ],
            [
              88.70117770600012,
              24.10078509400006
            ],
            [
              88.70115385300005,
              24.10049817000015
            ],
            [
              88.70110512200017,
              24.100208778000024
            ],
            [
              88.70107799100015,
              24.100003100000038
            ],
            [
              88.70102971800014,
              24.099668557000143
            ],
            [
              88.70099356999998,
              24.099381528000094
            ],
            [
              88.70093321700006,
              24.099055911000107
            ],
            [
              88.70089990400004,
              24.098701176000134
            ],
            [
              88.70086341600006,
              24.098448011000073
            ],
            [
              88.70083611400014,
              24.098228788000142
            ],
            [
              88.70076358000017,
              24.097891778000132
            ],
            [
              88.70075154500012,
              24.097652366000034
            ],
            [
              88.70073956800013,
              24.097376829999973
            ],
            [
              88.70072792300016,
              24.097099040000103
            ],
            [
              88.70071342900019,
              24.096859603999974
            ],
            [
              88.70072547500013,
              24.096640715000092
            ],
            [
              88.70073212400001,
              24.096469189000118
            ],
            [
              88.70071997800011,
              24.09624106200016
            ],
            [
              88.70072616900018,
              24.09611468999998
            ],
            [
              88.70072083100007,
              24.095943061000128
            ],
            [
              88.7007299390001,
              24.095771556000045
            ],
            [
              88.70073590599998,
              24.095667753000043
            ],
            [
              88.70074286000005,
              24.095496231000084
            ],
            [
              88.70076403600018,
              24.09534740700019
            ],
            [
              88.70077065100014,
              24.09520974600008
            ],
            [
              88.70080444100006,
              24.095029421
            ],
            [
              88.70081075100006,
              24.09489175699997
            ],
            [
              88.70082966000012,
              24.09475420300015
            ],
            [
              88.70089074800018,
              24.094549274000144
            ],
            [
              88.70091890300012,
              24.094470496000042
            ],
            [
              88.7009827490001,
              24.09435815600017
            ],
            [
              88.70125057400014,
              24.094351400000107
            ],
            [
              88.703990794,
              24.09438384100008
            ],
            [
              88.70421052300014,
              24.094518752000113
            ],
            [
              88.70611558900004,
              24.096047522000106
            ],
            [
              88.70634764400018,
              24.096205263000115
            ],
            [
              88.70651858300016,
              24.096326366000085
            ],
            [
              88.70670181600013,
              24.096447571999988
            ],
            [
              88.70686080000013,
              24.096534710000128
            ],
            [
              88.70704426200007,
              24.09663334100003
            ],
            [
              88.70725466100015,
              24.096743488000186
            ],
            [
              88.70743812500007,
              24.096842119000087
            ],
            [
              88.70766079700019,
              24.09695462600007
            ],
            [
              88.7077867910001,
              24.097038163000093
            ],
            [
              88.70795397100011,
              24.097149006000166
            ],
            [
              88.7081710270001,
              24.097331452000162
            ],
            [
              88.70847615800005,
              24.0975598
            ],
            [
              88.70870821800008,
              24.097717538000097
            ],
            [
              88.70895246100014,
              24.097886668000058
            ],
            [
              88.70927032300011,
              24.09807222300003
            ],
            [
              88.70957859500004,
              24.098232861000042
            ],
            [
              88.70987522100006,
              24.098359537000192
            ],
            [
              88.71011031000006,
              24.098460858000124
            ],
            [
              88.71033055100008,
              24.098571085000117
            ],
            [
              88.71056272600003,
              24.09871753400006
            ],
            [
              88.71083154300015,
              24.09888912500014
            ],
            [
              88.71104195300018,
              24.09899926700001
            ],
            [
              88.7112170530001,
              24.099104597
            ],
            [
              88.71124976400006,
              24.099122934000036
            ],
            [
              88.71145746400015,
              24.09925788700008
            ],
            [
              88.71164070900016,
              24.09937908800009
            ],
            [
              88.71189993900009,
              24.099525765000067
            ],
            [
              88.71212943500007,
              24.099694764000105
            ],
            [
              88.7123736640001,
              24.099866145000135
            ],
            [
              88.71262730100005,
              24.10008050300013
            ],
            [
              88.71282270600017,
              24.100215351000088
            ],
            [
              88.71296920200018,
              24.100322695000102
            ],
            [
              88.71312772000016,
              24.100457233000043
            ],
            [
              88.71328651000016,
              24.100564678000126
            ],
            [
              88.71345746100019,
              24.100685775000102
            ],
            [
              88.71366236800014,
              24.100854565000077
            ],
            [
              88.71388214600006,
              24.10101219400002
            ],
            [
              88.71417533800013,
              24.10120656200013
            ],
            [
              88.71449310300005,
              24.101403394999977
            ],
            [
              88.71468853700009,
              24.101535981000097
            ],
            [
              88.71494395000013,
              24.101696166000124
            ],
            [
              88.71521660400015,
              24.101854236000065
            ],
            [
              88.71544879200019,
              24.102000680000117
            ],
            [
              88.71569303000012,
              24.102172056000086
            ],
            [
              88.71598622900018,
              24.102366423000092
            ],
            [
              88.71625530900002,
              24.10251317100017
            ],
            [
              88.716478,
              24.10262566900002
            ],
            [
              88.71673478399998,
              24.102772315000095
            ],
            [
              88.71700641600012,
              24.10291005600004
            ],
            [
              88.71727549600018,
              24.10305680400012
            ],
            [
              88.71754712800009,
              24.103194545000065
            ],
            [
              88.71773102800017,
              24.103281880000054
            ],
            [
              88.71791730600017,
              24.10334665700003
            ],
            [
              88.71806671500019,
              24.103408866999985
            ],
            [
              88.71821066000007,
              24.103464259000134
            ],
            [
              88.71826517600016,
              24.10348503500012
            ],
            [
              88.71847593600017,
              24.103561303
            ],
            [
              88.71867451000008,
              24.10362618400012
            ],
            [
              88.71890972500012,
              24.103716205000012
            ],
            [
              88.71914578100012,
              24.10378365600019
            ],
            [
              88.7194205730001,
              24.10385143100001
            ],
            [
              88.71965615000016,
              24.103905330000146
            ],
            [
              88.71989416300005,
              24.1039615090001
            ],
            [
              88.72010545600017,
              24.10401520800019
            ],
            [
              88.72025520300008,
              24.104043552
            ],
            [
              88.72045389100015,
              24.104097142
            ],
            [
              88.72060621200006,
              24.10411422200019
            ],
            [
              88.72085663400014,
              24.104159212000184
            ],
            [
              88.72109542900012,
              24.104167985000117
            ],
            [
              88.72139515000015,
              24.104202101000112
            ],
            [
              88.72167327200003,
              24.10421346000004
            ],
            [
              88.721924931,
              24.10422229800008
            ],
            [
              88.72224174600018,
              24.104211440000086
            ],
            [
              88.72254426600017,
              24.104211711000175
            ],
            [
              88.72277367000015,
              24.10417524700017
            ],
            [
              88.72300032800007,
              24.104136503000177
            ],
            [
              88.72319264900011,
              24.104088442000034
            ],
            [
              88.72343457200014,
              24.104029507
            ],
            [
              88.72369096500012,
              24.103968435000127
            ],
            [
              88.72390829800008,
              24.103909293000015
            ],
            [
              88.72396875400011,
              24.1038894780001
            ],
            [
              88.72413775100011,
              24.10383670500005
            ],
            [
              88.72430580600007,
              24.103786183000125
            ],
            [
              88.72443420400003,
              24.103735328000084
            ],
            [
              88.72453792100004,
              24.10369329700012
            ],
            [
              88.724666647,
              24.103640188000043
            ],
            [
              88.72479529300017,
              24.103564501000108
            ],
            [
              88.72492670200012,
              24.103488835000064
            ],
            [
              88.72508260000006,
              24.10339305700012
            ],
            [
              88.72523863200018,
              24.103283733000126
            ],
            [
              88.72536769200019,
              24.103196763000028
            ],
            [
              88.72549890600004,
              24.10310980600002
            ],
            [
              88.7256551110001,
              24.10301403000011
            ],
            [
              88.72583830400004,
              24.102893643000186
            ],
            [
              88.72596747800009,
              24.10279538400016
            ],
            [
              88.72615087400015,
              24.102654677000146
            ],
            [
              88.72632229900006,
              24.102511618000108
            ],
            [
              88.7264937280001,
              24.102368555000112
            ],
            [
              88.72671702800011,
              24.10217174100012
            ],
            [
              88.7268885650002,
              24.102017391000174
            ],
            [
              88.72707508200006,
              24.101840587000083
            ],
            [
              88.72722701000004,
              24.10167930000017
            ],
            [
              88.72739358800015,
              24.101497818000098
            ],
            [
              88.72758043800013,
              24.101287152000054
            ],
            [
              88.72774205100012,
              24.101110142000152
            ],
            [
              88.7278246300001,
              24.101006327000164
            ],
            [
              88.72790173600009,
              24.100910538000164
            ],
            [
              88.7280638790001,
              24.100710957000047
            ],
            [
              88.72817428900015,
              24.100519973000075
            ],
            [
              88.72827198300007,
              24.100340172000017
            ],
            [
              88.72835489700003,
              24.1001941130001
            ],
            [
              88.72842542500018,
              24.100025373
            ],
            [
              88.72851126300014,
              24.099831930999983
            ],
            [
              88.72855429700019,
              24.09970811600016
            ],
            [
              88.72861241800007,
              24.09955056300015
            ],
            [
              88.72865542400007,
              24.09946061300019
            ],
            [
              88.72866147900015,
              24.09934552400017
            ],
            [
              88.72867701400008,
              24.099266633000127
            ],
            [
              88.728680386,
              24.099174098
            ],
            [
              88.72870474500019,
              24.098980139000048
            ],
            [
              88.728739271,
              24.098752405000027
            ],
            [
              88.72877572900018,
              24.09854725700012
            ],
            [
              88.72878189500017,
              24.098420881000152
            ],
            [
              88.72878521800016,
              24.09836446600019
            ],
            [
              88.72878566600019,
              24.098319315000083
            ],
            [
              88.7287888140001,
              24.098249354000075
            ],
            [
              88.7287918290001,
              24.09819293800018
            ],
            [
              88.72881006900019,
              24.098089237000067
            ],
            [
              88.72884122500011,
              24.097954035000043
            ],
            [
              88.7288715150001,
              24.09787527000003
            ],
            [
              88.72887861800007,
              24.097342518000175
            ],
            [
              88.72890856100014,
              24.09505574700006
            ],
            [
              88.72889357100019,
              24.09486146200004
            ],
            [
              88.72886948200005,
              24.09456099100015
            ],
            [
              88.72875419500019,
              24.094063345
            ],
            [
              88.72874077200004,
              24.092713145
            ],
            [
              88.72873747300002,
              24.09237633000015
            ],
            [
              88.72872802000006,
              24.09141110600001
            ],
            [
              88.72871627200016,
              24.09021144100018
            ],
            [
              88.72867392,
              24.09004853900018
            ],
            [
              88.72860667300006,
              24.089885428000116
            ],
            [
              88.72855183000007,
              24.089711128000033
            ],
            [
              88.7284879030002,
              24.089491603000113
            ],
            [
              88.72842132300019,
              24.08926076600011
            ],
            [
              88.72834534800018,
              24.089016306000133
            ],
            [
              88.72825688200015,
              24.08876045300019
            ],
            [
              88.72815911000004,
              24.08848194500007
            ],
            [
              88.72803132200016,
              24.08822350900016
            ],
            [
              88.72794296700005,
              24.087956369000096
            ],
            [
              88.72785445400007,
              24.087736637000035
            ],
            [
              88.72772957200004,
              24.087433069000156
            ],
            [
              88.72761704800013,
              24.087154440000063
            ],
            [
              88.72753775100006,
              24.086966392000136
            ],
            [
              88.72740367800009,
              24.086628886000142
            ],
            [
              88.72731206500004,
              24.086442994000038
            ],
            [
              88.72720258000015,
              24.0861056870001
            ],
            [
              88.72710193500006,
              24.085838444000103
            ],
            [
              88.72701079100017,
              24.08560514700008
            ],
            [
              88.7269226360001,
              24.08534929400014
            ],
            [
              88.72685550300014,
              24.08517489400009
            ],
            [
              88.726779287,
              24.084955266
            ],
            [
              88.72673640800014,
              24.08481493300002
            ],
            [
              88.72667584900017,
              24.084721864000073
            ],
            [
              88.72663272600005,
              24.084606363000034
            ],
            [
              88.72660871700015,
              24.084547464000025
            ],
            [
              88.72660256200004,
              24.08445484900011
            ],
            [
              88.72660580300004,
              24.08437585700011
            ],
            [
              88.72654503500019,
              24.084210541000118
            ],
            [
              88.72607612700011,
              24.082949112000108
            ],
            [
              88.72601623800006,
              24.082788318000155
            ],
            [
              88.72493385900009,
              24.07987367200002
            ],
            [
              88.72487587500012,
              24.079769337000187
            ],
            [
              88.72479949100017,
              24.079536158000167
            ],
            [
              88.72476269900017,
              24.079402650000134
            ],
            [
              88.72473570900007,
              24.079303085000163
            ],
            [
              88.72467182300011,
              24.079049693000172
            ],
            [
              88.72464490300018,
              24.07881918700008
            ],
            [
              88.72459903100008,
              24.078484668000044
            ],
            [
              88.72455078600012,
              24.07817270700008
            ],
            [
              88.72451771700014,
              24.0778179780001
            ],
            [
              88.724509038,
              24.077483767000103
            ],
            [
              88.72448482500005,
              24.077196840000056
            ],
            [
              88.72447299400005,
              24.07693259500013
            ],
            [
              88.72445783700016,
              24.076724763000186
            ],
            [
              88.72443371100013,
              24.076460415000156
            ],
            [
              88.72440980700009,
              24.076173490000144
            ],
            [
              88.72438291700018,
              24.075909119000187
            ],
            [
              88.72434975900006,
              24.07556341600008
            ],
            [
              88.72430419600016,
              24.075228902000106
            ],
            [
              88.7242650120001,
              24.074964426000065
            ],
            [
              88.72421641000017,
              24.074688585000104
            ],
            [
              88.72416763300009,
              24.074399197000105
            ],
            [
              88.72407057400017,
              24.07405070400017
            ],
            [
              88.72400979100019,
              24.07376347400003
            ],
            [
              88.72395777700018,
              24.073553076
            ],
            [
              88.72389442500008,
              24.073277109
            ],
            [
              88.72383034000018,
              24.073044037000102
            ],
            [
              88.7237576240002,
              24.07272058100017
            ],
            [
              88.72369666700007,
              24.072419803000116
            ],
            [
              88.72365723400009,
              24.07221176700017
            ],
            [
              88.72360564300016,
              24.071958478000056
            ],
            [
              88.72356632000003,
              24.071739154000056
            ],
            [
              88.72350514200008,
              24.071460949000027
            ],
            [
              88.72343533200018,
              24.071092366000187
            ],
            [
              88.72339960700015,
              24.07075793200005
            ],
            [
              88.72337885900004,
              24.070401047000075
            ],
            [
              88.7233572240001,
              24.070102852
            ],
            [
              88.72334584000009,
              24.069793458000163
            ],
            [
              88.72337086800019,
              24.06953177600019
            ],
            [
              88.72339795700003,
              24.069279142000084
            ],
            [
              88.72341503400008,
              24.06916865900007
            ],
            [
              88.72343505400016,
              24.069040138
            ],
            [
              88.7234815380001,
              24.06884636500007
            ],
            [
              88.72354291500011,
              24.068607564000104
            ],
            [
              88.72364111800016,
              24.068405194000036
            ],
            [
              88.72372672300003,
              24.068202717000077
            ],
            [
              88.72383721800003,
              24.06800044700003
            ],
            [
              88.72396258000009,
              24.06778701400009
            ],
            [
              88.72408492900018,
              24.067598391
            ],
            [
              88.72423230200008,
              24.067396428000052
            ],
            [
              88.72437015499997,
              24.067162780000103
            ],
            [
              88.72453250500013,
              24.066938365000112
            ],
            [
              88.72467018400005,
              24.06669116900008
            ],
            [
              88.72481977000018,
              24.066514060000088
            ],
            [
              88.72499170700007,
              24.066314558999977
            ],
            [
              88.7251659920002,
              24.066126366000162
            ],
            [
              88.72538900300009,
              24.065952125000024
            ],
            [
              88.72560005200006,
              24.06577552699997
            ],
            [
              88.72578101800013,
              24.06565737700015
            ],
            [
              88.72591252800015,
              24.06553655800019
            ],
            [
              88.7260565250001,
              24.065427131000092
            ],
            [
              88.7261481600001,
              24.065360163000094
            ],
            [
              88.72625474800003,
              24.06527300100015
            ],
            [
              88.72634379100003,
              24.06521955800008
            ],
            [
              88.72642341900007,
              24.065154749000158
            ],
            [
              88.72651494400009,
              24.065099069000155
            ],
            [
              88.72660387700006,
              24.065056913000035
            ],
            [
              88.72669515400008,
              24.065026065000154
            ],
            [
              88.72683611500008,
              24.064975312000115
            ],
            [
              88.72691220000007,
              24.06495788400008
            ],
            [
              88.72704068900015,
              24.064925089000155
            ],
            [
              88.72724579100009,
              24.064852290999966
            ],
            [
              88.72746285700009,
              24.064781849000042
            ],
            [
              88.72766762600008,
              24.06474291500018
            ],
            [
              88.7279214620001,
              24.064684067000087
            ],
            [
              88.72811393500012,
              24.06464503000018
            ],
            [
              88.72829122000013,
              24.064619412000184
            ],
            [
              88.72844385100007,
              24.06460036100009
            ],
            [
              88.72858642200009,
              24.064595157000042
            ],
            [
              88.72880791600011,
              24.064614674000154
            ],
            [
              88.72909503400007,
              24.064671245000113
            ],
            [
              88.72932079800006,
              24.0647160150001
            ],
            [
              88.72966018699998,
              24.064739153000062
            ],
            [
              88.72984663800008,
              24.06478133900015
            ],
            [
              88.73001120800018,
              24.064798509000127
            ],
            [
              88.73023464800019,
              24.064829714000155
            ],
            [
              88.73048531000018,
              24.064874688000145
            ],
            [
              88.73074795400004,
              24.064919764000138
            ],
            [
              88.73102277700013,
              24.064976228000035
            ],
            [
              88.73127304500002,
              24.06503023100015
            ],
            [
              88.73153331400016,
              24.06509786200013
            ],
            [
              88.73171954600014,
              24.06516261900009
            ],
            [
              88.7319545950001,
              24.06526390500011
            ],
            [
              88.7322143360002,
              24.065354108
            ],
            [
              88.73240045900008,
              24.065430154000126
            ],
            [
              88.73252267700008,
              24.065503411
            ],
            [
              88.7326841220002,
              24.065588284000057
            ],
            [
              88.73286742900018,
              24.06570042800007
            ],
            [
              88.73301423600014,
              24.06577389100005
            ],
            [
              88.73316079900007,
              24.06587218300018
            ],
            [
              88.7333196740002,
              24.065968321000128
            ],
            [
              88.73349082400011,
              24.066066819000127
            ],
            [
              88.73365247000004,
              24.066131373000132
            ],
            [
              88.73377737100014,
              24.066182074000153
            ],
            [
              88.73385527800008,
              24.06621379000012
            ],
            [
              88.73408778400017,
              24.06593665200006
            ],
            [
              88.73472101500005,
              24.0651800870001
            ],
            [
              88.735122107,
              24.064700869999967
            ],
            [
              88.73655544200005,
              24.062987841999984
            ],
            [
              88.7372463820002,
              24.062164642000084
            ],
            [
              88.73753283000008,
              24.061821913000074
            ],
            [
              88.7374472680001,
              24.061771540000052
            ],
            [
              88.73726115000017,
              24.06169549900011
            ],
            [
              88.73702575000004,
              24.061630342000115
            ],
            [
              88.736702,
              24.061548650000134
            ],
            [
              88.73641780700012,
              24.06144470800001
            ],
            [
              88.73611853400013,
              24.06134289700003
            ],
            [
              88.73582227300005,
              24.06121627800013
            ],
            [
              88.73558712000005,
              24.06112628600016
            ],
            [
              88.73537920700016,
              24.061016199
            ],
            [
              88.73519331300002,
              24.060917583000048
            ],
            [
              88.73496083900017,
              24.060805034000055
            ],
            [
              88.73465250900006,
              24.0606557320001
            ],
            [
              88.73435624900009,
              24.06052911100005
            ],
            [
              88.73392227300002,
              24.060374255
            ],
            [
              88.7336599690002,
              24.060295325000084
            ],
            [
              88.73344937899998,
              24.060207789000117
            ],
            [
              88.73321662199999,
              24.060124587000132
            ],
            [
              88.73316517000018,
              24.060106100000098
            ],
            [
              88.73301696600004,
              24.060050687000057
            ],
            [
              88.73291772800013,
              24.060016000000132
            ],
            [
              88.73262136100004,
              24.059900663000064
            ],
            [
              88.73231261900008,
              24.059762644000102
            ],
            [
              88.73204081600005,
              24.059649766
            ],
            [
              88.73170803700015,
              24.059486713000126
            ],
            [
              88.73147286800014,
              24.059398972000054
            ],
            [
              88.73116465600003,
              24.059238376999986
            ],
            [
              88.73084406100008,
              24.05908671200018
            ],
            [
              88.73057779800018,
              24.058942270000102
            ],
            [
              88.73055057700014,
              24.058928499000103
            ],
            [
              88.73022998800019,
              24.058776832000092
            ],
            [
              88.72995852000008,
              24.05863008800003
            ],
            [
              88.72977533700009,
              24.058506651000016
            ],
            [
              88.7295433170001,
              24.058348946000024
            ],
            [
              88.7292897280002,
              24.058134618000054
            ],
            [
              88.72902130300008,
              24.057929198000124
            ],
            [
              88.72874619000015,
              24.057653732000063
            ],
            [
              88.72850232600001,
              24.057450772000152
            ],
            [
              88.72826116600015,
              24.057223002000114
            ],
            [
              88.72806870900013,
              24.05704304400018
            ],
            [
              88.727864378,
              24.05685170200013
            ],
            [
              88.72767212100018,
              24.056651429
            ],
            [
              88.72755295100006,
              24.056519490000028
            ],
            [
              88.72742483600007,
              24.05629717300019
            ],
            [
              88.72730921300018,
              24.056086247000167
            ],
            [
              88.72720858600013,
              24.05581900400017
            ],
            [
              88.72713240800005,
              24.055597116000058
            ],
            [
              88.72705313200004,
              24.055377463000127
            ],
            [
              88.72698935699998,
              24.055144390000123
            ],
            [
              88.72693506100012,
              24.054947521000088
            ],
            [
              88.72687374600014,
              24.05468286300004
            ],
            [
              88.72682237500004,
              24.054438605000087
            ],
            [
              88.72678564700004,
              24.05417415100004
            ],
            [
              88.72677101600016,
              24.053943747000176
            ],
            [
              88.7267655170001,
              24.053878228000144
            ],
            [
              88.72675561200009,
              24.053760746000023
            ],
            [
              88.72676532100013,
              24.053555378000055
            ],
            [
              88.72679908400016,
              24.053372786000068
            ],
            [
              88.72684522300017,
              24.053212874000167
            ],
            [
              88.72690365800008,
              24.053021459000036
            ],
            [
              88.72698932900016,
              24.052841555999976
            ],
            [
              88.72711221000014,
              24.05262809800007
            ],
            [
              88.72724674000006,
              24.052448603000073
            ],
            [
              88.72736915300015,
              24.052282552000122
            ],
            [
              88.72756833000005,
              24.052060698000048
            ],
            [
              88.72778194800014,
              24.05183896300008
            ],
            [
              88.72796849899999,
              24.05165086800008
            ],
            [
              88.72814030000012,
              24.051462650000133
            ],
            [
              88.72832693700019,
              24.051265525000076
            ],
            [
              88.7284860490002,
              24.05108623100017
            ],
            [
              88.7286329280002,
              24.05093167300015
            ],
            [
              88.72883210300006,
              24.05070981500012
            ],
            [
              88.72899386900013,
              24.050510224
            ],
            [
              88.72916533500012,
              24.050355868000054
            ],
            [
              88.729324394,
              24.05021269800011
            ],
            [
              88.72942850800013,
              24.050125510000157
            ],
            [
              88.72958433600002,
              24.05002972400007
            ],
            [
              88.72976474100011,
              24.04996575000007
            ],
            [
              88.72983758200019,
              24.049946293000176
            ],
            [
              88.729905041,
              24.04994885299999
            ],
            [
              88.72999403300008,
              24.049951812000188
            ],
            [
              88.73009437500002,
              24.049945907000108
            ],
            [
              88.73024718600016,
              24.049940876000164
            ],
            [
              88.73045392800003,
              24.049980496000046
            ],
            [
              88.73063150600018,
              24.049981969999976
            ],
            [
              88.73080973200018,
              24.049983447000045
            ],
            [
              88.73107845800018,
              24.049938265000037
            ],
            [
              88.7312316280001,
              24.049862772000097
            ],
            [
              88.73132289500006,
              24.04983192200001
            ],
            [
              88.73143475400019,
              24.04976963400003
            ],
            [
              88.73151579100005,
              24.04974772800017
            ],
            [
              88.73158001600012,
              24.049716652000086
            ],
            [
              88.73164415200011,
              24.04969460800004
            ],
            [
              88.73169597800012,
              24.049674718000176
            ],
            [
              88.73176870100019,
              24.049653166000155
            ],
            [
              88.73185068600014,
              24.04965775400018
            ],
            [
              88.7319405180001,
              24.04965043800013
            ],
            [
              88.73208704100006,
              24.049689246000128
            ],
            [
              88.73230708700015,
              24.049812984000027
            ],
            [
              88.732478216,
              24.049911481000095
            ],
            [
              88.73264912200011,
              24.050032554000097
            ],
            [
              88.7326823730001,
              24.050057664000065
            ],
            [
              88.73283209700008,
              24.05017630300017
            ],
            [
              88.73296367000006,
              24.050297048000118
            ],
            [
              88.73309783400015,
              24.050404270000115
            ],
            [
              88.7332563380001,
              24.050536528000066
            ],
            [
              88.7333572760001,
              24.050616382999976
            ],
            [
              88.73343685800012,
              24.050680257000124
            ],
            [
              88.73355829200005,
              24.050800918999983
            ],
            [
              88.73366541700011,
              24.05090791600003
            ],
            [
              88.73375064000015,
              24.05099215600012
            ],
            [
              88.73382124200015,
              24.05106272800009
            ],
            [
              88.73390668600007,
              24.051124393000123
            ],
            [
              88.73394804300005,
              24.051144865000026
            ],
            [
              88.73404742700012,
              24.051093948000187
            ],
            [
              88.73435590400015,
              24.05078719700009
            ],
            [
              88.73452765700006,
              24.050617507000084
            ],
            [
              88.73474320600019,
              24.050402077000058
            ],
            [
              88.73557471900017,
              24.049572812000065
            ],
            [
              88.73643055200017,
              24.048719278000135
            ],
            [
              88.73651418600019,
              24.048635867000087
            ],
            [
              88.73605030400017,
              24.048559575000183
            ],
            [
              88.73567631600014,
              24.048489582000173
            ],
            [
              88.73531301600008,
              24.0483910050001
            ],
            [
              88.7350124370002,
              24.048264272000154
            ],
            [
              88.73475329900003,
              24.04815699600016
            ],
            [
              88.73448431700018,
              24.047992293000107
            ],
            [
              88.73411070600008,
              24.047884070000123
            ],
            [
              88.73366406200006,
              24.0477943570001
            ],
            [
              88.73316539600006,
              24.04771378700019
            ],
            [
              88.7331029450001,
              24.047703696000156
            ],
            [
              88.73235394600005,
              24.047668823000038
            ],
            [
              88.73205224600014,
              24.047656767000092
            ],
            [
              88.73173998000004,
              24.047651046000055
            ],
            [
              88.73133540700007,
              24.047526579000134
            ],
            [
              88.73078338400012,
              24.04756979100017
            ],
            [
              88.73043968200011,
              24.0475956140001
            ],
            [
              88.73006457300005,
              24.047640291000164
            ],
            [
              88.72958426700012,
              24.047798786000044
            ],
            [
              88.72920906300016,
              24.047853016999966
            ],
            [
              88.72860453400017,
              24.047943573
            ],
            [
              88.7282292340002,
              24.048007360000042
            ],
            [
              88.72784305700009,
              24.048118842
            ],
            [
              88.72739557000011,
              24.048115123000173
            ],
            [
              88.72689604900012,
              24.048110970000096
            ],
            [
              88.72615642000011,
              24.048181278000072
            ],
            [
              88.72566730500006,
              24.04817720700015
            ],
            [
              88.72512691300011,
              24.048096247000046
            ],
            [
              88.72473136400015,
              24.04810250899999
            ],
            [
              88.7242122580002,
              24.047973935000016
            ],
            [
              88.72398482300008,
              24.04781911800012
            ],
            [
              88.72368832000018,
              24.047281419000115
            ],
            [
              88.72362984900019,
              24.046879511999975
            ],
            [
              88.72355368200004,
              24.046162056000128
            ],
            [
              88.72357751900012,
              24.04585641100016
            ],
            [
              88.72368394600016,
              24.04561835800007
            ],
            [
              88.72380096700016,
              24.045361278000144
            ],
            [
              88.72389821500019,
              24.044998899000063
            ],
            [
              88.72390237100018,
              24.044578399000102
            ],
            [
              88.72381267900005,
              24.04417623100005
            ],
            [
              88.72375458600015,
              24.04373609700002
            ],
            [
              88.72383451500008,
              24.043019941000125
            ],
            [
              88.72401585900019,
              24.042572244000098
            ],
            [
              88.72417648500016,
              24.042114817000027
            ],
            [
              88.72453539200006,
              24.041601695
            ],
            [
              88.72497716900011,
              24.041127494000136
            ],
            [
              88.7253225520002,
              24.040929659000028
            ],
            [
              88.72588580100017,
              24.040800540000077
            ],
            [
              88.72655358200007,
              24.040624500000092
            ],
            [
              88.72712827100014,
              24.04039033900017
            ],
            [
              88.72790152100015,
              24.04007180399998
            ],
            [
              88.72835067500017,
              24.039903498000115
            ],
            [
              88.72853864200005,
              24.03983815600003
            ],
            [
              88.72891589300008,
              24.039573674000167
            ],
            [
              88.72964581800017,
              24.03942680900019
            ],
            [
              88.73020868100008,
              24.03933590100013
            ],
            [
              88.73095950900006,
              24.03917964500016
            ],
            [
              88.73158527600003,
              24.039041466000185
            ],
            [
              88.73166739900017,
              24.039018897000176
            ],
            [
              88.7321591990002,
              24.038883739000028
            ],
            [
              88.73255603200005,
              24.038743659000147
            ],
            [
              88.73297368500005,
              24.038604322000083
            ],
            [
              88.73342263300009,
              24.038454542000125
            ],
            [
              88.73433141500016,
              24.038108424000086
            ],
            [
              88.73501098100007,
              24.03778907900005
            ],
            [
              88.73516192900013,
              24.037666728000147
            ],
            [
              88.73517305000007,
              24.037611305000098
            ],
            [
              88.73521638200009,
              24.03748523100012
            ],
            [
              88.73527123400004,
              24.037406667000027
            ],
            [
              88.735350644,
              24.037330560000044
            ],
            [
              88.73542329200018,
              24.03726172
            ],
            [
              88.73554656900012,
              24.03716754200002
            ],
            [
              88.73574100000013,
              24.037026275000187
            ],
            [
              88.73580944300005,
              24.036982148000163
            ],
            [
              88.73595019200008,
              24.03691783700009
            ],
            [
              88.73624683300017,
              24.03678030900005
            ],
            [
              88.73651568800011,
              24.03668770500002
            ],
            [
              88.73674050700015,
              24.036622807000185
            ],
            [
              88.73679703000016,
              24.036606491000043
            ],
            [
              88.73707825900004,
              24.036536566000052
            ],
            [
              88.73727036100013,
              24.036499769000102
            ],
            [
              88.73746266800015,
              24.036460404000138
            ],
            [
              88.73768919700012,
              24.036435489000155
            ],
            [
              88.7377870790001,
              24.03641823600003
            ],
            [
              88.73795515000006,
              24.03638801400001
            ],
            [
              88.73814389300009,
              24.036338134000175
            ],
            [
              88.73818713100013,
              24.036326708000104
            ],
            [
              88.73842883200012,
              24.036245168000107
            ],
            [
              88.7386611450001,
              24.03615
            ],
            [
              88.73893021600009,
              24.036034815
            ],
            [
              88.7392386790001,
              24.03594479100002
            ],
            [
              88.73952023700014,
              24.035840996000047
            ],
            [
              88.73986849200008,
              24.0357038840001
            ],
            [
              88.74020133900018,
              24.03560276900015
            ],
            [
              88.74044334700011,
              24.035521227000174
            ],
            [
              88.74074413200003,
              24.03549687700007
            ],
            [
              88.74093964300016,
              24.035504927000034
            ],
            [
              88.741072208,
              24.035501274000183
            ],
            [
              88.74112724600013,
              24.035499756999968
            ],
            [
              88.74128951900013,
              24.035496576000185
            ],
            [
              88.74140524600006,
              24.035477208000145
            ],
            [
              88.74150642000006,
              24.035469007000074
            ],
            [
              88.74153122100006,
              24.035446635000028
            ],
            [
              88.74155834600009,
              24.03543782700018
            ],
            [
              88.74163498500013,
              24.035393300000123
            ],
            [
              88.74166224300006,
              24.035370950000072
            ],
            [
              88.74168983000015,
              24.0353147350001
            ],
            [
              88.7417087730002,
              24.035168138000188
            ],
            [
              88.7421412180002,
              24.033327155000165
            ],
            [
              88.7421415450001,
              24.03329329000013
            ],
            [
              88.742136029,
              24.03314119000015
            ],
            [
              88.74213239800014,
              24.032970365000153
            ],
            [
              88.74209294200011,
              24.032762333000164
            ],
            [
              88.74204747100015,
              24.03263553000005
            ],
            [
              88.74200167100008,
              24.032542588000183
            ],
            [
              88.74188593100013,
              24.03234295900006
            ],
            [
              88.74176674500018,
              24.03221329000013
            ],
            [
              88.74161128100013,
              24.032022368000128
            ],
            [
              88.74146775700012,
              24.031867666000096
            ],
            [
              88.74131238500007,
              24.031667711000182
            ],
            [
              88.74112314900003,
              24.031442643000048
            ],
            [
              88.74093461300009,
              24.03123281900008
            ],
            [
              88.74076339900012,
              24.031026528000154
            ],
            [
              88.74051599100011,
              24.030685840000046
            ],
            [
              88.74036352000019,
              24.030472363000058
            ],
            [
              88.74023518600006,
              24.030272631
            ],
            [
              88.74010729300005,
              24.03002774700019
            ],
            [
              88.73994308000005,
              24.029757730000142
            ],
            [
              88.7397810220001,
              24.029487730000028
            ],
            [
              88.7396167010001,
              24.02922900200008
            ],
            [
              88.73954466300017,
              24.02913079900003
            ],
            [
              88.73945174500017,
              24.02900413100008
            ],
            [
              88.73923840000015,
              24.02869984500012
            ],
            [
              88.73912244700006,
              24.028522790000125
            ],
            [
              88.7389457540001,
              24.02824138200009
            ],
            [
              88.7388293840001,
              24.028075612000066
            ],
            [
              88.73872594100015,
              24.02787608400007
            ],
            [
              88.7386043050002,
              24.027746393000086
            ],
            [
              88.73847586500005,
              24.02755794600006
            ],
            [
              88.738332792,
              24.02735809100011
            ],
            [
              88.73824119900019,
              24.027203813000142
            ],
            [
              88.73818311300016,
              24.027110767000067
            ],
            [
              88.73813475000014,
              24.02702909400017
            ],
            [
              88.73810086399999,
              24.026992872000164
            ],
            [
              88.73807017600012,
              24.026992439000026
            ],
            [
              88.73673719100009,
              24.0254733110001
            ],
            [
              88.73654822000015,
              24.025191798000037
            ],
            [
              88.73638338300009,
              24.024955638
            ],
            [
              88.73624318700007,
              24.024744514000133
            ],
            [
              88.73611207800013,
              24.02457862400007
            ],
            [
              88.7360173720001,
              24.024460442000077
            ],
            [
              88.73584559900019,
              24.024305500000025
            ],
            [
              88.73577614600003,
              24.024243971000033
            ],
            [
              88.73559601500017,
              24.024064126000155
            ],
            [
              88.73541661000013,
              24.02384139200018
            ],
            [
              88.735309858,
              24.023698274000083
            ],
            [
              88.73513295700019,
              24.023439434000124
            ],
            [
              88.73500475100008,
              24.023228411
            ],
            [
              88.73487952800014,
              24.022994836000123
            ],
            [
              88.73478840900015,
              24.022761542000183
            ],
            [
              88.7346879860001,
              24.02250559200013
            ],
            [
              88.73462399100003,
              24.022263489000125
            ],
            [
              88.73456021600015,
              24.0220304180001
            ],
            [
              88.73448729500006,
              24.02169567800013
            ],
            [
              88.73444807500005,
              24.021465071000137
            ],
            [
              88.73440239000007,
              24.021141842000134
            ],
            [
              88.73436576300014,
              24.020866101000138
            ],
            [
              88.73435112099997,
              24.02063569600017
            ],
            [
              88.73432700200004,
              24.02033748100007
            ],
            [
              88.7343149300001,
              24.02009580700019
            ],
            [
              88.73431244200009,
              24.019879046000085
            ],
            [
              88.73432474700013,
              24.019626288000154
            ],
            [
              88.73432239700008,
              24.01939598299998
            ],
            [
              88.73433746900014,
              24.019111640000176
            ],
            [
              88.73435946900014,
              24.018904113000133
            ],
            [
              88.73438413000014,
              24.018676289000155
            ],
            [
              88.73444521300013,
              24.01846231200011
            ],
            [
              88.73450695700012,
              24.018212217000098
            ],
            [
              88.73455566300004,
              24.01800717000009
            ],
            [
              88.73460512100007,
              24.017756973000076
            ],
            [
              88.73465145600005,
              24.01757448100011
            ],
            [
              88.73469757100008,
              24.017382958000155
            ],
            [
              88.73472214100013,
              24.017164168000136
            ],
            [
              88.73475889100018,
              24.01692515299999
            ],
            [
              88.73478064900019,
              24.016742460000103
            ],
            [
              88.73480231900004,
              24.016537189000076
            ],
            [
              88.7348236140001,
              24.016401903000087
            ],
            [
              88.73483937700007,
              24.016298178000113
            ],
            [
              88.73484519500005,
              24.01620566200006
            ],
            [
              88.73483625100016,
              24.016115279000132
            ],
            [
              88.73482729900013,
              24.01605650500011
            ],
            [
              88.7348277420001,
              24.01601135700008
            ],
            [
              88.7347327110001,
              24.015927035
            ],
            [
              88.7346109790002,
              24.015808632000073
            ],
            [
              88.7343938840001,
              24.015639768000142
            ],
            [
              88.73419901900019,
              24.01545980200018
            ],
            [
              88.73403094400004,
              24.01530488900005
            ],
            [
              88.73380481700008,
              24.015054673000122
            ],
            [
              88.73359808300006,
              24.01486331800004
            ],
            [
              88.73339651200013,
              24.014615564000167
            ],
            [
              88.7332679820002,
              24.014438402000053
            ],
            [
              88.73313420800014,
              24.01429506000011
            ],
            [
              88.73299381000004,
              24.014106511000023
            ],
            [
              88.73288693700016,
              24.01397693800004
            ],
            [
              88.73278030600017,
              24.013822533000166
            ],
            [
              88.7326275330002,
              24.013611305000097
            ],
            [
              88.73250892400006,
              24.013456799000096
            ],
            [
              88.73236543000013,
              24.013302089000092
            ],
            [
              88.73233409600016,
              24.01325805900018
            ],
            [
              88.73225877900006,
              24.01314994200004
            ],
            [
              88.73213069600007,
              24.012927630000092
            ],
            [
              88.73200005000007,
              24.012653366000166
            ],
            [
              88.73196964300013,
              24.012589899000147
            ],
            [
              88.73188110500007,
              24.012345336000067
            ],
            [
              88.73175926400006,
              24.01201921800009
            ],
            [
              88.73168033300016,
              24.011797311000123
            ],
            [
              88.7315826030001,
              24.011518806000083
            ],
            [
              88.73151873100011,
              24.01126541300016
            ],
            [
              88.73146736300015,
              24.011021159
            ],
            [
              88.73140340300017,
              24.010776800000144
            ],
            [
              88.73136407900012,
              24.01055747700019
            ],
            [
              88.7313122720002,
              24.010326764000013
            ],
            [
              88.73123652800012,
              24.01006198500005
            ],
            [
              88.73119742800009,
              24.009820087000094
            ],
            [
              88.73113603399997,
              24.009564460000036
            ],
            [
              88.73107572500004,
              24.009229821000133
            ],
            [
              88.73101444400004,
              24.008962904000157
            ],
            [
              88.7309633860001,
              24.008687044000055
            ],
            [
              88.73092376,
              24.008467720000056
            ],
            [
              88.73087239400019,
              24.008223464000082
            ],
            [
              88.73083597100015,
              24.00795901200007
            ],
            [
              88.73079946700011,
              24.007671983000023
            ],
            [
              88.7307726520001,
              24.00743018500009
            ],
            [
              88.73073313700013,
              24.007199574000083
            ],
            [
              88.73068746200016,
              24.00687634200017
            ],
            [
              88.73060897900018,
              24.006390290000127
            ],
            [
              88.73059981000006,
              24.00610348800018
            ],
            [
              88.73056062600017,
              24.00583901000016
            ],
            [
              88.73054552600018,
              24.005656014000124
            ],
            [
              88.73051227400009,
              24.00553833800012
            ],
            [
              88.73050299800019,
              24.00548181900018
            ],
            [
              88.73049808300004,
              24.004323577000093
            ],
            [
              88.73049584700004,
              24.003831381000055
            ],
            [
              88.73048971600014,
              24.00370489900007
            ],
            [
              88.73047217900006,
              24.003519624999967
            ],
            [
              88.73043255500016,
              24.00330029900016
            ],
            [
              88.73040226500012,
              24.003162327000098
            ],
            [
              88.7303138440002,
              24.002906476000135
            ],
            [
              88.7302011610002,
              24.002650423000034
            ],
            [
              88.73012513700013,
              24.002383383000108
            ],
            [
              88.73003412600013,
              24.002172665000103
            ],
            [
              88.72995462800014,
              24.00200945199998
            ],
            [
              88.72989700400012,
              24.00187125600013
            ],
            [
              88.72974792200006,
              24.001567489000138
            ],
            [
              88.72968998700014,
              24.001460897000186
            ],
            [
              88.72964600600017,
              24.00135088600007
            ],
            [
              88.72960123600018,
              24.001238904000047
            ],
            [
              88.72954328000003,
              24.001134573000172
            ],
            [
              88.72949791800016,
              24.00103034300008
            ],
            [
              88.72945545000005,
              24.00094419900006
            ],
            [
              88.72944009500009,
              24.000912463000077
            ],
            [
              88.72940615800002,
              24.000864771000067
            ],
            [
              88.72933323400002,
              24.000782888000117
            ],
            [
              88.72930888300004,
              24.000760110000044
            ],
            [
              88.72926301299998,
              24.000676195000096
            ],
            [
              88.72920483600006,
              24.000594435000096
            ],
            [
              88.72797829500013,
              23.999179975000118
            ],
            [
              88.7279935030001,
              23.99913269199999
            ],
            [
              88.72802672000012,
              23.999001087000067
            ],
            [
              88.72804240700009,
              23.998938933000034
            ],
            [
              88.72810050300012,
              23.99877912000005
            ],
            [
              88.72813110000004,
              23.998666489000072
            ],
            [
              88.72815007100013,
              23.998517639
            ],
            [
              88.728183483,
              23.998368907000156
            ],
            [
              88.7282326300001,
              23.998150318000114
            ],
            [
              88.72826615100013,
              23.997990299000094
            ],
            [
              88.72828465500004,
              23.997888856000145
            ],
            [
              88.72831538700012,
              23.997762681000097
            ],
            [
              88.72831850900019,
              23.99769497700015
            ],
            [
              88.7283366210001,
              23.997602559000143
            ],
            [
              88.72834275000014,
              23.99751004600006
            ],
            [
              88.72834622900018,
              23.997406221000062
            ],
            [
              88.72835214200006,
              23.997304672000098
            ],
            [
              88.72835807500007,
              23.997200869000153
            ],
            [
              88.72836175100002,
              23.99710833200004
            ],
            [
              88.72836790700018,
              23.996981952000056
            ],
            [
              88.72837362200005,
              23.99690072300018
            ],
            [
              88.72837687600014,
              23.996819471000038
            ],
            [
              88.72838306400013,
              23.99677336800005
            ],
            [
              88.72839527200006,
              23.996729317000188
            ],
            [
              88.728422856,
              23.99667310400008
            ],
            [
              88.72843815400006,
              23.996616789000143
            ],
            [
              88.72848072600004,
              23.996535864000066
            ],
            [
              88.72850739800009,
              23.996492248000038
            ],
            [
              88.72858510300006,
              23.996448680000185
            ],
            [
              88.7287025440001,
              23.996392082000114
            ],
            [
              88.72893337400018,
              23.996268693000104
            ],
            [
              88.72916338100009,
              23.996150943000146
            ],
            [
              88.72935631000018,
              23.99605546000015
            ],
            [
              88.72956097100013,
              23.99598490900007
            ],
            [
              88.72971396500003,
              23.995920704000184
            ],
            [
              88.72990664500014,
              23.995850051000104
            ],
            [
              88.7300964740001,
              23.995788410000046
            ],
            [
              88.73031372800017,
              23.995717963000175
            ],
            [
              88.73055538200009,
              23.995634168000095
            ],
            [
              88.73078481200008,
              23.99557511400019
            ],
            [
              88.7310536920001,
              23.99547122600012
            ],
            [
              88.73134765100019,
              23.995347228000128
            ],
            [
              88.73169345700018,
              23.995198822000134
            ],
            [
              88.73181074700011,
              23.99517269800009
            ],
            [
              88.73194713000015,
              23.995142222000084
            ],
            [
              88.73210018100008,
              23.995102847999988
            ],
            [
              88.73222692400003,
              23.995098976000065
            ],
            [
              88.73227471400008,
              23.9950975160001
            ],
            [
              88.73245189800014,
              23.995071888000098
            ],
            [
              88.7325385630001,
              23.99506809000013
            ],
            [
              88.73260185700002,
              23.9950663570001
            ],
            [
              88.73276418800003,
              23.99508350200017
            ],
            [
              88.732990277,
              23.995083111000042
            ],
            [
              88.73325065600017,
              23.995094295000115
            ],
            [
              88.73343979999999,
              23.995102631000066
            ],
            [
              88.73370037400008,
              23.995125101000156
            ],
            [
              88.73387736300003,
              23.99511979199997
            ],
            [
              88.73407609000009,
              23.99515303800007
            ],
            [
              88.73428712600014,
              23.995184130000155
            ],
            [
              88.73455963800012,
              23.995242823000126
            ],
            [
              88.73480718000019,
              23.995310338000138
            ],
            [
              88.73495421600006,
              23.99535219
            ],
            [
              88.73513800400019,
              23.995405633000075
            ],
            [
              88.73526283800004,
              23.99545633300005
            ],
            [
              88.7353010270001,
              23.995473259
            ],
            [
              88.73543411800017,
              23.99553225
            ],
            [
              88.73560537600014,
              23.995610425000166
            ],
            [
              88.73573992900015,
              23.995672491000164
            ],
            [
              88.7358623080001,
              23.995723169000087
            ],
            [
              88.73591120900011,
              23.995748407000065
            ],
            [
              88.73594526000016,
              23.995784813000057
            ],
            [
              88.73601860200006,
              23.99582379700007
            ],
            [
              88.73611629800013,
              23.995885561000023
            ],
            [
              88.73620181600012,
              23.99593593500009
            ],
            [
              88.73629964400004,
              23.995984154000098
            ],
            [
              88.7363704230001,
              23.996034405000103
            ],
            [
              88.73648715100018,
              23.996115262000103
            ],
            [
              88.73664876600014,
              23.996219574
            ],
            [
              88.73678296600002,
              23.99631776000018
            ],
            [
              88.73693906400018,
              23.996438705000116
            ],
            [
              88.73708309500012,
              23.996536973000104
            ],
            [
              88.7372024440001,
              23.996646325000086
            ],
            [
              88.73728785500015,
              23.996707986000104
            ],
            [
              88.73737069800018,
              23.996780915000045
            ],
            [
              88.73744540300004,
              23.99686726600015
            ],
            [
              88.73752657700004,
              23.996924433000174
            ],
            [
              88.73758473500004,
              23.99700844900019
            ],
            [
              88.73766972900012,
              23.997081394000134
            ],
            [
              88.73777703600007,
              23.997165813000095
            ],
            [
              88.73785965700006,
              23.99726131600005
            ],
            [
              88.73796683100005,
              23.997359282
            ],
            [
              88.73808596300012,
              23.997491206000063
            ],
            [
              88.73818076200007,
              23.99759809900013
            ],
            [
              88.7382756720001,
              23.997693705000074
            ],
            [
              88.7383949140002,
              23.99781434500011
            ],
            [
              88.73847742800007,
              23.997921136000116
            ],
            [
              88.73855704400012,
              23.99804144800015
            ],
            [
              88.73865184600015,
              23.998148340000114
            ],
            [
              88.7387220760001,
              23.998255030000053
            ],
            [
              88.73876797200012,
              23.99833668500014
            ],
            [
              88.73883808900018,
              23.998454664000064
            ],
            [
              88.73884857600007,
              23.998481837999975
            ],
            [
              88.73889333000005,
              23.998586062000072
            ],
            [
              88.73891443800017,
              23.99862687600006
            ],
            [
              88.73896057500019,
              23.998715306000122
            ],
            [
              88.73901562000003,
              23.998867025000152
            ],
            [
              88.73904901000014,
              23.99897115500005
            ],
            [
              88.73911653800019,
              23.999102657000094
            ],
            [
              88.73917116600012,
              23.99926566
            ],
            [
              88.73921425600014,
              23.999383415000068
            ],
            [
              88.73928147599997,
              23.999546522000173
            ],
            [
              88.73932735100016,
              23.999630434000153
            ],
            [
              88.73934836800004,
              23.999711885000067
            ],
            [
              88.73937930400012,
              23.99981599300014
            ],
            [
              88.7394372440001,
              23.99992258200018
            ],
            [
              88.73945856900019,
              24.00000403399997
            ],
            [
              88.73950446700007,
              24.000085690000162
            ],
            [
              88.7395503420002,
              24.0001696
            ],
            [
              88.73959336600007,
              24.00026252200007
            ],
            [
              88.73966337700006,
              24.000391785000033
            ],
            [
              88.73970925200007,
              24.000475697000013
            ],
            [
              88.73974286400016,
              24.000557252000135
            ],
            [
              88.73978898100017,
              24.00061633200005
            ],
            [
              88.73981041700017,
              24.000686496000128
            ],
            [
              88.7398407820001,
              24.00072286900007
            ],
            [
              88.73984069400007,
              24.000779311000088
            ],
            [
              88.7398797460001,
              24.000854135000054
            ],
            [
              88.7399162550002,
              24.00089055800015
            ],
            [
              88.73999888100013,
              24.000986062000038
            ],
            [
              88.74013925700018,
              24.001208471000098
            ],
            [
              88.74025817100005,
              24.00136297100005
            ],
            [
              88.74038606099998,
              24.00157398900012
            ],
            [
              88.74052933200005,
              24.00175126700003
            ],
            [
              88.74066042500016,
              24.001917156
            ],
            [
              88.74070661100006,
              24.00196946400007
            ],
            [
              88.7407607830001,
              24.00202950300013
            ],
            [
              88.740840338,
              24.00211731400003
            ],
            [
              88.74088110400004,
              24.002158286000054
            ],
            [
              88.74098361300008,
              24.002262982000047
            ],
            [
              88.74119099500018,
              24.002418209000155
            ],
            [
              88.74133288500019,
              24.00253742200016
            ],
            [
              88.74148109800012,
              24.0026599090001
            ],
            [
              88.74162483300017,
              24.00278977800008
            ],
            [
              88.74172220700007,
              24.002885400000025
            ],
            [
              88.7418902550001,
              24.00304256000004
            ],
            [
              88.74202426800008,
              24.003161063000164
            ],
            [
              88.74219233700006,
              24.0033159620001
            ],
            [
              88.74236275300012,
              24.00345056700013
            ],
            [
              88.74257025000014,
              24.003594504000034
            ],
            [
              88.7427873370001,
              24.00376335400017
            ],
            [
              88.74292602700018,
              24.003875242
            ],
            [
              88.74298241800017,
              24.003920736000055
            ],
            [
              88.74314109900007,
              24.00403040700013
            ],
            [
              88.7433318780001,
              24.004142535000028
            ],
            [
              88.74340990100006,
              24.004188392000174
            ],
            [
              88.743617379,
              24.004334586000027
            ],
            [
              88.74380063600017,
              24.00444446000006
            ],
            [
              88.74399863500014,
              24.004554450000057
            ],
            [
              88.74404727900009,
              24.004575169000134
            ],
            [
              88.74414546800011,
              24.00461887100016
            ],
            [
              88.74435318800005,
              24.00474022999998
            ],
            [
              88.74458524300019,
              24.004886622000015
            ],
            [
              88.74479562100015,
              24.004987685000117
            ],
            [
              88.74497876600014,
              24.00510884400012
            ],
            [
              88.7451620240002,
              24.005218712000158
            ],
            [
              88.74539408000004,
              24.005365107000102
            ],
            [
              88.74562870400007,
              24.0055002310001
            ],
            [
              88.74581218100008,
              24.005587524000134
            ],
            [
              88.74604691600007,
              24.005711362000056
            ],
            [
              88.7461117810002,
              24.005732488000035
            ],
            [
              88.74616941600004,
              24.005750744000125
            ],
            [
              88.74709013400019,
              24.005844066
            ],
            [
              88.74773587800019,
              24.005908041000055
            ],
            [
              88.7485755670001,
              24.00599391999998
            ],
            [
              88.74860332500009,
              24.00601446500019
            ],
            [
              88.7486646320001,
              24.006028514000036
            ],
            [
              88.74877741200004,
              24.006056526
            ],
            [
              88.74888762800009,
              24.006095806000076
            ],
            [
              88.74903468300005,
              24.006137648000163
            ],
            [
              88.74919650500016,
              24.006177347000175
            ],
            [
              88.74930950600015,
              24.0061827830001
            ],
            [
              88.74945688899999,
              24.00622236900017
            ],
            [
              88.74960640100011,
              24.006264226000155
            ],
            [
              88.749777924,
              24.006317554000134
            ],
            [
              88.74984741499998,
              24.00634295499998
            ],
            [
              88.74991504100007,
              24.006370600000082
            ],
            [
              88.74998863200005,
              24.006384747000084
            ],
            [
              88.7500892590001,
              24.006399113000043
            ],
            [
              88.75019969200008,
              24.006415817000175
            ],
            [
              88.75030018700016,
              24.006443729000182
            ],
            [
              88.75044737500008,
              24.006472021000036
            ],
            [
              88.75058460200017,
              24.0065137790001
            ],
            [
              88.75074684000009,
              24.006542195000122
            ],
            [
              88.75091858000008,
              24.006572942000105
            ],
            [
              88.75105604600009,
              24.00658986899998
            ],
            [
              88.75120566900011,
              24.006620436000162
            ],
            [
              88.7513308500001,
              24.006637262000083
            ],
            [
              88.75149300000015,
              24.00664309800004
            ],
            [
              88.75164047200013,
              24.006673648000117
            ],
            [
              88.75176565000015,
              24.00669047000008
            ],
            [
              88.75192780100019,
              24.006696308000187
            ],
            [
              88.75210210800014,
              24.006715788
            ],
            [
              88.75225186100016,
              24.006732810000187
            ],
            [
              88.75241399000015,
              24.006740905000072
            ],
            [
              88.75255176500013,
              24.006757829000037
            ],
            [
              88.75271391600012,
              24.00676366400006
            ],
            [
              88.75287606600006,
              24.00676950000002
            ],
            [
              88.75298906600017,
              24.006774935000067
            ],
            [
              88.75311424800003,
              24.006791756000098
            ],
            [
              88.75321574800006,
              24.00679519500011
            ],
            [
              88.7532641090001,
              24.006797492000032
            ],
            [
              88.75341920900013,
              24.006805527000097
            ],
            [
              88.75346961000014,
              24.00680611700011
            ],
            [
              88.75355183500005,
              24.00681111900019
            ],
            [
              88.75372627200005,
              24.006817053000134
            ],
            [
              88.75391543400008,
              24.00682536500011
            ],
            [
              88.75412702000017,
              24.006833857000117
            ],
            [
              88.75430410100017,
              24.006842005000067
            ],
            [
              88.75449070800005,
              24.006839070000126
            ],
            [
              88.75466536200008,
              24.006822429000067
            ],
            [
              88.75483038500016,
              24.006816996000055
            ],
            [
              88.7550173080001,
              24.006802711000034
            ],
            [
              88.75523126100012,
              24.00678864400004
            ],
            [
              88.75543334200006,
              24.00676319200005
            ],
            [
              88.75566238800019,
              24.006713124000157
            ],
            [
              88.75590124300015,
              24.00666539400015
            ],
            [
              88.75609114600013,
              24.006628554000088
            ],
            [
              88.75632006100017,
              24.00659202899999
            ],
            [
              88.75651009300009,
              24.006541644000038
            ],
            [
              88.75671208500006,
              24.006493614000135
            ],
            [
              88.75691398900011,
              24.006454613000187
            ],
            [
              88.7571161800002,
              24.006417871000167
            ],
            [
              88.75733024000016,
              24.006392513000037
            ],
            [
              88.75739173300019,
              24.00638118700016
            ],
            [
              88.75748288500006,
              24.00636440000011
            ],
            [
              88.75764823400016,
              24.00632510100013
            ],
            [
              88.75782556500019,
              24.006285902000172
            ],
            [
              88.75797025400016,
              24.006241924999983
            ],
            [
              88.75814388300006,
              24.00618462500006
            ],
            [
              88.75831875600005,
              24.006145403000176
            ],
            [
              88.758498648,
              24.006094932000167
            ],
            [
              88.75860023300015,
              24.00604157100014
            ],
            [
              88.7587284330001,
              24.005999711000015
            ],
            [
              88.75886900800009,
              24.005948922000186
            ],
            [
              88.75904696700019,
              24.00587585900007
            ],
            [
              88.75923679800019,
              24.005814180000016
            ],
            [
              88.759365107,
              24.00576103300017
            ],
            [
              88.75950609700016,
              24.005698956000117
            ],
            [
              88.7596097220001,
              24.005656901000066
            ],
            [
              88.75976269200015,
              24.005594922
            ],
            [
              88.75991599000002,
              24.00553068800002
            ],
            [
              88.76006895699999,
              24.00546871000006
            ],
            [
              88.76029874000011,
              24.0053734870001
            ],
            [
              88.76051581900003,
              24.005289448000156
            ],
            [
              88.76070562900009,
              24.005230025000117
            ],
            [
              88.76087119000005,
              24.005168148000052
            ],
            [
              88.7610117860001,
              24.005115097000044
            ],
            [
              88.76116392900019,
              24.005044783000073
            ],
            [
              88.76131835700016,
              24.00498888900006
            ],
            [
              88.76145903700007,
              24.004926808000164
            ],
            [
              88.76157516500012,
              24.00486227200014
            ],
            [
              88.76170388600019,
              24.004797839000048
            ],
            [
              88.76181490700003,
              24.004724835000047
            ],
            [
              88.76189938800019,
              24.00465718300012
            ],
            [
              88.76196412800005,
              24.00460126200005
            ],
            [
              88.76203134200011,
              24.004511496000077
            ],
            [
              88.76209586300018,
              24.004446543000142
            ],
            [
              88.76215750700015,
              24.004361248000066
            ],
            [
              88.76217834599998,
              24.0043343210001
            ],
            [
              88.76223183600018,
              24.004259012000148
            ],
            [
              88.76225806500014,
              24.004222083
            ],
            [
              88.76233778500017,
              24.004109838999966
            ],
            [
              88.76242048200015,
              24.003975045
            ],
            [
              88.76249330000013,
              24.00386161900002
            ],
            [
              88.76258300600011,
              24.003716719000124
            ],
            [
              88.76265311100013,
              24.003581822000058
            ],
            [
              88.76270849100007,
              24.003444549000164
            ],
            [
              88.7627577930001,
              24.003300451000143
            ],
            [
              88.76276695900015,
              24.00327343300006
            ],
            [
              88.76281016300015,
              24.003124773000025
            ],
            [
              88.76284672900016,
              24.00293090400004
            ],
            [
              88.76288042300013,
              24.0027483
            ],
            [
              88.76292629700015,
              24.0025728760001
            ],
            [
              88.76294245200017,
              24.002462072000128
            ],
            [
              88.76296086100018,
              24.002335789000085
            ],
            [
              88.76299464700014,
              24.002175763000025
            ],
            [
              88.76300178000008,
              24.00214243800019
            ],
            [
              88.76304095200015,
              24.00195939600013
            ],
            [
              88.76305164500008,
              24.00186917400015
            ],
            [
              88.7630626890001,
              24.00177443900003
            ],
            [
              88.76309627500018,
              24.001603124000155
            ],
            [
              88.76310548600014,
              24.001442899000097
            ],
            [
              88.76312389600008,
              24.00131661500012
            ],
            [
              88.76314241500012,
              24.00117904600006
            ],
            [
              88.76315846000011,
              24.00107531900005
            ],
            [
              88.76316469000011,
              24.00093764800016
            ],
            [
              88.7631702750001,
              24.000867703000154
            ],
            [
              88.76317070700014,
              24.000822554000024
            ],
            [
              88.76317361600013,
              24.000775164
            ],
            [
              88.76317650700008,
              24.00073003300008
            ],
            [
              88.76317713600002,
              24.000696173000165
            ],
            [
              88.76256101100012,
              23.999264564999976
            ],
            [
              88.76196906500019,
              23.997889111000063
            ],
            [
              88.7616932030001,
              23.99724795000003
            ],
            [
              88.76170864600005,
              23.99695005400008
            ],
            [
              88.76176196500012,
              23.996546356000067
            ],
            [
              88.76178883400013,
              23.996338859000048
            ],
            [
              88.76182386900007,
              23.99617658900013
            ],
            [
              88.76185311699999,
              23.996041362000028
            ],
            [
              88.76186973900013,
              23.995845073000055
            ],
            [
              88.76203046200004,
              23.99577412600013
            ],
            [
              88.7623985240001,
              23.995607766000035
            ],
            [
              88.7624765560002,
              23.995414233000076
            ],
            [
              88.7625926390001,
              23.995128439999974
            ],
            [
              88.76265614800013,
              23.994943820000174
            ],
            [
              88.76277213900005,
              23.994635448000054
            ],
            [
              88.76290096000014,
              23.99430234300013
            ],
            [
              88.76291571899998,
              23.994268598000076
            ],
            [
              88.76297908300012,
              23.994131388000085
            ],
            [
              88.76305702600007,
              23.993946885000184
            ],
            [
              88.7632236610001,
              23.99354635399999
            ],
            [
              88.76331410500012,
              23.993339375
            ],
            [
              88.76340226800005,
              23.993145921000178
            ],
            [
              88.76351815700014,
              23.992880443000047
            ],
            [
              88.76363360300007,
              23.99262851100019
            ],
            [
              88.76373661700006,
              23.99242388800002
            ],
            [
              88.76386422700017,
              23.99221720600019
            ],
            [
              88.76395443400008,
              23.99203505600019
            ],
            [
              88.76409443400007,
              23.991817188000084
            ],
            [
              88.76422182900006,
              23.99163308100009
            ],
            [
              88.76433649700016,
              23.991462418000083
            ],
            [
              88.76450173800004,
              23.99117476200007
            ],
            [
              88.76465691400011,
              23.99091185900005
            ],
            [
              88.76487394600014,
              23.990604298000108
            ],
            [
              88.76505123400005,
              23.99034157400007
            ],
            [
              88.76508198800008,
              23.990305697
            ],
            [
              88.76523013299999,
              23.990135304000034
            ],
            [
              88.76543199000008,
              23.989872775000094
            ],
            [
              88.76558673000011,
              23.9896550200001
            ],
            [
              88.76573888400009,
              23.98945079400005
            ],
            [
              88.76580418000015,
              23.989352312999983
            ],
            [
              88.76583853600016,
              23.989300496000055
            ],
            [
              88.76587289500009,
              23.989248675000113
            ],
            [
              88.7658912730002,
              23.989221733000022
            ],
            [
              88.76602431800006,
              23.9890248210001
            ],
            [
              88.76622288100009,
              23.98875253800003
            ],
            [
              88.7663752690001,
              23.98852347600007
            ],
            [
              88.7665301130001,
              23.988294431000043
            ],
            [
              88.76663526100009,
              23.988155299000084
            ],
            [
              88.76669435200012,
              23.988079013000174
            ],
            [
              88.76680966500015,
              23.987872229000118
            ],
            [
              88.76693726300005,
              23.98766554300005
            ],
            [
              88.76707671200012,
              23.98747250100007
            ],
            [
              88.76719181100015,
              23.98728829300012
            ],
            [
              88.76733468900005,
              23.987025288000098
            ],
            [
              88.7674350580001,
              23.986807093000095
            ],
            [
              88.76752588600016,
              23.986591083000178
            ],
            [
              88.76760444700017,
              23.986372715000016
            ],
            [
              88.76775760300006,
              23.986062381000124
            ],
            [
              88.7678483570001,
              23.98582153300009
            ],
            [
              88.76792433499998,
              23.985616688999983
            ],
            [
              88.76800237000015,
              23.98542089400007
            ],
            [
              88.7681068120001,
              23.98506501200012
            ],
            [
              88.76815178900017,
              23.984881068000163
            ],
            [
              88.76819661800005,
              23.98469772500016
            ],
            [
              88.768237979,
              23.984515183000156
            ],
            [
              88.76826431200016,
              23.984330260000036
            ],
            [
              88.76832909300009,
              23.984010183000123
            ],
            [
              88.76836846800006,
              23.983777954000175
            ],
            [
              88.76843581500003,
              23.983446606000143
            ],
            [
              88.76847714399997,
              23.983008941000037
            ],
            [
              88.76847830300017,
              23.98288703500009
            ],
            [
              88.76847920400019,
              23.982792216000178
            ],
            [
              88.76848159399998,
              23.982573233000096
            ],
            [
              88.76848346100007,
              23.9823768280001
            ],
            [
              88.76847186000009,
              23.982078716000103
            ],
            [
              88.76842570800017,
              23.98199029600005
            ],
            [
              88.76836081200014,
              23.98187011400006
            ],
            [
              88.76818819700014,
              23.981708429000093
            ],
            [
              88.76796005,
              23.98163660700004
            ],
            [
              88.76761412100007,
              23.98161158700009
            ],
            [
              88.76733361700013,
              23.98162028600018
            ],
            [
              88.76705545200014,
              23.981640627
            ],
            [
              88.7668170120001,
              23.981649997999966
            ],
            [
              88.76652656100015,
              23.981670243000167
            ],
            [
              88.76618717100013,
              23.98170137800014
            ],
            [
              88.76601472300007,
              23.981712855000126
            ],
            [
              88.76589702700011,
              23.981721622000066
            ],
            [
              88.76560871000015,
              23.981775745000164
            ],
            [
              88.76536746900018,
              23.981821216000128
            ],
            [
              88.76524293200009,
              23.981836016999978
            ],
            [
              88.76503994900008,
              23.981863734000058
            ],
            [
              88.76467546100014,
              23.98191724300017
            ],
            [
              88.76462851000008,
              23.98192525100012
            ],
            [
              88.76452379000011,
              23.981943112000067
            ],
            [
              88.7643481180001,
              23.98197330800008
            ],
            [
              88.76397124000005,
              23.98203800200008
            ],
            [
              88.76365617900018,
              23.982094163000056
            ],
            [
              88.76332703500009,
              23.982145698000124
            ],
            [
              88.7632971750001,
              23.982152281000083
            ],
            [
              88.76302077200006,
              23.98221321700015
            ],
            [
              88.76291211800014,
              23.982237174999966
            ],
            [
              88.7628730720001,
              23.98224137500017
            ],
            [
              88.76254548300011,
              23.982290659000114
            ],
            [
              88.76211676800006,
              23.982379769000033
            ],
            [
              88.76176426,
              23.98243336500002
            ],
            [
              88.76139973200009,
              23.982522990000064
            ],
            [
              88.76110873900006,
              23.982599660000062
            ],
            [
              88.76096158700017,
              23.982645709000053
            ],
            [
              88.76082038200008,
              23.982689896000068
            ],
            [
              88.76046515799999,
              23.982802171000174
            ],
            [
              88.7602206700002,
              23.98286566900009
            ],
            [
              88.76016433600017,
              23.98287876100011
            ],
            [
              88.7599350530001,
              23.98295818600002
            ],
            [
              88.75973529200019,
              23.98300172500018
            ],
            [
              88.75949372600013,
              23.98308104900019
            ],
            [
              88.75920518600003,
              23.983157735000134
            ],
            [
              88.75900303800017,
              23.983226090000187
            ],
            [
              88.75861084800005,
              23.98334934700017
            ],
            [
              88.75841128700017,
              23.983404177000068
            ],
            [
              88.7581967640001,
              23.983449852000035
            ],
            [
              88.75770396200016,
              23.98355874599997
            ],
            [
              88.75764047200005,
              23.983575983000094
            ],
            [
              88.75741325000007,
              23.98363767000012
            ],
            [
              88.756972244,
              23.983726664000017
            ],
            [
              88.75650668500015,
              23.983813198000064
            ],
            [
              88.75606567600016,
              23.983902188000172
            ],
            [
              88.75585854300016,
              23.983945664000032
            ],
            [
              88.75553601800004,
              23.984010779000187
            ],
            [
              88.75505826000011,
              23.98408818000007
            ],
            [
              88.75470622900019,
              23.984155312000155
            ],
            [
              88.75431448900014,
              23.98423115100013
            ],
            [
              88.75409370900013,
              23.984288060000097
            ],
            [
              88.7540114890001,
              23.98430996800016
            ],
            [
              88.75363427200006,
              23.984408500000143
            ],
            [
              88.7533066110002,
              23.984464538000168
            ],
            [
              88.75301613400006,
              23.984518620000188
            ],
            [
              88.75266379200008,
              23.984585745000118
            ],
            [
              88.75232365000016,
              23.98466199800015
            ],
            [
              88.75213864000011,
              23.98469729800007
            ],
            [
              88.75203314900017,
              23.984718335000082
            ],
            [
              88.75171768500019,
              23.98478350000005
            ],
            [
              88.75144195000001,
              23.984837701
            ],
            [
              88.75113885800016,
              23.984893932000148
            ],
            [
              88.75086077300017,
              23.984936821000076
            ],
            [
              88.75058483800018,
              23.98497972900003
            ],
            [
              88.75030686300016,
              23.98501132900003
            ],
            [
              88.75006817800005,
              23.9850455080001
            ],
            [
              88.74980218000007,
              23.985077206000028
            ],
            [
              88.74960304700005,
              23.98508687100002
            ],
            [
              88.7493616210001,
              23.98511876800012
            ],
            [
              88.74918585400007,
              23.985126367000134
            ],
            [
              88.74914774500019,
              23.98512831400018
            ],
            [
              88.74894626600013,
              23.985126670000056
            ],
            [
              88.74859448900008,
              23.985135089000096
            ],
            [
              88.7483858670002,
              23.985133386000086
            ],
            [
              88.74814249700017,
              23.985120113000107
            ],
            [
              88.74793066300003,
              23.98509598700008
            ],
            [
              88.74772716400014,
              23.985094144000186
            ],
            [
              88.74748884900009,
              23.985089940000023
            ],
            [
              88.7472628000001,
              23.985088096000027
            ],
            [
              88.7471832540001,
              23.985087446000023
            ],
            [
              88.74701390600012,
              23.98508606200005
            ],
            [
              88.7449546360001,
              23.984986053000057
            ],
            [
              88.74402431700014,
              23.984941952000042
            ],
            [
              88.74388922100013,
              23.984936329
            ],
            [
              88.74358970000014,
              23.984877434000055
            ],
            [
              88.74340324800016,
              23.984846557000026
            ],
            [
              88.74318263800018,
              23.98479056400015
            ],
            [
              88.74295968300015,
              23.984723262000045
            ],
            [
              88.74273661300015,
              23.98466725000003
            ],
            [
              88.74242715700012,
              23.98461956
            ],
            [
              88.7423839400002,
              23.984610174000125
            ],
            [
              88.74215495200008,
              23.98456314300006
            ],
            [
              88.74188019900015,
              23.984515734000126
            ],
            [
              88.74159583900007,
              23.98444566900008
            ],
            [
              88.74135057300003,
              23.984366895000164
            ],
            [
              88.74102959800007,
              23.984271696000178
            ],
            [
              88.74076020200016,
              23.98417917600017
            ],
            [
              88.74047628500017,
              23.984063958000036
            ],
            [
              88.74021917200014,
              23.98397153900015
            ],
            [
              88.73994999500013,
              23.983856443000036
            ],
            [
              88.73969040600008,
              23.983766259
            ],
            [
              88.73948498300007,
              23.983665232000078
            ],
            [
              88.73917662600019,
              23.98353626500017
            ],
            [
              88.73893202400006,
              23.983421371000077
            ],
            [
              88.73874858100004,
              23.983334069000136
            ],
            [
              88.73850623700008,
              23.983207903
            ],
            [
              88.7383233450002,
              23.983095770000034
            ],
            [
              88.73808164000019,
              23.98293574300004
            ],
            [
              88.73788905400005,
              23.982778376000056
            ],
            [
              88.73775732100012,
              23.982680212000105
            ],
            [
              88.7376625550001,
              23.982571061000044
            ],
            [
              88.73756776500005,
              23.982464170000185
            ],
            [
              88.7374362540001,
              23.98234342800015
            ],
            [
              88.73733209900007,
              23.982189047000077
            ],
            [
              88.73721339900004,
              23.98204583500012
            ],
            [
              88.73704828400014,
              23.98184353800019
            ],
            [
              88.73695630400016,
              23.98170054600007
            ],
            [
              88.73685215100016,
              23.981546164000065
            ],
            [
              88.73677309400011,
              23.98136941200005
            ],
            [
              88.73670577400003,
              23.981217590000085
            ],
            [
              88.73665352800015,
              23.98103202900012
            ],
            [
              88.73658954200005,
              23.980821533999972
            ],
            [
              88.73653742800013,
              23.98062242800006
            ],
            [
              88.73650748900008,
              23.980448337000098
            ],
            [
              88.73646730700011,
              23.980285452000032
            ],
            [
              88.73644923800015,
              23.980122746000063
            ],
            [
              88.73643404000012,
              23.979948778000107
            ],
            [
              88.73640926100012,
              23.979718288000186
            ],
            [
              88.73639439600004,
              23.97951045500014
            ],
            [
              88.73637900300008,
              23.979325197000094
            ],
            [
              88.73636717000011,
              23.97905869000016
            ],
            [
              88.7363488380002,
              23.978800517000025
            ],
            [
              88.73634583600011,
              23.97875824000016
            ],
            [
              88.73634551500015,
              23.9785392390001
            ],
            [
              88.73633332700007,
              23.97830885200011
            ],
            [
              88.73632741000017,
              23.978159795000124
            ],
            [
              88.73635185700016,
              23.977952287
            ],
            [
              88.73639183600017,
              23.97763202200008
            ],
            [
              88.73641929000013,
              23.97736809700018
            ],
            [
              88.73644696300005,
              23.977081595000072
            ],
            [
              88.73648092899998,
              23.97687416800005
            ],
            [
              88.73650557100007,
              23.976646341000105
            ],
            [
              88.73655759200005,
              23.976382619000162
            ],
            [
              88.73659724300006,
              23.976096214000165
            ],
            [
              88.73664031600015,
              23.975742109000123
            ],
            [
              88.73669501300014,
              23.9754558300001
            ],
            [
              88.73674468800004,
              23.975180799000043
            ],
            [
              88.73682050700006,
              23.974964684000156
            ],
            [
              88.73688189200004,
              23.974748448000014
            ],
            [
              88.73692838199997,
              23.97459465100019
            ],
            [
              88.73697107500004,
              23.974453422000124
            ],
            [
              88.73703816500011,
              23.974155959000143
            ],
            [
              88.73708741900009,
              23.973892211000134
            ],
            [
              88.7371488030002,
              23.973675974000116
            ],
            [
              88.7371855090002,
              23.97347082600004
            ],
            [
              88.73721265100016,
              23.973206898000058
            ],
            [
              88.73726219000008,
              23.97294541200006
            ],
            [
              88.73727531200012,
              23.97282811800011
            ],
            [
              88.73728674200015,
              23.97272661500017
            ],
            [
              88.73732349199997,
              23.972485342000027
            ],
            [
              88.73734769500015,
              23.972302667000065
            ],
            [
              88.73736948400006,
              23.972083849000114
            ],
            [
              88.73740585700017,
              23.971912561000124
            ],
            [
              88.73741233400006,
              23.971752318000142
            ],
            [
              88.73743396500015,
              23.97158091000017
            ],
            [
              88.7374426790002,
              23.97144326200015
            ],
            [
              88.73746143800003,
              23.971283117000098
            ],
            [
              88.73745852500008,
              23.971109249000108
            ],
            [
              88.7374674580002,
              23.970949027000188
            ],
            [
              88.7374524810001,
              23.97075248300007
            ],
            [
              88.73743697700007,
              23.9705785110001
            ],
            [
              88.73743450500001,
              23.97035949200017
            ],
            [
              88.73740035900005,
              23.970081515000174
            ],
            [
              88.73737320900011,
              23.969873579000023
            ],
            [
              88.73733616400017,
              23.969640731000084
            ],
            [
              88.73728458000016,
              23.96941905000017
            ],
            [
              88.73726626700017,
              23.969281181000042
            ],
            [
              88.73720165200007,
              23.969104548000075
            ],
            [
              88.73716857500006,
              23.969000418000178
            ],
            [
              88.73710106300018,
              23.968868914000097
            ],
            [
              88.73702157400004,
              23.968705707000026
            ],
            [
              88.73695417000016,
              23.9685629170001
            ],
            [
              88.73685066400014,
              23.968374674000074
            ],
            [
              88.73678346100019,
              23.968211568000072
            ],
            [
              88.73672022700009,
              23.96806655400013
            ],
            [
              88.73665205900011,
              23.96786054100005
            ],
            [
              88.73663607900005,
              23.96781595700014
            ],
            [
              88.73660898100013,
              23.967742784
            ],
            [
              88.73656645700015,
              23.967568591000088
            ],
            [
              88.73655126200003,
              23.967394621999972
            ],
            [
              88.7365358670001,
              23.967209363
            ],
            [
              88.73651810700005,
              23.967046660000165
            ],
            [
              88.73649968500013,
              23.966920077000054
            ],
            [
              88.73649622300019,
              23.966771040000083
            ],
            [
              88.73649085300013,
              23.966723586000057
            ],
            [
              88.73647835300017,
              23.966619625000078
            ],
            [
              88.73648416900011,
              23.966527109000083
            ],
            [
              88.73644432000009,
              23.966330359000096
            ],
            [
              88.7364260390001,
              23.96623651400006
            ],
            [
              88.73640802800008,
              23.966052361000038
            ],
            [
              88.7363801300001,
              23.965889578000144
            ],
            [
              88.73634061100012,
              23.96569057300013
            ],
            [
              88.73627376400003,
              23.965491344000043
            ],
            [
              88.73624615300014,
              23.965330818000098
            ],
            [
              88.73617897100007,
              23.9651654540001
            ],
            [
              88.73612405200004,
              23.965002446000142
            ],
            [
              88.73604768300004,
              23.96480313800015
            ],
            [
              88.73597100799998,
              23.964603827000076
            ],
            [
              88.73587915000002,
              23.964449546000026
            ],
            [
              88.73582431900002,
              23.964309117000028
            ],
            [
              88.73574483500005,
              23.964145907000045
            ],
            [
              88.73568691000014,
              23.964039317000072
            ],
            [
              88.73560419900014,
              23.96395510200017
            ],
            [
              88.73548499100019,
              23.9638344600001
            ],
            [
              88.73539012700019,
              23.963736597000093
            ],
            [
              88.73529524500015,
              23.963640990999977
            ],
            [
              88.735210273,
              23.963568044000112
            ],
            [
              88.73510310500006,
              23.963472336000166
            ],
            [
              88.73499596000016,
              23.963374374000068
            ],
            [
              88.73488622700006,
              23.963289933000112
            ],
            [
              88.7347911220001,
              23.96321690200017
            ],
            [
              88.73473030100013,
              23.963155442000073
            ],
            [
              88.73468768500015,
              23.963116709000133
            ],
            [
              88.73462313400006,
              23.96305973600016
            ],
            [
              88.73452814100006,
              23.962975417000166
            ],
            [
              88.73444856800018,
              23.96291614900008
            ],
            [
              88.73546512600007,
              23.962579115000096
            ],
            [
              88.73685730400013,
              23.962128694
            ],
            [
              88.73805841300015,
              23.961784779000084
            ],
            [
              88.73823697000006,
              23.96173365200019
            ],
            [
              88.738292947,
              23.961742699000126
            ],
            [
              88.740003102,
              23.9620190870001
            ],
            [
              88.74205746500007,
              23.962984176000077
            ],
            [
              88.74322965300007,
              23.963716248000082
            ],
            [
              88.74440272500016,
              23.964358012000105
            ],
            [
              88.74572233700007,
              23.965091269000084
            ],
            [
              88.74738459600007,
              23.965962777000072
            ],
            [
              88.74746455200011,
              23.96599269800015
            ],
            [
              88.74750079100016,
              23.96600626000003
            ],
            [
              88.74801986500012,
              23.966200507000053
            ],
            [
              88.74805056300016,
              23.966211932000192
            ],
            [
              88.75135054500004,
              23.967440037000074
            ],
            [
              88.75286677200017,
              23.96817483600006
            ],
            [
              88.75389556599998,
              23.968499274000067
            ],
            [
              88.75478708900016,
              23.968780414000094
            ],
            [
              88.7552183160002,
              23.968916399000022
            ],
            [
              88.75649280300007,
              23.969242814000154
            ],
            [
              88.7575259480002,
              23.969115717000022
            ],
            [
              88.75843767500004,
              23.96918928900004
            ],
            [
              88.75939180300009,
              23.96926627700003
            ],
            [
              88.76102623100019,
              23.968912239000076
            ],
            [
              88.76106604400019,
              23.968899814000167
            ],
            [
              88.76235133000012,
              23.968097404000048
            ],
            [
              88.76289997700013,
              23.967478416000176
            ],
            [
              88.76354350000014,
              23.966752377000034
            ],
            [
              88.76374770900009,
              23.966465033000077
            ],
            [
              88.76432697700005,
              23.965654659000165
            ],
            [
              88.76473640400008,
              23.96394208000015
            ],
            [
              88.76474905800006,
              23.963886474000162
            ],
            [
              88.76500282400013,
              23.962771356000076
            ],
            [
              88.765010388,
              23.962539790000108
            ],
            [
              88.7650361090001,
              23.96175238000012
            ],
            [
              88.76507042400004,
              23.960701876000087
            ],
            [
              88.7650677690001,
              23.960583774999975
            ],
            [
              88.76504303200005,
              23.959483033000026
            ],
            [
              88.765238733,
              23.95873370400011
            ],
            [
              88.7654073330001,
              23.958088132
            ],
            [
              88.76555931600018,
              23.95783068500009
            ],
            [
              88.7660812220002,
              23.95694661100015
            ],
            [
              88.76641623000017,
              23.956215277000013
            ],
            [
              88.76646428600009,
              23.956110367000065
            ],
            [
              88.76699726600009,
              23.95494682700007
            ],
            [
              88.76713894800014,
              23.95470311200006
            ],
            [
              88.76834531000009,
              23.952627924000126
            ],
            [
              88.76839114000018,
              23.952583086000175
            ],
            [
              88.7692900790002,
              23.95170361000004
            ],
            [
              88.77055492500006,
              23.950756615000103
            ],
            [
              88.77090049100002,
              23.95049788400013
            ],
            [
              88.77262752100012,
              23.949328914000034
            ],
            [
              88.775057796,
              23.948022166999976
            ],
            [
              88.77640401000019,
              23.947707900000182
            ],
            [
              88.7764931480001,
              23.94772408900019
            ],
            [
              88.77901575400011,
              23.948220354000114
            ],
            [
              88.77909764500004,
              23.948236464000047
            ],
            [
              88.77960954800005,
              23.948658873000113
            ],
            [
              88.77967019200008,
              23.948708915000168
            ],
            [
              88.78049645400006,
              23.9496637310001
            ],
            [
              88.7809788290001,
              23.95061581200008
            ],
            [
              88.78112124500018,
              23.95121564300007
            ],
            [
              88.78121513800005,
              23.951611096000192
            ],
            [
              88.78115624800012,
              23.952649188000123
            ],
            [
              88.78113087900005,
              23.95318970699998
            ],
            [
              88.78109481000018,
              23.953958192000073
            ],
            [
              88.78088682900011,
              23.955175720000113
            ],
            [
              88.78071323300014,
              23.956333227000016
            ],
            [
              88.7806771450002,
              23.956573852000133
            ],
            [
              88.78056614000013,
              23.95792761500013
            ],
            [
              88.78050919300017,
              23.958800546000134
            ],
            [
              88.78048057000018,
              23.95923927700011
            ],
            [
              88.78045131400006,
              23.95968774000005
            ],
            [
              88.78062408500006,
              23.960908233
            ],
            [
              88.7806816860001,
              23.961315141000114
            ],
            [
              88.78110520200016,
              23.963305315000127
            ],
            [
              88.78138684600003,
              23.96470734900015
            ],
            [
              88.7816248760002,
              23.96552202400011
            ],
            [
              88.78220218800016,
              23.96683609300004
            ],
            [
              88.78244206400012,
              23.96713976900014
            ],
            [
              88.78302773200005,
              23.967881201000182
            ],
            [
              88.78361015500002,
              23.968653450000033
            ],
            [
              88.78424341400012,
              23.969245479999984
            ],
            [
              88.78482711900017,
              23.969882270000085
            ],
            [
              88.78484574400005,
              23.96990200700003
            ],
            [
              88.78555696700016,
              23.970655678000128
            ],
            [
              88.78609282000019,
              23.971156622000024
            ],
            [
              88.78672652400007,
              23.97170348900005
            ],
            [
              88.78785727800016,
              23.972468770999967
            ],
            [
              88.78899402500019,
              23.97308733400007
            ],
            [
              88.78931644300019,
              23.973259210000094
            ],
            [
              88.7918123610001,
              23.974362599000187
            ],
            [
              88.79234744900015,
              23.974550427999986
            ],
            [
              88.79270716600018,
              23.974679643000115
            ],
            [
              88.79432578900008,
              23.975008455000136
            ],
            [
              88.79441085100018,
              23.975022169000056
            ],
            [
              88.79479634400019,
              23.9750843220001
            ],
            [
              88.79550343300019,
              23.975198322000153
            ],
            [
              88.7957751190001,
              23.97520970400018
            ],
            [
              88.79682975300011,
              23.97525388300005
            ],
            [
              88.79831335600005,
              23.97518375400017
            ],
            [
              88.79928794000006,
              23.97513767700019
            ],
            [
              88.79977371500019,
              23.97503752500006
            ],
            [
              88.80059128900012,
              23.974868964000052
            ],
            [
              88.80076153900018,
              23.97483386300007
            ],
            [
              88.80081195500009,
              23.974815267000167
            ],
            [
              88.80194869200011,
              23.974372087000063
            ],
            [
              88.80236132500005,
              23.97404597200017
            ],
            [
              88.80274074800008,
              23.973746102000064
            ],
            [
              88.803751084,
              23.972796697000092
            ],
            [
              88.80398003900007,
              23.972581739000077
            ],
            [
              88.80512561400008,
              23.97091992800017
            ],
            [
              88.8051660910001,
              23.970868172000166
            ],
            [
              88.80572233200007,
              23.970156939
            ],
            [
              88.80592529600017,
              23.969791697000176
            ],
            [
              88.80652182800014,
              23.96871819800009
            ],
            [
              88.80743458600017,
              23.967152907000127
            ],
            [
              88.80757031100012,
              23.966920148000156
            ],
            [
              88.80777384800012,
              23.966468507000172
            ],
            [
              88.80813322300014,
              23.96567106100008
            ],
            [
              88.80852339600017,
              23.964805263000073
            ],
            [
              88.80902345800018,
              23.96386088800017
            ],
            [
              88.80965908700006,
              23.961270817000184
            ],
            [
              88.80968708400019,
              23.96115673100013
            ],
            [
              88.8099514050001,
              23.95912680000015
            ],
            [
              88.81001421300016,
              23.957637167000087
            ],
            [
              88.80999592800015,
              23.956544024000152
            ],
            [
              88.80998248600008,
              23.955740406000075
            ],
            [
              88.80996223500011,
              23.95332137300005
            ],
            [
              88.809959047,
              23.952940606000084
            ],
            [
              88.80995714300008,
              23.9527464250001
            ],
            [
              88.80995158500014,
              23.952206320000073
            ],
            [
              88.80993215,
              23.952059089000045
            ],
            [
              88.80989870000008,
              23.951876217
            ],
            [
              88.8098061820001,
              23.951370406000024
            ],
            [
              88.80964926700017,
              23.950336933000017
            ],
            [
              88.80963478500018,
              23.949648649000096
            ],
            [
              88.80964373100005,
              23.948673808000024
            ],
            [
              88.809638016,
              23.9479181370001
            ],
            [
              88.80963743700005,
              23.94784156600008
            ],
            [
              88.80963433500017,
              23.94743120300012
            ],
            [
              88.80972699700004,
              23.946399664000126
            ],
            [
              88.80986278700004,
              23.945201194000106
            ],
            [
              88.80998028100004,
              23.94478422000003
            ],
            [
              88.81007239899998,
              23.944457297999975
            ],
            [
              88.81011472600005,
              23.94421788200009
            ],
            [
              88.81023692600019,
              23.94352667300018
            ],
            [
              88.810287437,
              23.943386023000073
            ],
            [
              88.81050905600017,
              23.94276892400012
            ],
            [
              88.81068733400014,
              23.942039122000097
            ],
            [
              88.81069793900008,
              23.941997355000126
            ],
            [
              88.81072893400005,
              23.941875275000143
            ],
            [
              88.81086534700006,
              23.941337990000022
            ],
            [
              88.81115593400006,
              23.940086832000077
            ],
            [
              88.81119712000009,
              23.939909502000148
            ],
            [
              88.81143371900004,
              23.938890774000015
            ],
            [
              88.81145627800004,
              23.938721060000034
            ],
            [
              88.81176876800009,
              23.93637006500012
            ],
            [
              88.81215359300006,
              23.935226086000057
            ],
            [
              88.81296996900011,
              23.933511962000125
            ],
            [
              88.81354614100019,
              23.93269497600005
            ],
            [
              88.81407614700015,
              23.931943440000055
            ],
            [
              88.81487350000015,
              23.93050787300018
            ],
            [
              88.81497478300008,
              23.93032551800013
            ],
            [
              88.81623338500015,
              23.929140472000086
            ],
            [
              88.81744041200005,
              23.92790722900014
            ],
            [
              88.81838009100011,
              23.927484348000064
            ],
            [
              88.81908220700012,
              23.927320267000027
            ],
            [
              88.81937001300014,
              23.92725300700016
            ],
            [
              88.81939813900016,
              23.927261866000094
            ],
            [
              88.82000784100012,
              23.927453897000078
            ],
            [
              88.82014764200005,
              23.927497929000026
            ],
            [
              88.82060597300006,
              23.92855282700009
            ],
            [
              88.82060273500014,
              23.928909311999973
            ],
            [
              88.82059598900014,
              23.92965191800016
            ],
            [
              88.8209705860001,
              23.93075012700018
            ],
            [
              88.82097938300006,
              23.93077591800005
            ],
            [
              88.82099456500009,
              23.930840591
            ],
            [
              88.8211120360001,
              23.931340986000123
            ],
            [
              88.821320329,
              23.931682026999965
            ],
            [
              88.8213864440001,
              23.931999641000175
            ],
            [
              88.82146539000001,
              23.932311660000153
            ],
            [
              88.82160603200015,
              23.932867518000137
            ],
            [
              88.82211860300015,
              23.933677903000103
            ],
            [
              88.82282451900011,
              23.93466898200012
            ],
            [
              88.82370283200004,
              23.935489853000092
            ],
            [
              88.82408121500004,
              23.935843485000078
            ],
            [
              88.82549716400018,
              23.937377622000042
            ],
            [
              88.8259252740001,
              23.937732026000106
            ],
            [
              88.82662609300007,
              23.93831218000014
            ],
            [
              88.82788744500016,
              23.938978921000114
            ],
            [
              88.82840682200009,
              23.939042621000056
            ],
            [
              88.82909055900006,
              23.938898490000156
            ],
            [
              88.8296128990001,
              23.938633652000078
            ],
            [
              88.83039519300019,
              23.938370791000068
            ],
            [
              88.83083355000014,
              23.93831153100018
            ],
            [
              88.83185933300018,
              23.93817285200015
            ],
            [
              88.83294617800016,
              23.93805636400009
            ],
            [
              88.83342068300004,
              23.93800550400016
            ],
            [
              88.83465628100015,
              23.9379252760001
            ],
            [
              88.8350977230001,
              23.937941307000074
            ],
            [
              88.8356958380001,
              23.93796302700008
            ],
            [
              88.83617348799999,
              23.937966647000053
            ],
            [
              88.836800654,
              23.93797139700007
            ],
            [
              88.83716733200015,
              23.937912983000047
            ],
            [
              88.83787458000006,
              23.937800312000036
            ],
            [
              88.8389953680001,
              23.937337222999986
            ],
            [
              88.83908142000007,
              23.9373016670001
            ],
            [
              88.8405819940001,
              23.93668623300016
            ],
            [
              88.8439585590001,
              23.935343368000133
            ],
            [
              88.84431379700004,
              23.93484447600008
            ],
            [
              88.84474711100017,
              23.934672193000154
            ],
            [
              88.84525430000014,
              23.934470546000057
            ],
            [
              88.84826288600004,
              23.93313846200016
            ],
            [
              88.84974299499999,
              23.932427058000087
            ],
            [
              88.8498601550001,
              23.93235733199998
            ],
            [
              88.85134599500014,
              23.931473039000082
            ],
            [
              88.85178648900018,
              23.93121087500009
            ],
            [
              88.851916001,
              23.931133795000108
            ],
            [
              88.85217286500017,
              23.93096730600007
            ],
            [
              88.85247695599998,
              23.930770205000044
            ],
            [
              88.85418880400005,
              23.929660624000178
            ],
            [
              88.85479544100008,
              23.92923959800015
            ],
            [
              88.85575618500013,
              23.928572801000143
            ],
            [
              88.85695074000012,
              23.92774371100012
            ],
            [
              88.85763819700009,
              23.927164355000116
            ],
            [
              88.85858258200017,
              23.926365342000167
            ],
            [
              88.85923340000016,
              23.925814759
            ],
            [
              88.86000698700013,
              23.925215138000056
            ],
            [
              88.86004465300005,
              23.925166130000093
            ],
            [
              88.86160767400014,
              23.923954572000184
            ],
            [
              88.86162719100008,
              23.923933654000052
            ],
            [
              88.86270018300007,
              23.92278358800013
            ],
            [
              88.86428544300014,
              23.921084406000034
            ],
            [
              88.86573427600018,
              23.919414101000143
            ],
            [
              88.86627031500007,
              23.918796107000162
            ],
            [
              88.86731479500014,
              23.917313661000037
            ],
            [
              88.86826933300006,
              23.915934387000163
            ],
            [
              88.86880720400006,
              23.915157165000153
            ],
            [
              88.86960834100017,
              23.914101945000084
            ],
            [
              88.86995782600007,
              23.913641612000106
            ],
            [
              88.86997513300014,
              23.91361844400012
            ],
            [
              88.86999975900005,
              23.91358547500016
            ],
            [
              88.87051111200003,
              23.9128465390001
            ],
            [
              88.87099464700015,
              23.91214779300003
            ],
            [
              88.87144038000014,
              23.91119601400004
            ],
            [
              88.87185065600016,
              23.91040328400004
            ],
            [
              88.87199743400004,
              23.910008988000072
            ],
            [
              88.87239787200014,
              23.90893325700017
            ],
            [
              88.87295066700017,
              23.90749231600006
            ],
            [
              88.87331012500005,
              23.90568870700008
            ],
            [
              88.87343026900004,
              23.903160846000105
            ],
            [
              88.87363884700005,
              23.901762534000056
            ],
            [
              88.87351146600008,
              23.899458638000056
            ],
            [
              88.87339337300017,
              23.898633674000166
            ],
            [
              88.87323362500013,
              23.89751489000014
            ],
            [
              88.87304041800019,
              23.896752370000115
            ],
            [
              88.87264763400003,
              23.895202161000043
            ],
            [
              88.87263740500015,
              23.89516178600013
            ],
            [
              88.8725687860001,
              23.894890963000023
            ],
            [
              88.87199318000006,
              23.89330627800007
            ],
            [
              88.871654669,
              23.8924473780001
            ],
            [
              88.87136848100016,
              23.891721231000133
            ],
            [
              88.87102922000008,
              23.891191802000094
            ],
            [
              88.87049629400019,
              23.890360144000056
            ],
            [
              88.87035371900004,
              23.890135851000025
            ],
            [
              88.87024404500005,
              23.889963314000056
            ],
            [
              88.86952520800014,
              23.888832449
            ],
            [
              88.8692850880002,
              23.888454689000014
            ],
            [
              88.86826601800004,
              23.887047357000142
            ],
            [
              88.8675857720001,
              23.886102997000137
            ],
            [
              88.86693510800006,
              23.885199688000114
            ],
            [
              88.86676181300004,
              23.88495910300003
            ],
            [
              88.86556513900013,
              23.883877026999983
            ],
            [
              88.86525135300013,
              23.883593286000064
            ],
            [
              88.86513654500004,
              23.883522545000176
            ],
            [
              88.86404250300012,
              23.88255183500013
            ],
            [
              88.86290522600007,
              23.881850471000178
            ],
            [
              88.86171369300013,
              23.881411546000038
            ],
            [
              88.86023550300007,
              23.881066071000134
            ],
            [
              88.85634308200014,
              23.880439810000098
            ],
            [
              88.8547842320001,
              23.880404323000107
            ],
            [
              88.85265162400003,
              23.880603496000106
            ],
            [
              88.84908775800005,
              23.881030895000038
            ],
            [
              88.84601566800006,
              23.881676957000025
            ],
            [
              88.84547318700004,
              23.881768029000114
            ],
            [
              88.84532489700018,
              23.881792923000035
            ],
            [
              88.84369944100018,
              23.882065790000127
            ],
            [
              88.84223984200014,
              23.8825566160001
            ],
            [
              88.84143197800006,
              23.882813383000098
            ],
            [
              88.84065009600005,
              23.88307034200011
            ],
            [
              88.84027392100006,
              23.883127582999975
            ],
            [
              88.84005159600008,
              23.883161413000096
            ],
            [
              88.83953190200003,
              23.883157495000148
            ],
            [
              88.8391161460001,
              23.88315435900006
            ],
            [
              88.83844353000006,
              23.882814750000136
            ],
            [
              88.83796567600012,
              23.882461555000134
            ],
            [
              88.83749861900014,
              23.88212182200016
            ],
            [
              88.83695925100011,
              23.881057855000165
            ],
            [
              88.83673254000007,
              23.88061063600003
            ],
            [
              88.83682587000015,
              23.878890886000192
            ],
            [
              88.83757456600011,
              23.877434494000113
            ],
            [
              88.83763762300009,
              23.87731183000011
            ],
            [
              88.83771997000008,
              23.877151643000047
            ],
            [
              88.83780038100008,
              23.87680694000005
            ],
            [
              88.83803948000019,
              23.876598771000147
            ],
            [
              88.83837409800003,
              23.87630842900012
            ],
            [
              88.83891140300017,
              23.875842213999988
            ],
            [
              88.84055455800012,
              23.874569917000144
            ],
            [
              88.84191496700015,
              23.873683812000138
            ],
            [
              88.84359741700007,
              23.872231150000175
            ],
            [
              88.84490519400003,
              23.871263083000088
            ],
            [
              88.84494711900004,
              23.871232049000014
            ],
            [
              88.84508552,
              23.87112922700004
            ],
            [
              88.84578339600006,
              23.870610651000106
            ],
            [
              88.84778026300012,
              23.869442524000192
            ],
            [
              88.84933026000004,
              23.868819801000086
            ],
            [
              88.84937470400018,
              23.868801946000133
            ],
            [
              88.85062588300002,
              23.868664534000118
            ],
            [
              88.85132260700016,
              23.868652565000104
            ],
            [
              88.85135884700014,
              23.868651942000156
            ],
            [
              88.85166179000004,
              23.868647428000145
            ],
            [
              88.85284057000007,
              23.86861106100008
            ],
            [
              88.85432502900005,
              23.868572443000062
            ],
            [
              88.85556727400007,
              23.868927126000187
            ],
            [
              88.85642570700014,
              23.8692699180001
            ],
            [
              88.85729970600005,
              23.86965797900018
            ],
            [
              88.85742582500012,
              23.869779147000088
            ],
            [
              88.85818073900003,
              23.87050441800011
            ],
            [
              88.858705616,
              23.87098470899997
            ],
            [
              88.85927332100005,
              23.871621104000155
            ],
            [
              88.859732705,
              23.872186700000043
            ],
            [
              88.86005396500013,
              23.8727196640001
            ],
            [
              88.86009312300018,
              23.872757095999987
            ],
            [
              88.86012061800005,
              23.872783377000133
            ],
            [
              88.86122292600015,
              23.873809806000054
            ],
            [
              88.86229557700017,
              23.874684736000177
            ],
            [
              88.86404084000003,
              23.875998125000024
            ],
            [
              88.866145545,
              23.876979395000035
            ],
            [
              88.86629237900007,
              23.877048800000182
            ],
            [
              88.867867333,
              23.87769709600019
            ],
            [
              88.86825774400006,
              23.877806733000114
            ],
            [
              88.86959288500015,
              23.87818166300002
            ],
            [
              88.87151918500018,
              23.878204831000176
            ],
            [
              88.87316636800017,
              23.87820786700007
            ],
            [
              88.87447417100009,
              23.878198242000053
            ],
            [
              88.8748584940002,
              23.878195411000092
            ],
            [
              88.87612587100017,
              23.87796760100008
            ],
            [
              88.87694225900003,
              23.877882472000067
            ],
            [
              88.8775626010002,
              23.877817782000022
            ],
            [
              88.87778784100016,
              23.877752082000086
            ],
            [
              88.87895211500006,
              23.877412471000184
            ],
            [
              88.87899258300018,
              23.87739792600013
            ],
            [
              88.87993949500003,
              23.877058094000063
            ],
            [
              88.88147370700011,
              23.876849875000175
            ],
            [
              88.88118031200008,
              23.877468963000013
            ],
            [
              88.8808900840001,
              23.87788112100003
            ],
            [
              88.88110658300013,
              23.87820760000011
            ],
            [
              88.88148972900007,
              23.878805476000025
            ],
            [
              88.88171311500003,
              23.88002576800011
            ],
            [
              88.88177202800006,
              23.880427640000164
            ],
            [
              88.8818790700002,
              23.880672151000056
            ],
            [
              88.8819662370002,
              23.880934147000062
            ],
            [
              88.8826734050001,
              23.880845345000182
            ],
            [
              88.88273161900014,
              23.881242421000138
            ],
            [
              88.88288981000017,
              23.88147268400013
            ],
            [
              88.88323526500005,
              23.881975526000133
            ],
            [
              88.88288096800011,
              23.882867501000135
            ],
            [
              88.88285704200013,
              23.882927736000056
            ],
            [
              88.88278812800007,
              23.88287289600015
            ],
            [
              88.88191634700019,
              23.882824353000103
            ],
            [
              88.88141438600013,
              23.88289078400004
            ],
            [
              88.88136043600008,
              23.882897924000076
            ],
            [
              88.88121843200008,
              23.88291671600001
            ],
            [
              88.88122787900005,
              23.88303432300006
            ],
            [
              88.8813176450002,
              23.88347465200019
            ],
            [
              88.88138736400003,
              23.883828811000114
            ],
            [
              88.88138161200004,
              23.884497842000144
            ],
            [
              88.88170218500005,
              23.885010870000087
            ],
            [
              88.88191126700008,
              23.885150501000055
            ],
            [
              88.8819391360002,
              23.88516911300013
            ],
            [
              88.88240869000015,
              23.885389274000147
            ],
            [
              88.88310826000009,
              23.885501715000146
            ],
            [
              88.88314051100019,
              23.885563056000137
            ],
            [
              88.88332538500003,
              23.885997962999966
            ],
            [
              88.88334594700012,
              23.886046331000102
            ],
            [
              88.88333943500015,
              23.886804909000148
            ],
            [
              88.88309907100017,
              23.887345040000127
            ],
            [
              88.88262206200005,
              23.88799182700012
            ],
            [
              88.88254523800009,
              23.88839594900014
            ],
            [
              88.88249861800011,
              23.88864118200013
            ],
            [
              88.88319832000008,
              23.88951326400013
            ],
            [
              88.88401402900018,
              23.89060293300014
            ],
            [
              88.88401030900008,
              23.891036407000115
            ],
            [
              88.88353515100016,
              23.891466460000117
            ],
            [
              88.88305998700014,
              23.89189651000015
            ],
            [
              88.88293840400007,
              23.892329127000153
            ],
            [
              88.88328919500009,
              23.892656799000065
            ],
            [
              88.88446501900017,
              23.892990455000188
            ],
            [
              88.8850533960001,
              23.89310309700005
            ],
            [
              88.88563713400009,
              23.893757578000134
            ],
            [
              88.88569997400015,
              23.89386056500001
            ],
            [
              88.88656704100003,
              23.895281562000093
            ],
            [
              88.8882060150001,
              23.896593917000075
            ],
            [
              88.8884520520001,
              23.89685682900017
            ],
            [
              88.88848974000007,
              23.896897101000093
            ],
            [
              88.88919095800014,
              23.897646403000124
            ],
            [
              88.88902324200012,
              23.89827060500005
            ],
            [
              88.88973663100012,
              23.898880851000115
            ],
            [
              88.88983299200015,
              23.899315048000062
            ],
            [
              88.88918466200016,
              23.89974838200004
            ],
            [
              88.88771531900016,
              23.899843881000038
            ],
            [
              88.88605694800003,
              23.89996734600004
            ],
            [
              88.88589358600018,
              23.90061867200012
            ],
            [
              88.88667221500003,
              23.90070785
            ],
            [
              88.88643277400018,
              23.900995115000057
            ],
            [
              88.88627126900008,
              23.901429704000066
            ],
            [
              88.88611164000008,
              23.90164529800012
            ],
            [
              88.88619865700008,
              23.90172043700005
            ],
            [
              88.88666351400013,
              23.90172380200005
            ],
            [
              88.88721869000005,
              23.90165438600019
            ],
            [
              88.88831703900007,
              23.902169264000122
            ],
            [
              88.88871051900009,
              23.902543813000136
            ],
            [
              88.88878476600013,
              23.902827409000167
            ],
            [
              88.88846612800006,
              23.903186359000188
            ],
            [
              88.88799123900009,
              23.90332968200005
            ],
            [
              88.88735797600003,
              23.903541852000046
            ],
            [
              88.88727162900005,
              23.904412742000147
            ],
            [
              88.88710579100018,
              23.90535305100002
            ],
            [
              88.88733810900004,
              23.90586273700012
            ],
            [
              88.88860699600014,
              23.906090923000193
            ],
            [
              88.89017747900016,
              23.906102265000015
            ],
            [
              88.89018181700015,
              23.905594289000135
            ],
            [
              88.89043272700013,
              23.903927576000115
            ],
            [
              88.89091323700012,
              23.90385767100014
            ],
            [
              88.89100132200019,
              23.904148789000033
            ],
            [
              88.89178679500009,
              23.904590209000162
            ],
            [
              88.89209678800006,
              23.905244953000135
            ],
            [
              88.89248752000009,
              23.90568352500003
            ],
            [
              88.89292033400017,
              23.905831142000068
            ],
            [
              88.89306892000019,
              23.90586607900002
            ],
            [
              88.89348560400003,
              23.905965491000075
            ],
            [
              88.8942496310001,
              23.90614777000019
            ],
            [
              88.89644710500005,
              23.90647900600004
            ],
            [
              88.89664710300008,
              23.90650915200007
            ],
            [
              88.89681559900015,
              23.906533925000076
            ],
            [
              88.89689857399998,
              23.9065461080001
            ],
            [
              88.89770454900014,
              23.906749906000073
            ],
            [
              88.89954524200016,
              23.907215323000116
            ],
            [
              88.90265794200013,
              23.908127871000147
            ],
            [
              88.90295538600003,
              23.90821506900005
            ],
            [
              88.90404760200016,
              23.90842005700017
            ],
            [
              88.905829854,
              23.908754534000025
            ],
            [
              88.90595666500013,
              23.90877833100012
            ],
            [
              88.90674379200016,
              23.90888336400019
            ],
            [
              88.90819429500016,
              23.90907690500012
            ],
            [
              88.90855953699997,
              23.909125637999978
            ],
            [
              88.90895934100001,
              23.90917898000015
            ],
            [
              88.90965386100015,
              23.90930456100017
            ],
            [
              88.91001974400012,
              23.909370717000115
            ],
            [
              88.91026634700017,
              23.90941530599997
            ],
            [
              88.91047137400017,
              23.909452376000047
            ],
            [
              88.91177758600008,
              23.909688545000108
            ],
            [
              88.912020761,
              23.909732511000016
            ],
            [
              88.91207855200008,
              23.909742959000027
            ],
            [
              88.91317072000004,
              23.90991154200003
            ],
            [
              88.91328622200018,
              23.909929370000043
            ],
            [
              88.91356996500014,
              23.909973166000157
            ],
            [
              88.91360163500008,
              23.90997805400019
            ],
            [
              88.9137448240001,
              23.910000155000148
            ],
            [
              88.91442881400008,
              23.910105725000165
            ],
            [
              88.91501154300005,
              23.910195665000174
            ],
            [
              88.91517150700014,
              23.91017231400008
            ],
            [
              88.91535804400019,
              23.91014508300003
            ],
            [
              88.91560417500006,
              23.90996665900002
            ],
            [
              88.91577202700006,
              23.90984497900007
            ],
            [
              88.91628030800013,
              23.909476513000186
            ],
            [
              88.91641542000013,
              23.909378565000054
            ],
            [
              88.91654644400012,
              23.90929182100018
            ],
            [
              88.91675261500006,
              23.909384633
            ],
            [
              88.91677890900007,
              23.909396470000047
            ],
            [
              88.91680042200016,
              23.909462545000054
            ],
            [
              88.91680949600004,
              23.909490414000174
            ],
            [
              88.91685278500017,
              23.909623370000133
            ],
            [
              88.91686667500005,
              23.909666032000132
            ],
            [
              88.9168959920001,
              23.90975607300004
            ],
            [
              88.91691316499998,
              23.909808819000148
            ],
            [
              88.9169264050002,
              23.909849482000027
            ],
            [
              88.9169343860001,
              23.909873995
            ],
            [
              88.916976798,
              23.910004255000104
            ],
            [
              88.91700879600018,
              23.910102530000188
            ],
            [
              88.91703091300013,
              23.910127996000142
            ],
            [
              88.91710171400007,
              23.910209507000047
            ],
            [
              88.91722647000006,
              23.910015256000065
            ],
            [
              88.91785492400004,
              23.90945813500008
            ],
            [
              88.91837672700012,
              23.909222851000152
            ],
            [
              88.91923600700017,
              23.909037727999987
            ],
            [
              88.919871983,
              23.909137780000094
            ],
            [
              88.92005431400008,
              23.9090912690001
            ],
            [
              88.92019775900019,
              23.90903253700003
            ],
            [
              88.92028912300009,
              23.908985388000133
            ],
            [
              88.92089980300017,
              23.90900162300011
            ],
            [
              88.9214134880001,
              23.90906496600013
            ],
            [
              88.92175644600007,
              23.90908170900019
            ],
            [
              88.922437361,
              23.90909126100007
            ],
            [
              88.92314399000014,
              23.90913444500012
            ],
            [
              88.92344263000012,
              23.909146094000107
            ],
            [
              88.92372456200019,
              23.909226008000132
            ],
            [
              88.92375380500005,
              23.90923429600008
            ],
            [
              88.92408873700003,
              23.909294449000186
            ],
            [
              88.92438428900016,
              23.909386124000036
            ],
            [
              88.9245552650001,
              23.909455423
            ],
            [
              88.92466057000019,
              23.90954607100008
            ],
            [
              88.92465663200005,
              23.90962478900019
            ],
            [
              88.92463521400003,
              23.909903162000035
            ],
            [
              88.92457810700006,
              23.910231499000076
            ],
            [
              88.92457096400005,
              23.910531285000047
            ],
            [
              88.9246100260001,
              23.91061592900013
            ],
            [
              88.92489561600013,
              23.91071425399997
            ],
            [
              88.92546337800019,
              23.910968692999973
            ],
            [
              88.92643057200013,
              23.91119817700013
            ],
            [
              88.92664089200008,
              23.91128046900002
            ],
            [
              88.92784065900014,
              23.911749897000163
            ],
            [
              88.92879708200013,
              23.912032001000057
            ],
            [
              88.92902345200008,
              23.912098769000067
            ],
            [
              88.92972228000014,
              23.912304888000165
            ],
            [
              88.93148870900018,
              23.912533925
            ],
            [
              88.9329735460002,
              23.912858840000126
            ],
            [
              88.93526914900019,
              23.91336113800014
            ],
            [
              88.93884350300016,
              23.914915173000054
            ],
            [
              88.94068055500009,
              23.91595535600004
            ],
            [
              88.94163817700013,
              23.916463761000102
            ],
            [
              88.9428263160001,
              23.917043798
            ],
            [
              88.94357845900004,
              23.91730922100004
            ],
            [
              88.94437064600015,
              23.91738635000013
            ],
            [
              88.94470576300006,
              23.91744524100011
            ],
            [
              88.94505223100015,
              23.917506127000024
            ],
            [
              88.94619711100017,
              23.918056611000054
            ],
            [
              88.946973404,
              23.918492053000023
            ],
            [
              88.94767785100015,
              23.91881230100006
            ],
            [
              88.94817544200004,
              23.918997314000023
            ],
            [
              88.94843335900015,
              23.919247594000126
            ],
            [
              88.94849481400013,
              23.919362714000044
            ],
            [
              88.94843072800018,
              23.919572558000027
            ],
            [
              88.94847076900004,
              23.919763997000132
            ],
            [
              88.9487391620001,
              23.920004790000064
            ],
            [
              88.94894458400006,
              23.92023240800006
            ],
            [
              88.94991520100018,
              23.921070612000165
            ],
            [
              88.95006702,
              23.92120509100016
            ],
            [
              88.95073079800005,
              23.921793053000158
            ],
            [
              88.9510092110001,
              23.922081702000128
            ],
            [
              88.95139270100003,
              23.92259150600006
            ],
            [
              88.9518734020001,
              23.923153944000035
            ],
            [
              88.9527601870002,
              23.924077584000088
            ],
            [
              88.95362665100009,
              23.924943732000145
            ],
            [
              88.95387465400012,
              23.92513658600012
            ],
            [
              88.95450732700016,
              23.92523286500017
            ],
            [
              88.95462360300019,
              23.925366003000192
            ],
            [
              88.95518634300004,
              23.925100351000026
            ],
            [
              88.95530059300006,
              23.925046417000033
            ],
            [
              88.95549562900004,
              23.92495434500006
            ],
            [
              88.95553891900005,
              23.924933909000117
            ],
            [
              88.955568459,
              23.924967918
            ],
            [
              88.95583444300019,
              23.925444465999988
            ],
            [
              88.95595500900004,
              23.925652668
            ],
            [
              88.95610075600013,
              23.925904353000135
            ],
            [
              88.95718386200019,
              23.92777468900016
            ],
            [
              88.95816684800019,
              23.930165636000027
            ],
            [
              88.9584975410001,
              23.93168055400014
            ],
            [
              88.95873547600013,
              23.93277052300016
            ],
            [
              88.95882235400006,
              23.93327244700015
            ],
            [
              88.95897277700016,
              23.934141483000076
            ],
            [
              88.95918622400012,
              23.935374608000075
            ],
            [
              88.95928891900019,
              23.937271890000034
            ],
            [
              88.959216061,
              23.939005417000033
            ],
            [
              88.95911282300017,
              23.939664006000044
            ],
            [
              88.95902963700007,
              23.94019629100012
            ],
            [
              88.95891986800012,
              23.940619318000074
            ],
            [
              88.95866461000014,
              23.941602709000165
            ],
            [
              88.95788340900009,
              23.943439806000185
            ],
            [
              88.95745766300018,
              23.945062559000064
            ],
            [
              88.9568028440001,
              23.94597364200007
            ],
            [
              88.95668252000007,
              23.946141053000133
            ],
            [
              88.95595964600017,
              23.947230008000076
            ],
            [
              88.95578727300017,
              23.94748967099997
            ],
            [
              88.95447973699999,
              23.948781287000088
            ],
            [
              88.95416058700005,
              23.94911840000003
            ],
            [
              88.95340932200014,
              23.94991194400012
            ],
            [
              88.95263674300008,
              23.950665307
            ],
            [
              88.95247599700014,
              23.951463918000115
            ],
            [
              88.95247079300003,
              23.951531544000034
            ],
            [
              88.95257995900005,
              23.952616047000106
            ],
            [
              88.95316255199998,
              23.953487028000154
            ],
            [
              88.95315993000014,
              23.95381213900015
            ],
            [
              88.9531433730001,
              23.953885387000184
            ],
            [
              88.95303763400017,
              23.954353185000173
            ],
            [
              88.95279610500012,
              23.95505598000011
            ],
            [
              88.95225626900009,
              23.956190244000027
            ],
            [
              88.9518981240002,
              23.956729678000045
            ],
            [
              88.95165614600006,
              23.95748665700006
            ],
            [
              88.95147532100009,
              23.95797311299998
            ],
            [
              88.95141504300011,
              23.958135265000067
            ],
            [
              88.9509449570001,
              23.958304351000038
            ],
            [
              88.95082367300017,
              23.958347976000027
            ],
            [
              88.95069961000013,
              23.959105759000124
            ],
            [
              88.95064842700009,
              23.959502187000055
            ],
            [
              88.95063670000008,
              23.95959301800019
            ],
            [
              88.9502235270001,
              23.959644383000068
            ],
            [
              88.94998592300016,
              23.959859509000125
            ],
            [
              88.94986404800011,
              23.960346367000056
            ],
            [
              88.95003698500011,
              23.960835240000108
            ],
            [
              88.95000910100009,
              23.961028534000093
            ],
            [
              88.94997451100011,
              23.961268316000087
            ],
            [
              88.949142747,
              23.96131872500007
            ],
            [
              88.94852120000019,
              23.961517930000127
            ],
            [
              88.948281925,
              23.961946076000174
            ],
            [
              88.94798034900015,
              23.962472627000125
            ],
            [
              88.94771745400016,
              23.962928
            ],
            [
              88.94766707900015,
              23.96301525700011
            ],
            [
              88.9476474870001,
              23.963072290000127
            ],
            [
              88.9474747480001,
              23.963577341000075
            ],
            [
              88.94734547899998,
              23.96395529200015
            ],
            [
              88.94725227800018,
              23.964227787000084
            ],
            [
              88.94718742800018,
              23.96441738900012
            ],
            [
              88.94716429300013,
              23.964482418000102
            ],
            [
              88.94714099700013,
              23.964547900000184
            ],
            [
              88.9471103800002,
              23.96463396400003
            ],
            [
              88.94699724100013,
              23.964609028999973
            ],
            [
              88.9465242710001,
              23.964983635000067
            ],
            [
              88.94652175700003,
              23.965292939999983
            ],
            [
              88.9465203090001,
              23.965471298000182
            ],
            [
              88.94721908200012,
              23.966559849000078
            ],
            [
              88.9485035730001,
              23.96814010100013
            ],
            [
              88.94907338500013,
              23.96881172500008
            ],
            [
              88.94927968300016,
              23.969054882000023
            ],
            [
              88.94997716600005,
              23.96987697300011
            ],
            [
              88.95072322600015,
              23.970756307000045
            ],
            [
              88.95159573300015,
              23.971854704000066
            ],
            [
              88.95323343700011,
              23.97391634300004
            ],
            [
              88.9556315050001,
              23.976371137000115
            ],
            [
              88.95650927200018,
              23.977213104000043
            ],
            [
              88.95767975799998,
              23.978335828000013
            ],
            [
              88.95821645799998,
              23.978820389000077
            ],
            [
              88.95954047500004,
              23.980020515000092
            ],
            [
              88.95964769300019,
              23.980733087000033
            ],
            [
              88.95958784900006,
              23.98084105600003
            ],
            [
              88.95870152400016,
              23.98105179600003
            ],
            [
              88.95905800600019,
              23.981757513000105
            ],
            [
              88.96024045400014,
              23.981604623000067
            ],
            [
              88.96136799300007,
              23.98172048700002
            ],
            [
              88.96138935200014,
              23.981772074000105
            ],
            [
              88.96149988100018,
              23.982039023000084
            ],
            [
              88.96171991500006,
              23.982570445000192
            ],
            [
              88.96177128500005,
              23.982694515000162
            ],
            [
              88.96246524300011,
              23.9825423260001
            ],
            [
              88.96310448600013,
              23.98357426000001
            ],
            [
              88.96362657500009,
              23.984661546000098
            ],
            [
              88.96427653700005,
              23.985313829000177
            ],
            [
              88.96545303800013,
              23.984890626000038
            ],
            [
              88.9665765700002,
              23.984518885000114
            ],
            [
              88.96668039000008,
              23.984519584999987
            ],
            [
              88.96763810300018,
              23.98452603300018
            ],
            [
              88.96834061000015,
              23.985181015000023
            ],
            [
              88.96871497100011,
              23.98576390700009
            ],
            [
              88.96903967100013,
              23.986269473
            ],
            [
              88.96931474500019,
              23.986713855000175
            ],
            [
              88.96968020300005,
              23.9873033450001
            ],
            [
              88.96981634600019,
              23.98776676300008
            ],
            [
              88.96996732000008,
              23.988280658000065
            ],
            [
              88.96995953700008,
              23.989258713000083
            ],
            [
              88.96995826600005,
              23.989418544000046
            ],
            [
              88.97025997100002,
              23.99066109200004
            ],
            [
              88.97030091900007,
              23.99082972900004
            ],
            [
              88.97034998500004,
              23.99207638000007
            ],
            [
              88.9703453680001,
              23.99265661100003
            ],
            [
              88.97034481300011,
              23.99272660100013
            ],
            [
              88.97012357700015,
              23.993256793000114
            ],
            [
              88.97013068600012,
              23.993283218999977
            ],
            [
              88.97010798600019,
              23.99333761800017
            ],
            [
              88.97000197700004,
              23.99359166700009
            ],
            [
              88.97004974500004,
              23.99500087000007
            ],
            [
              88.96975442100012,
              23.995053076000147
            ],
            [
              88.96768843600017,
              23.995255933000124
            ],
            [
              88.96650626200005,
              23.99557309700009
            ],
            [
              88.96568055700004,
              23.99556752899997
            ],
            [
              88.96532105100016,
              23.99626954500019
            ],
            [
              88.96531585400015,
              23.99691976400004
            ],
            [
              88.96460463300019,
              23.997348465000073
            ],
            [
              88.96451894000012,
              23.997709237000095
            ],
            [
              88.96436047400016,
              23.99837638300005
            ],
            [
              88.96400268800005,
              23.998861657000077
            ],
            [
              88.9637021440002,
              23.999564067000108
            ],
            [
              88.96340203300014,
              24.000212291000082
            ],
            [
              88.96351044500005,
              24.00140515400011
            ],
            [
              88.9636782770001,
              24.002544232000048
            ],
            [
              88.96351280100009,
              24.00318207600003
            ],
            [
              88.96341893500016,
              24.00354332500018
            ],
            [
              88.96331309599998,
              24.00395064300011
            ],
            [
              88.96336773700017,
              24.004492890000165
            ],
            [
              88.96371251900007,
              24.005633163000084
            ],
            [
              88.96311660500015,
              24.006387762000088
            ],
            [
              88.96305197600009,
              24.007091765000155
            ],
            [
              88.96298690800018,
              24.007849952000072
            ],
            [
              88.96297972300005,
              24.008746257999974
            ],
            [
              88.96299926500006,
              24.008998514999973
            ],
            [
              88.9629931990001,
              24.009035404000088
            ],
            [
              88.96294784600013,
              24.009786954000106
            ],
            [
              88.96294231500013,
              24.009940447000133
            ],
            [
              88.9629234590002,
              24.010452844000156
            ],
            [
              88.96287398800007,
              24.011548647000154
            ],
            [
              88.96148604800015,
              24.01145978600016
            ],
            [
              88.96053402700016,
              24.011453333000077
            ],
            [
              88.96013470700018,
              24.011467681
            ],
            [
              88.95986270000014,
              24.01147745300011
            ],
            [
              88.95816155000006,
              24.01146589900003
            ],
            [
              88.95501455400012,
              24.011361329000067
            ],
            [
              88.95354441900008,
              24.011312457000145
            ],
            [
              88.9535815530001,
              24.01197653700018
            ],
            [
              88.95338018200005,
              24.012562194000054
            ],
            [
              88.95322760100015,
              24.013193341000147
            ],
            [
              88.95302586000008,
              24.01382415
            ],
            [
              88.95287254100009,
              24.014545604000034
            ],
            [
              88.95286778700006,
              24.015132602000108
            ],
            [
              88.95275187500005,
              24.01579910600003
            ],
            [
              88.95205227300005,
              24.01556052799998
            ],
            [
              88.95101932800014,
              24.01563474300019
            ],
            [
              88.9505080720001,
              24.015710265000052
            ],
            [
              88.94957029400013,
              24.01579415300006
            ],
            [
              88.9486564680002,
              24.015652416000137
            ],
            [
              88.94779309300009,
              24.015730030000157
            ],
            [
              88.94709094100006,
              24.01566650400008
            ],
            [
              88.94651614600019,
              24.01558353000013
            ],
            [
              88.945919146,
              24.01547330700015
            ],
            [
              88.94521106400003,
              24.01519524100007
            ],
            [
              88.94472007400009,
              24.015121867
            ],
            [
              88.94427812900005,
              24.015062380000188
            ],
            [
              88.94396752000017,
              24.015214739000044
            ],
            [
              88.94379007600008,
              24.015746044000082
            ],
            [
              88.94326661800011,
              24.015875046000076
            ],
            [
              88.94283119000016,
              24.01543177200017
            ],
            [
              88.94219373800013,
              24.015384473999973
            ],
            [
              88.94180408700015,
              24.015354690000038
            ],
            [
              88.941285149,
              24.01543012900015
            ],
            [
              88.94086813100017,
              24.01544079500013
            ],
            [
              88.9406814460001,
              24.01558001000018
            ],
            [
              88.94058009700012,
              24.015656019000176
            ],
            [
              88.94040120800014,
              24.016111862000116
            ],
            [
              88.9404613270001,
              24.016679776000046
            ],
            [
              88.94065726600002,
              24.017740043000117
            ],
            [
              88.94079307200008,
              24.018171756000015
            ],
            [
              88.9407591100001,
              24.01847262100017
            ],
            [
              88.94074162600009,
              24.01862670600019
            ],
            [
              88.94073244900011,
              24.01870853100013
            ],
            [
              88.94025653500017,
              24.01893385400001
            ],
            [
              88.93926177500015,
              24.01940562599998
            ],
            [
              88.9383963320002,
              24.01973152900007
            ],
            [
              88.93761460100006,
              24.020114454
            ],
            [
              88.93689382600002,
              24.020407483000042
            ],
            [
              88.93629371600014,
              24.020674255000074
            ],
            [
              88.93565755600008,
              24.020877556000073
            ],
            [
              88.93411100999998,
              24.021302561000027
            ],
            [
              88.9336110660002,
              24.021482940000112
            ],
            [
              88.9334049790001,
              24.021557295000093
            ],
            [
              88.93252731300015,
              24.021648268000092
            ],
            [
              88.93190458900017,
              24.02193518500013
            ],
            [
              88.93104529700008,
              24.022107558000073
            ],
            [
              88.93054633500003,
              24.022391704000142
            ],
            [
              88.9301456680002,
              24.02262059100019
            ],
            [
              88.93010679700006,
              24.02264288000015
            ],
            [
              88.92931614100019,
              24.023134071000186
            ],
            [
              88.92826149400008,
              24.02351955500012
            ],
            [
              88.92767121100019,
              24.023560580000037
            ],
            [
              88.92712187300003,
              24.023628983000094
            ],
            [
              88.92616734000018,
              24.023428126000113
            ],
            [
              88.92602023800009,
              24.023381939000103
            ],
            [
              88.92572385100016,
              24.023215758000106
            ],
            [
              88.92528623200008,
              24.022970387000157
            ],
            [
              88.92464791800006,
              24.02287559700011
            ],
            [
              88.92386062200012,
              24.02296038100002
            ],
            [
              88.92331949800007,
              24.02300173400016
            ],
            [
              88.92272996700007,
              24.022952435000093
            ],
            [
              88.92223099100016,
              24.022956856000178
            ],
            [
              88.921871684,
              24.023458971000082
            ],
            [
              88.922013456,
              24.024043657000163
            ],
            [
              88.9218168760001,
              24.02413592500011
            ],
            [
              88.92142284700009,
              24.024223463000112
            ],
            [
              88.92123348400014,
              24.02430877000012
            ],
            [
              88.92107345500017,
              24.024853185000154
            ],
            [
              88.92082498100018,
              24.02525201000003
            ],
            [
              88.91980544700004,
              24.02582182000009
            ],
            [
              88.91926280200016,
              24.02604377200015
            ],
            [
              88.918934622,
              24.02619272800007
            ],
            [
              88.9188627040001,
              24.026227778000134
            ],
            [
              88.91852048800001,
              24.026625560000184
            ],
            [
              88.91856360300011,
              24.027348358000097
            ],
            [
              88.9187594350002,
              24.027784896000185
            ],
            [
              88.91886444000005,
              24.02801896600016
            ],
            [
              88.9189497110001,
              24.028209044000107
            ],
            [
              88.91902350800007,
              24.02840825800007
            ],
            [
              88.91949523600005,
              24.029681669000183
            ],
            [
              88.91967089100007,
              24.030155836000063
            ],
            [
              88.9199102820001,
              24.030925173000185
            ],
            [
              88.92003309700004,
              24.03171866200006
            ],
            [
              88.92005021800014,
              24.031829277000043
            ],
            [
              88.92029074800013,
              24.032463156000176
            ],
            [
              88.92062471300017,
              24.033131558000036
            ],
            [
              88.92100681600004,
              24.033628707000048
            ],
            [
              88.92165711900014,
              24.03369199000008
            ],
            [
              88.9225454430001,
              24.03329183900007
            ],
            [
              88.9231574910001,
              24.03326086600009
            ],
            [
              88.92399744400007,
              24.033688128999984
            ],
            [
              88.92427764700005,
              24.03450516300012
            ],
            [
              88.9246945270001,
              24.035293800999966
            ],
            [
              88.92488195700014,
              24.03610792300003
            ],
            [
              88.92494357300006,
              24.036530685
            ],
            [
              88.92435554400004,
              24.036664159000054
            ],
            [
              88.9237241260002,
              24.036955073000115
            ],
            [
              88.92359165700015,
              24.037543846000062
            ],
            [
              88.9234883220002,
              24.038143695000088
            ],
            [
              88.92346179600014,
              24.03856119700015
            ],
            [
              88.9232861500002,
              24.038803805000157
            ],
            [
              88.92319894900015,
              24.039200564000055
            ],
            [
              88.92309800200007,
              24.039513687000067
            ],
            [
              88.923211508,
              24.039979589000097
            ],
            [
              88.92314799100018,
              24.04045489400005
            ],
            [
              88.92290198400019,
              24.040946005000137
            ],
            [
              88.92259655400011,
              24.041273759000035
            ],
            [
              88.9222395380001,
              24.041492505000065
            ],
            [
              88.92204774600003,
              24.04180026800003
            ],
            [
              88.92196413700015,
              24.04224446400019
            ],
            [
              88.92195934799997,
              24.042317951000143
            ],
            [
              88.92192564200002,
              24.042835156000024
            ],
            [
              88.92149288000013,
              24.04298390200006
            ],
            [
              88.92039771300017,
              24.043195191000052
            ],
            [
              88.91915942000014,
              24.043432553000173
            ],
            [
              88.918222991,
              24.043586243000107
            ],
            [
              88.91704899400014,
              24.043723571999976
            ],
            [
              88.91669604500015,
              24.04376058400004
            ],
            [
              88.91659300600008,
              24.043771145000107
            ],
            [
              88.91647676800005,
              24.04378916400009
            ],
            [
              88.91616054700006,
              24.044219641000097
            ],
            [
              88.91619311,
              24.04480689700017
            ],
            [
              88.91622775100012,
              24.04492680500016
            ],
            [
              88.9162383600002,
              24.04496340100019
            ],
            [
              88.9163950030001,
              24.045503725000117
            ],
            [
              88.91692110600002,
              24.046238971000037
            ],
            [
              88.91733739900013,
              24.046729596000034
            ],
            [
              88.91742297399998,
              24.04696952600017
            ],
            [
              88.91721028900008,
              24.04719154300011
            ],
            [
              88.91704910900006,
              24.04741450500012
            ],
            [
              88.91683531200005,
              24.04756368300019
            ],
            [
              88.9160402230001,
              24.04713133500013
            ],
            [
              88.91548706500015,
              24.046800037000082
            ],
            [
              88.91435225400011,
              24.046823603000064
            ],
            [
              88.91329215800016,
              24.046842105000167
            ],
            [
              88.91324851500019,
              24.046842866000134
            ],
            [
              88.91189525400006,
              24.046980939000093
            ],
            [
              88.91112904400006,
              24.04781231800007
            ],
            [
              88.91034775600008,
              24.048390547000054
            ],
            [
              88.91017134700013,
              24.048918473000015
            ],
            [
              88.91015448700017,
              24.049831057000063
            ],
            [
              88.90987133900018,
              24.050054258000102
            ],
            [
              88.90973059700008,
              24.050125506000143
            ],
            [
              88.90914477000018,
              24.05042427600017
            ],
            [
              88.90921603100014,
              24.05095275800005
            ],
            [
              88.90956928400016,
              24.05166421900003
            ],
            [
              88.9099039780001,
              24.051844967000022
            ],
            [
              88.91018877100015,
              24.051747652000074
            ],
            [
              88.91043324600003,
              24.051620700000058
            ],
            [
              88.91078829000008,
              24.051456279000035
            ],
            [
              88.9112451100001,
              24.050989044
            ],
            [
              88.91159599200017,
              24.050877131000107
            ],
            [
              88.91185257700016,
              24.051391470999988
            ],
            [
              88.91191579500003,
              24.05198571700015
            ],
            [
              88.91181969400003,
              24.052630760000113
            ],
            [
              88.91182459100014,
              24.052736648
            ],
            [
              88.91185478600005,
              24.05338962600007
            ],
            [
              88.91199960100005,
              24.053914223
            ],
            [
              88.91208465500017,
              24.054339527000025
            ],
            [
              88.91204421200013,
              24.054689197000187
            ],
            [
              88.91223805200013,
              24.054954734000034
            ],
            [
              88.91247707500014,
              24.055220593000115
            ],
            [
              88.91283986800005,
              24.05527735800007
            ],
            [
              88.91337237200003,
              24.055254047
            ],
            [
              88.91366901700019,
              24.055538375000083
            ],
            [
              88.91401298000011,
              24.05611655000007
            ],
            [
              88.91426518200018,
              24.056788902000108
            ],
            [
              88.91425179200013,
              24.056955882000068
            ],
            [
              88.91422350300002,
              24.057305754000083
            ],
            [
              88.91421165300011,
              24.05745230900004
            ],
            [
              88.91433968400014,
              24.058097384000177
            ],
            [
              88.9143853180002,
              24.058327304000045
            ],
            [
              88.91493538500015,
              24.059040915000026
            ],
            [
              88.9152952770001,
              24.059507801999985
            ],
            [
              88.91525878300007,
              24.059852212000067
            ],
            [
              88.91487236000017,
              24.05997238500015
            ],
            [
              88.91476349400006,
              24.060210719000168
            ],
            [
              88.91485184300018,
              24.060356155000136
            ],
            [
              88.91499904200015,
              24.06059846900007
            ],
            [
              88.91515030200009,
              24.060922404000166
            ],
            [
              88.91538783900012,
              24.06118373400011
            ],
            [
              88.91562397100012,
              24.06142924900007
            ],
            [
              88.91592705700015,
              24.06193713900018
            ],
            [
              88.91619081599998,
              24.06255312200011
            ],
            [
              88.91661764200018,
              24.063189399000066
            ],
            [
              88.91699584600019,
              24.063753190000057
            ],
            [
              88.91711509600009,
              24.063917981000145
            ],
            [
              88.91738505800004,
              24.064291038000192
            ],
            [
              88.91761020200005,
              24.06460194700003
            ],
            [
              88.91836264700004,
              24.06570905400008
            ],
            [
              88.91857585500009,
              24.066022753000027
            ],
            [
              88.91923362000006,
              24.066990530000055
            ],
            [
              88.91953453300016,
              24.06743326100019
            ],
            [
              88.92040585600006,
              24.068508543000178
            ],
            [
              88.92063856700003,
              24.06879572400004
            ],
            [
              88.92136716300013,
              24.06999297300007
            ],
            [
              88.92161973600014,
              24.070407927000133
            ],
            [
              88.92174537700015,
              24.07060658600011
            ],
            [
              88.92282743900012,
              24.072317488000124
            ],
            [
              88.92275284400012,
              24.07241237900007
            ],
            [
              88.92262798400009,
              24.07257121300006
            ],
            [
              88.92274988400004,
              24.07291821000007
            ],
            [
              88.92278062600008,
              24.073023464000073
            ],
            [
              88.92286001800011,
              24.07329528600019
            ],
            [
              88.92295899499999,
              24.07359706200009
            ],
            [
              88.92311292300013,
              24.073863381000024
            ],
            [
              88.92324349000017,
              24.074122367000143
            ],
            [
              88.92335135300016,
              24.074295171000074
            ],
            [
              88.92372480900013,
              24.07538741600007
            ],
            [
              88.92381568400009,
              24.075724976000117
            ],
            [
              88.92388247900004,
              24.076141221
            ],
            [
              88.92396560800006,
              24.076471558000094
            ],
            [
              88.92401780600011,
              24.076765835
            ],
            [
              88.9240086420001,
              24.076942332000158
            ],
            [
              88.92402232300009,
              24.077160136000032
            ],
            [
              88.92406638200009,
              24.077351895
            ],
            [
              88.92408276300011,
              24.077423196000154
            ],
            [
              88.92411963100011,
              24.077662618000033
            ],
            [
              88.92422391100007,
              24.078265508000186
            ],
            [
              88.924247315,
              24.078368712000042
            ],
            [
              88.92428415700005,
              24.07853116700005
            ],
            [
              88.92432086100007,
              24.07881099800005
            ],
            [
              88.92437353900016,
              24.079047930000115
            ],
            [
              88.92438933000017,
              24.079199409000125
            ],
            [
              88.924395227,
              24.079255970000077
            ],
            [
              88.92441709500002,
              24.079442505000145
            ],
            [
              88.92445445800018,
              24.079643487000055
            ],
            [
              88.92448377400012,
              24.079873085000088
            ],
            [
              88.92442314100003,
              24.08058951200013
            ],
            [
              88.92443672200017,
              24.080833338000048
            ],
            [
              88.92446001200011,
              24.081083997000064
            ],
            [
              88.92446538100012,
              24.08114178600016
            ],
            [
              88.92447758700007,
              24.081550478000054
            ],
            [
              88.9245293100002,
              24.081902099000104
            ],
            [
              88.92452655900001,
              24.082231832000105
            ],
            [
              88.92453221300013,
              24.082489939000027
            ],
            [
              88.92456862000006,
              24.08280561000015
            ],
            [
              88.92464376700013,
              24.083157397000036
            ],
            [
              88.9246559130001,
              24.08357325600008
            ],
            [
              88.92471302300004,
              24.083895841000015
            ],
            [
              88.92470864600011,
              24.083977269
            ],
            [
              88.92468222700012,
              24.08400458600005
            ],
            [
              88.92467540600018,
              24.084131497000158
            ],
            [
              88.9246081440001,
              24.084518796000168
            ],
            [
              88.92458073000017,
              24.084692322000137
            ],
            [
              88.92443361000005,
              24.08562357800008
            ],
            [
              88.92438979200017,
              24.08589168500015
            ],
            [
              88.92441769700008,
              24.086282971000173
            ],
            [
              88.92445527000007,
              24.08677069500004
            ],
            [
              88.92447346000017,
              24.08708623700005
            ],
            [
              88.92452239400012,
              24.087349456000027
            ],
            [
              88.92456347600017,
              24.087527736000084
            ],
            [
              88.92456117300009,
              24.08780370600016
            ],
            [
              88.92450616800005,
              24.088156966999975
            ],
            [
              88.92440656900004,
              24.088863560000107
            ],
            [
              88.92436085700018,
              24.089350697000157
            ],
            [
              88.92433487200009,
              24.089972242000158
            ],
            [
              88.92436126100006,
              24.09054611800002
            ],
            [
              88.92432714300008,
              24.091203032000067
            ],
            [
              88.92429930000014,
              24.091740144000084
            ],
            [
              88.9243277870001,
              24.09206494400013
            ],
            [
              88.92440844200013,
              24.092380926000146
            ],
            [
              88.92441372800005,
              24.092992970000182
            ],
            [
              88.92440493600003,
              24.09313741700015
            ],
            [
              88.92439673200005,
              24.093272198000022
            ],
            [
              88.9243654920001,
              24.09378682400012
            ],
            [
              88.92439230400004,
              24.094313922000026
            ],
            [
              88.9244383750002,
              24.09503109800005
            ],
            [
              88.92446392300019,
              24.095712287000026
            ],
            [
              88.92449917500011,
              24.096166540000013
            ],
            [
              88.92453400200003,
              24.096298725000054
            ],
            [
              88.92468840300012,
              24.096884723000016
            ],
            [
              88.9248138580001,
              24.097447139000053
            ],
            [
              88.924823742,
              24.097529711000107
            ],
            [
              88.9248868580001,
              24.098056977000056
            ],
            [
              88.92500982300004,
              24.098918063000042
            ],
            [
              88.92509740500003,
              24.09934689800008
            ],
            [
              88.92509580200016,
              24.09954974900012
            ],
            [
              88.92509463700014,
              24.099689230000024
            ],
            [
              88.9251038920001,
              24.099827886000128
            ],
            [
              88.9251134660002,
              24.099928313000134
            ],
            [
              88.92513012700005,
              24.099996985000132
            ],
            [
              88.9251593140001,
              24.100033284000062
            ],
            [
              88.92523831900013,
              24.100106927000184
            ],
            [
              88.92524200600019,
              24.10014711500014
            ],
            [
              88.92526954800013,
              24.100138763000132
            ],
            [
              88.92528166800008,
              24.100272671000027
            ],
            [
              88.92531146700014,
              24.100597173999972
            ],
            [
              88.92530129300019,
              24.10076329500015
            ],
            [
              88.92525461400015,
              24.10152541500014
            ],
            [
              88.92523663000009,
              24.101764609000043
            ],
            [
              88.92517782700008,
              24.102547647000165
            ],
            [
              88.92507394600011,
              24.103206186000023
            ],
            [
              88.92524491600005,
              24.10401341500011
            ],
            [
              88.92535111700005,
              24.10437146800018
            ],
            [
              88.92544288200008,
              24.104680850000022
            ],
            [
              88.92550091800013,
              24.104810001000146
            ],
            [
              88.92576858100011,
              24.105405629000188
            ],
            [
              88.9257651900001,
              24.105812003999972
            ],
            [
              88.9258732890001,
              24.106185626000183
            ],
            [
              88.92603683800002,
              24.106750890000058
            ],
            [
              88.92656976600006,
              24.108508926000184
            ],
            [
              88.92657041000012,
              24.109003033000135
            ],
            [
              88.9265714710001,
              24.10981618900007
            ],
            [
              88.92652911900018,
              24.10987179300008
            ],
            [
              88.92604906100007,
              24.110467216000018
            ],
            [
              88.92552845300014,
              24.111542772000064
            ],
            [
              88.92579438900015,
              24.112393563000182
            ],
            [
              88.92641013700012,
              24.114140893000183
            ],
            [
              88.92647867199997,
              24.11464034700009
            ],
            [
              88.92649448700013,
              24.114755600000137
            ],
            [
              88.92657772200005,
              24.115614138000126
            ],
            [
              88.92643743200011,
              24.11610308700017
            ],
            [
              88.92619087600019,
              24.116910529000165
            ],
            [
              88.92614849500012,
              24.117049322000184
            ],
            [
              88.92581816100017,
              24.117649821000043
            ],
            [
              88.92575268400014,
              24.117833766000103
            ],
            [
              88.92557445200015,
              24.118334469000047
            ],
            [
              88.9253494960002,
              24.119019251000054
            ],
            [
              88.92524699800003,
              24.11991486100004
            ],
            [
              88.92501024600017,
              24.120538599000156
            ],
            [
              88.92413776000012,
              24.12139944200004
            ],
            [
              88.92378984800013,
              24.121844138000085
            ],
            [
              88.92373484300009,
              24.12183576900003
            ],
            [
              88.92296934000007,
              24.121559444000127
            ],
            [
              88.92069851100001,
              24.120933117000106
            ],
            [
              88.92066752200003,
              24.12092457
            ],
            [
              88.91720019800005,
              24.12169475800016
            ],
            [
              88.9169422870001,
              24.12216028400013
            ],
            [
              88.91680989900016,
              24.122398669000063
            ],
            [
              88.91670995100009,
              24.122838226000113
            ],
            [
              88.9181357080002,
              24.124790011000186
            ],
            [
              88.91879662600013,
              24.126205793999986
            ],
            [
              88.91905983400005,
              24.129208226000117
            ],
            [
              88.91943976600004,
              24.129739233000066
            ],
            [
              88.92102203000007,
              24.130552726000133
            ],
            [
              88.92135440100014,
              24.13072360600006
            ],
            [
              88.92132802400016,
              24.131009710000114
            ],
            [
              88.9211480410001,
              24.132961853000097
            ],
            [
              88.9211430360001,
              24.133015285000056
            ],
            [
              88.91875663200005,
              24.132930203000114
            ],
            [
              88.91730960500013,
              24.132466463000128
            ],
            [
              88.9165953540001,
              24.13223755600012
            ],
            [
              88.9158677580001,
              24.132049503000076
            ],
            [
              88.91238239800003,
              24.131145659000083
            ],
            [
              88.91096225400014,
              24.130777353000155
            ],
            [
              88.9083021880001,
              24.129550457000107
            ],
            [
              88.90639286500016,
              24.127087124000127
            ],
            [
              88.90606207900015,
              24.1262809910001
            ],
            [
              88.90782048300014,
              24.12630712400005
            ],
            [
              88.90810214300018,
              24.126273013000173
            ],
            [
              88.90835454000018,
              24.126247538000086
            ],
            [
              88.90838463300008,
              24.12624450000004
            ],
            [
              88.90889588000005,
              24.126192892000176
            ],
            [
              88.90905082600005,
              24.125399263000133
            ],
            [
              88.90908309200006,
              24.12536563600014
            ],
            [
              88.90937948500016,
              24.121816291000187
            ],
            [
              88.90960678300013,
              24.117672662000075
            ],
            [
              88.90961062200017,
              24.117219358000057
            ],
            [
              88.90961351300018,
              24.116877974000033
            ],
            [
              88.9064579680001,
              24.11611566500011
            ],
            [
              88.90472105600008,
              24.11569603400011
            ],
            [
              88.89954814900011,
              24.113629131000096
            ],
            [
              88.89274176700008,
              24.111462181000036
            ],
            [
              88.89218720100018,
              24.11121437600002
            ],
            [
              88.89196623300018,
              24.111115637000125
            ],
            [
              88.88717160800007,
              24.108976558000165
            ],
            [
              88.88346963600014,
              24.107471140000143
            ],
            [
              88.88048076200016,
              24.106267587000104
            ],
            [
              88.88031704600007,
              24.10687937800003
            ],
            [
              88.880224967,
              24.10722346600005
            ],
            [
              88.88020563000009,
              24.107300557000144
            ],
            [
              88.88043201900012,
              24.10771158500006
            ],
            [
              88.88046865500013,
              24.11041021500006
            ],
            [
              88.88048636800005,
              24.111714973000176
            ],
            [
              88.88040368400016,
              24.112030457000174
            ],
            [
              88.88078686300014,
              24.112234202000025
            ],
            [
              88.88117875600017,
              24.116953512000066
            ],
            [
              88.8809227390002,
              24.120688210000026
            ],
            [
              88.880911018,
              24.12079599900011
            ],
            [
              88.88089600100011,
              24.120934104000128
            ],
            [
              88.88049969100018,
              24.120935139000096
            ],
            [
              88.88044151700018,
              24.120935291000137
            ],
            [
              88.87826649200008,
              24.12011679799997
            ],
            [
              88.8782076940002,
              24.120336831000145
            ],
            [
              88.87813336000005,
              24.120575586000086
            ],
            [
              88.877657151,
              24.120572087000085
            ],
            [
              88.87382431500015,
              24.119220948000134
            ],
            [
              88.87333816500006,
              24.119064279000042
            ],
            [
              88.86654037699998,
              24.116873398000052
            ],
            [
              88.86562668800019,
              24.11692001700004
            ],
            [
              88.865234176,
              24.11694004200001
            ],
            [
              88.86223955600002,
              24.117092791000175
            ],
            [
              88.86202111900019,
              24.1171039300001
            ],
            [
              88.86166908700017,
              24.11703583900004
            ],
            [
              88.86153367600008,
              24.11693396600009
            ],
            [
              88.86131005700014,
              24.1167657310001
            ],
            [
              88.86099158600018,
              24.116426280000155
            ],
            [
              88.86056614000012,
              24.115972804000137
            ],
            [
              88.85887526400006,
              24.114170483000123
            ],
            [
              88.85772293900015,
              24.11407382700014
            ],
            [
              88.85795389100008,
              24.116072652000014
            ],
            [
              88.85807982700004,
              24.117162562000146
            ],
            [
              88.85795548400012,
              24.117532577000134
            ],
            [
              88.85778394000016,
              24.118043049999983
            ],
            [
              88.85600700300012,
              24.11916037300017
            ],
            [
              88.85696581700006,
              24.12068394500011
            ],
            [
              88.8571690350002,
              24.1210068580001
            ],
            [
              88.85709535200004,
              24.121045307000145
            ],
            [
              88.85688127100019,
              24.12115659600005
            ],
            [
              88.85669717700006,
              24.121365931000014
            ],
            [
              88.85652455700011,
              24.12156221900011
            ],
            [
              88.8560133630001,
              24.12214349700008
            ],
            [
              88.85461744500009,
              24.12330705700009
            ],
            [
              88.85201493500006,
              24.12563556000009
            ],
            [
              88.84953467300016,
              24.127694005000137
            ],
            [
              88.84802610900005,
              24.128992115000074
            ],
            [
              88.84656833500003,
              24.130109973
            ],
            [
              88.84559654000003,
              24.130870257000026
            ],
            [
              88.8450567480001,
              24.13122877000012
            ],
            [
              88.84468147800015,
              24.131313848000048
            ],
            [
              88.84400765700008,
              24.131129186000067
            ],
            [
              88.84305418700006,
              24.130670420000115
            ],
            [
              88.841875846,
              24.129747133000023
            ],
            [
              88.84125106300013,
              24.129256956000063
            ],
            [
              88.83958861200011,
              24.12807031200009
            ],
            [
              88.83868274800017,
              24.12765704399999
            ],
            [
              88.83811336700018,
              24.1272011640001
            ],
            [
              88.83759226900008,
              24.126745652000068
            ],
            [
              88.83687756200015,
              24.126378974000147
            ],
            [
              88.835634836,
              24.126234422000095
            ],
            [
              88.83438899000015,
              24.126269447000027
            ],
            [
              88.83270690500012,
              24.1259407660001
            ],
            [
              88.83066694800004,
              24.12583936200008
            ],
            [
              88.83060676400004,
              24.125836647000085
            ],
            [
              88.83054768900018,
              24.125833936000163
            ],
            [
              88.82907445200004,
              24.12578897900005
            ],
            [
              88.82853206600015,
              24.12577330900001
            ],
            [
              88.82661597300012,
              24.125623318000123
            ],
            [
              88.82402076200009,
              24.12560317200007
            ],
            [
              88.82267647100014,
              24.125592816000108
            ],
            [
              88.8211882870001,
              24.125581337000142
            ],
            [
              88.8200329770001,
              24.125753029000123
            ],
            [
              88.81786614300006,
              24.12614266000014
            ],
            [
              88.81597815200007,
              24.1265870740001
            ],
            [
              88.81526367400011,
              24.126754652000102
            ],
            [
              88.8095914610002,
              24.128787632000126
            ],
            [
              88.8082284840001,
              24.129178645000025
            ],
            [
              88.8072087220001,
              24.12947118599999
            ],
            [
              88.8061735280001,
              24.129749823000054
            ],
            [
              88.80412577500005,
              24.130616560000078
            ],
            [
              88.80287342000003,
              24.13106506200006
            ],
            [
              88.80189384900007,
              24.13147731099997
            ],
            [
              88.80065758,
              24.13214491499997
            ],
            [
              88.79999987500008,
              24.13256645400014
            ],
            [
              88.79923337600013,
              24.13337545200011
            ],
            [
              88.79877155200012,
              24.13458646700002
            ],
            [
              88.79826721400013,
              24.135837777000177
            ],
            [
              88.79732524800016,
              24.13738591500004
            ],
            [
              88.7966762580001,
              24.138548030000152
            ],
            [
              88.79596832000016,
              24.139533577000066
            ],
            [
              88.79516992100008,
              24.14032650000007
            ],
            [
              88.79454898300008,
              24.140723468000033
            ],
            [
              88.79374440300012,
              24.141026419000127
            ],
            [
              88.79298188700005,
              24.141467414000147
            ],
            [
              88.79256629800005,
              24.141765639000027
            ],
            [
              88.79211989700019,
              24.142085973000064
            ],
            [
              88.79140137200011,
              24.142367362000186
            ],
            [
              88.79112535400003,
              24.142475455000124
            ],
            [
              88.79008706600013,
              24.142774275000193
            ],
            [
              88.78922505700012,
              24.143392813
            ],
            [
              88.7888344650001,
              24.143884160000084
            ],
            [
              88.78830560500006,
              24.144329237000022
            ],
            [
              88.78786011800003,
              24.144673383999987
            ],
            [
              88.78772971400008,
              24.14477168700006
            ],
            [
              88.78682394200013,
              24.145299563000037
            ],
            [
              88.78372393700005,
              24.14714877199998
            ],
            [
              88.78322418800019,
              24.14747215200009
            ],
            [
              88.78195605600007,
              24.14829512199998
            ],
            [
              88.77964685700005,
              24.15024989000011
            ],
            [
              88.77825701400008,
              24.151220860000137
            ],
            [
              88.77651196699998,
              24.15250956000017
            ],
            [
              88.7758887010001,
              24.152816121000058
            ],
            [
              88.77511898400013,
              24.153256963000103
            ],
            [
              88.7749461630001,
              24.153704857000037
            ],
            [
              88.77555068700002,
              24.15420414300013
            ],
            [
              88.77718875800014,
              24.155594465000092
            ],
            [
              88.77778349100004,
              24.1560961080001
            ],
            [
              88.777824151,
              24.15613040300019
            ],
            [
              88.77784812200014,
              24.156150621999984
            ],
            [
              88.77848560800015,
              24.15671111900008
            ],
            [
              88.77856249400008,
              24.156905895000023
            ],
            [
              88.77859536600016,
              24.15703936000017
            ],
            [
              88.77877273000007,
              24.157428555000138
            ],
            [
              88.77885868900017,
              24.157617177000077
            ],
            [
              88.78014466299999,
              24.158878218999973
            ],
            [
              88.78058720400014,
              24.159271467
            ],
            [
              88.78140859800004,
              24.160001359000034
            ],
            [
              88.78233196100012,
              24.160778604000086
            ],
            [
              88.78215765600004,
              24.161644167000077
            ],
            [
              88.78169312500006,
              24.162139395000167
            ],
            [
              88.78059636500006,
              24.163620708000053
            ],
            [
              88.7796132250001,
              24.164698789
            ],
            [
              88.77913153100019,
              24.165281931000152
            ],
            [
              88.77837105200007,
              24.166005071000086
            ],
            [
              88.77658059500015,
              24.167647857000134
            ],
            [
              88.774822627,
              24.16916896500004
            ],
            [
              88.77472522800002,
              24.169253975000174
            ],
            [
              88.77428347500017,
              24.169672463000154
            ],
            [
              88.77403519200016,
              24.169907670000157
            ],
            [
              88.7736399100001,
              24.170295067000154
            ],
            [
              88.77334155800014,
              24.170349963000035
            ],
            [
              88.77288863600012,
              24.16992102500012
            ],
            [
              88.77249055300013,
              24.16947531699998
            ],
            [
              88.77194558100018,
              24.168983272000048
            ],
            [
              88.77168957900011,
              24.168806828000186
            ],
            [
              88.77133843100006,
              24.1688496970001
            ],
            [
              88.77078271700009,
              24.169608306000043
            ],
            [
              88.77027644100008,
              24.170857238
            ],
            [
              88.7695554710001,
              24.172327939000127
            ],
            [
              88.76910335100018,
              24.173444097000072
            ],
            [
              88.76865624400006,
              24.174646084000187
            ],
            [
              88.76817317400008,
              24.175940343000036
            ],
            [
              88.76776227000016,
              24.177054571000042
            ],
            [
              88.76745734800016,
              24.17821480400005
            ],
            [
              88.76698715300006,
              24.180087125000114
            ],
            [
              88.7665786030002,
              24.180889812000032
            ],
            [
              88.76586290400007,
              24.181737414000168
            ],
            [
              88.764922216,
              24.182628349000083
            ],
            [
              88.76267931700016,
              24.185303549000082
            ],
            [
              88.76104336800006,
              24.187398923000103
            ],
            [
              88.76087234600016,
              24.187693371000137
            ],
            [
              88.75805839000003,
              24.192537909
            ],
            [
              88.75277086900013,
              24.197870202000047
            ],
            [
              88.75170196200003,
              24.19895189600004
            ],
            [
              88.75101192800014,
              24.199734157000023
            ],
            [
              88.75049272600018,
              24.19977235400006
            ],
            [
              88.74976003300003,
              24.19963810300004
            ],
            [
              88.74886382300014,
              24.199414013000023
            ],
            [
              88.74848251900005,
              24.199392819000025
            ],
            [
              88.74808383400017,
              24.199347034000027
            ],
            [
              88.74778824800006,
              24.199355271000115
            ],
            [
              88.74761858800008,
              24.199329281000075
            ],
            [
              88.74733513400002,
              24.199274305000188
            ],
            [
              88.74678346600007,
              24.200315778000117
            ]
          ]
        ]
      }
    }
  ]
}