{
  "type": "FeatureCollection",
  "features": [
    {
      "type": "Feature",
      "properties": {
        "adm3_name": "Fakirhat",
        "adm3_name1": null,
        "adm3_name2": null,
        "adm3_name3": null,
        "adm3_pcode": "BD40010034",
        "adm2_name": "Bagerhat",
        "adm2_name1": null,
        "adm2_name2": null,
        "adm2_name3": null,
        "adm2_pcode": "BD4001",
        "adm1_name": "Khulna",
        "adm1_name1": null,
        "adm1_name2": null,
        "adm1_name3": null,
        "adm1_pcode": "BD40",
        "adm0_name": "Bangladesh",
        "adm0_name1": null,
        "adm0_name2": null,
        "adm0_name3": null,
        "adm0_pcode": "BD",
        "valid_on": "2023-05-21",
        "valid_to": null,
        "area_sqkm": 159.22396246,
        "version": "v03",
        "lang": "en",
        "lang1": null,
        "lang2": null,
        "lang3": null,
        "adm3_ref_name": null,
        "center_lat": 22.74261933,
        "center_lon": 89.66610277
      },
      "geometry": {
        "type": "Polygon",
        "coordinates": [
          [
            [
              89.70838511500006,
              22.82342732500007
            ],
            [
              89.70830244000007,
              22.823494924999977
            ],
            [
              89.7082191560001,
              22.823564782000176
            ],
            [
              89.70815200600003,
              22.82363466900017
            ],
            [
              89.70806871900015,
              22.823704524
            ],
            [
              89.70796929300008,
              22.823774356000115
            ],
            [
              89.70785375800006,
              22.823828345000038
            ],
            [
              89.70775467000004,
              22.823882364000156
            ],
            [
              89.70763977600012,
              22.823920546000124
            ],
            [
              89.7075090780001,
              22.82394514700013
            ],
            [
              89.70739448900014,
              22.82398333100008
            ],
            [
              89.70721473600008,
              22.824019132000103
            ],
            [
              89.70705209900007,
              22.824025609000046
            ],
            [
              89.70687298600006,
              22.82404786600017
            ],
            [
              89.70671135900011,
              22.824009176000175
            ],
            [
              89.70653486900005,
              22.823943358000065
            ],
            [
              89.70634291400012,
              22.823845891000076
            ],
            [
              89.70624742900009,
              22.823782483000173
            ],
            [
              89.70616807800019,
              22.82371910100005
            ],
            [
              89.70607228500018,
              22.823655690000066
            ],
            [
              89.7059767990001,
              22.823592275000067
            ],
            [
              89.70586615100018,
              22.823497221000025
            ],
            [
              89.70577069200016,
              22.823420258000112
            ],
            [
              89.70564634900012,
              22.823321792000115
            ],
            [
              89.70555360900005,
              22.823254995000013
            ],
            [
              89.7055101270002,
              22.823223298000187
            ],
            [
              89.70547398100007,
              22.823180322000155
            ],
            [
              89.70539008500003,
              22.823107899000092
            ],
            [
              89.70529460200004,
              22.82304222900018
            ],
            [
              89.70521656800014,
              22.822935940000036
            ],
            [
              89.70505854000004,
              22.82278207700017
            ],
            [
              89.70498081400018,
              22.822673529000042
            ],
            [
              89.70486985800005,
              22.822580730000084
            ],
            [
              89.70477504500013,
              22.822487958000067
            ],
            [
              89.70463248500005,
              22.822363485000153
            ],
            [
              89.70455283800015,
              22.82230010300009
            ],
            [
              89.70449026800009,
              22.822223202000032
            ],
            [
              89.70438420800019,
              22.822119118000103
            ],
            [
              89.70436293300014,
              22.82210101200002
            ],
            [
              89.704249807,
              22.822026273000176
            ],
            [
              89.70412603600016,
              22.821947
            ],
            [
              89.70400504600008,
              22.821847405000085
            ],
            [
              89.70389930700014,
              22.82173654900015
            ],
            [
              89.70376946500005,
              22.82164823200003
            ],
            [
              89.7036496610001,
              22.821564446000025
            ],
            [
              89.70353988500005,
              22.821489715000155
            ],
            [
              89.70337595000012,
              22.82139455900011
            ],
            [
              89.70302181100004,
              22.821240330000023
            ],
            [
              89.70267881000012,
              22.8210048200001
            ],
            [
              89.70262200600007,
              22.820939217000102
            ],
            [
              89.7024486140001,
              22.82085307500006
            ],
            [
              89.70236895900018,
              22.820791950000057
            ],
            [
              89.70225639500012,
              22.8207397970001
            ],
            [
              89.7021438220001,
              22.820692160000192
            ],
            [
              89.70203092100007,
              22.82065581400019
            ],
            [
              89.70191835600014,
              22.820605921000038
            ],
            [
              89.70180609300013,
              22.820556026000077
            ],
            [
              89.70167644100007,
              22.820519646000093
            ],
            [
              89.70154676100003,
              22.820496821000063
            ],
            [
              89.70143321700004,
              22.82047628400005
            ],
            [
              89.70132031800017,
              22.820439937000174
            ],
            [
              89.70119032800011,
              22.82041936800016
            ],
            [
              89.7010764490002,
              22.820412380000107
            ],
            [
              89.70093032400007,
              22.820389521000095
            ],
            [
              89.70079214800018,
              22.82035538700012
            ],
            [
              89.70063841400008,
              22.820330255000158
            ],
            [
              89.70047648700012,
              22.820291558000065
            ],
            [
              89.70033069800019,
              22.820255150000094
            ],
            [
              89.70020654100011,
              22.82021426600005
            ],
            [
              89.70017824000018,
              22.820205178000037
            ],
            [
              89.70000718700015,
              22.820161945999985
            ],
            [
              89.69986204400016,
              22.820109730000127
            ],
            [
              89.69971625300008,
              22.82007332300003
            ],
            [
              89.69960335500014,
              22.820036976000154
            ],
            [
              89.69947370500006,
              22.820000597000046
            ],
            [
              89.69937724400017,
              22.819966540000166
            ],
            [
              89.69919857100007,
              22.81992780800016
            ],
            [
              89.69902149100017,
              22.81985746400005
            ],
            [
              89.69887637700003,
              22.819791695
            ],
            [
              89.6986992960002,
              22.81972135200016
            ],
            [
              89.69858578400004,
              22.819687262000173
            ],
            [
              89.69847288400013,
              22.81965091300009
            ],
            [
              89.69826291599998,
              22.819580508
            ],
            [
              89.69816157700006,
              22.819548698000062
            ],
            [
              89.69803222299998,
              22.819516835000172
            ],
            [
              89.69792173600018,
              22.819491780000135
            ],
            [
              89.69781009400003,
              22.81943737000006
            ],
            [
              89.6976971970002,
              22.81940101800012
            ],
            [
              89.69758399100004,
              22.819364673
            ],
            [
              89.69743820300005,
              22.819328260000134
            ],
            [
              89.697325,
              22.819291912000153
            ],
            [
              89.69719564800016,
              22.81926004800016
            ],
            [
              89.69706630000013,
              22.81922592799998
            ],
            [
              89.69698259800009,
              22.819205442000055
            ],
            [
              89.69694092500015,
              22.81918503800017
            ],
            [
              89.69682279000006,
              22.8191757780001
            ],
            [
              89.696709887,
              22.81914169000015
            ],
            [
              89.69656408900005,
              22.819109794000155
            ],
            [
              89.69641927700013,
              22.819046283000148
            ],
            [
              89.6963225040002,
              22.81901448100018
            ],
            [
              89.6961460870001,
              22.81892154900015
            ],
            [
              89.69601707400017,
              22.818873880000183
            ],
            [
              89.69590484700018,
              22.818810427000187
            ],
            [
              89.6957922700002,
              22.81876504700017
            ],
            [
              89.69569584200002,
              22.818717436000043
            ],
            [
              89.69551909100005,
              22.818638053000143
            ],
            [
              89.69537427400007,
              22.818576801
            ],
            [
              89.69522946400019,
              22.81851329
            ],
            [
              89.6951010890001,
              22.818452066000077
            ],
            [
              89.69495627600014,
              22.818388557000105
            ],
            [
              89.6947959700002,
              22.818309204000172
            ],
            [
              89.69469889500004,
              22.81827740300014
            ],
            [
              89.69452214000012,
              22.81820027900011
            ],
            [
              89.69440859600013,
              22.818181994000156
            ],
            [
              89.69429667100019,
              22.81811854300014
            ],
            [
              89.69419960300013,
              22.81808674000007
            ],
            [
              89.69408702600015,
              22.81804135700014
            ],
            [
              89.69395832600014,
              22.817991424000184
            ],
            [
              89.69386125300002,
              22.817959622000046
            ],
            [
              89.693716102,
              22.817911916000185
            ],
            [
              89.69355319200002,
              22.817907087000037
            ],
            [
              89.69343964800004,
              22.817888798000013
            ],
            [
              89.69332512300008,
              22.817899870000076
            ],
            [
              89.69319320400012,
              22.817926717000034
            ],
            [
              89.69307803900006,
              22.817951340000036
            ],
            [
              89.69296286900016,
              22.817978220000157
            ],
            [
              89.69279867700004,
              22.818002743000136
            ],
            [
              89.69263512500004,
              22.81801146100014
            ],
            [
              89.69243801700003,
              22.81804947600017
            ],
            [
              89.69225768300004,
              22.81807396800008
            ],
            [
              89.69210929300004,
              22.818112074000055
            ],
            [
              89.69197865900009,
              22.818109561000085
            ],
            [
              89.69184704899999,
              22.818134150000105
            ],
            [
              89.6917325230001,
              22.818145223000045
            ],
            [
              89.69166431400009,
              22.81814283099999
            ],
            [
              89.69163417000004,
              22.81814277400008
            ],
            [
              89.69150316900016,
              22.8181673630001
            ],
            [
              89.69138833800014,
              22.818178433000128
            ],
            [
              89.69125767200018,
              22.81818947000005
            ],
            [
              89.69112703600001,
              22.818186958000183
            ],
            [
              89.69097962600011,
              22.81819570600004
            ],
            [
              89.69079929600008,
              22.8182202000001
            ],
            [
              89.69068476800004,
              22.818231269000023
            ],
            [
              89.69052121400017,
              22.818242243000043
            ],
            [
              89.69039024900007,
              22.818251023000073
            ],
            [
              89.69031348600004,
              22.818256753000185
            ],
            [
              89.69024283700014,
              22.818262027000117
            ],
            [
              89.69011314900007,
              22.81824370900017
            ],
            [
              89.69000173100011,
              22.81822768300009
            ],
            [
              89.68996186500016,
              22.81821631500003
            ],
            [
              89.68983225400018,
              22.818164120000063
            ],
            [
              89.68970383300012,
              22.818125476999967
            ],
            [
              89.68957304100013,
              22.818057469000053
            ],
            [
              89.68945989100018,
              22.818000788000063
            ],
            [
              89.68937469400015,
              22.817969006000112
            ],
            [
              89.68929443500019,
              22.817910131000133
            ],
            [
              89.68918522900003,
              22.81785797300006
            ],
            [
              89.68915085500004,
              22.817842098000085
            ],
            [
              89.68905327200002,
              22.81776738100001
            ],
            [
              89.68895686400003,
              22.817710736000038
            ],
            [
              89.68882731000019,
              22.81763595600006
            ],
            [
              89.68874583100012,
              22.81757707800017
            ],
            [
              89.68864851800015,
              22.817518170000085
            ],
            [
              89.68851959700004,
              22.817432097000165
            ],
            [
              89.68843842200016,
              22.817373222000185
            ],
            [
              89.68839263700016,
              22.81735393600019
            ],
            [
              89.68833227000005,
              22.817318813000043
            ],
            [
              89.68824194300015,
              22.81726669200009
            ],
            [
              89.6881244830002,
              22.81723033100019
            ],
            [
              89.68798571100007,
              22.8171916660001
            ],
            [
              89.68787710300018,
              22.81714402600005
            ],
            [
              89.68777057900007,
              22.817118975000028
            ],
            [
              89.68766316400013,
              22.81708263000013
            ],
            [
              89.68757097100007,
              22.817048574000125
            ],
            [
              89.68747939400004,
              22.817012260000183
            ],
            [
              89.68735797900018,
              22.816973631000053
            ],
            [
              89.68722045600009,
              22.816921417
            ],
            [
              89.68711395700007,
              22.816885075000016
            ],
            [
              89.68699372900005,
              22.816859995000073
            ],
            [
              89.68688634500006,
              22.816810098000133
            ],
            [
              89.68678073100006,
              22.81678730900012
            ],
            [
              89.68667422900012,
              22.81675096600003
            ],
            [
              89.68655369100009,
              22.816728145000184
            ],
            [
              89.68646271700004,
              22.816694089
            ],
            [
              89.68635679200003,
              22.816673555000136
            ],
            [
              89.6862874310001,
              22.816644060000044
            ],
            [
              89.68623050100018,
              22.81663717100014
            ],
            [
              89.68608532400015,
              22.81660301000005
            ],
            [
              89.68597273000006,
              22.816568914000072
            ],
            [
              89.68585884500015,
              22.816566430000023
            ],
            [
              89.68573011000007,
              22.816532300000063
            ],
            [
              89.68560073200018,
              22.81651397800016
            ],
            [
              89.6854549090001,
              22.816495622000048
            ],
            [
              89.68532552800013,
              22.81647730100002
            ],
            [
              89.68516421200013,
              22.816443107000055
            ],
            [
              89.6850341870001,
              22.816440591
            ],
            [
              89.6849041700001,
              22.816435819000162
            ],
            [
              89.68477445400003,
              22.816431042000033
            ],
            [
              89.68464443300019,
              22.816428529000063
            ],
            [
              89.68449492100007,
              22.816423042000054
            ],
            [
              89.68444925100005,
              22.8164213660001
            ],
            [
              89.68423822900019,
              22.81641643200004
            ],
            [
              89.68412465800009,
              22.8164116910001
            ],
            [
              89.68393011600017,
              22.816390977000026
            ],
            [
              89.68385582800005,
              22.816384057000164
            ],
            [
              89.68371973900008,
              22.81637023500008
            ],
            [
              89.68355808400014,
              22.816351846000032
            ],
            [
              89.6833957830001,
              22.816347010000186
            ],
            [
              89.68325057300018,
              22.816328652000095
            ],
            [
              89.68307183500013,
              22.816321524000045
            ],
            [
              89.68289339900008,
              22.81631665100008
            ],
            [
              89.68271560100015,
              22.81629823000003
            ],
            [
              89.68253717100009,
              22.81629109900007
            ],
            [
              89.6823903660001,
              22.81630210000003
            ],
            [
              89.68226159600016,
              22.81628377600009
            ],
            [
              89.68213123800018,
              22.81629480700002
            ],
            [
              89.68201796600005,
              22.816290064999976
            ],
            [
              89.68188760800012,
              22.81630109600013
            ],
            [
              89.6817404630001,
              22.816327904000048
            ],
            [
              89.68157752600018,
              22.816336612000043
            ],
            [
              89.68146394600006,
              22.816334128
            ],
            [
              89.68128547800018,
              22.81634280200018
            ],
            [
              89.6811867510001,
              22.816369707000035
            ],
            [
              89.68100797500006,
              22.816378382000096
            ],
            [
              89.68087697700008,
              22.816402963000087
            ],
            [
              89.68074661700012,
              22.81641399300014
            ],
            [
              89.68063205400011,
              22.81644086500006
            ],
            [
              89.67917273300009,
              22.81633856500008
            ],
            [
              89.67921851600005,
              22.81525237200003
            ],
            [
              89.6792640160001,
              22.814288130000023
            ],
            [
              89.67916721300014,
              22.81401466800014
            ],
            [
              89.67848014300017,
              22.81379196400019
            ],
            [
              89.6781700790001,
              22.81369196900016
            ],
            [
              89.67721533600007,
              22.813730690000057
            ],
            [
              89.67699890900019,
              22.813567647000184
            ],
            [
              89.67691268800007,
              22.81332808200017
            ],
            [
              89.67669777900011,
              22.812521402000186
            ],
            [
              89.67663776600006,
              22.812409914000057
            ],
            [
              89.67660388200011,
              22.812346967000053
            ],
            [
              89.67643855900019,
              22.81203983900008
            ],
            [
              89.67613627700001,
              22.811354932000143
            ],
            [
              89.675443638,
              22.810791183000106
            ],
            [
              89.67501058200008,
              22.81042670300019
            ],
            [
              89.67492465500015,
              22.8100651850001
            ],
            [
              89.6749692510001,
              22.80962263100008
            ],
            [
              89.67501334600013,
              22.80926137600011
            ],
            [
              89.67570808500011,
              22.809061794000115
            ],
            [
              89.67625072200019,
              22.80879866900011
            ],
            [
              89.67621494600007,
              22.80847564600009
            ],
            [
              89.67618415599998,
              22.807700865000072
            ],
            [
              89.67565910700017,
              22.8064690650001
            ],
            [
              89.67508365900017,
              22.805162542000062
            ],
            [
              89.67502707400018,
              22.8047559150001
            ],
            [
              89.67510018500008,
              22.80448506000016
            ],
            [
              89.6758036540001,
              22.804061913000055
            ],
            [
              89.67619152000009,
              22.80369909700005
            ],
            [
              89.67649524900008,
              22.8033767660001
            ],
            [
              89.67641722299999,
              22.802933958999972
            ],
            [
              89.67616443900005,
              22.801499370000045
            ],
            [
              89.67603304300019,
              22.798992286999976
            ],
            [
              89.67580423900012,
              22.797891985000092
            ],
            [
              89.67569581300017,
              22.796944450000126
            ],
            [
              89.67568267900015,
              22.796829666
            ],
            [
              89.67559124700006,
              22.796030636000182
            ],
            [
              89.6755736880001,
              22.795730233000086
            ],
            [
              89.67554928500016,
              22.795654283000033
            ],
            [
              89.67547133900007,
              22.79541186200015
            ],
            [
              89.67497959600018,
              22.7956531050001
            ],
            [
              89.67456730300006,
              22.79585536900015
            ],
            [
              89.67317560500004,
              22.796538099000145
            ],
            [
              89.67282209200016,
              22.79670491600018
            ],
            [
              89.67076936200016,
              22.797673545000123
            ],
            [
              89.66779959600012,
              22.798971357000028
            ],
            [
              89.66663435900006,
              22.799480552000148
            ],
            [
              89.66583260500016,
              22.799295960000165
            ],
            [
              89.66559958000016,
              22.799223209000104
            ],
            [
              89.66548359100005,
              22.79897230500012
            ],
            [
              89.66548412000003,
              22.798755518
            ],
            [
              89.66563986500017,
              22.798683582000137
            ],
            [
              89.66595069700014,
              22.798684233000074
            ],
            [
              89.66641718400012,
              22.79864907900003
            ],
            [
              89.66648889200019,
              22.798549639000157
            ],
            [
              89.66657327900015,
              22.798432618000106
            ],
            [
              89.66665126200013,
              22.79828825499999
            ],
            [
              89.666730685,
              22.797676448000118
            ],
            [
              89.66675964100011,
              22.79738611300013
            ],
            [
              89.66684266600015,
              22.797338277000108
            ],
            [
              89.66692631400014,
              22.797050252000133
            ],
            [
              89.66701767800004,
              22.796735652000052
            ],
            [
              89.66697639200004,
              22.796365460000175
            ],
            [
              89.66626770800019,
              22.79627087500006
            ],
            [
              89.66607361500019,
              22.796089812000105
            ],
            [
              89.66591914700001,
              22.79576430700007
            ],
            [
              89.66537544000005,
              22.795510248000085
            ],
            [
              89.6652596310002,
              22.79518708100011
            ],
            [
              89.66526095400019,
              22.794645114000105
            ],
            [
              89.66526181000006,
              22.79429438700015
            ],
            [
              89.66526244800014,
              22.79403314299998
            ],
            [
              89.66514725800005,
              22.793457058000058
            ],
            [
              89.66481577700006,
              22.79276105100007
            ],
            [
              89.66468325700009,
              22.79248279600006
            ],
            [
              89.66424638000007,
              22.791565389000084
            ],
            [
              89.6642897480001,
              22.791548117000104
            ],
            [
              89.6647370010001,
              22.791348841000115
            ],
            [
              89.66466699800009,
              22.791186372000084
            ],
            [
              89.66404164500011,
              22.78968999900019
            ],
            [
              89.66395546600017,
              22.789448170000185
            ],
            [
              89.66391310700016,
              22.788967042000138
            ],
            [
              89.6638480920002,
              22.788537811000083
            ],
            [
              89.66369979000018,
              22.787557355000104
            ],
            [
              89.66301215500005,
              22.784902289000172
            ],
            [
              89.66222658400011,
              22.78192170900013
            ],
            [
              89.66219564000005,
              22.78180430200007
            ],
            [
              89.66103042100019,
              22.779387605000068
            ],
            [
              89.6605991880001,
              22.778341053000133
            ],
            [
              89.66003737000017,
              22.77753586800003
            ],
            [
              89.65999554000007,
              22.776971179000157
            ],
            [
              89.66017145100017,
              22.776007217000142
            ],
            [
              89.66091115900008,
              22.775044453000078
            ],
            [
              89.66095508500018,
              22.77476224800006
            ],
            [
              89.6608499840001,
              22.774693932000105
            ],
            [
              89.66052197700003,
              22.774479026000108
            ],
            [
              89.66008907600019,
              22.774236456000096
            ],
            [
              89.65952557800011,
              22.773993609000172
            ],
            [
              89.65917913700014,
              22.773873174000073
            ],
            [
              89.65805235300019,
              22.77342811799997
            ],
            [
              89.65701364700004,
              22.772581248999984
            ],
            [
              89.65623442100019,
              22.771935928000175
            ],
            [
              89.65558458000015,
              22.77165448600016
            ],
            [
              89.655194316,
              22.77165364600006
            ],
            [
              89.65481686400005,
              22.772120621000056
            ],
            [
              89.6547840830001,
              22.772097152000185
            ],
            [
              89.65435782100019,
              22.771664911000016
            ],
            [
              89.65424197200008,
              22.771375609000074
            ],
            [
              89.65420400700009,
              22.770980340000165
            ],
            [
              89.65455718500016,
              22.769610370000123
            ],
            [
              89.65467529900019,
              22.76899865000013
            ],
            [
              89.65471625200007,
              22.768206106000093
            ],
            [
              89.65480744500007,
              22.767277056000182
            ],
            [
              89.65485266600018,
              22.766816348000077
            ],
            [
              89.65492940900003,
              22.76603449300012
            ],
            [
              89.65505654200018,
              22.764739240000154
            ],
            [
              89.65515481100005,
              22.763738050000086
            ],
            [
              89.6553560800001,
              22.761035401000186
            ],
            [
              89.65571111500009,
              22.75890892800004
            ],
            [
              89.65579034800015,
              22.758260991000157
            ],
            [
              89.65593381000014,
              22.75805545100019
            ],
            [
              89.65614130500012,
              22.757758165000098
            ],
            [
              89.65672533700013,
              22.757398106999972
            ],
            [
              89.65692005199998,
              22.757181737
            ],
            [
              89.65695981400012,
              22.75685889800002
            ],
            [
              89.65696080700008,
              22.7564614530001
            ],
            [
              89.65684541600007,
              22.75599149700014
            ],
            [
              89.6566467310002,
              22.755848802000116
            ],
            [
              89.65670051000012,
              22.755641161000085
            ],
            [
              89.65671877100016,
              22.755559146000166
            ],
            [
              89.6566896130002,
              22.755586092000044
            ],
            [
              89.65653524000015,
              22.755728038000086
            ],
            [
              89.65623187200009,
              22.755686732000072
            ],
            [
              89.655929405,
              22.755164393000086
            ],
            [
              89.65566986800013,
              22.754881532000013
            ],
            [
              89.65523753900015,
              22.754437952000103
            ],
            [
              89.65475544600014,
              22.75375067200008
            ],
            [
              89.65434316000011,
              22.753764629000102
            ],
            [
              89.65366440200012,
              22.75381869300014
            ],
            [
              89.65346676700017,
              22.753834434999987
            ],
            [
              89.65233332800011,
              22.753640758000074
            ],
            [
              89.65016997100008,
              22.753086296
            ],
            [
              89.64859886800019,
              22.752724323000166
            ],
            [
              89.64827348800009,
              22.752572536000116
            ],
            [
              89.64780315700017,
              22.752353130000074
            ],
            [
              89.64710594600012,
              22.752027883000096
            ],
            [
              89.6467452190002,
              22.752003184000102
            ],
            [
              89.646564641,
              22.752074490000155
            ],
            [
              89.64652909600017,
              22.752164481000023
            ],
            [
              89.64646088100011,
              22.752337178
            ],
            [
              89.64651156200017,
              22.75267191400019
            ],
            [
              89.64663881800004,
              22.753293638000116
            ],
            [
              89.64666243700009,
              22.754130249000127
            ],
            [
              89.64665190600005,
              22.754186102000062
            ],
            [
              89.64659764599998,
              22.754473880000035
            ],
            [
              89.64653179800007,
              22.754823107999982
            ],
            [
              89.64649089300013,
              22.754915217000075
            ],
            [
              89.64638975500009,
              22.75514295500011
            ],
            [
              89.64593731500014,
              22.755746443000078
            ],
            [
              89.64526007000018,
              22.756533694000154
            ],
            [
              89.64514589700002,
              22.75683460199997
            ],
            [
              89.64512462500005,
              22.757087911999974
            ],
            [
              89.64518082900008,
              22.75727925000018
            ],
            [
              89.64547869400013,
              22.757700581000165
            ],
            [
              89.64575685200003,
              22.758021218000124
            ],
            [
              89.64645512600009,
              22.758826123000176
            ],
            [
              89.64685588900011,
              22.75932416300003
            ],
            [
              89.64694739400016,
              22.75954734300018
            ],
            [
              89.64706828300012,
              22.76091648300013
            ],
            [
              89.64712634200004,
              22.762393732000078
            ],
            [
              89.64691536000015,
              22.763151689000154
            ],
            [
              89.64682979400004,
              22.763459090000083
            ],
            [
              89.64678817600014,
              22.763607188000094
            ],
            [
              89.64668987000016,
              22.763750380000033
            ],
            [
              89.64641622300019,
              22.763926646000073
            ],
            [
              89.64618943300007,
              22.764028489000054
            ],
            [
              89.64605727300011,
              22.764087836000044
            ],
            [
              89.64545629500014,
              22.764217652000127
            ],
            [
              89.64502087900019,
              22.764323504
            ],
            [
              89.64472399600004,
              22.764514057999975
            ],
            [
              89.64458184300008,
              22.764669102000028
            ],
            [
              89.64458131700007,
              22.764872264000132
            ],
            [
              89.64472964600014,
              22.765107696000086
            ],
            [
              89.64518451200013,
              22.765829671000063
            ],
            [
              89.6452612450002,
              22.766056906000074
            ],
            [
              89.64520902000004,
              22.766319709000072
            ],
            [
              89.64492403000008,
              22.766892714000164
            ],
            [
              89.64479885100013,
              22.767214106000097
            ],
            [
              89.6446775440001,
              22.767525558000102
            ],
            [
              89.6446633270001,
              22.768039412000178
            ],
            [
              89.64466662400008,
              22.76813002300014
            ],
            [
              89.64469942000017,
              22.769031410000025
            ],
            [
              89.64469840000004,
              22.769425784000134
            ],
            [
              89.64455537500004,
              22.76991544800012
            ],
            [
              89.64425761200016,
              22.7704406200001
            ],
            [
              89.6441612910001,
              22.770618199000126
            ],
            [
              89.64410222400011,
              22.770727093000062
            ],
            [
              89.64405658000004,
              22.771021725000082
            ],
            [
              89.64396329000016,
              22.771381234000103
            ],
            [
              89.64398984500014,
              22.771802938000178
            ],
            [
              89.64404474800017,
              22.7726748070001
            ],
            [
              89.64395809400008,
              22.77263396300009
            ],
            [
              89.6438734960002,
              22.772594089000165
            ],
            [
              89.64385721800011,
              22.772665137
            ],
            [
              89.6437992130002,
              22.772958896999967
            ],
            [
              89.64363597699997,
              22.77328837500005
            ],
            [
              89.64350428400019,
              22.773381297000128
            ],
            [
              89.64330315000007,
              22.773416700000098
            ],
            [
              89.64311764799999,
              22.773387603000117
            ],
            [
              89.64297863200005,
              22.773322759000052
            ],
            [
              89.64290924600016,
              22.773243728000182
            ],
            [
              89.64290581900013,
              22.773169899000038
            ],
            [
              89.64290192400011,
              22.773085961
            ],
            [
              89.64300334000012,
              22.77274200500017
            ],
            [
              89.64305085300009,
              22.772311882
            ],
            [
              89.64297451800007,
              22.77193167600018
            ],
            [
              89.64285913000009,
              22.77170196200018
            ],
            [
              89.64170703399998,
              22.77097766200012
            ],
            [
              89.64152792800007,
              22.770860390000166
            ],
            [
              89.64144722200018,
              22.770820120000053
            ],
            [
              89.64095910600008,
              22.770592371000134
            ],
            [
              89.64046038100014,
              22.770507792000103
            ],
            [
              89.63991424700009,
              22.770401394000032
            ],
            [
              89.63940922700004,
              22.770342890000165
            ],
            [
              89.6391620980001,
              22.770227604000013
            ],
            [
              89.63901806500019,
              22.77011255100001
            ],
            [
              89.63918663100009,
              22.768893807000097
            ],
            [
              89.63920608600017,
              22.76875314900019
            ],
            [
              89.63919908100007,
              22.767998082000133
            ],
            [
              89.63904130100013,
              22.767056318000186
            ],
            [
              89.63894283200005,
              22.766468569000153
            ],
            [
              89.6383056300001,
              22.766318753000178
            ],
            [
              89.63755590000005,
              22.766142477000187
            ],
            [
              89.63634247700014,
              22.765819023000063
            ],
            [
              89.63538881300008,
              22.765575202000036
            ],
            [
              89.63443459400008,
              22.765654321000113
            ],
            [
              89.6339142810001,
              22.765571828000134
            ],
            [
              89.63391535200014,
              22.765169837000144
            ],
            [
              89.63408929000013,
              22.765009889000055
            ],
            [
              89.63400296800012,
              22.7648470850001
            ],
            [
              89.63365658700013,
              22.764606902000025
            ],
            [
              89.63313584900004,
              22.76468475000007
            ],
            [
              89.6330480200001,
              22.76508654200012
            ],
            [
              89.63304715900017,
              22.765409490000025
            ],
            [
              89.63280447300014,
              22.765800846000047
            ],
            [
              89.63269893900014,
              22.765971029000184
            ],
            [
              89.63252521200002,
              22.76605193200004
            ],
            [
              89.63200425000008,
              22.766211076000047
            ],
            [
              89.63165744700007,
              22.766128976
            ],
            [
              89.63131085600008,
              22.765967830000022
            ],
            [
              89.63157241700014,
              22.765485137000155
            ],
            [
              89.63192008000004,
              22.765246549000096
            ],
            [
              89.63200748200018,
              22.765005104000124
            ],
            [
              89.63183462100017,
              22.764763056000163
            ],
            [
              89.63192224200009,
              22.76444030900018
            ],
            [
              89.63218314400018,
              22.764201520000086
            ],
            [
              89.63218422800009,
              22.76379726800019
            ],
            [
              89.63183807000019,
              22.763475779000146
            ],
            [
              89.63140581100004,
              22.762912441000083
            ],
            [
              89.63105954200012,
              22.762749036000116
            ],
            [
              89.63094880300008,
              22.76295203700016
            ],
            [
              89.6302416800001,
              22.76425754500019
            ],
            [
              89.63018767100016,
              22.764357257000086
            ],
            [
              89.63001842000011,
              22.765039343000183
            ],
            [
              89.6297491320002,
              22.766124562000186
            ],
            [
              89.62853268200007,
              22.766927984000063
            ],
            [
              89.62740398600016,
              22.76724604499998
            ],
            [
              89.62705792100019,
              22.767003590000115
            ],
            [
              89.62688309700013,
              22.76748647800008
            ],
            [
              89.62634446700014,
              22.767610161999983
            ],
            [
              89.62623211800019,
              22.76763596100011
            ],
            [
              89.62584136400017,
              22.767725687000052
            ],
            [
              89.62566978000018,
              22.76786090300004
            ],
            [
              89.62523275600006,
              22.768205299000158
            ],
            [
              89.62366703000004,
              22.769811848000074
            ],
            [
              89.62305848500006,
              22.77037275300006
            ],
            [
              89.62297062400012,
              22.770774539000058
            ],
            [
              89.62270990100018,
              22.770936529000153
            ],
            [
              89.6220158370001,
              22.77093488500003
            ],
            [
              89.62158138400014,
              22.771173245000057
            ],
            [
              89.62071254600016,
              22.77173578200012
            ],
            [
              89.6200180300001,
              22.771894474000135
            ],
            [
              89.61984384400006,
              22.772135708000178
            ],
            [
              89.61984273100006,
              22.772537700000044
            ],
            [
              89.61966742800001,
              22.77318092300004
            ],
            [
              89.61888712100006,
              22.77309776000004
            ],
            [
              89.61845354200017,
              22.773017681000056
            ],
            [
              89.61752526300018,
              22.772948531
            ],
            [
              89.617320544,
              22.77293459900011
            ],
            [
              89.61688323700014,
              22.773009856000044
            ],
            [
              89.61637229300015,
              22.772771043999967
            ],
            [
              89.61602638100015,
              22.77236822200007
            ],
            [
              89.61576700600006,
              22.772044646000097
            ],
            [
              89.61533351600008,
              22.772043602
            ],
            [
              89.61420565100013,
              22.772040878000155
            ],
            [
              89.61330029200008,
              22.772038689000055
            ],
            [
              89.61316484700018,
              22.772038360000124
            ],
            [
              89.61280715800012,
              22.77203749300014
            ],
            [
              89.61221050000017,
              22.772036044000117
            ],
            [
              89.61187906700019,
              22.77197481600018
            ],
            [
              89.6115156670001,
              22.77195848200006
            ],
            [
              89.61143966500003,
              22.771955065000043
            ],
            [
              89.61043969700012,
              22.77191011400015
            ],
            [
              89.61039219100007,
              22.771393725000166
            ],
            [
              89.61049651200011,
              22.770554103000165
            ],
            [
              89.61059792700007,
              22.769737850000183
            ],
            [
              89.61071284300016,
              22.768966157000023
            ],
            [
              89.6110078000001,
              22.766985390000173
            ],
            [
              89.61100934400008,
              22.766440438000018
            ],
            [
              89.61104966900012,
              22.765852558000063
            ],
            [
              89.61112855300007,
              22.765300624000076
            ],
            [
              89.61116974900011,
              22.76440441600016
            ],
            [
              89.61111654100017,
              22.764081616000112
            ],
            [
              89.61098599299999,
              22.763765797000133
            ],
            [
              89.61020044200012,
              22.762673969000048
            ],
            [
              89.60903781600018,
              22.761226753000017
            ],
            [
              89.60831169300008,
              22.760273144999985
            ],
            [
              89.60811451500007,
              22.76010462500011
            ],
            [
              89.6075404090002,
              22.759613958000102
            ],
            [
              89.60725226900018,
              22.758985833000054
            ],
            [
              89.60721094100012,
              22.75858187500006
            ],
            [
              89.60713289000012,
              22.75781898200006
            ],
            [
              89.60729176400014,
              22.75784024400008
            ],
            [
              89.60812687200013,
              22.757804052999973
            ],
            [
              89.60827122000018,
              22.757794847000127
            ],
            [
              89.60884902000004,
              22.757614611000122
            ],
            [
              89.60896335100017,
              22.757551369000055
            ],
            [
              89.60899746300015,
              22.757532502000174
            ],
            [
              89.60914146900018,
              22.757288730000084
            ],
            [
              89.6092007370001,
              22.75718524300015
            ],
            [
              89.60928421200015,
              22.756831704000092
            ],
            [
              89.60937864700009,
              22.756248737000078
            ],
            [
              89.60961927500006,
              22.755006443000184
            ],
            [
              89.60967309799997,
              22.75420348100016
            ],
            [
              89.60955943500011,
              22.753791194000087
            ],
            [
              89.6095198320001,
              22.7537250740001
            ],
            [
              89.60922252200004,
              22.753150709000067
            ],
            [
              89.6083205170001,
              22.751351099000033
            ],
            [
              89.60775165000018,
              22.750128756000095
            ],
            [
              89.60770744700017,
              22.750033775000134
            ],
            [
              89.60687649500017,
              22.748630404000096
            ],
            [
              89.6064539620001,
              22.74801940900005
            ],
            [
              89.6055295170001,
              22.7468794130001
            ],
            [
              89.6048748990001,
              22.746092524000062
            ],
            [
              89.60484344900016,
              22.746054718000153
            ],
            [
              89.60414275500011,
              22.74521243099997
            ],
            [
              89.60275491100003,
              22.743530213999975
            ],
            [
              89.60211916800006,
              22.742779956999982
            ],
            [
              89.60169793300014,
              22.7423056560001
            ],
            [
              89.60129249300019,
              22.741716665000126
            ],
            [
              89.60115938100017,
              22.741585437000083
            ],
            [
              89.60093276100008,
              22.741362024000182
            ],
            [
              89.60058300300005,
              22.740985856000123
            ],
            [
              89.60050603600018,
              22.740903076000052
            ],
            [
              89.60029569,
              22.740676845000053
            ],
            [
              89.59966411400018,
              22.739876950000053
            ],
            [
              89.59947430699998,
              22.73957531400015
            ],
            [
              89.5988638,
              22.738622497999984
            ],
            [
              89.59818675400015,
              22.737516543000083
            ],
            [
              89.59779732100014,
              22.736750712
            ],
            [
              89.59769037000012,
              22.73631543300013
            ],
            [
              89.59764069500017,
              22.735679525000137
            ],
            [
              89.59772073300002,
              22.73517835400014
            ],
            [
              89.59778189500014,
              22.734977172000185
            ],
            [
              89.59802142600012,
              22.734131657000148
            ],
            [
              89.598322586,
              22.73335800200016
            ],
            [
              89.59847785800008,
              22.733128936000014
            ],
            [
              89.5987882460002,
              22.732723388000068
            ],
            [
              89.59929528200018,
              22.732036292000032
            ],
            [
              89.59975023700008,
              22.73153549799997
            ],
            [
              89.59989582300005,
              22.73109129200003
            ],
            [
              89.59995816300005,
              22.730919356000186
            ],
            [
              89.6000005300001,
              22.730516480000063
            ],
            [
              89.60001646100011,
              22.73036498400012
            ],
            [
              89.60011170900015,
              22.72950954300012
            ],
            [
              89.6001614920001,
              22.72833848700003
            ],
            [
              89.60016347900017,
              22.72765490500018
            ],
            [
              89.60005759600006,
              22.726851544000056
            ],
            [
              89.5999936500001,
              22.726366358000064
            ],
            [
              89.59997692600012,
              22.726239460000045
            ],
            [
              89.5998620370001,
              22.72577503400015
            ],
            [
              89.59984379100018,
              22.725701277000155
            ],
            [
              89.59974263600009,
              22.72529236800017
            ],
            [
              89.59949865400017,
              22.72413491700007
            ],
            [
              89.59935042600017,
              22.723718657000063
            ],
            [
              89.59895637400007,
              22.722780724000188
            ],
            [
              89.59823956000008,
              22.721201414000063
            ],
            [
              89.5978654910001,
              22.72048342400018
            ],
            [
              89.59724946500012,
              22.71968833800014
            ],
            [
              89.59699828900011,
              22.719238354000026
            ],
            [
              89.59632282500019,
              22.71847583100009
            ],
            [
              89.5962895360002,
              22.71843825100018
            ],
            [
              89.59576471900004,
              22.718174006000083
            ],
            [
              89.59555031700006,
              22.718173464000188
            ],
            [
              89.59537918100011,
              22.71817303100005
            ],
            [
              89.59526489500007,
              22.71817274200015
            ],
            [
              89.5949346650001,
              22.718324877000043
            ],
            [
              89.59385023000016,
              22.719115661000103
            ],
            [
              89.59186614700002,
              22.720927136000114
            ],
            [
              89.59141138300009,
              22.721365765000087
            ],
            [
              89.59090565700018,
              22.721613049000098
            ],
            [
              89.59051895800002,
              22.721688545000177
            ],
            [
              89.59039016300011,
              22.72167865400013
            ],
            [
              89.59017910500006,
              22.721606409000117
            ],
            [
              89.5901395300001,
              22.721579858000155
            ],
            [
              89.58955683900012,
              22.721188924000103
            ],
            [
              89.58916605900009,
              22.72090588100008
            ],
            [
              89.58797845300006,
              22.719994562000068
            ],
            [
              89.58738753400013,
              22.719438521000143
            ],
            [
              89.58691525000012,
              22.71884454100001
            ],
            [
              89.58549331500018,
              22.717474882000147
            ],
            [
              89.58538739000016,
              22.71735808700015
            ],
            [
              89.58506986700013,
              22.71692404600003
            ],
            [
              89.58484447300009,
              22.716426612000078
            ],
            [
              89.58485036200017,
              22.716025372000104
            ],
            [
              89.58497701200014,
              22.71503617200011
            ],
            [
              89.58575552600007,
              22.713173861000143
            ],
            [
              89.58738818900008,
              22.709980037000037
            ],
            [
              89.58790983000017,
              22.709362850000048
            ],
            [
              89.58810176600008,
              22.70913575600008
            ],
            [
              89.58917029700012,
              22.708478817000184
            ],
            [
              89.59017613600008,
              22.708108531000107
            ],
            [
              89.59189225000017,
              22.70801176100008
            ],
            [
              89.59286935500012,
              22.70806986399998
            ],
            [
              89.59344099300012,
              22.70810385300007
            ],
            [
              89.59506706200011,
              22.708202830000175
            ],
            [
              89.5966584410001,
              22.708615623000128
            ],
            [
              89.59706148500004,
              22.708698127
            ],
            [
              89.5977419400001,
              22.708837415000175
            ],
            [
              89.59797397200015,
              22.708883167000067
            ],
            [
              89.59831244700013,
              22.70894725100004
            ],
            [
              89.59906268400016,
              22.709091415000046
            ],
            [
              89.59963610900007,
              22.70917315000014
            ],
            [
              89.59978803500019,
              22.70918168200012
            ],
            [
              89.60016816400014,
              22.709203029000037
            ],
            [
              89.60049295800019,
              22.7091393070001
            ],
            [
              89.60095724200005,
              22.70894686200006
            ],
            [
              89.60113531400003,
              22.708839748000116
            ],
            [
              89.6012669930002,
              22.708739689000083
            ],
            [
              89.60147637400019,
              22.708496413000034
            ],
            [
              89.60159105600007,
              22.708265906000065
            ],
            [
              89.60181842700018,
              22.707808896000074
            ],
            [
              89.60220908600007,
              22.706347082000093
            ],
            [
              89.60249116300002,
              22.705014067000036
            ],
            [
              89.60258719500018,
              22.703874193000047
            ],
            [
              89.60261164300005,
              22.703436853000085
            ],
            [
              89.6027056870002,
              22.702985343000023
            ],
            [
              89.60274610699997,
              22.702368778999983
            ],
            [
              89.60270254000005,
              22.70139706600014
            ],
            [
              89.60262677600014,
              22.700869844000067
            ],
            [
              89.60246737400013,
              22.700242673000105
            ],
            [
              89.60244124600007,
              22.700143004000154
            ],
            [
              89.6023835740001,
              22.69998073300013
            ],
            [
              89.60225532300007,
              22.69978920000017
            ],
            [
              89.60214933600008,
              22.699693329000127
            ],
            [
              89.60186649500002,
              22.699510375000102
            ],
            [
              89.60155781700007,
              22.69935424600004
            ],
            [
              89.60133260100008,
              22.69928795500016
            ],
            [
              89.60095922000005,
              22.699236233000136
            ],
            [
              89.60069325400008,
              22.699206599000036
            ],
            [
              89.60014149000006,
              22.69919325900014
            ],
            [
              89.5976688720001,
              22.6990605900001
            ],
            [
              89.59438297700012,
              22.698928083000055
            ],
            [
              89.59381720500016,
              22.698879222000187
            ],
            [
              89.59311320400013,
              22.698818905999985
            ],
            [
              89.59248611400011,
              22.698765177000098
            ],
            [
              89.59133560700019,
              22.698290234000126
            ],
            [
              89.58981352400014,
              22.697437179000133
            ],
            [
              89.58877310600019,
              22.69678183000019
            ],
            [
              89.58856235500008,
              22.696648040000127
            ],
            [
              89.58734309500011,
              22.695572160000097
            ],
            [
              89.58663637300003,
              22.694947015000025
            ],
            [
              89.5854189420001,
              22.694284412000172
            ],
            [
              89.58450569100017,
              22.6937468000001
            ],
            [
              89.58406602600007,
              22.693555952999986
            ],
            [
              89.58342224800015,
              22.693554277000032
            ],
            [
              89.58291453700014,
              22.69342874300014
            ],
            [
              89.58220415500017,
              22.6930181190001
            ],
            [
              89.58149332000005,
              22.692858174000094
            ],
            [
              89.58115479500003,
              22.69282567100015
            ],
            [
              89.57993528700018,
              22.692759239000168
            ],
            [
              89.57932616300008,
              22.692570191000186
            ],
            [
              89.57810704600018,
              22.692377278000095
            ],
            [
              89.57757087300013,
              22.69221099900011
            ],
            [
              89.57749792300012,
              22.692188222000084
            ],
            [
              89.57648204399999,
              22.691995831000042
            ],
            [
              89.57560127300007,
              22.691993499000034
            ],
            [
              89.5743911740002,
              22.69206728
            ],
            [
              89.57411051300016,
              22.692084392000027
            ],
            [
              89.5733988990001,
              22.692082497000115
            ],
            [
              89.57228462100005,
              22.69183561700015
            ],
            [
              89.57211254200013,
              22.691796763000127
            ],
            [
              89.570284136,
              22.69147794700001
            ],
            [
              89.56953973600008,
              22.69116202700019
            ],
            [
              89.56906641800015,
              22.690844577
            ],
            [
              89.56901887200013,
              22.690483103000133
            ],
            [
              89.56900044700012,
              22.690343034000023
            ],
            [
              89.56920564600011,
              22.689713493000056
            ],
            [
              89.57002296899998,
              22.688301928000044
            ],
            [
              89.57070362600007,
              22.687296505000063
            ],
            [
              89.57083279100004,
              22.687143279
            ],
            [
              89.57090272100015,
              22.687060394000184
            ],
            [
              89.5710646280001,
              22.68686849000011
            ],
            [
              89.5713422550001,
              22.686676918000046
            ],
            [
              89.5715182350001,
              22.686555486000145
            ],
            [
              89.57206461900017,
              22.686178459000132
            ],
            [
              89.57272669100007,
              22.685319765000145
            ],
            [
              89.57295221500004,
              22.68511895400013
            ],
            [
              89.57322706300005,
              22.68487422100003
            ],
            [
              89.57412087500012,
              22.684078338000177
            ],
            [
              89.5745037320001,
              22.68373742300014
            ],
            [
              89.5763126270001,
              22.68128854700018
            ],
            [
              89.5767591870001,
              22.680683979000094
            ],
            [
              89.57680180400018,
              22.680605446000072
            ],
            [
              89.57744413600005,
              22.67942175600018
            ],
            [
              89.57775387900017,
              22.67885095100013
            ],
            [
              89.57793150100014,
              22.678556232000176
            ],
            [
              89.57813395500017,
              22.678220312000064
            ],
            [
              89.5781611430001,
              22.678175200000055
            ],
            [
              89.578271643,
              22.677991852
            ],
            [
              89.57838556500019,
              22.67755524100005
            ],
            [
              89.57868774300016,
              22.676397119000114
            ],
            [
              89.57873033200002,
              22.67623389000005
            ],
            [
              89.57902055300019,
              22.675661010000056
            ],
            [
              89.57942285400014,
              22.67488444700001
            ],
            [
              89.57943252800004,
              22.67485248200012
            ],
            [
              89.57946586300005,
              22.674730214000135
            ],
            [
              89.57949819600015,
              22.67443849500006
            ],
            [
              89.57954095300005,
              22.674197085000174
            ],
            [
              89.5796069380001,
              22.673824525999976
            ],
            [
              89.57961750300018,
              22.673764876
            ],
            [
              89.5800253770002,
              22.67146192000007
            ],
            [
              89.58006750300012,
              22.671323345000076
            ],
            [
              89.58010038200007,
              22.67121519000011
            ],
            [
              89.5802635880001,
              22.67048063699997
            ],
            [
              89.58024124399998,
              22.66931808200013
            ],
            [
              89.58032115100013,
              22.66807322
            ],
            [
              89.58022034200008,
              22.667346342000087
            ],
            [
              89.579899065,
              22.667358956000044
            ],
            [
              89.57770093200014,
              22.667136866000135
            ],
            [
              89.57748245800019,
              22.666992879000077
            ],
            [
              89.57744484800008,
              22.666946062000022
            ],
            [
              89.57749727200019,
              22.666896126000154
            ],
            [
              89.5775039130001,
              22.666853839999987
            ],
            [
              89.57758395200005,
              22.666344224000113
            ],
            [
              89.57759286300018,
              22.665957038000045
            ],
            [
              89.57756257300014,
              22.665756183000042
            ],
            [
              89.57741671700018,
              22.665447465000113
            ],
            [
              89.57677746200011,
              22.664786089000074
            ],
            [
              89.57606110000017,
              22.66415689300004
            ],
            [
              89.57586756500007,
              22.66394759800005
            ],
            [
              89.57549446600018,
              22.663419574999978
            ],
            [
              89.5751565920001,
              22.662744649000103
            ],
            [
              89.57478202100015,
              22.66144220300015
            ],
            [
              89.57475164800019,
              22.66127002900015
            ],
            [
              89.5747635690002,
              22.661162503000128
            ],
            [
              89.57485012400014,
              22.660903876000134
            ],
            [
              89.57504168500009,
              22.660584100000108
            ],
            [
              89.57509623800007,
              22.66047493400015
            ],
            [
              89.57514143500003,
              22.66043322500019
            ],
            [
              89.5752058830002,
              22.66041248200014
            ],
            [
              89.57529861000012,
              22.66038805800008
            ],
            [
              89.57551387000018,
              22.66032207000012
            ],
            [
              89.57565899800011,
              22.660235810000074
            ],
            [
              89.57610483700017,
              22.659717125000043
            ],
            [
              89.57659581500008,
              22.65917465800004
            ],
            [
              89.57685119700011,
              22.6588257680001
            ],
            [
              89.57692481100014,
              22.658661980999966
            ],
            [
              89.57695197900006,
              22.65850336000011
            ],
            [
              89.57700548000014,
              22.65785217700011
            ],
            [
              89.57696659800013,
              22.656884051000134
            ],
            [
              89.57698957200006,
              22.656740701
            ],
            [
              89.57705448500019,
              22.65656758400013
            ],
            [
              89.5771356840001,
              22.65633176800003
            ],
            [
              89.57732022200008,
              22.65598866600004
            ],
            [
              89.57755294400016,
              22.65567855600011
            ],
            [
              89.577989398,
              22.65506423300019
            ],
            [
              89.57807677100004,
              22.65491325800008
            ],
            [
              89.57876283000007,
              22.653727767000134
            ],
            [
              89.57923897300014,
              22.652760993000072
            ],
            [
              89.57984947400007,
              22.651009992000013
            ],
            [
              89.58017734400005,
              22.649892246000093
            ],
            [
              89.58066778800014,
              22.648660194000115
            ],
            [
              89.58093127600006,
              22.648153465
            ],
            [
              89.58123375100013,
              22.64775643100006
            ],
            [
              89.58152800700014,
              22.647527741000147
            ],
            [
              89.5821779050001,
              22.64720676200011
            ],
            [
              89.58292026500004,
              22.64696489500011
            ],
            [
              89.58421087500011,
              22.646803325000064
            ],
            [
              89.58499208800015,
              22.64681600900002
            ],
            [
              89.58511743300016,
              22.64684565700003
            ],
            [
              89.58523446600014,
              22.6468662850001
            ],
            [
              89.585396188,
              22.646893808000186
            ],
            [
              89.58580174700012,
              22.646949058000132
            ],
            [
              89.58624137200013,
              22.64700439500018
            ],
            [
              89.58666369800011,
              22.647046137000075
            ],
            [
              89.58709448400003,
              22.647108223000032
            ],
            [
              89.58759308400005,
              22.64717274400016
            ],
            [
              89.58798163500018,
              22.64722117000008
            ],
            [
              89.58833684200016,
              22.647231115000125
            ],
            [
              89.58858202800019,
              22.647215935000077
            ],
            [
              89.58896232400019,
              22.647176257000183
            ],
            [
              89.58939394500015,
              22.647059926000054
            ],
            [
              89.58964738800006,
              22.64702896000017
            ],
            [
              89.58981896800003,
              22.647013590000142
            ],
            [
              89.59000271600013,
              22.646998251000184
            ],
            [
              89.59033205300011,
              22.64701490200008
            ],
            [
              89.59061085600018,
              22.647047232999967
            ],
            [
              89.59066984000009,
              22.647054155000035
            ],
            [
              89.59088996100007,
              22.64707956400008
            ],
            [
              89.59121920700017,
              22.64712783000016
            ],
            [
              89.59170066300004,
              22.64723068600017
            ],
            [
              89.5921146500001,
              22.647317560000033
            ],
            [
              89.59268910500009,
              22.647445491999974
            ],
            [
              89.592942596,
              22.647500337000167
            ],
            [
              89.59329745800005,
              22.64752607900016
            ],
            [
              89.59343280100018,
              22.64752642400009
            ],
            [
              89.59372028600006,
              22.647502306999968
            ],
            [
              89.59392319600016,
              22.647487015000138
            ],
            [
              89.59414292400004,
              22.647440143000154
            ],
            [
              89.5943882420001,
              22.647379786000045
            ],
            [
              89.5947520150001,
              22.647270046000017
            ],
            [
              89.59516671800003,
              22.647113004000175
            ],
            [
              89.59557291800007,
              22.646951422000143
            ],
            [
              89.59605532300009,
              22.646731312000043
            ],
            [
              89.59648694900011,
              22.646506558000112
            ],
            [
              89.59688598400015,
              22.646311427000057
            ],
            [
              89.59696939800011,
              22.646270637000043
            ],
            [
              89.59742641000014,
              22.64610014500016
            ],
            [
              89.59792563100012,
              22.645952341000168
            ],
            [
              89.59825531000013,
              22.645851538999977
            ],
            [
              89.59864454799998,
              22.645766695000077
            ],
            [
              89.59896590300002,
              22.64570426200015
            ],
            [
              89.59932099600019,
              22.645648689999973
            ],
            [
              89.59959146400018,
              22.64561774800012
            ],
            [
              89.59971007900015,
              22.645618044000116
            ],
            [
              89.59991291300008,
              22.645627585000113
            ],
            [
              89.6000204450001,
              22.64563559700008
            ],
            [
              89.60013245400017,
              22.645643942000163
            ],
            [
              89.60031819200009,
              22.64567602300002
            ],
            [
              89.60058033600012,
              22.645683453000117
            ],
            [
              89.60093517500007,
              22.645715952000046
            ],
            [
              89.60123089800015,
              22.645786701000134
            ],
            [
              89.60145032300005,
              22.645843706000164
            ],
            [
              89.60171226200015,
              22.645923403000097
            ],
            [
              89.6020584060002,
              22.646016857000177
            ],
            [
              89.60236255800015,
              22.646119237000107
            ],
            [
              89.60276791500019,
              22.6462467180001
            ],
            [
              89.6030550540001,
              22.646342282000035
            ],
            [
              89.60349408700006,
              22.646499203000133
            ],
            [
              89.60380637800006,
              22.646626443000173
            ],
            [
              89.60402605300004,
              22.64670377200008
            ],
            [
              89.60423687300005,
              22.646792374000142
            ],
            [
              89.60438046500002,
              22.64688531900009
            ],
            [
              89.6044881950001,
              22.646937268000045
            ],
            [
              89.60462526800012,
              22.647003365000103
            ],
            [
              89.6049545730001,
              22.647137423000174
            ],
            [
              89.60517398500014,
              22.64720119700013
            ],
            [
              89.60530923600004,
              22.6472331490001
            ],
            [
              89.60546117200005,
              22.647280950000038
            ],
            [
              89.60559061300017,
              22.647324180000055
            ],
            [
              89.60581576800007,
              22.647399260000043
            ],
            [
              89.60606066000008,
              22.647485686000095
            ],
            [
              89.60622108800004,
              22.64754253800004
            ],
            [
              89.60628033000012,
              22.647565270000143
            ],
            [
              89.60644071800004,
              22.64763567400007
            ],
            [
              89.60669412300018,
              22.64772437200014
            ],
            [
              89.60693895100019,
              22.647833378000087
            ],
            [
              89.60709357700017,
              22.64791258000008
            ],
            [
              89.60729337400011,
              22.648014920000037
            ],
            [
              89.60762255100008,
              22.648196401
            ],
            [
              89.60766770000015,
              22.64822472200018
            ],
            [
              89.60785025500007,
              22.648339238000062
            ],
            [
              89.60799350100001,
              22.648447992000172
            ],
            [
              89.60817078900016,
              22.648565864000147
            ],
            [
              89.60836466800009,
              22.648731204000114
            ],
            [
              89.60849969900016,
              22.648842194999986
            ],
            [
              89.6086092540001,
              22.64892828500018
            ],
            [
              89.60876094600019,
              22.649061902000142
            ],
            [
              89.60889593399997,
              22.649188702000174
            ],
            [
              89.60909842400008,
              22.64932244300013
            ],
            [
              89.60925005500008,
              22.64947864400017
            ],
            [
              89.60945240800004,
              22.64965981200004
            ],
            [
              89.60957039100009,
              22.649777536000045
            ],
            [
              89.6098909700001,
              22.649990611000135
            ],
            [
              89.61024557000013,
              22.650219572000026
            ],
            [
              89.61052400900013,
              22.65038511300014
            ],
            [
              89.61095435200014,
              22.650612000000137
            ],
            [
              89.61120759200014,
              22.650761673000034
            ],
            [
              89.6115111860002,
              22.650958893000166
            ],
            [
              89.611984,
              22.65122653000003
            ],
            [
              89.61250727800018,
              22.651503323999975
            ],
            [
              89.61278587500004,
              22.651614660000178
            ],
            [
              89.61296302200009,
              22.651676065000174
            ],
            [
              89.61320799200007,
              22.651739891000148
            ],
            [
              89.61342780400014,
              22.651772040000026
            ],
            [
              89.61357979200011,
              22.651804024
            ],
            [
              89.61379106700008,
              22.651842927000132
            ],
            [
              89.61400238300018,
              22.651868278000165
            ],
            [
              89.6143826440001,
              22.65184435400016
            ],
            [
              89.61464486500006,
              22.651829172000134
            ],
            [
              89.61481401800012,
              22.651813771000036
            ],
            [
              89.61502511900005,
              22.651807504000146
            ],
            [
              89.61522800600005,
              22.65180121400016
            ],
            [
              89.61535481900017,
              22.651808296000183
            ],
            [
              89.61551539100014,
              22.651815458000044
            ],
            [
              89.61559931400006,
              22.65182469100006
            ],
            [
              89.61575195300014,
              22.651840866000043
            ],
            [
              89.61601395700018,
              22.651904730000183
            ],
            [
              89.61615734700013,
              22.651966050999988
            ],
            [
              89.61627550500015,
              22.65202279300007
            ],
            [
              89.61643590199998,
              22.652093187000048
            ],
            [
              89.61657101200018,
              22.65217933100007
            ],
            [
              89.61668059100009,
              22.65225863900008
            ],
            [
              89.61682414700005,
              22.65236964400009
            ],
            [
              89.61690849000018,
              22.652446634000057
            ],
            [
              89.6169673190002,
              22.65251001100006
            ],
            [
              89.61706012800016,
              22.65260508500012
            ],
            [
              89.61712743000004,
              22.652684291000128
            ],
            [
              89.61720321400009,
              22.652777068000034
            ],
            [
              89.61727930900008,
              22.652865326000097
            ],
            [
              89.61737170900005,
              22.65299879500003
            ],
            [
              89.61743082500016,
              22.65306894600002
            ],
            [
              89.61749793400014,
              22.653218164000123
            ],
            [
              89.61754844800004,
              22.653319914
            ],
            [
              89.61759904800016,
              22.65339004600014
            ],
            [
              89.6176492990001,
              22.653475985000057
            ],
            [
              89.61773332900015,
              22.65366589200005
            ],
            [
              89.61777528000016,
              22.653783432000182
            ],
            [
              89.61783418000005,
              22.653932629
            ],
            [
              89.61789843800005,
              22.65405181300008
            ],
            [
              89.61791830400011,
              22.654088659000138
            ],
            [
              89.61799112400007,
              22.65420467000007
            ],
            [
              89.61802762300016,
              22.654262819000166
            ],
            [
              89.61806114500007,
              22.654348719000154
            ],
            [
              89.61812836400009,
              22.654459541000108
            ],
            [
              89.61820438200016,
              22.654577160000144
            ],
            [
              89.618263088,
              22.65468570400003
            ],
            [
              89.61833028000007,
              22.654805562000035
            ],
            [
              89.61839780900004,
              22.654914126000108
            ],
            [
              89.61848205800004,
              22.655024991000175
            ],
            [
              89.61850684300003,
              22.655081509000013
            ],
            [
              89.61858271400018,
              22.655253332000143
            ],
            [
              89.6186332100001,
              22.655361855000137
            ],
            [
              89.61866669,
              22.655463563000012
            ],
            [
              89.61869999500004,
              22.655628508000063
            ],
            [
              89.618741882,
              22.65577088800012
            ],
            [
              89.61878914900012,
              22.65594715900005
            ],
            [
              89.61883383300005,
              22.656177624000065
            ],
            [
              89.61888408600004,
              22.656374225000036
            ],
            [
              89.61890046500008,
              22.656500738000148
            ],
            [
              89.61890015800014,
              22.656611398000052
            ],
            [
              89.61891693600012,
              22.65670403500019
            ],
            [
              89.6189166320001,
              22.65681469599997
            ],
            [
              89.61893303700009,
              22.65693217000012
            ],
            [
              89.61893271200017,
              22.65704961000006
            ],
            [
              89.61893221100007,
              22.657230283
            ],
            [
              89.61892348300006,
              22.65741771100005
            ],
            [
              89.6189232870002,
              22.657488553000064
            ],
            [
              89.61892298400011,
              22.657598385000085
            ],
            [
              89.61893076000018,
              22.65775649200009
            ],
            [
              89.61896428500006,
              22.657953056000053
            ],
            [
              89.61901438900009,
              22.658093193000184
            ],
            [
              89.61904784500018,
              22.65820393900009
            ],
            [
              89.6191152450001,
              22.658359931000064
            ],
            [
              89.61914885100003,
              22.65841647000019
            ],
            [
              89.61919928100014,
              22.658549837000123
            ],
            [
              89.61927498000006,
              22.658674231000134
            ],
            [
              89.61932551500007,
              22.658769204000066
            ],
            [
              89.61937574400008,
              22.658864177
            ],
            [
              89.61941776800018,
              22.658956873000022
            ],
            [
              89.61951883600017,
              22.659146820000046
            ],
            [
              89.61963664300009,
              22.65933454600014
            ],
            [
              89.6197207890001,
              22.65948380200001
            ],
            [
              89.619872289,
              22.65969645500013
            ],
            [
              89.62000713000009,
              22.65988422500004
            ],
            [
              89.62005731500005,
              22.659995005000155
            ],
            [
              89.62009925400008,
              22.660119320000035
            ],
            [
              89.62017468800008,
              22.660340820000044
            ],
            [
              89.62021655600017,
              22.66048997900009
            ],
            [
              89.62025823400006,
              22.660709145000055
            ],
            [
              89.62030816700019,
              22.661023184000044
            ],
            [
              89.62037483000012,
              22.661337263000178
            ],
            [
              89.62040848700013,
              22.661486398000022
            ],
            [
              89.62042484900007,
              22.661619682000037
            ],
            [
              89.62043285200014,
              22.66180715200005
            ],
            [
              89.62044100100019,
              22.661940416999983
            ],
            [
              89.6204571670001,
              22.662145971000143
            ],
            [
              89.62045678200013,
              22.662285994000058
            ],
            [
              89.62048192000009,
              22.66243510700008
            ],
            [
              89.6204981730001,
              22.66260904600017
            ],
            [
              89.62051504200019,
              22.66270240600005
            ],
            [
              89.620531315,
              22.662834966000048
            ],
            [
              89.62056499300013,
              22.662977327000192
            ],
            [
              89.62061511900004,
              22.66311069200009
            ],
            [
              89.620682564,
              22.66325087400014
            ],
            [
              89.62074961500014,
              22.6634249330001
            ],
            [
              89.62078099100006,
              22.663507902000106
            ],
            [
              89.62080004800015,
              22.66355829600019
            ],
            [
              89.62082488400006,
              22.663707412000065
            ],
            [
              89.62084972000014,
              22.663856528000167
            ],
            [
              89.6208748430002,
              22.664012419000187
            ],
            [
              89.62087451600007,
              22.66413211400004
            ],
            [
              89.62087402500015,
              22.66431052700017
            ],
            [
              89.62087354599998,
              22.66448442700016
            ],
            [
              89.62087311800013,
              22.664640253000073
            ],
            [
              89.62087264000013,
              22.66481415400017
            ],
            [
              89.6208722560001,
              22.664954172000023
            ],
            [
              89.62085453400005,
              22.665204814000163
            ],
            [
              89.62082861700009,
              22.665448664999985
            ],
            [
              89.62080259400017,
              22.665730903999986
            ],
            [
              89.62075095000017,
              22.66603792799998
            ],
            [
              89.62070771900005,
              22.66638336500006
            ],
            [
              89.62063916000017,
              22.666758103000177
            ],
            [
              89.6205100680001,
              22.66757534200019
            ],
            [
              89.62042403600009,
              22.66810812600005
            ],
            [
              89.62041493600009,
              22.66832039800005
            ],
            [
              89.6204144190001,
              22.66850784400009
            ],
            [
              89.62040525700007,
              22.668742699000063
            ],
            [
              89.62038774900003,
              22.669024957000147
            ],
            [
              89.62039531700015,
              22.669259852000152
            ],
            [
              89.62041153000013,
              22.669558002000088
            ],
            [
              89.6204111630002,
              22.66969124900004
            ],
            [
              89.62043580200003,
              22.669912631000045
            ],
            [
              89.62044397900007,
              22.670036865000043
            ],
            [
              89.62047743699998,
              22.670147606000057
            ],
            [
              89.62054462600014,
              22.67038264100006
            ],
            [
              89.6206783900002,
              22.67085496800013
            ],
            [
              89.62079547300004,
              22.671309187000134
            ],
            [
              89.62083743600004,
              22.671426725000117
            ],
            [
              89.62087079100002,
              22.67157586100018
            ],
            [
              89.6209464310001,
              22.671835757
            ],
            [
              89.62104705800016,
              22.672079905000146
            ],
            [
              89.62108897600007,
              22.672213251000187
            ],
            [
              89.62117300900019,
              22.672407673000066
            ],
            [
              89.62124008700005,
              22.672572696000145
            ],
            [
              89.6213241590001,
              22.67275357
            ],
            [
              89.62137461200007,
              22.6728801590001
            ],
            [
              89.62146707100015,
              22.673108478000074
            ],
            [
              89.62155920700013,
              22.67334357100009
            ],
            [
              89.62177794300015,
              22.673782223000103
            ],
            [
              89.62193763100004,
              22.67412136200005
            ],
            [
              89.62206370900014,
              22.67440396300003
            ],
            [
              89.62214791200012,
              22.674537408000162
            ],
            [
              89.62221516700009,
              22.674639195000168
            ],
            [
              89.62235812600011,
              22.674867633000076
            ],
            [
              89.62252657600015,
              22.675118716000156
            ],
            [
              89.62278768100003,
              22.6755281020001
            ],
            [
              89.62293909700008,
              22.675779144000046
            ],
            [
              89.6229838430001,
              22.675880878000157
            ],
            [
              89.62301468000004,
              22.675950961000183
            ],
            [
              89.62305668600015,
              22.676052689000073
            ],
            [
              89.62307352600016,
              22.67612499800009
            ],
            [
              89.62312376900013,
              22.676217712000096
            ],
            [
              89.62316571000014,
              22.676344281000183
            ],
            [
              89.62322453500008,
              22.67652509400017
            ],
            [
              89.62329136700015,
              22.676782712000147
            ],
            [
              89.62332478700006,
              22.67690926100005
            ],
            [
              89.62339230400005,
              22.67702685800009
            ],
            [
              89.62344256900019,
              22.677112796000074
            ],
            [
              89.62350163100012,
              22.677207790000125
            ],
            [
              89.62358581300015,
              22.677350267000122
            ],
            [
              89.623670001,
              22.67749048700017
            ],
            [
              89.62377091299999,
              22.677633005000075
            ],
            [
              89.62387222200016,
              22.67774164499997
            ],
            [
              89.62396500900007,
              22.677852528000187
            ],
            [
              89.62404901700012,
              22.677947577000168
            ],
            [
              89.62433588100004,
              22.678174091000074
            ],
            [
              89.62446250100004,
              22.67826021000019
            ],
            [
              89.62454698500011,
              22.678292027000055
            ],
            [
              89.62465673800006,
              22.67831712600008
            ],
            [
              89.62474130700019,
              22.678317323000044
            ],
            [
              89.62481740400017,
              22.678301692000048
            ],
            [
              89.62488528700004,
              22.678286042000025
            ],
            [
              89.625029047,
              22.67822314400013
            ],
            [
              89.62537630900016,
              22.67805231900013
            ],
            [
              89.62568951100013,
              22.67787915000008
            ],
            [
              89.62586718400019,
              22.677762127999983
            ],
            [
              89.62611297000007,
              22.67754363800003
            ],
            [
              89.62629105600007,
              22.67738596200013
            ],
            [
              89.62643489400006,
              22.677293702000156
            ],
            [
              89.62676517000006,
              22.67710476400015
            ],
            [
              89.62714636700008,
              22.676870778000136
            ],
            [
              89.62752754700017,
              22.6766435670001
            ],
            [
              89.62780688200007,
              22.67650419
            ],
            [
              89.62817913400016,
              22.676315348
            ],
            [
              89.6284245560002,
              22.67623009900018
            ],
            [
              89.62861095900007,
              22.67614471200011
            ],
            [
              89.62886496600004,
              22.676034637000157
            ],
            [
              89.62909343400014,
              22.675917729000048
            ],
            [
              89.62927705500016,
              22.675843225000108
            ],
            [
              89.62938122500003,
              22.67580095800008
            ],
            [
              89.62981276900007,
              22.675621282000122
            ],
            [
              89.63009193100004,
              22.675545141000157
            ],
            [
              89.63032053900014,
              22.675489208000045
            ],
            [
              89.63065869900004,
              22.675419979000083
            ],
            [
              89.63108168500008,
              22.675366749000148
            ],
            [
              89.63141157100017,
              22.67532008300003
            ],
            [
              89.63184273700017,
              22.675280422000185
            ],
            [
              89.6323585240001,
              22.675220629000137
            ],
            [
              89.632764441,
              22.675180909000062
            ],
            [
              89.63300964600018,
              22.67517469800015
            ],
            [
              89.63330567800011,
              22.67515956600016
            ],
            [
              89.63341547600015,
              22.675166593000085
            ],
            [
              89.63356755500001,
              22.675175975000172
            ],
            [
              89.63371144500002,
              22.675176304000104
            ],
            [
              89.63415093600008,
              22.675208926000153
            ],
            [
              89.63454810000007,
              22.675257260000024
            ],
            [
              89.63475092600015,
              22.675287081000135
            ],
            [
              89.63489440200016,
              22.675328062000062
            ],
            [
              89.6351056790001,
              22.675382745000036
            ],
            [
              89.63559564000008,
              22.675541949000092
            ],
            [
              89.63595805400001,
              22.675679564000177
            ],
            [
              89.63615295600016,
              22.675769059
            ],
            [
              89.63635571200007,
              22.675825980000013
            ],
            [
              89.63647394700018,
              22.675864641000146
            ],
            [
              89.6366177320001,
              22.675903360000063
            ],
            [
              89.63694734500007,
              22.675960568000164
            ],
            [
              89.6375135080001,
              22.676063480000153
            ],
            [
              89.6381722480001,
              22.676245643000016
            ],
            [
              89.63862005900012,
              22.676355059
            ],
            [
              89.63880065200004,
              22.67639611900006
            ],
            [
              89.6388736200002,
              22.676412093000124
            ],
            [
              89.63906795000014,
              22.676435113000082
            ],
            [
              89.63933003300008,
              22.676489906000086
            ],
            [
              89.63983675100008,
              22.676642360000073
            ],
            [
              89.64048730700006,
              22.676815463000082
            ],
            [
              89.64080826200006,
              22.67692684700006
            ],
            [
              89.64127307200016,
              22.67705210200006
            ],
            [
              89.64151805900008,
              22.67713169400008
            ],
            [
              89.64195727600008,
              22.67727269900007
            ],
            [
              89.64244721000011,
              22.677447691
            ],
            [
              89.64277638700008,
              22.67755683000007
            ],
            [
              89.64316514300009,
              22.67768416900003
            ],
            [
              89.6434775850002,
              22.677795528000104
            ],
            [
              89.64380708600004,
              22.677897892000033
            ],
            [
              89.64410287700008,
              22.67797759300015
            ],
            [
              89.64444063600007,
              22.678064163000045
            ],
            [
              89.6447786380001,
              22.678173316000084
            ],
            [
              89.64499811600018,
              22.678237040000056
            ],
            [
              89.64513303800015,
              22.678293799000016
            ],
            [
              89.64507616400005,
              22.678349938000167
            ],
            [
              89.64490246700018,
              22.678521388000092
            ],
            [
              89.64463182100013,
              22.67859983200003
            ],
            [
              89.64388767600013,
              22.67861398900004
            ],
            [
              89.64344813400015,
              22.678597202000162
            ],
            [
              89.64299151100016,
              22.678596183000025
            ],
            [
              89.64278872600016,
              22.678548307000142
            ],
            [
              89.64206198900013,
              22.678420211000173
            ],
            [
              89.64179150300015,
              22.678435415000024
            ],
            [
              89.64148653500013,
              22.678608632000078
            ],
            [
              89.64146955700016,
              22.67870344800008
            ],
            [
              89.64146931700014,
              22.6787960420001
            ],
            [
              89.64167132800009,
              22.679142031000026
            ],
            [
              89.64175496000007,
              22.67950356800003
            ],
            [
              89.64177104200013,
              22.67975428799997
            ],
            [
              89.64173666200014,
              22.679989086000035
            ],
            [
              89.64168536600016,
              22.680178679
            ],
            [
              89.64168500200014,
              22.680318700000157
            ],
            [
              89.6417352380002,
              22.6805378790001
            ],
            [
              89.64181956100015,
              22.68063292200003
            ],
            [
              89.64185292000019,
              22.680791084000134
            ],
            [
              89.64180179300013,
              22.680915185
            ],
            [
              89.64129397200008,
              22.68118054200005
            ],
            [
              89.64112445500018,
              22.681322442000067
            ],
            [
              89.64107287500019,
              22.681620437000106
            ],
            [
              89.64098748600014,
              22.681934167000122
            ],
            [
              89.64095327000018,
              22.68210573100015
            ],
            [
              89.64100387000008,
              22.682184889000098
            ],
            [
              89.64117285100014,
              22.682248502000107
            ],
            [
              89.64137576400014,
              22.68224895900005
            ],
            [
              89.64171416400006,
              22.682091625
            ],
            [
              89.64198512299998,
              22.68201318800004
            ],
            [
              89.64212007500015,
              22.68206091600007
            ],
            [
              89.6421539820002,
              22.68212422700003
            ],
            [
              89.64215377900013,
              22.68220327100005
            ],
            [
              89.64213633700007,
              22.68235906600006
            ],
            [
              89.64206847200006,
              22.68248538500012
            ],
            [
              89.64205103100011,
              22.682641174000082
            ],
            [
              89.64208455400012,
              22.68273610700004
            ],
            [
              89.64215214900014,
              22.682831108000187
            ],
            [
              89.64225341300016,
              22.682847144999982
            ],
            [
              89.64238879200008,
              22.682847449
            ],
            [
              89.64257499800004,
              22.682721389000108
            ],
            [
              89.64293100100008,
              22.6823450280001
            ],
            [
              89.64310038600019,
              22.682252812000115
            ],
            [
              89.643336986,
              22.682284957000036
            ],
            [
              89.64342132100018,
              22.682377740000163
            ],
            [
              89.64345476300008,
              22.682504286000153
            ],
            [
              89.64345439900006,
              22.68264430700009
            ],
            [
              89.64357258000018,
              22.682707807000043
            ],
            [
              89.64367423000004,
              22.682692223000174
            ],
            [
              89.6437588030002,
              22.68269241500019
            ],
            [
              89.64379228500013,
              22.682803148000175
            ],
            [
              89.643791922,
              22.682943171000147
            ],
            [
              89.64375762300011,
              22.68314861000016
            ],
            [
              89.64374022599998,
              22.6832885930001
            ],
            [
              89.64382463500016,
              22.68335201600013
            ],
            [
              89.6441631740002,
              22.683257916000173
            ],
            [
              89.64428135300011,
              22.683321414999966
            ],
            [
              89.64428119100006,
              22.683384650000164
            ],
            [
              89.64428098800016,
              22.683463695000057
            ],
            [
              89.64428070600013,
              22.683572098000013
            ],
            [
              89.64417848500011,
              22.683809005
            ],
            [
              89.64387329400017,
              22.68418322400015
            ],
            [
              89.64353410300009,
              22.684528006999983
            ],
            [
              89.64351485000003,
              22.684561841000118
            ],
            [
              89.64332933200012,
              22.684891157000038
            ],
            [
              89.64331675900007,
              22.68492952200006
            ],
            [
              89.64331601200007,
              22.68521859900011
            ],
            [
              89.64339293900014,
              22.68546945500009
            ],
            [
              89.64358640800009,
              22.68583123100018
            ],
            [
              89.64385706200005,
              22.686227060000135
            ],
            [
              89.64385612900008,
              22.68658840200004
            ],
            [
              89.64373895400007,
              22.686841085000083
            ],
            [
              89.6436214110002,
              22.687236047000056
            ],
            [
              89.64358202800008,
              22.68752503700017
            ],
            [
              89.64358127999998,
              22.687814114
            ],
            [
              89.6437744530001,
              22.68817363300019
            ],
            [
              89.64389013200014,
              22.688499102000037
            ],
            [
              89.6440046990001,
              22.689255927000033
            ],
            [
              89.64419768400018,
              22.689689972000167
            ],
            [
              89.64419619600005,
              22.690265866
            ],
            [
              89.64435082200009,
              22.690591423000058
            ],
            [
              89.6446611070001,
              22.690842795000037
            ],
            [
              89.64473822200017,
              22.691023642000175
            ],
            [
              89.64469844200005,
              22.691348764999987
            ],
            [
              89.64469742400013,
              22.69174398600012
            ],
            [
              89.64500733200003,
              22.692142155000113
            ],
            [
              89.64500659400017,
              22.692428973
            ],
            [
              89.64495695000011,
              22.692449188000182
            ],
            [
              89.64465885500005,
              22.692576982000105
            ],
            [
              89.64450099200008,
              22.69264465900011
            ],
            [
              89.64446885700016,
              22.692657651000104
            ],
            [
              89.64387877100017,
              22.692896218000044
            ],
            [
              89.6425958760002,
              22.693324716000177
            ],
            [
              89.64232481400012,
              22.692965022000067
            ],
            [
              89.64213042600005,
              22.69307299200011
            ],
            [
              89.64212968000015,
              22.69335980900013
            ],
            [
              89.64271043400004,
              22.6940838000001
            ],
            [
              89.64274851600004,
              22.694298434000075
            ],
            [
              89.6420098750001,
              22.694621996000024
            ],
            [
              89.64204776300005,
              22.69491115900007
            ],
            [
              89.64227979000015,
              22.695306899000116
            ],
            [
              89.64220164500017,
              22.695523534000188
            ],
            [
              89.64225825400013,
              22.69566500700006
            ],
            [
              89.64231742000004,
              22.695812868000132
            ],
            [
              89.64235515300004,
              22.69628044400008
            ],
            [
              89.64231536400007,
              22.6966055690001
            ],
            [
              89.64215942200013,
              22.69678589500012
            ],
            [
              89.64176977000005,
              22.6972163800001
            ],
            [
              89.64033003500003,
              22.698150392000116
            ],
            [
              89.63966791800004,
              22.6988693400001
            ],
            [
              89.63966763700012,
              22.698976875000028
            ],
            [
              89.63966725700004,
              22.69912227800006
            ],
            [
              89.6397828420001,
              22.699483885000063
            ],
            [
              89.64010227699998,
              22.700313442000038
            ],
            [
              89.64013007900019,
              22.70038577500003
            ],
            [
              89.64070738100014,
              22.702439972000093
            ],
            [
              89.64088333800004,
              22.702871724000147
            ],
            [
              89.64097373900017,
              22.703093251000098
            ],
            [
              89.64256043000006,
              22.706985795000094
            ],
            [
              89.63964094300019,
              22.709178937
            ],
            [
              89.63964037600005,
              22.709395746000098
            ],
            [
              89.63972029500019,
              22.70954447200012
            ],
            [
              89.63983356900013,
              22.70975526799998
            ],
            [
              89.64076430600016,
              22.71047779500003
            ],
            [
              89.64146270000003,
              22.710804572000143
            ],
            [
              89.64169568700004,
              22.71084122700006
            ],
            [
              89.64189019500014,
              22.710697128000106
            ],
            [
              89.64200757900011,
              22.71037217900016
            ],
            [
              89.64224056600011,
              22.710408832999974
            ],
            [
              89.64247336500006,
              22.710517758000037
            ],
            [
              89.64254939200003,
              22.711238361000028
            ],
            [
              89.64262391000017,
              22.712539373000027
            ],
            [
              89.6426830810002,
              22.712537653000084
            ],
            [
              89.64276815500011,
              22.712535179000042
            ],
            [
              89.6430017740002,
              22.712535699000114
            ],
            [
              89.64324192600014,
              22.712536234000083
            ],
            [
              89.6438166420001,
              22.71256913400009
            ],
            [
              89.64522018000008,
              22.712743891000116
            ],
            [
              89.64574446500018,
              22.712745053
            ],
            [
              89.64614726400004,
              22.712918696000088
            ],
            [
              89.64682560600005,
              22.713219456000104
            ],
            [
              89.64757556500018,
              22.71362084800012
            ],
            [
              89.64773753100008,
              22.71370702300004
            ],
            [
              89.64794001300015,
              22.713894919000097
            ],
            [
              89.64814248900018,
              22.71408507200016
            ],
            [
              89.64827717500015,
              22.714367669000183
            ],
            [
              89.64844564200013,
              22.714650341000095
            ],
            [
              89.64888406300008,
              22.71515267000018
            ],
            [
              89.64922131500009,
              22.715593802000114
            ],
            [
              89.64954153100012,
              22.716032635999966
            ],
            [
              89.64996336000013,
              22.716363287999968
            ],
            [
              89.65026724000006,
              22.716646255000057
            ],
            [
              89.6505667560001,
              22.716852423000034
            ],
            [
              89.65084438399998,
              22.717128973
            ],
            [
              89.65121929600014,
              22.717502885000044
            ],
            [
              89.65171827900008,
              22.71803156900006
            ],
            [
              89.6521742380001,
              22.71834648200013
            ],
            [
              89.6525456990002,
              22.718503120000094
            ],
            [
              89.65293450000013,
              22.718662053
            ],
            [
              89.6532556090001,
              22.718755344000044
            ],
            [
              89.65371174000012,
              22.718882802999985
            ],
            [
              89.65423612100005,
              22.718976531000123
            ],
            [
              89.65482759200006,
              22.719135898000047
            ],
            [
              89.65536862800008,
              22.719263537000074
            ],
            [
              89.65602781900014,
              22.719357552000133
            ],
            [
              89.65648421999998,
              22.719500812000035
            ],
            [
              89.65711827600006,
              22.719661408000036
            ],
            [
              89.65763387099997,
              22.719862064000097
            ],
            [
              89.65792057800019,
              22.719973642000127
            ],
            [
              89.65857981800019,
              22.72014482000003
            ],
            [
              89.659323739,
              22.72033798300015
            ],
            [
              89.66052363100016,
              22.720701882000128
            ],
            [
              89.6610538220001,
              22.72081392200016
            ],
            [
              89.66141965400016,
              22.720891229000074
            ],
            [
              89.66205858600006,
              22.721016186000043
            ],
            [
              89.66240027000009,
              22.72108300800005
            ],
            [
              89.6633524230001,
              22.721218262000036
            ],
            [
              89.6639556520002,
              22.721305353000048
            ],
            [
              89.66475058000009,
              22.721399613000074
            ],
            [
              89.66483471800012,
              22.72146302700014
            ],
            [
              89.6656969300002,
              22.721670345000064
            ],
            [
              89.66607058500011,
              22.721699819000037
            ],
            [
              89.66702928500007,
              22.721775436000144
            ],
            [
              89.66772628400008,
              22.721830408000073
            ],
            [
              89.66868299800018,
              22.721844315000055
            ],
            [
              89.66899490500015,
              22.72184884600017
            ],
            [
              89.66968831000003,
              22.721771238000144
            ],
            [
              89.66979789400006,
              22.721745518000148
            ],
            [
              89.67021293100004,
              22.72164810900017
            ],
            [
              89.67102579900012,
              22.721241006000184
            ],
            [
              89.672092486,
              22.720565676000035
            ],
            [
              89.67294872400015,
              22.72004419600006
            ],
            [
              89.67405882300011,
              22.71936809200008
            ],
            [
              89.67415470300006,
              22.719309695000163
            ],
            [
              89.67478096400009,
              22.718974799000136
            ],
            [
              89.67502860000013,
              22.718842374000133
            ],
            [
              89.67637191400007,
              22.71812401300008
            ],
            [
              89.67638371100008,
              22.718153396000105
            ],
            [
              89.67671952100017,
              22.718989689000125
            ],
            [
              89.67691344400009,
              22.71921309300012
            ],
            [
              89.67691253300012,
              22.71960211100003
            ],
            [
              89.67691058800006,
              22.7204309440001
            ],
            [
              89.67690916900006,
              22.721034437000014
            ],
            [
              89.67690873500015,
              22.72121958100007
            ],
            [
              89.67729732500015,
              22.72122443100011
            ],
            [
              89.67778322800012,
              22.721242151000183
            ],
            [
              89.6783461870001,
              22.721262679000063
            ],
            [
              89.67838623100005,
              22.720795267000142
            ],
            [
              89.67900770900013,
              22.720760378000023
            ],
            [
              89.67990153900018,
              22.720726037000077
            ],
            [
              89.68098951400003,
              22.720692078000013
            ],
            [
              89.68254460500003,
              22.720261555000036
            ],
            [
              89.68308292700016,
              22.719970390000185
            ],
            [
              89.68320607900006,
              22.719903779000106
            ],
            [
              89.68328409100008,
              22.719723262000173
            ],
            [
              89.68340171500006,
              22.719255999000154
            ],
            [
              89.68359859499998,
              22.718066207000106
            ],
            [
              89.68424360400019,
              22.71811490700003
            ],
            [
              89.68456975700008,
              22.718140393000056
            ],
            [
              89.68592991900016,
              22.71803466299997
            ],
            [
              89.68604572700013,
              22.718360105999977
            ],
            [
              89.68604457800012,
              22.71886372900019
            ],
            [
              89.6860430980002,
              22.71951189200007
            ],
            [
              89.68600291200005,
              22.7200538350001
            ],
            [
              89.68608024200006,
              22.720304671000065
            ],
            [
              89.68677871100004,
              22.720667386000116
            ],
            [
              89.68716714500005,
              22.720740416000126
            ],
            [
              89.68757869000007,
              22.720741222000186
            ],
            [
              89.68761925400003,
              22.72074130100009
            ],
            [
              89.68782749200005,
              22.720741708000048
            ],
            [
              89.68810011400006,
              22.72048929700003
            ],
            [
              89.6882576550002,
              22.719588495000096
            ],
            [
              89.68887918200005,
              22.71966197500018
            ],
            [
              89.68942435500009,
              22.71905100300006
            ],
            [
              89.68958034500002,
              22.71883449900008
            ],
            [
              89.68969697300008,
              22.718798590000063
            ],
            [
              89.69039593300005,
              22.71894448400002
            ],
            [
              89.69101737900013,
              22.719054090000043
            ],
            [
              89.69160165200003,
              22.718370915000094
            ],
            [
              89.69191217800017,
              22.71844378500009
            ],
            [
              89.69206736000001,
              22.71858636400009
            ],
            [
              89.69249482300012,
              22.718623321
            ],
            [
              89.69311620700006,
              22.7186245150001
            ],
            [
              89.6932332200002,
              22.718552470000134
            ],
            [
              89.69342848500014,
              22.718049219000136
            ],
            [
              89.6948278530001,
              22.71769054700013
            ],
            [
              89.69552798800004,
              22.717441194000173
            ],
            [
              89.69560614300019,
              22.717188402000033
            ],
            [
              89.69555960500003,
              22.717123223000044
            ],
            [
              89.69545113100014,
              22.716971299000136
            ],
            [
              89.69537377200004,
              22.716862748000096
            ],
            [
              89.69517980100005,
              22.716647826999974
            ],
            [
              89.69510300700011,
              22.716286334000188
            ],
            [
              89.69490942700008,
              22.716033022000033
            ],
            [
              89.694638183,
              22.715673412000115
            ],
            [
              89.69463930500012,
              22.71516753200018
            ],
            [
              89.69470123600018,
              22.715137087000073
            ],
            [
              89.6948406630001,
              22.715068547000044
            ],
            [
              89.69522266100006,
              22.714881825000077
            ],
            [
              89.69547703900014,
              22.714998808000075
            ],
            [
              89.6955333360001,
              22.71502469700016
            ],
            [
              89.6957076160001,
              22.71494060700013
            ],
            [
              89.69605577400017,
              22.714772619000087
            ],
            [
              89.69642497200016,
              22.71459447799998
            ],
            [
              89.69674392500019,
              22.714440580000087
            ],
            [
              89.69691220400017,
              22.714359382999987
            ],
            [
              89.69723508600003,
              22.714203587999975
            ],
            [
              89.69727861000007,
              22.71425242300006
            ],
            [
              89.69759281700004,
              22.714741786000104
            ],
            [
              89.69821448800008,
              22.714742960000024
            ],
            [
              89.6988747910001,
              22.714888744
            ],
            [
              89.69892365700002,
              22.71493395600004
            ],
            [
              89.69914628100014,
              22.715139939000096
            ],
            [
              89.69914604600007,
              22.71524834000013
            ],
            [
              89.69910630600015,
              22.715609616000165
            ],
            [
              89.69910544200008,
              22.716004835000092
            ],
            [
              89.69968832500007,
              22.715933662000168
            ],
            [
              89.69953196300008,
              22.716330850000134
            ],
            [
              89.69949276300008,
              22.71658372000013
            ],
            [
              89.69976364100006,
              22.71697945300008
            ],
            [
              89.7001136610001,
              22.716943975000163
            ],
            [
              89.70057984600004,
              22.71694484800014
            ],
            [
              89.70061919400007,
              22.716621968000084
            ],
            [
              89.70062021500007,
              22.716152219000037
            ],
            [
              89.70159168600009,
              22.71608176500007
            ],
            [
              89.7017858970001,
              22.716190531000166
            ],
            [
              89.70178558500004,
              22.716335069000024
            ],
            [
              89.70178535000014,
              22.71644347000006
            ],
            [
              89.70143539800011,
              22.71658735900013
            ],
            [
              89.70135679700007,
              22.716910167000037
            ],
            [
              89.7014339120002,
              22.717271657000083
            ],
            [
              89.70174444700018,
              22.717344507000064
            ],
            [
              89.70193835400016,
              22.717453273000046
            ],
            [
              89.70193749900017,
              22.71784849300002
            ],
            [
              89.70205357600008,
              22.718065516000138
            ],
            [
              89.70248111900003,
              22.718066316000034
            ],
            [
              89.70263700600009,
              22.717885931000126
            ],
            [
              89.70291006899998,
              22.71727440700016
            ],
            [
              89.70306595300013,
              22.717094024000062
            ],
            [
              89.70323692900007,
              22.717094342000053
            ],
            [
              89.70353213900012,
              22.717094889
            ],
            [
              89.70391910100017,
              22.71785217500019
            ],
            [
              89.70411269900006,
              22.718105477000165
            ],
            [
              89.70434548300011,
              22.71825044700006
            ],
            [
              89.70453985600011,
              22.718286937000073
            ],
            [
              89.70558993800012,
              22.71774685700018
            ],
            [
              89.70609384300019,
              22.718325939000124
            ],
            [
              89.7062872210002,
              22.718685380000068
            ],
            [
              89.70632540100013,
              22.71904679900007
            ],
            [
              89.70636396700013,
              22.71922754500008
            ],
            [
              89.70648028300019,
              22.719336165000016
            ],
            [
              89.70721822300015,
              22.719479796000087
            ],
            [
              89.70729566400007,
              22.719552205000127
            ],
            [
              89.70663302300005,
              22.720488237000154
            ],
            [
              89.70663271500018,
              22.7206327720001
            ],
            [
              89.70694294700007,
              22.7209946910001
            ],
            [
              89.70736973600015,
              22.72121002299997
            ],
            [
              89.70795416900012,
              22.72041838600012
            ],
            [
              89.7087301430002,
              22.720997957
            ],
            [
              89.70907910199998,
              22.721285373
            ],
            [
              89.70973869200003,
              22.721828631
            ],
            [
              89.71010496400015,
              22.722319372000015
            ],
            [
              89.7103586520002,
              22.722658597000134
            ],
            [
              89.7112499910001,
              22.7236697190001
            ],
            [
              89.71190824200016,
              22.72482270400002
            ],
            [
              89.71248972600011,
              22.725438040000142
            ],
            [
              89.71361383600004,
              22.72662798600004
            ],
            [
              89.71372685000017,
              22.726796515
            ],
            [
              89.71438866900013,
              22.72778342400005
            ],
            [
              89.71512456700009,
              22.72893878800005
            ],
            [
              89.71531790799997,
              22.729334359
            ],
            [
              89.71541861300005,
              22.729348089000098
            ],
            [
              89.715589899,
              22.729370976000155
            ],
            [
              89.71714836300004,
              22.729086023000093
            ],
            [
              89.71727045000006,
              22.729063700000097
            ],
            [
              89.71733922300018,
              22.72905112500007
            ],
            [
              89.71764038100002,
              22.72895117900015
            ],
            [
              89.71814424200005,
              22.728783961000147
            ],
            [
              89.71885549100006,
              22.72854791300017
            ],
            [
              89.7200217830001,
              22.728190871000095
            ],
            [
              89.72071386400006,
              22.72788458300016
            ],
            [
              89.72075706200008,
              22.72786546499998
            ],
            [
              89.72091638800009,
              22.727794953
            ],
            [
              89.7210818420001,
              22.727795241000024
            ],
            [
              89.72126605300019,
              22.727795560000175
            ],
            [
              89.72157662,
              22.72786837500007
            ],
            [
              89.72215875400008,
              22.728339139000127
            ],
            [
              89.72444123300016,
              22.730294364000144
            ],
            [
              89.72460224900016,
              22.730432404
            ],
            [
              89.72510710600011,
              22.730903025000146
            ],
            [
              89.7251842600001,
              22.730975425999986
            ],
            [
              89.72561111000005,
              22.731190710000078
            ],
            [
              89.72619390300008,
              22.731191711000065
            ],
            [
              89.72771153500003,
              22.73015091200017
            ],
            [
              89.72794436600003,
              22.73029358800011
            ],
            [
              89.72802168600003,
              22.730438260000142
            ],
            [
              89.7288766160001,
              22.73040357600013
            ],
            [
              89.72903198400013,
              22.73047610800006
            ],
            [
              89.72910902100006,
              22.73076531800001
            ],
            [
              89.72941810900005,
              22.731594682000093
            ],
            [
              89.72953389200012,
              22.731990100000132
            ],
            [
              89.7297279330001,
              22.73220723800017
            ],
            [
              89.7306602660002,
              22.73228108100011
            ],
            [
              89.73097051600013,
              22.73267908500003
            ],
            [
              89.73155338700013,
              22.732643931000155
            ],
            [
              89.73158678200014,
              22.733154392000188
            ],
            [
              89.73159091300005,
              22.73321989200008
            ],
            [
              89.73186270600007,
              22.733364887000107
            ],
            [
              89.73298959000005,
              22.733402909000063
            ],
            [
              89.7331833340001,
              22.73362003799997
            ],
            [
              89.73345485500005,
              22.733907311000053
            ],
            [
              89.73384272300018,
              22.73430543900014
            ],
            [
              89.73415240900005,
              22.734845716000166
            ],
            [
              89.73457721800014,
              22.736289554000052
            ],
            [
              89.73473125300018,
              22.736901840000087
            ],
            [
              89.73500243500007,
              22.737369782000087
            ],
            [
              89.73527396100013,
              22.737659313000165
            ],
            [
              89.73570070700009,
              22.737949095000147
            ],
            [
              89.73577820200018,
              22.73816603300014
            ],
            [
              89.73577785900005,
              22.738344445000166
            ],
            [
              89.73558331200007,
              22.73838025900011
            ],
            [
              89.73558282700009,
              22.738633201000084
            ],
            [
              89.7356212250001,
              22.738922341000034
            ],
            [
              89.73574028200005,
              22.739051269000015
            ],
            [
              89.73585387500015,
              22.739173412000127
            ],
            [
              89.73616336499998,
              22.73982434900006
            ],
            [
              89.7362399660002,
              22.740508776000127
            ],
            [
              89.7361225680001,
              22.740942198000084
            ],
            [
              89.73581069100015,
              22.741373040000042
            ],
            [
              89.73573245600016,
              22.741698124000095
            ],
            [
              89.735653668,
              22.742310023000186
            ],
            [
              89.73565283800014,
              22.742741380999973
            ],
            [
              89.7356515890001,
              22.743391802000076
            ],
            [
              89.73565110700008,
              22.743642485000123
            ],
            [
              89.73533991200014,
              22.74371424100019
            ],
            [
              89.73502895600018,
              22.74382212900008
            ],
            [
              89.73498958100004,
              22.744038871000043
            ],
            [
              89.73522250900015,
              22.744147662000103
            ],
            [
              89.73522146700003,
              22.744687421000094
            ],
            [
              89.73522077300015,
              22.74504876800006
            ],
            [
              89.73533637200006,
              22.745552585999974
            ],
            [
              89.73555048500009,
              22.745952680000073
            ],
            [
              89.73556868000009,
              22.745986588
            ],
            [
              89.73587967200007,
              22.74602323500011
            ],
            [
              89.73654000000016,
              22.746096598000065
            ],
            [
              89.73692853600016,
              22.746169506000058
            ],
            [
              89.73782272600005,
              22.746026437000012
            ],
            [
              89.73832766400011,
              22.746027263000087
            ],
            [
              89.73926047100008,
              22.746064923000176
            ],
            [
              89.73933780900012,
              22.74620958800017
            ],
            [
              89.73957068100003,
              22.746352249000154
            ],
            [
              89.73992046000006,
              22.746318941000084
            ],
            [
              89.74011576800007,
              22.7458856450001
            ],
            [
              89.74046951700012,
              22.745963156000016
            ],
            [
              89.74065912100019,
              22.746175605000133
            ],
            [
              89.74065864800008,
              22.746426289000055
            ],
            [
              89.7406580330001,
              22.746751501000176
            ],
            [
              89.74065701600011,
              22.74729125700003
            ],
            [
              89.74073421800011,
              22.747508191000065
            ],
            [
              89.7413556320002,
              22.747726009000132
            ],
            [
              89.74147166300008,
              22.748015273000078
            ],
            [
              89.74178225500003,
              22.748266459000092
            ],
            [
              89.7419333090001,
              22.748379295000177
            ],
            [
              89.7419761720002,
              22.748411312000087
            ],
            [
              89.74283100600002,
              22.74848496100003
            ],
            [
              89.74345222500017,
              22.748811172000103
            ],
            [
              89.74376332499997,
              22.748630997000078
            ],
            [
              89.74399599900005,
              22.74888431100004
            ],
            [
              89.74403462700008,
              22.74906279200019
            ],
            [
              89.74407318200014,
              22.749279657999978
            ],
            [
              89.74407284700004,
              22.749460332000183
            ],
            [
              89.7444223660001,
              22.749569296000175
            ],
            [
              89.7445205890001,
              22.749598528000092
            ],
            [
              89.74523469400015,
              22.749811051000165
            ],
            [
              89.7452768760001,
              22.749823604000028
            ],
            [
              89.74539212500014,
              22.749882502000105
            ],
            [
              89.74562627000006,
              22.750002577000032
            ],
            [
              89.74570361700012,
              22.75014723700008
            ],
            [
              89.74543037000018,
              22.750761092000175
            ],
            [
              89.74527400900013,
              22.75100306300004
            ],
            [
              89.74506590000004,
              22.751325113
            ],
            [
              89.74422217200004,
              22.752631385000086
            ],
            [
              89.74379275000001,
              22.75340901500016
            ],
            [
              89.74375929000013,
              22.753469607
            ],
            [
              89.74343866200002,
              22.754050214000188
            ],
            [
              89.74328638900016,
              22.754325958000095
            ],
            [
              89.74297386300003,
              22.75526269600016
            ],
            [
              89.74263643600011,
              22.755940980000105
            ],
            [
              89.74241885400005,
              22.756378350999967
            ],
            [
              89.74188156100007,
              22.75745837300019
            ],
            [
              89.74167334900011,
              22.757833589000143
            ],
            [
              89.74110150000013,
              22.758864101000142
            ],
            [
              89.74088732400014,
              22.759226319999982
            ],
            [
              89.74039976100005,
              22.760050890000173
            ],
            [
              89.74020118900012,
              22.76037192600012
            ],
            [
              89.73996436300007,
              22.76075480500009
            ],
            [
              89.73930819800006,
              22.76181518900006
            ],
            [
              89.73923108800005,
              22.762221319000105
            ],
            [
              89.73916245400005,
              22.76258281100013
            ],
            [
              89.73849095800011,
              22.764015804000167
            ],
            [
              89.73868171499998,
              22.764230666000174
            ],
            [
              89.73914765400008,
              22.76444597700015
            ],
            [
              89.73965262200011,
              22.76462747400012
            ],
            [
              89.7397297660001,
              22.764880543
            ],
            [
              89.73969056200008,
              22.76516729500014
            ],
            [
              89.73961181300007,
              22.76560078300008
            ],
            [
              89.74023337500012,
              22.765782469000044
            ],
            [
              89.74019335200012,
              22.766502840000044
            ],
            [
              89.74015302500004,
              22.767223204000118
            ],
            [
              89.74022949100015,
              22.76783535700008
            ],
            [
              89.74026783900013,
              22.76816063299998
            ],
            [
              89.74049856800013,
              22.768214681000188
            ],
            [
              89.7405785090001,
              22.76823340700014
            ],
            [
              89.74061672200014,
              22.768630948000066
            ],
            [
              89.7406160450002,
              22.76899003500006
            ],
            [
              89.74073188500017,
              22.769387704000167
            ],
            [
              89.74107975300018,
              22.770397778000074
            ],
            [
              89.74119607600011,
              22.770540246000166
            ],
            [
              89.7412732590002,
              22.770937853000078
            ],
            [
              89.74127271300017,
              22.771226929000022
            ],
            [
              89.74123341100011,
              22.771405277000042
            ],
            [
              89.74123286600013,
              22.77169435400009
            ],
            [
              89.74160091800002,
              22.77192335000018
            ],
            [
              89.74181515200019,
              22.7720566430001
            ],
            [
              89.7422036270001,
              22.772201808000148
            ],
            [
              89.74235830900011,
              22.772669549
            ],
            [
              89.74259075200007,
              22.773067406000166
            ],
            [
              89.74243438200006,
              22.773498507000056
            ],
            [
              89.74253665000003,
              22.773832921000178
            ],
            [
              89.7425889920001,
              22.7740046400001
            ],
            [
              89.74305395800019,
              22.77476195900016
            ],
            [
              89.74305355100006,
              22.774978764000025
            ],
            [
              89.74281988900009,
              22.77522907100007
            ],
            [
              89.74262502000005,
              22.77540943000014
            ],
            [
              89.74266351200004,
              22.77566243400014
            ],
            [
              89.74281738800016,
              22.776563786999986
            ],
            [
              89.74293324500007,
              22.776959200000135
            ],
            [
              89.74316583100011,
              22.777284781000162
            ],
            [
              89.74339848500017,
              22.777574232
            ],
            [
              89.74378671200009,
              22.777861673000075
            ],
            [
              89.74425263400008,
              22.77811536400003
            ],
            [
              89.74448536000011,
              22.778368679000152
            ],
            [
              89.744523727,
              22.77869169200011
            ],
            [
              89.7444450500002,
              22.77908904700007
            ],
            [
              89.74425001700013,
              22.779520089000187
            ],
            [
              89.74401634500015,
              22.779772656000034
            ],
            [
              89.74358813600014,
              22.780024910000122
            ],
            [
              89.74347119700013,
              22.780205396000156
            ],
            [
              89.74335399400013,
              22.780528160000188
            ],
            [
              89.74335365600012,
              22.780708830000037
            ],
            [
              89.74339194900017,
              22.781070237
            ],
            [
              89.74381864700013,
              22.781466148000163
            ],
            [
              89.74459551900009,
              22.78182873500009
            ],
            [
              89.74490568800007,
              22.782188318000067
            ],
            [
              89.745216158,
              22.782550162000177
            ],
            [
              89.74572040100009,
              22.783162993000133
            ],
            [
              89.7464966500001,
              22.783706246000065
            ],
            [
              89.74771338600004,
              22.784611538000036
            ],
            [
              89.74921450400012,
              22.785512750000123
            ],
            [
              89.75068936300016,
              22.786632973
            ],
            [
              89.75143690300001,
              22.787248426000076
            ],
            [
              89.75169864900005,
              22.78746338300016
            ],
            [
              89.7522812950001,
              22.787678835000065
            ],
            [
              89.75242105900008,
              22.78787431600017
            ],
            [
              89.75243648100013,
              22.78789588500007
            ],
            [
              89.75263007299998,
              22.788257530000067
            ],
            [
              89.75274570800008,
              22.78879746900003
            ],
            [
              89.75278435200005,
              22.78897820399999
            ],
            [
              89.75278357600018,
              22.789409555000077
            ],
            [
              89.75289914100006,
              22.78998788800004
            ],
            [
              89.75309209200014,
              22.7907086190001
            ],
            [
              89.75320804800015,
              22.791070143000184
            ],
            [
              89.75320772700019,
              22.79124855499998
            ],
            [
              89.75336311400014,
              22.791357203000132
            ],
            [
              89.75355708300015,
              22.791682709000042
            ],
            [
              89.75371171400008,
              22.792042035000122
            ],
            [
              89.75398338700006,
              22.792331530000183
            ],
            [
              89.75437193400012,
              22.79247666499998
            ],
            [
              89.7548773470001,
              22.792477445000088
            ],
            [
              89.75554696300009,
              22.792426527000146
            ],
            [
              89.75581036300008,
              22.792406608000135
            ],
            [
              89.75596620400006,
              22.792262307000044
            ],
            [
              89.75655002300016,
              22.791831842000022
            ],
            [
              89.7569781300001,
              22.79147115
            ],
            [
              89.75744489000004,
              22.791291190000038
            ],
            [
              89.75830032100004,
              22.791184084000065
            ],
            [
              89.7590389500001,
              22.791185201000076
            ],
            [
              89.76008837400008,
              22.79122292000011
            ],
            [
              89.7606326930001,
              22.79125986800011
            ],
            [
              89.76164351300008,
              22.791261383000176
            ],
            [
              89.76245997100011,
              22.791154198000072
            ],
            [
              89.76366547200013,
              22.790905307
            ],
            [
              89.76437451300006,
              22.790759557000058
            ],
            [
              89.76444904800013,
              22.790759670000114
            ],
            [
              89.764746478,
              22.790635896000026
            ],
            [
              89.76489887100013,
              22.790541266
            ],
            [
              89.76530572500019,
              22.790133093000065
            ],
            [
              89.76545822100019,
              22.78997748800009
            ],
            [
              89.76562798300006,
              22.789695435000112
            ],
            [
              89.7658317040001,
              22.789318581000032
            ],
            [
              89.76612022199998,
              22.788846997000064
            ],
            [
              89.76637451500017,
              22.78862830300011
            ],
            [
              89.766899814,
              22.788206750000143
            ],
            [
              89.76713268600008,
              22.78805126000003
            ],
            [
              89.76732318500012,
              22.787925068000106
            ],
            [
              89.76742506200014,
              22.787814551999986
            ],
            [
              89.7675267410001,
              22.787640802
            ],
            [
              89.7675439730001,
              22.787532425
            ],
            [
              89.76754461300015,
              22.787155271000074
            ],
            [
              89.7674266050002,
              22.786904416000027
            ],
            [
              89.76713934700001,
              22.786637505000044
            ],
            [
              89.76691946800003,
              22.78649490300012
            ],
            [
              89.76678452900018,
              22.786354684000173
            ],
            [
              89.76666639400008,
              22.78618061500009
            ],
            [
              89.76653144500017,
              22.78586649700003
            ],
            [
              89.76641010100008,
              22.785543244
            ],
            [
              89.76639657700002,
              22.78550721500011
            ],
            [
              89.76632960400008,
              22.78514577100009
            ],
            [
              89.766279376,
              22.784784354000124
            ],
            [
              89.76633067300008,
              22.78451793300019
            ],
            [
              89.7663992480002,
              22.78393762600001
            ],
            [
              89.76651851700018,
              22.783623879000118
            ],
            [
              89.76653553100016,
              22.78346581500017
            ],
            [
              89.76651913300003,
              22.78326253600011
            ],
            [
              89.76650243000017,
              22.78305925300009
            ],
            [
              89.76641814300007,
              22.782853616000068
            ],
            [
              89.76636778000005,
              22.782571240000152
            ],
            [
              89.76633430700002,
              22.78238374299997
            ],
            [
              89.76635170300005,
              22.782180510000103
            ],
            [
              89.76636879700004,
              22.781975021999983
            ],
            [
              89.76643708800009,
              22.78174024600014
            ],
            [
              89.76658984400012,
              22.781426549000173
            ],
            [
              89.76659018800018,
              22.781223295000075
            ],
            [
              89.76657835200007,
              22.78111176300007
            ],
            [
              89.7665734090001,
              22.78106518000004
            ],
            [
              89.76647712800002,
              22.780931793000093
            ],
            [
              89.76718125400004,
              22.780781507000086
            ],
            [
              89.76803630600011,
              22.780855022000082
            ],
            [
              89.76827011900014,
              22.780494017000137
            ],
            [
              89.76858119300016,
              22.78035219000003
            ],
            [
              89.76873749100008,
              22.779918799000143
            ],
            [
              89.77013741700011,
              22.779489468000065
            ],
            [
              89.77054164200007,
              22.77941491500019
            ],
            [
              89.77169266400011,
              22.779202622000128
            ],
            [
              89.77215960600017,
              22.77905875200014
            ],
            [
              89.77454531700016,
              22.77828234100008
            ],
            [
              89.77464697800013,
              22.778249255
            ],
            [
              89.77481851400012,
              22.778536314000064
            ],
            [
              89.77512264300015,
              22.778724193000073
            ],
            [
              89.7752239140001,
              22.77897501700005
            ],
            [
              89.77542630500005,
              22.779384077000145
            ],
            [
              89.77610163700012,
              22.78026354700006
            ],
            [
              89.77670903400019,
              22.78136198500016
            ],
            [
              89.77687764100006,
              22.7817709950001
            ],
            [
              89.777519557,
              22.782431349000035
            ],
            [
              89.77802625500004,
              22.782933420000063
            ],
            [
              89.77843142300014,
              22.783530205000147
            ],
            [
              89.77872610800011,
              22.784108767000077
            ],
            [
              89.77851499100012,
              22.784189778000098
            ],
            [
              89.77778703300015,
              22.784392023000066
            ],
            [
              89.77724503200017,
              22.7846283990001
            ],
            [
              89.77683894600011,
              22.784783662000052
            ],
            [
              89.77616131100007,
              22.785112443000173
            ],
            [
              89.77600893300007,
              22.785207082000056
            ],
            [
              89.77590734500006,
              22.785331149000115
            ],
            [
              89.7758562950001,
              22.785457549000114
            ],
            [
              89.7758222490001,
              22.78561333200014
            ],
            [
              89.77580488600017,
              22.78580301400018
            ],
            [
              89.77578755500008,
              22.78597463000017
            ],
            [
              89.77578717200015,
              22.786209501000144
            ],
            [
              89.775854632,
              22.7864760920001
            ],
            [
              89.7759218860001,
              22.786681699000155
            ],
            [
              89.77602321600011,
              22.786900906000085
            ],
            [
              89.77619172800001,
              22.787183444
            ],
            [
              89.7763943380001,
              22.787466030000132
            ],
            [
              89.7765295170002,
              22.78765366800019
            ],
            [
              89.77663094800016,
              22.787811900000122
            ],
            [
              89.77679958900012,
              22.788015390000112
            ],
            [
              89.77734024800003,
              22.78861236700004
            ],
            [
              89.77798204900012,
              22.78936757000008
            ],
            [
              89.77820166500015,
              22.789681795000035
            ],
            [
              89.77828595000011,
              22.78990098000014
            ],
            [
              89.77830234200007,
              22.790120066000156
            ],
            [
              89.77821734500003,
              22.79034127500006
            ],
            [
              89.77808168100017,
              22.790639194000107
            ],
            [
              89.77787357400013,
              22.79103638500004
            ],
            [
              89.77773766100012,
              22.791241176000028
            ],
            [
              89.77741984800002,
              22.791720048
            ],
            [
              89.77689405400008,
              22.792455556000107
            ],
            [
              89.7761988420001,
              22.79327212700008
            ],
            [
              89.7752155890002,
              22.79427347700016
            ],
            [
              89.77402882300004,
              22.795527477000178
            ],
            [
              89.77331719600005,
              22.79612268300008
            ],
            [
              89.77321549000015,
              22.796312247000117
            ],
            [
              89.77318107800016,
              22.796499645000154
            ],
            [
              89.77318089000016,
              22.796613007000133
            ],
            [
              89.77318074100003,
              22.796702901000117
            ],
            [
              89.773248228,
              22.796953681000048
            ],
            [
              89.77333250400005,
              22.797175123999978
            ],
            [
              89.7734843290001,
              22.79742602300007
            ],
            [
              89.77373766900013,
              22.79778772800006
            ],
            [
              89.77417697100003,
              22.798194863000106
            ],
            [
              89.77458257800009,
              22.798540976000027
            ],
            [
              89.77505578400019,
              22.798887178000086
            ],
            [
              89.77563086900005,
              22.79912286500013
            ],
            [
              89.77623980300018,
              22.799329231000172
            ],
            [
              89.7766624750002,
              22.799485654000023
            ],
            [
              89.77737313900019,
              22.799674097000093
            ],
            [
              89.77767741500014,
              22.799800993000133
            ],
            [
              89.77799871900004,
              22.799943718000122
            ],
            [
              89.77813401400016,
              22.800068120000105
            ],
            [
              89.7781847600001,
              22.80013142700011
            ],
            [
              89.77820664000012,
              22.8001585560001
            ],
            [
              89.77828595000011,
              22.80025803799998
            ],
            [
              89.77835334500008,
              22.800382346000163
            ],
            [
              89.77837009100006,
              22.80056981500013
            ],
            [
              89.77836973400014,
              22.80079113800008
            ],
            [
              89.77836933000009,
              22.801041823000105
            ],
            [
              89.77833486900016,
              22.801450542000055
            ],
            [
              89.77830049200008,
              22.801809582000146
            ],
            [
              89.77816410300005,
              22.802360445000147
            ],
            [
              89.77794329599999,
              22.80295635500005
            ],
            [
              89.77756940500007,
              22.80387952500007
            ],
            [
              89.77705951900015,
              22.805102867000016
            ],
            [
              89.77687280500015,
              22.805511377000073
            ],
            [
              89.77665189200007,
              22.805980815
            ],
            [
              89.77638453100008,
              22.80654730000009
            ],
            [
              89.77636314300008,
              22.806592438999985
            ],
            [
              89.77621027600014,
              22.806969375999984
            ],
            [
              89.77600620100003,
              22.807565310000086
            ],
            [
              89.77588700400003,
              22.808021339999982
            ],
            [
              89.77581879000007,
              22.808396139000024
            ],
            [
              89.77568223400016,
              22.809039592000033
            ],
            [
              89.7755454170001,
              22.80984113300002
            ],
            [
              89.7755331620001,
              22.809950434000086
            ],
            [
              89.77547681200019,
              22.81045306300001
            ],
            [
              89.77537497700007,
              22.810719413000072
            ],
            [
              89.77520536100002,
              22.810906621000072
            ],
            [
              89.77511846700014,
              22.810974248000093
            ],
            [
              89.77496814500012,
              22.811093732000188
            ],
            [
              89.774510588,
              22.811391196000102
            ],
            [
              89.77329074700009,
              22.81211215400009
            ],
            [
              89.77281646000017,
              22.812393780000093
            ],
            [
              89.77254531300002,
              22.81247243400003
            ],
            [
              89.77222380300009,
              22.812440357000128
            ],
            [
              89.77105660500013,
              22.812077343000112
            ],
            [
              89.76988949300005,
              22.81166689300011
            ],
            [
              89.76884084000005,
              22.811258861000113
            ],
            [
              89.76802915400003,
              22.810817293000127
            ],
            [
              89.76718331300015,
              22.810409550000088
            ],
            [
              89.76711607100009,
              22.810377833000018
            ],
            [
              89.76706543200004,
              22.810431962000166
            ],
            [
              89.76670911300016,
              22.81081536900018
            ],
            [
              89.76643764600016,
              22.811081463000164
            ],
            [
              89.76633586800006,
              22.811302637000153
            ],
            [
              89.76625089600014,
              22.811489959000028
            ],
            [
              89.76623352200016,
              22.81167738199997
            ],
            [
              89.76625033300019,
              22.811819686000035
            ],
            [
              89.76631764100006,
              22.811991420000027
            ],
            [
              89.7663342620001,
              22.812244387000078
            ],
            [
              89.76633399600013,
              22.812400218000107
            ],
            [
              89.76628292800012,
              22.81252661299999
            ],
            [
              89.76619806200006,
              22.812650700000063
            ],
            [
              89.76609633400017,
              22.812840257
            ],
            [
              89.76604521600018,
              22.812996013000145
            ],
            [
              89.7660701550002,
              22.81319253000015
            ],
            [
              89.766069943,
              22.813316741
            ],
            [
              89.76602739800012,
              22.81344314800009
            ],
            [
              89.76594247500014,
              22.813601114
            ],
            [
              89.76583215800014,
              22.81382679100011
            ],
            [
              89.76560306100009,
              22.81424199899999
            ],
            [
              89.7654160800002,
              22.814603069000043
            ],
            [
              89.76522090000003,
              22.814948317000187
            ],
            [
              89.76506825200016,
              22.815176191000035
            ],
            [
              89.76491548000013,
              22.815474074000065
            ],
            [
              89.76477101400008,
              22.815724541000122
            ],
            [
              89.76471172100008,
              22.815850925000063
            ],
            [
              89.76466056000004,
              22.81602926500011
            ],
            [
              89.76456687700016,
              22.816320461000032
            ],
            [
              89.764532697,
              22.816539475000013
            ],
            [
              89.76448988200013,
              22.816821712000035
            ],
            [
              89.7644896540001,
              22.816954956000018
            ],
            [
              89.76453161800003,
              22.81716730700009
            ],
            [
              89.76457366300019,
              22.817332235000094
            ],
            [
              89.76463273400003,
              22.817512994000026
            ],
            [
              89.76478456400014,
              22.81776389999999
            ],
            [
              89.7650039190001,
              22.81806233100008
            ],
            [
              89.76502935200017,
              22.818148189000112
            ],
            [
              89.76501159600014,
              22.818202362000022
            ],
            [
              89.76499537000018,
              22.818252025000163
            ],
            [
              89.76490206700004,
              22.81832189700009
            ],
            [
              89.76474119700003,
              22.818369088000168
            ],
            [
              89.76467693000012,
              22.818375765999974
            ],
            [
              89.76455509300007,
              22.818391395000162
            ],
            [
              89.76431784099998,
              22.818406854000102
            ],
            [
              89.76396794300018,
              22.818406336000066
            ],
            [
              89.763111445,
              22.8183305390001
            ],
            [
              89.76260977100009,
              22.816818922000152
            ],
            [
              89.76191017000019,
              22.81670947500004
            ],
            [
              89.76159944200003,
              22.81660060700011
            ],
            [
              89.7608999810002,
              22.816238213000133
            ],
            [
              89.7607453660001,
              22.81584276300009
            ],
            [
              89.76035731700006,
              22.815372433000107
            ],
            [
              89.75919134100019,
              22.815011591000086
            ],
            [
              89.75892226200006,
              22.813389648999987
            ],
            [
              89.75861130200008,
              22.81324464400018
            ],
            [
              89.75833943800012,
              22.813208097000086
            ],
            [
              89.7581445350001,
              22.81338847300009
            ],
            [
              89.75783267300005,
              22.8139277570001
            ],
            [
              89.75740425400005,
              22.81425231600008
            ],
            [
              89.7570156270001,
              22.814287859000046
            ],
            [
              89.75658797600016,
              22.814178803000118
            ],
            [
              89.75643301300005,
              22.813817222000125
            ],
            [
              89.75643365100012,
              22.8134581380001
            ],
            [
              89.75645510700014,
              22.813379126000086
            ],
            [
              89.75651211900004,
              22.813169181000035
            ],
            [
              89.75682373200016,
              22.812772179000092
            ],
            [
              89.75705781900007,
              22.81230504800004
            ],
            [
              89.75705858800006,
              22.81187143500017
            ],
            [
              89.75694259700015,
              22.811512173000096
            ],
            [
              89.75663252600015,
              22.811041955000064
            ],
            [
              89.7565943800002,
              22.810574405000125
            ],
            [
              89.75663399899997,
              22.810213122000164
            ],
            [
              89.75753032400019,
              22.808918165000023
            ],
            [
              89.75776440400017,
              22.808448773000123
            ],
            [
              89.75776446300011,
              22.80841489800008
            ],
            [
              89.75776523200005,
              22.807981287000132
            ],
            [
              89.75757191700012,
              22.807438975000025
            ],
            [
              89.75745417500019,
              22.807210697000187
            ],
            [
              89.75691551400013,
              22.80738151500009
            ],
            [
              89.75636499300009,
              22.80754553900016
            ],
            [
              89.75598413000012,
              22.8076782010001
            ],
            [
              89.75567913000015,
              22.807786138000097
            ],
            [
              89.7553997340001,
              22.807880562000094
            ],
            [
              89.7548072400001,
              22.8080129
            ],
            [
              89.7540518470002,
              22.80821112400008
            ],
            [
              89.75400297600015,
              22.808223948999967
            ],
            [
              89.7537318140001,
              22.808309349000126
            ],
            [
              89.75337622199999,
              22.808442044000174
            ],
            [
              89.7529274630001,
              22.808567818000085
            ],
            [
              89.75237726200015,
              22.808716022000112
            ],
            [
              89.75218255700008,
              22.80878572900008
            ],
            [
              89.75178430000011,
              22.80893416400005
            ],
            [
              89.75160665000016,
              22.80900389900006
            ],
            [
              89.75125113900015,
              22.80908916300018
            ],
            [
              89.75080240400001,
              22.809199124000088
            ],
            [
              89.75053125000017,
              22.80927774100013
            ],
            [
              89.75026040200015,
              22.809356365000042
            ],
            [
              89.74999817200012,
              22.809385311000142
            ],
            [
              89.74981181500004,
              22.809385020000036
            ],
            [
              89.74972677200003,
              22.809369039000046
            ],
            [
              89.74977839900015,
              22.809174935000158
            ],
            [
              89.7498379170001,
              22.808931123000036
            ],
            [
              89.74999970100015,
              22.80854744700008
            ],
            [
              89.75002537300014,
              22.80832842300009
            ],
            [
              89.75005109300014,
              22.808084556999972
            ],
            [
              89.75006847300017,
              22.807903913000132
            ],
            [
              89.7500606480001,
              22.807519970999977
            ],
            [
              89.750035878,
              22.8072444070001
            ],
            [
              89.75001926900018,
              22.807000473000187
            ],
            [
              89.74997959000018,
              22.806777975000045
            ],
            [
              89.74992695100013,
              22.806530581
            ],
            [
              89.74980098100002,
              22.806146455000032
            ],
            [
              89.74972502500015,
              22.805886620000138
            ],
            [
              89.74969168400014,
              22.805635885000072
            ],
            [
              89.74969199700007,
              22.80546424700009
            ],
            [
              89.74970087200018,
              22.805274554000107
            ],
            [
              89.74974350800017,
              22.805102986000122
            ],
            [
              89.7498286890002,
              22.804811784000037
            ],
            [
              89.75011723600016,
              22.804374104000033
            ],
            [
              89.75038021800009,
              22.80392735300012
            ],
            [
              89.75048226500007,
              22.803737808000164
            ],
            [
              89.75054169300006,
              22.803541421000148
            ],
            [
              89.75069497000004,
              22.803141922000066
            ],
            [
              89.75076290700002,
              22.802954581000108
            ],
            [
              89.75082227900015,
              22.80278981100014
            ],
            [
              89.75083106200009,
              22.802647546000173
            ],
            [
              89.75083978600009,
              22.802539154999977
            ],
            [
              89.75088223800009,
              22.802469211000073
            ],
            [
              89.75100965300004,
              22.80222550300016
            ],
            [
              89.75102664200011,
              22.802092282000046
            ],
            [
              89.75105243200011,
              22.801974886000096
            ],
            [
              89.75109491500018,
              22.801886874000104
            ],
            [
              89.75121361600014,
              22.801747038000087
            ],
            [
              89.75147614600019,
              22.801544192
            ],
            [
              89.75177303900011,
              22.801199120000035
            ],
            [
              89.75184084800014,
              22.801081787000044
            ],
            [
              89.75207021500006,
              22.800695958000176
            ],
            [
              89.75243497900004,
              22.80019515700002
            ],
            [
              89.75267254900012,
              22.79981837400004
            ],
            [
              89.75274917800016,
              22.799536191000072
            ],
            [
              89.75278358500009,
              22.799199741999985
            ],
            [
              89.75289529600019,
              22.798203963000105
            ],
            [
              89.75292152300011,
              22.79784265600017
            ],
            [
              89.75294721800003,
              22.79760782200009
            ],
            [
              89.75306600200008,
              22.79741830000006
            ],
            [
              89.75317662900011,
              22.797192633000122
            ],
            [
              89.75332004700005,
              22.79684957500018
            ],
            [
              89.75333808700015,
              22.796806694000054
            ],
            [
              89.75336298200017,
              22.79667800200008
            ],
            [
              89.75334671400003,
              22.796580866000056
            ],
            [
              89.75333877800011,
              22.79642276499999
            ],
            [
              89.75333919000013,
              22.796194668000055
            ],
            [
              89.75336499600013,
              22.795896597000024
            ],
            [
              89.75336536300006,
              22.795693342000163
            ],
            [
              89.75331475400009,
              22.795560017000014
            ],
            [
              89.75312077500007,
              22.795239025000114
            ],
            [
              89.75285110400006,
              22.794680779000146
            ],
            [
              89.75266530500005,
              22.794382382000038
            ],
            [
              89.75242028300005,
              22.794169713000088
            ],
            [
              89.75225145800005,
              22.794083631000092
            ],
            [
              89.75205669500014,
              22.794029125
            ],
            [
              89.75181984500011,
              22.794012951000127
            ],
            [
              89.75155769800017,
              22.794012544000168
            ],
            [
              89.7512699450001,
              22.794027901000106
            ],
            [
              89.75092281800005,
              22.79404316800003
            ],
            [
              89.7506521030001,
              22.794065328999977
            ],
            [
              89.75037289300013,
              22.794071670000108
            ],
            [
              89.75005983900013,
              22.794102796000175
            ],
            [
              89.75000985700007,
              22.794111747000102
            ],
            [
              89.74979729900008,
              22.794149813000047
            ],
            [
              89.74953078300007,
              22.79420811199998
            ],
            [
              89.74934428000017,
              22.794298155000092
            ],
            [
              89.74916235900014,
              22.794381429000055
            ],
            [
              89.74900996500014,
              22.79446701000012
            ],
            [
              89.74874288400014,
              22.79466532800018
            ],
            [
              89.7484803800001,
              22.794859137000117
            ],
            [
              89.74813294400013,
              22.795041521000144
            ],
            [
              89.7478748330002,
              22.79516306400012
            ],
            [
              89.74764602800019,
              22.795241746999977
            ],
            [
              89.74737529600014,
              22.795272936000174
            ],
            [
              89.74712562100018,
              22.79527480000013
            ],
            [
              89.74694385800018,
              22.795272256000146
            ],
            [
              89.74670265100019,
              22.79530574500012
            ],
            [
              89.74633441800017,
              22.79537291500003
            ],
            [
              89.74614374700013,
              22.795411004000073
            ],
            [
              89.74592380800016,
              22.795469373000174
            ],
            [
              89.74576720000016,
              22.79552784300006
            ],
            [
              89.74563586800014,
              22.795584092000183
            ],
            [
              89.74554260600001,
              22.795633627000086
            ],
            [
              89.74547067100002,
              22.795676420000177
            ],
            [
              89.7453901930001,
              22.795728237000105
            ],
            [
              89.74530119100007,
              22.7957800370001
            ],
            [
              89.74506397100015,
              22.795962589000112
            ],
            [
              89.74461042600018,
              22.796386443000017
            ],
            [
              89.74455944700014,
              22.796456373000126
            ],
            [
              89.74454254400007,
              22.796542167000098
            ],
            [
              89.74452105900014,
              22.79663246500013
            ],
            [
              89.74449559200008,
              22.796738570000116
            ],
            [
              89.74447014300006,
              22.796833383000035
            ],
            [
              89.74440194600015,
              22.79699362000008
            ],
            [
              89.74436109800018,
              22.79709305700004
            ],
            [
              89.74434260900011,
              22.797138064000137
            ],
            [
              89.7442829110002,
              22.797311864000108
            ],
            [
              89.74419789600017,
              22.797510469000144
            ],
            [
              89.7441638030001,
              22.797668502000136
            ],
            [
              89.74410879800007,
              22.797774556000036
            ],
            [
              89.74406200400011,
              22.79788740200013
            ],
            [
              89.74393889000004,
              22.798106272000155
            ],
            [
              89.74387073200006,
              22.798243924000133
            ],
            [
              89.74385804299999,
              22.798354568000093
            ],
            [
              89.74384514000008,
              22.798415521000038
            ],
            [
              89.7437816220002,
              22.79851478600017
            ],
            [
              89.74373916100012,
              22.7985892480001
            ],
            [
              89.74363723600015,
              22.798711036999975
            ],
            [
              89.7434846540001,
              22.798893722000116
            ],
            [
              89.7434040940002,
              22.79898844500019
            ],
            [
              89.7433192360001,
              22.799101231000122
            ],
            [
              89.74325571800017,
              22.799200497000186
            ],
            [
              89.74320893000004,
              22.799308825000082
            ],
            [
              89.74316635300016,
              22.79944426200018
            ],
            [
              89.7431109330002,
              22.799609036000106
            ],
            [
              89.74307251100004,
              22.799800938000033
            ],
            [
              89.74303418000017,
              22.799945414000092
            ],
            [
              89.74301677900002,
              22.800132834000124
            ],
            [
              89.74297417600013,
              22.800281819000077
            ],
            [
              89.74288969800011,
              22.800353949000055
            ],
            [
              89.74270319400011,
              22.80043947000007
            ],
            [
              89.74238995100006,
              22.80056317700013
            ],
            [
              89.74205959100004,
              22.800720731000183
            ],
            [
              89.7417548730001,
              22.800844451000103
            ],
            [
              89.74150075400013,
              22.800938892000033
            ],
            [
              89.74128900300008,
              22.801008559000024
            ],
            [
              89.74095882200004,
              22.80107125800015
            ],
            [
              89.74047638500019,
              22.801140483000097
            ],
            [
              89.73998878900017,
              22.80120156900017
            ],
            [
              89.73949445400018,
              22.801281163
            ],
            [
              89.73903754400004,
              22.80137526699997
            ],
            [
              89.73882583900019,
              22.801420089000146
            ],
            [
              89.73857183700017,
              22.80145129000016
            ],
            [
              89.73824166500003,
              22.801507208000146
            ],
            [
              89.73787765700007,
              22.80158339600007
            ],
            [
              89.73746305300006,
              22.801686599000163
            ],
            [
              89.73693778900014,
              22.80185737400018
            ],
            [
              89.7367022270002,
              22.801954595000154
            ],
            [
              89.73646362800008,
              22.80205307
            ],
            [
              89.73600617000005,
              22.80227138000015
            ],
            [
              89.73581143900003,
              22.802356877000022
            ],
            [
              89.7356675490002,
              22.802444716000082
            ],
            [
              89.73545569000015,
              22.802568576000056
            ],
            [
              89.73524379500014,
              22.802710505000164
            ],
            [
              89.73501505300004,
              22.802904345
            ],
            [
              89.73475230900016,
              22.803046189000042
            ],
            [
              89.73454906000012,
              22.803124895000167
            ],
            [
              89.73436291200017,
              22.803178786000103
            ],
            [
              89.73408359200016,
              22.803232520999984
            ],
            [
              89.73376189400017,
              22.803311028
            ],
            [
              89.73354162500016,
              22.80337389400006
            ],
            [
              89.73333851800015,
              22.80338033300012
            ],
            [
              89.73301700600018,
              22.803363985000033
            ],
            [
              89.7325180040001,
              22.80333378800009
            ],
            [
              89.73212011300012,
              22.803292471000134
            ],
            [
              89.73196790800006,
              22.803271890000133
            ],
            [
              89.73170580700014,
              22.80323757200017
            ],
            [
              89.73150283000012,
              22.803178512000045
            ],
            [
              89.73134219400015,
              22.803108232000113
            ],
            [
              89.73106317200018,
              22.803008391000105
            ],
            [
              89.73072905300012,
              22.802901682000083
            ],
            [
              89.73048375000019,
              22.802842551000083
            ],
            [
              89.73008618600016,
              22.80279219100015
            ],
            [
              89.72990847500012,
              22.802735433000066
            ],
            [
              89.72976062200001,
              22.80266968700016
            ],
            [
              89.7296928020001,
              22.802628923000157
            ],
            [
              89.72959579700017,
              22.80256326500006
            ],
            [
              89.72946901400007,
              22.8024681980001
            ],
            [
              89.72927472900005,
              22.80232332800017
            ],
            [
              89.72910993800019,
              22.802201096000033
            ],
            [
              89.72886474500007,
              22.80208775900013
            ],
            [
              89.72864269300015,
              22.801974459000178
            ],
            [
              89.72848665600014,
              22.80191858500018
            ],
            [
              89.72831316700007,
              22.801856462000103
            ],
            [
              89.72801289800003,
              22.80172496600005
            ],
            [
              89.7278689470001,
              22.80168858600007
            ],
            [
              89.72771673000005,
              22.801674772000183
            ],
            [
              89.72747135900005,
              22.801651772000014
            ],
            [
              89.72726819000002,
              22.801689817000067
            ],
            [
              89.72719203600013,
              22.801705494000032
            ],
            [
              89.72709053500017,
              22.801759522000054
            ],
            [
              89.72703104700003,
              22.80181588100004
            ],
            [
              89.72687854000014,
              22.80194886400011
            ],
            [
              89.72673454200014,
              22.802088639000033
            ],
            [
              89.72656493400012,
              22.80224643600002
            ],
            [
              89.72638686300002,
              22.802370341000085
            ],
            [
              89.72617504100009,
              22.802471607000086
            ],
            [
              89.72590399000012,
              22.802651813000068
            ],
            [
              89.72572595900004,
              22.80275539400003
            ],
            [
              89.72549740900018,
              22.80284759600005
            ],
            [
              89.72530264900001,
              22.802942111000107
            ],
            [
              89.72465024000013,
              22.80334072400018
            ],
            [
              89.7241417190001,
              22.803653762000124
            ],
            [
              89.7237350040001,
              22.80391277500013
            ],
            [
              89.72337911100004,
              22.80418542400008
            ],
            [
              89.72314177000004,
              22.804406335000124
            ],
            [
              89.72294681900019,
              22.80459344100018
            ],
            [
              89.7227604590002,
              22.804748949000043
            ],
            [
              89.72266070400019,
              22.804841368000154
            ],
            [
              89.72254843800016,
              22.80494505900009
            ],
            [
              89.72248371700005,
              22.805028509000067
            ],
            [
              89.72242120800013,
              22.805071306000173
            ],
            [
              89.722242973,
              22.805274254000096
            ],
            [
              89.72192067900016,
              22.805641813000022
            ],
            [
              89.72132693400016,
              22.80637927100014
            ],
            [
              89.7209622470001,
              22.806778369000085
            ],
            [
              89.7207670160002,
              22.807100981000133
            ],
            [
              89.72066384900012,
              22.807220493999978
            ],
            [
              89.7204953700001,
              22.807414420000043
            ],
            [
              89.72041038900011,
              22.807576875999985
            ],
            [
              89.72026621200013,
              22.80779794500006
            ],
            [
              89.72017667,
              22.80795768200005
            ],
            [
              89.72009619200009,
              22.808149955999966
            ],
            [
              89.72007043600013,
              22.808384785000158
            ],
            [
              89.71996766000012,
              22.808910811000146
            ],
            [
              89.71997595900018,
              22.809021487000052
            ],
            [
              89.72002665400004,
              22.809098363000032
            ],
            [
              89.72004324000017,
              22.80917743499998
            ],
            [
              89.72006862300003,
              22.809272333000024
            ],
            [
              89.72006843100002,
              22.809367184000166
            ],
            [
              89.72022863300015,
              22.80964976600012
            ],
            [
              89.72034672000007,
              22.809828386000106
            ],
            [
              89.72043114900004,
              22.809939194000037
            ],
            [
              89.72044779900017,
              22.8099866500001
            ],
            [
              89.72045621100017,
              22.810040866000122
            ],
            [
              89.72043936800009,
              22.810088262000136
            ],
            [
              89.72041369500016,
              22.81013564500006
            ],
            [
              89.72008271400006,
              22.810573191
            ],
            [
              89.71998106900008,
              22.81069271000007
            ],
            [
              89.7198963240001,
              22.810737730000028
            ],
            [
              89.71979465100014,
              22.81072174200017
            ],
            [
              89.71960882200011,
              22.8106130110001
            ],
            [
              89.7192876790001,
              22.810409189000154
            ],
            [
              89.71887354,
              22.810117129000105
            ],
            [
              89.71860304400019,
              22.810015023
            ],
            [
              89.71836625000014,
              22.809960403000105
            ],
            [
              89.7181884690001,
              22.80993524700017
            ],
            [
              89.71801916600003,
              22.80993494800009
            ],
            [
              89.71781601000009,
              22.80995943100004
            ],
            [
              89.71765523100004,
              22.809959148000132
            ],
            [
              89.71744385700015,
              22.80998135599998
            ],
            [
              89.71730827400017,
              22.810019506000117
            ],
            [
              89.71728144899998,
              22.810033011000087
            ],
            [
              89.71721499700004,
              22.810066768000127
            ],
            [
              89.71709643300017,
              22.810120758000153
            ],
            [
              89.71706779300007,
              22.810129741000083
            ],
            [
              89.7169778970001,
              22.810161198000117
            ],
            [
              89.71689316400011,
              22.810199442000112
            ],
            [
              89.716757803,
              22.81027824300014
            ],
            [
              89.71666447900014,
              22.810348088000126
            ],
            [
              89.71650332500013,
              22.810528474000137
            ],
            [
              89.71636751100004,
              22.810677289000125
            ],
            [
              89.71629112400007,
              22.81080362199998
            ],
            [
              89.71623142200008,
              22.810959346000118
            ],
            [
              89.71619724900017,
              22.811139957000023
            ],
            [
              89.71611183200014,
              22.811507922000033
            ],
            [
              89.71606916300004,
              22.81167270900005
            ],
            [
              89.71600141200008,
              22.811744858000054
            ],
            [
              89.71592519100005,
              22.81178988900018
            ],
            [
              89.71580373800003,
              22.811855772
            ],
            [
              89.71572185600019,
              22.811900189000028
            ],
            [
              89.71534040800009,
              22.812143414
            ],
            [
              89.71509458500009,
              22.812330423000105
            ],
            [
              89.7146881290002,
              22.812589411000033
            ],
            [
              89.71450548700017,
              22.812712650000037
            ],
            [
              89.71437434600006,
              22.812801139000157
            ],
            [
              89.71400995200014,
              22.81304213300001
            ],
            [
              89.71381500500007,
              22.813215677000187
            ],
            [
              89.71374015999999,
              22.81328479600012
            ],
            [
              89.7136368250001,
              22.813380223000138
            ],
            [
              89.71342518300014,
              22.81352889699997
            ],
            [
              89.71338298000012,
              22.813545435000094
            ],
            [
              89.71323013500017,
              22.813605328000165
            ],
            [
              89.71307784400011,
              22.813620866000065
            ],
            [
              89.71294265500018,
              22.81361384600018
            ],
            [
              89.71277339600016,
              22.81358870200006
            ],
            [
              89.71266328000007,
              22.813534300000185
            ],
            [
              89.71235912700007,
              22.81336211100006
            ],
            [
              89.7120293690001,
              22.813203431000034
            ],
            [
              89.71176741300013,
              22.81309455400003
            ],
            [
              89.71150504000019,
              22.813037619
            ],
            [
              89.71142892600011,
              22.81303070500013
            ],
            [
              89.711268147,
              22.813030412000046
            ],
            [
              89.71116643700014,
              22.813030230000038
            ],
            [
              89.71105649700007,
              22.813036806000014
            ],
            [
              89.71095504100003,
              22.813061465000033
            ],
            [
              89.71087884700012,
              22.813092942000083
            ],
            [
              89.71083642400009,
              22.813138035000122
            ],
            [
              89.71080216400009,
              22.81321024300007
            ],
            [
              89.71074276100006,
              22.813365963000024
            ],
            [
              89.71067469900015,
              22.813584904000095
            ],
            [
              89.71051295000018,
              22.81404080600015
            ],
            [
              89.71047849800016,
              22.814205606000087
            ],
            [
              89.71043577500006,
              22.814392973000054
            ],
            [
              89.71043547300008,
              22.814535253000088
            ],
            [
              89.71048603100013,
              22.814675366000074
            ],
            [
              89.7105281760002,
              22.814761262000047
            ],
            [
              89.71057896400009,
              22.814792970000042
            ],
            [
              89.71062973300013,
              22.81483371400003
            ],
            [
              89.71080713000015,
              22.814897269000028
            ],
            [
              89.71097631200013,
              22.814958555000146
            ],
            [
              89.71123850400016,
              22.815101309000056
            ],
            [
              89.7113397620002,
              22.81517150400009
            ],
            [
              89.71141572300013,
              22.81525068400009
            ],
            [
              89.71144939300012,
              22.815313980000155
            ],
            [
              89.71148335300006,
              22.81538405200007
            ],
            [
              89.71153368700016,
              22.81548577000018
            ],
            [
              89.71155054000019,
              22.815580653000097
            ],
            [
              89.71160123200013,
              22.815657531000056
            ],
            [
              89.71164336200007,
              22.81575246
            ],
            [
              89.71170220300007,
              22.815863228000126
            ],
            [
              89.71180365300012,
              22.815987623000012
            ],
            [
              89.71190472500012,
              22.816145892000065
            ],
            [
              89.71202285400005,
              22.81630193500007
            ],
            [
              89.7121157580001,
              22.81643534600005
            ],
            [
              89.71222535600009,
              22.816593634000185
            ],
            [
              89.71230973300004,
              22.816727032000188
            ],
            [
              89.71238543400017,
              22.81693042300003
            ],
            [
              89.71241073600015,
              22.81706371300004
            ],
            [
              89.7124357310002,
              22.817197006000185
            ],
            [
              89.71244401000007,
              22.817314454000098
            ],
            [
              89.71246026200015,
              22.817551617000106
            ],
            [
              89.71247713300005,
              22.817637465000132
            ],
            [
              89.71249364900018,
              22.81774815700004
            ],
            [
              89.71252753000005,
              22.817856622000022
            ],
            [
              89.71254404500007,
              22.81796731200012
            ],
            [
              89.71258604899998,
              22.818123217000164
            ],
            [
              89.71261953700008,
              22.81827233100006
            ],
            [
              89.7126526940001,
              22.81857953400015
            ],
            [
              89.71266945300016,
              22.818719584
            ],
            [
              89.71271997700006,
              22.818877763000046
            ],
            [
              89.71277862900013,
              22.819081124000093
            ],
            [
              89.71279540400019,
              22.819214399000032
            ],
            [
              89.71279510300008,
              22.819356676000154
            ],
            [
              89.71281183100001,
              22.81951253699998
            ],
            [
              89.71281155300017,
              22.81964578100019
            ],
            [
              89.71281132000007,
              22.819756442000028
            ],
            [
              89.71281112300017,
              22.819851293000113
            ],
            [
              89.71276861299998,
              22.819937038000035
            ],
            [
              89.71268384000018,
              22.819991086000073
            ],
            [
              89.71253958400013,
              22.820092450000118
            ],
            [
              89.71231094100017,
              22.820209475000127
            ],
            [
              89.7118533150001,
              22.820461589
            ],
            [
              89.71139559199997,
              22.820758867999984
            ],
            [
              89.71120083400007,
              22.820835300000113
            ],
            [
              89.71098088000014,
              22.820875551000142
            ],
            [
              89.71082829700003,
              22.82088205200006
            ],
            [
              89.71072697200009,
              22.82084347600005
            ],
            [
              89.71062539000002,
              22.820780057000093
            ],
            [
              89.71058317600011,
              22.820725775000028
            ],
            [
              89.71053282300011,
              22.820630832000063
            ],
            [
              89.7104993390002,
              22.820481716000188
            ],
            [
              89.71044050400019,
              22.82022189800017
            ],
            [
              89.71040716300018,
              22.820002773000056
            ],
            [
              89.7103651180002,
              22.819869450000112
            ],
            [
              89.71028070800014,
              22.8197518610001
            ],
            [
              89.71014559600013,
              22.819561911000164
            ],
            [
              89.71001070000017,
              22.819412611000075
            ],
            [
              89.70990920600013,
              22.819310800000096
            ],
            [
              89.70979085800008,
              22.819256380000013
            ],
            [
              89.70967246500015,
              22.81922454800008
            ],
            [
              89.70956251200005,
              22.819233382000107
            ],
            [
              89.70948632000011,
              22.819262603000084
            ],
            [
              89.70933369800008,
              22.819287166000095
            ],
            [
              89.70924927800007,
              22.819318629000122
            ],
            [
              89.70921505700016,
              22.819372769000154
            ],
            [
              89.70918110700018,
              22.81944271400016
            ],
            [
              89.70914710400012,
              22.81953750700012
            ],
            [
              89.70902807400006,
              22.819803781000132
            ],
            [
              89.7089430330002,
              22.81998429900011
            ],
            [
              89.70884127500011,
              22.820148973000073
            ],
            [
              89.7087645900001,
              22.820266269
            ],
            [
              89.70868827400017,
              22.82035194800011
            ],
            [
              89.7085951590002,
              22.820462441000075
            ],
            [
              89.70845936000006,
              22.820595436000133
            ],
            [
              89.70835750000015,
              22.820665258000076
            ],
            [
              89.70819650500005,
              22.820759818000056
            ],
            [
              89.70806105900004,
              22.820870232000175
            ],
            [
              89.70797620200005,
              22.82096266999997
            ],
            [
              89.70791658200011,
              22.821073221000177
            ],
            [
              89.70784018100005,
              22.821199552000053
            ],
            [
              89.70780618100008,
              22.821292080999967
            ],
            [
              89.70776358100011,
              22.82141847400004
            ],
            [
              89.70776341300012,
              22.821497518
            ],
            [
              89.70778021600017,
              22.821614986000156
            ],
            [
              89.70779674800013,
              22.821716646000027
            ],
            [
              89.7078221320001,
              22.82180928400004
            ],
            [
              89.70785559800004,
              22.82196743200018
            ],
            [
              89.70791422200006,
              22.822179831000085
            ],
            [
              89.70796474600019,
              22.822335751000026
            ],
            [
              89.70806596,
              22.82257080900007
            ],
            [
              89.70813321500015,
              22.82273579300005
            ],
            [
              89.7082849630001,
              22.822979980000127
            ],
            [
              89.70834414500001,
              22.823074939000037
            ],
            [
              89.70837768300015,
              22.823199212000134
            ],
            [
              89.70837758000005,
              22.823246638000114
            ],
            [
              89.70836039100016,
              22.823309843000118
            ],
            [
              89.70838511500006,
              22.82342732500007
            ]
          ]
        ]
      }
    }
  ]
}