{
  "type": "FeatureCollection",
  "features": [
    {
      "type": "Feature",
      "properties": {
        "adm3_name": "Mollahat",
        "adm3_name1": null,
        "adm3_name2": null,
        "adm3_name3": null,
        "adm3_pcode": "BD40010056",
        "adm2_name": "Bagerhat",
        "adm2_name1": null,
        "adm2_name2": null,
        "adm2_name3": null,
        "adm2_pcode": "BD4001",
        "adm1_name": "Khulna",
        "adm1_name1": null,
        "adm1_name2": null,
        "adm1_name3": null,
        "adm1_pcode": "BD40",
        "adm0_name": "Bangladesh",
        "adm0_name1": null,
        "adm0_name2": null,
        "adm0_name3": null,
        "adm0_pcode": "BD",
        "valid_on": "2023-05-21",
        "valid_to": null,
        "area_sqkm": 180.76252725,
        "version": "v03",
        "lang": "en",
        "lang1": null,
        "lang2": null,
        "lang3": null,
        "adm3_ref_name": null,
        "center_lat": 22.8841779,
        "center_lon": 89.77298864
      },
      "geometry": {
        "type": "Polygon",
        "coordinates": [
          [
            [
              89.78490908500004,
              22.983991739000032
            ],
            [
              89.78464566800017,
              22.984059500000058
            ],
            [
              89.78409942500019,
              22.984223675000067
            ],
            [
              89.78337875000017,
              22.98436742600012
            ],
            [
              89.78286766600013,
              22.984469369000124
            ],
            [
              89.78236490400008,
              22.984512498000072
            ],
            [
              89.78175847400018,
              22.984316949000117
            ],
            [
              89.78075394100011,
              22.98398011200004
            ],
            [
              89.77978207100017,
              22.983692785000187
            ],
            [
              89.77966422600014,
              22.983655672000054
            ],
            [
              89.77743414600013,
              22.982953349000127
            ],
            [
              89.77613376500011,
              22.98254519799997
            ],
            [
              89.7740904800001,
              22.98181092300007
            ],
            [
              89.77276863100002,
              22.981300208
            ],
            [
              89.7716644750002,
              22.980873590000044
            ],
            [
              89.77155715900017,
              22.98083212500012
            ],
            [
              89.76968490400009,
              22.979739522000045
            ],
            [
              89.76873102700011,
              22.979011537000076
            ],
            [
              89.76784943899997,
              22.978283653000062
            ],
            [
              89.76750063800017,
              22.977969388000133
            ],
            [
              89.76739833600004,
              22.977877216000138
            ],
            [
              89.76733396100013,
              22.97781921500001
            ],
            [
              89.76724239300006,
              22.977704126
            ],
            [
              89.76707122800019,
              22.977488993000065
            ],
            [
              89.76704946900009,
              22.977455906999978
            ],
            [
              89.76667473600003,
              22.97688609900007
            ],
            [
              89.7665271050002,
              22.97661533800016
            ],
            [
              89.76629389900006,
              22.976187625000023
            ],
            [
              89.76626245500012,
              22.976113081999983
            ],
            [
              89.766134507,
              22.975809751000043
            ],
            [
              89.76604708800016,
              22.975608852
            ],
            [
              89.76577303400006,
              22.974799474
            ],
            [
              89.7657181470002,
              22.974637064999968
            ],
            [
              89.76548780200005,
              22.973614667000106
            ],
            [
              89.7651391780002,
              22.972114026000042
            ],
            [
              89.7650207910001,
              22.97184908000014
            ],
            [
              89.76491635300016,
              22.970362930000135
            ],
            [
              89.76482201200008,
              22.969913377000125
            ],
            [
              89.76456943500006,
              22.969485585000086
            ],
            [
              89.76387849300005,
              22.96831531800018
            ],
            [
              89.76368745100007,
              22.96755170300014
            ],
            [
              89.76352789000009,
              22.967014469000105
            ],
            [
              89.76348681200005,
              22.96687615899998
            ],
            [
              89.7632840460002,
              22.96619608700007
            ],
            [
              89.7630952930001,
              22.96569896900013
            ],
            [
              89.76301544800015,
              22.965597279000065
            ],
            [
              89.76299764900017,
              22.96557461200007
            ],
            [
              89.76268133800005,
              22.96532797800006
            ],
            [
              89.76236551700009,
              22.96514909500013
            ],
            [
              89.76214765500004,
              22.965087792000077
            ],
            [
              89.76185627300009,
              22.965055740000082
            ],
            [
              89.76144380100004,
              22.96505737600006
            ],
            [
              89.76104255100006,
              22.965095163000058
            ],
            [
              89.7608123120001,
              22.96512562600003
            ],
            [
              89.76070499900004,
              22.96513982400012
            ],
            [
              89.76022587000011,
              22.965256535000094
            ],
            [
              89.76012092000013,
              22.96530154200019
            ],
            [
              89.75920340400006,
              22.96570151600008
            ],
            [
              89.75829311700011,
              22.966205251000076
            ],
            [
              89.75805106500019,
              22.966364561000148
            ],
            [
              89.75797351300014,
              22.966426237000064
            ],
            [
              89.75704735300008,
              22.96716279000003
            ],
            [
              89.75608590600001,
              22.96786400900004
            ],
            [
              89.75539081600004,
              22.968331394000074
            ],
            [
              89.75463066700013,
              22.96902790000013
            ],
            [
              89.75244566800012,
              22.967581963000157
            ],
            [
              89.75244809000014,
              22.967455804999986
            ],
            [
              89.75170866500014,
              22.966594045000136
            ],
            [
              89.7515963130001,
              22.96451446499998
            ],
            [
              89.7517147530001,
              22.963259838
            ],
            [
              89.75204628400007,
              22.96317666700014
            ],
            [
              89.7529929700001,
              22.962939168000105
            ],
            [
              89.75313630000005,
              22.96169830300005
            ],
            [
              89.75323467200019,
              22.961690101999977
            ],
            [
              89.75434996600012,
              22.961534085000153
            ],
            [
              89.7547675450001,
              22.96145069900018
            ],
            [
              89.75506259200012,
              22.961391779999985
            ],
            [
              89.75441305599998,
              22.960900203999984
            ],
            [
              89.75401103500002,
              22.960466070000166
            ],
            [
              89.75340419300011,
              22.95981308400013
            ],
            [
              89.75385555500014,
              22.956953256000077
            ],
            [
              89.75385851800013,
              22.955315732000145
            ],
            [
              89.75344074399999,
              22.955318350000027
            ],
            [
              89.75343683700015,
              22.955257767000035
            ],
            [
              89.75340653,
              22.954855827000188
            ],
            [
              89.7530231630002,
              22.953816470999982
            ],
            [
              89.7526745510001,
              22.952942015000133
            ],
            [
              89.75232589100005,
              22.952096914000094
            ],
            [
              89.7522073400001,
              22.95188804100013
            ],
            [
              89.75166268000015,
              22.950928401000112
            ],
            [
              89.75127041200005,
              22.950182047
            ],
            [
              89.75108195300015,
              22.949823467000044
            ],
            [
              89.7509297960001,
              22.94953395800013
            ],
            [
              89.75086970600012,
              22.949393858000064
            ],
            [
              89.7502323980001,
              22.94790923400018
            ],
            [
              89.7501676120001,
              22.947637837
            ],
            [
              89.75009327200013,
              22.947326405000183
            ],
            [
              89.74986051100018,
              22.947055227000135
            ],
            [
              89.74981378400014,
              22.94700078800014
            ],
            [
              89.74939398200019,
              22.946740435000038
            ],
            [
              89.74890043600004,
              22.94631060200004
            ],
            [
              89.7488347100001,
              22.946254043000067
            ],
            [
              89.74803046700009,
              22.945570800000155
            ],
            [
              89.7470861590001,
              22.944986688000142
            ],
            [
              89.74561329600004,
              22.94426923300017
            ],
            [
              89.74554665500011,
              22.94423677000009
            ],
            [
              89.7447071470001,
              22.94368442800004
            ],
            [
              89.74369301700006,
              22.94296921000017
            ],
            [
              89.74306399200015,
              22.942320096000117
            ],
            [
              89.74274978700015,
              22.94183407900016
            ],
            [
              89.74250494100016,
              22.941202805000103
            ],
            [
              89.74229668600003,
              22.94066586700012
            ],
            [
              89.7414601710002,
              22.938555369000085
            ],
            [
              89.74128485500012,
              22.938122335000173
            ],
            [
              89.74070288200016,
              22.93668482700008
            ],
            [
              89.74065878300019,
              22.936575899000104
            ],
            [
              89.74048478800006,
              22.935927518000028
            ],
            [
              89.74045770200013,
              22.93589143400004
            ],
            [
              89.74024039200009,
              22.935601940000083
            ],
            [
              89.73989110700006,
              22.935147475000065
            ],
            [
              89.73950659200011,
              22.93479005200004
            ],
            [
              89.73901719400016,
              22.934301482000137
            ],
            [
              89.73868437000016,
              22.934014507000086
            ],
            [
              89.73795999600009,
              22.933418562999975
            ],
            [
              89.73576109100009,
              22.931684613000073
            ],
            [
              89.73510811600016,
              22.931169694000175
            ],
            [
              89.73329003300012,
              22.92973596600001
            ],
            [
              89.73122851800014,
              22.928298413
            ],
            [
              89.73106002000009,
              22.92815825400004
            ],
            [
              89.72939300800016,
              22.926771589000168
            ],
            [
              89.72781557200005,
              22.92524518600004
            ],
            [
              89.72691550600018,
              22.92371993400019
            ],
            [
              89.72627414700014,
              22.92186648000012
            ],
            [
              89.72614777500013,
              22.92055169200006
            ],
            [
              89.72636425200005,
              22.919449426000142
            ],
            [
              89.72661131300015,
              22.919018173999973
            ],
            [
              89.72673906100005,
              22.918913616000054
            ],
            [
              89.72706320100002,
              22.91864831700019
            ],
            [
              89.72720786600019,
              22.918562521000013
            ],
            [
              89.7276003450001,
              22.91841978800005
            ],
            [
              89.72786878300008,
              22.918372445000102
            ],
            [
              89.72811642700015,
              22.918401550000112
            ],
            [
              89.73018921600016,
              22.919265532
            ],
            [
              89.73071499800011,
              22.919562800000108
            ],
            [
              89.73108596800012,
              22.9198598050001
            ],
            [
              89.73139788400016,
              22.920177255000056
            ],
            [
              89.73282674500012,
              22.921631439000123
            ],
            [
              89.73344662400018,
              22.92220772200011
            ],
            [
              89.73374009900004,
              22.922480554000117
            ],
            [
              89.73415576300016,
              22.922866976000137
            ],
            [
              89.73436216300018,
              22.923010439000166
            ],
            [
              89.7356534650001,
              22.923907972999984
            ],
            [
              89.73711420400008,
              22.924812686000166
            ],
            [
              89.7383213440001,
              22.92505369300011
            ],
            [
              89.7400344180001,
              22.925199914000075
            ],
            [
              89.74059188200005,
              22.925143463000097
            ],
            [
              89.74101542200009,
              22.92495294400004
            ],
            [
              89.74130474700013,
              22.924781326000073
            ],
            [
              89.741511591,
              22.92456177100007
            ],
            [
              89.74170844000008,
              22.92417011000009
            ],
            [
              89.74177105600006,
              22.92380691200009
            ],
            [
              89.74177194400016,
              22.923338447000106
            ],
            [
              89.74158821100013,
              22.922257810000133
            ],
            [
              89.74100268500018,
              22.920794096
            ],
            [
              89.74059100700003,
              22.920181550000166
            ],
            [
              89.74011651700005,
              22.919716247999986
            ],
            [
              89.7398154030002,
              22.91950625000004
            ],
            [
              89.739792996,
              22.919469198000172
            ],
            [
              89.73902083400009,
              22.91883653600007
            ],
            [
              89.73811089100019,
              22.918090971000083
            ],
            [
              89.73605696400017,
              22.916408033000096
            ],
            [
              89.73599316400004,
              22.916355756000144
            ],
            [
              89.73569139900019,
              22.916115488000173
            ],
            [
              89.73421267100008,
              22.914938094999968
            ],
            [
              89.73427024200015,
              22.914908940000146
            ],
            [
              89.73429619600012,
              22.91489461900011
            ],
            [
              89.73387671500018,
              22.914626281000153
            ],
            [
              89.73026025000019,
              22.912312778000114
            ],
            [
              89.73004757500007,
              22.912138493000157
            ],
            [
              89.72646083600006,
              22.90919911000003
            ],
            [
              89.72521702700004,
              22.908480940000118
            ],
            [
              89.72459247900008,
              22.908120322000173
            ],
            [
              89.72456895900007,
              22.908092117000024
            ],
            [
              89.72336994000011,
              22.906654242000172
            ],
            [
              89.72309064300015,
              22.90635210800002
            ],
            [
              89.72227478900015,
              22.90546953400019
            ],
            [
              89.72179316900008,
              22.904948519000186
            ],
            [
              89.72147195500014,
              22.90432054600018
            ],
            [
              89.7214721520001,
              22.90422404399999
            ],
            [
              89.72138155800008,
              22.904059839000183
            ],
            [
              89.72130994400015,
              22.903753777000077
            ],
            [
              89.72133103300007,
              22.903533922000122
            ],
            [
              89.72143462100007,
              22.903342893
            ],
            [
              89.72170676100006,
              22.90303680400018
            ],
            [
              89.72209660200008,
              22.90259833000016
            ],
            [
              89.72243750100012,
              22.90242683600013
            ],
            [
              89.72294347400015,
              22.902274750000174
            ],
            [
              89.72369076700005,
              22.902153402000067
            ],
            [
              89.72375899600013,
              22.90214232200009
            ],
            [
              89.7246262700001,
              22.901933495000094
            ],
            [
              89.72564816100004,
              22.90181097599998
            ],
            [
              89.72604044100018,
              22.901744729000143
            ],
            [
              89.72636050200009,
              22.901668796000138
            ],
            [
              89.72660830600017,
              22.901602299000047
            ],
            [
              89.7271036080001,
              22.90162227000019
            ],
            [
              89.72876529000013,
              22.901510389000066
            ],
            [
              89.72904409100016,
              22.901424820000045
            ],
            [
              89.72917835900006,
              22.901367685000025
            ],
            [
              89.73013048300015,
              22.8999925870001
            ],
            [
              89.73019291000008,
              22.899734558000148
            ],
            [
              89.73015530100008,
              22.898967062000054
            ],
            [
              89.72993135600012,
              22.89806141700018
            ],
            [
              89.72959115900011,
              22.897281429000145
            ],
            [
              89.72948347400018,
              22.897006801000146
            ],
            [
              89.72914411500011,
              22.896413469000095
            ],
            [
              89.72894941100014,
              22.89613074100015
            ],
            [
              89.7287222440001,
              22.895800874000088
            ],
            [
              89.728361721,
              22.895475200000135
            ],
            [
              89.72814526700006,
              22.895350543000063
            ],
            [
              89.72767093100003,
              22.895177641000146
            ],
            [
              89.72557715300019,
              22.894676892000177
            ],
            [
              89.7240440600001,
              22.894298851000087
            ],
            [
              89.7233905970001,
              22.8941377110001
            ],
            [
              89.72174025600009,
              22.89379065100013
            ],
            [
              89.72131745100017,
              22.893656063000037
            ],
            [
              89.72085358500016,
              22.893416235000075
            ],
            [
              89.720657662,
              22.89334896800011
            ],
            [
              89.71966725800013,
              22.893242058000112
            ],
            [
              89.71653160800003,
              22.892605502000038
            ],
            [
              89.71562949600019,
              22.89243008400007
            ],
            [
              89.71521683900005,
              22.89234984
            ],
            [
              89.7146955840002,
              22.892248477000066
            ],
            [
              89.71371565200013,
              22.89207462600018
            ],
            [
              89.71302465100007,
              22.891901291000124
            ],
            [
              89.71259164200018,
              22.891718858000047
            ],
            [
              89.71204577300006,
              22.891230282000095
            ],
            [
              89.71172681900015,
              22.89078992000009
            ],
            [
              89.71166529100003,
              22.890608157000088
            ],
            [
              89.71168643300018,
              22.890369182000086
            ],
            [
              89.71179024600013,
              22.890072993000047
            ],
            [
              89.71182496900008,
              22.89001961100007
            ],
            [
              89.71206975900009,
              22.88964327499997
            ],
            [
              89.71231731100016,
              22.889414806
            ],
            [
              89.71273144100013,
              22.889032597000096
            ],
            [
              89.71281175900003,
              22.88898628800007
            ],
            [
              89.71339263600004,
              22.88865136800007
            ],
            [
              89.71411535900006,
              22.888451898000085
            ],
            [
              89.71415810500002,
              22.888446385000066
            ],
            [
              89.7149926780001,
              22.88833874600016
            ],
            [
              89.71528582500008,
              22.888341197999978
            ],
            [
              89.71644757700011,
              22.888350909000167
            ],
            [
              89.71832546000013,
              22.88840204900015
            ],
            [
              89.71895513000004,
              22.888288436000096
            ],
            [
              89.71928562,
              22.88814561200013
            ],
            [
              89.71973004400019,
              22.8877926560001
            ],
            [
              89.72011286900016,
              22.887286621000044
            ],
            [
              89.72037226100014,
              22.88658915700006
            ],
            [
              89.72048719200012,
              22.88585898100007
            ],
            [
              89.72047810700019,
              22.885289107000176
            ],
            [
              89.72030086500007,
              22.88464169600013
            ],
            [
              89.71991358000008,
              22.883834909000086
            ],
            [
              89.71924448700008,
              22.883059324000158
            ],
            [
              89.71895614900018,
              22.882781558999966
            ],
            [
              89.71820371200005,
              22.88239780500004
            ],
            [
              89.71753274800011,
              22.882085466000035
            ],
            [
              89.71684302800008,
              22.881764392000093
            ],
            [
              89.71608038500011,
              22.881332807000035
            ],
            [
              89.71587049900018,
              22.881137578000107
            ],
            [
              89.7154933920001,
              22.880786805000128
            ],
            [
              89.71505127300003,
              22.88004029100017
            ],
            [
              89.71463095500008,
              22.878739301
            ],
            [
              89.71449746200017,
              22.878433123000093
            ],
            [
              89.71441126900004,
              22.87831855500019
            ],
            [
              89.7143534130002,
              22.878241653000032
            ],
            [
              89.71419898600016,
              22.878078846000165
            ],
            [
              89.7139205150001,
              22.877967668
            ],
            [
              89.71353894700013,
              22.877934251
            ],
            [
              89.71318798200014,
              22.878010103000065
            ],
            [
              89.71285723000017,
              22.87828676200013
            ],
            [
              89.71226611300017,
              22.879710217000024
            ],
            [
              89.71221836100011,
              22.87982971499997
            ],
            [
              89.71171635700017,
              22.881085942000084
            ],
            [
              89.71148865300017,
              22.881420148000018
            ],
            [
              89.71105450600004,
              22.881792222000115
            ],
            [
              89.71032101000009,
              22.88222111200008
            ],
            [
              89.71009408800012,
              22.882292330999974
            ],
            [
              89.71005646400005,
              22.882304138000165
            ],
            [
              89.70986670900004,
              22.882363692000126
            ],
            [
              89.70976221100011,
              22.882370102000152
            ],
            [
              89.70948964600007,
              22.88236960500018
            ],
            [
              89.70913513600004,
              22.882352932000117
            ],
            [
              89.70816776499998,
              22.882307431000186
            ],
            [
              89.70710511900018,
              22.881648188999975
            ],
            [
              89.70636588600001,
              22.88054138700005
            ],
            [
              89.705240646,
              22.879015593000133
            ],
            [
              89.70496513000012,
              22.87874051800003
            ],
            [
              89.70434704500008,
              22.878123418000143
            ],
            [
              89.70415718400005,
              22.877933858000063
            ],
            [
              89.70360266200004,
              22.877290154000093
            ],
            [
              89.70272617600017,
              22.877049506000105
            ],
            [
              89.70231580900003,
              22.877057685000125
            ],
            [
              89.70162986700012,
              22.877071354000122
            ],
            [
              89.70100961400004,
              22.877079385000172
            ],
            [
              89.70001767300016,
              22.877092223000147
            ],
            [
              89.6986979850002,
              22.877348466000115
            ],
            [
              89.69861713200015,
              22.877257958000087
            ],
            [
              89.69857109499998,
              22.87720598700014
            ],
            [
              89.69845896700014,
              22.87707478700014
            ],
            [
              89.69836979300004,
              22.876982205000104
            ],
            [
              89.69833039600007,
              22.876941302000034
            ],
            [
              89.69818600500014,
              22.876796490000118
            ],
            [
              89.69799360700017,
              22.876592872000117
            ],
            [
              89.69784925200003,
              22.876432253000075
            ],
            [
              89.69765686100004,
              22.8762263750001
            ],
            [
              89.69757642100012,
              22.876095239000108
            ],
            [
              89.69746419500007,
              22.87600920300008
            ],
            [
              89.69736808900012,
              22.875934497000117
            ],
            [
              89.69710122200013,
              22.875793968000096
            ],
            [
              89.69696792000013,
              22.875732737000135
            ],
            [
              89.69692448100017,
              22.875710285000025
            ],
            [
              89.6967442560001,
              22.875617136000074
            ],
            [
              89.69670760700018,
              22.875596067000174
            ],
            [
              89.69648806900011,
              22.875469853000027
            ],
            [
              89.69631217200003,
              22.875383699
            ],
            [
              89.6962001550001,
              22.875340575000166
            ],
            [
              89.69600858900009,
              22.875313110000093
            ],
            [
              89.69583263400017,
              22.875254056000017
            ],
            [
              89.69573672800004,
              22.875226770999973
            ],
            [
              89.69562454100009,
              22.875124930000027
            ],
            [
              89.6955376620001,
              22.875011844000085
            ],
            [
              89.69531477000015,
              22.873733178000123
            ],
            [
              89.69534589500012,
              22.873572892000027
            ],
            [
              89.69539269500012,
              22.873351662000175
            ],
            [
              89.69545598700017,
              22.873247898000102
            ],
            [
              89.6954933510001,
              22.873159893000036
            ],
            [
              89.69550694700013,
              22.873049707000177
            ],
            [
              89.69552065400012,
              22.87293862300004
            ],
            [
              89.69556298500015,
              22.872672215000023
            ],
            [
              89.69559187300007,
              22.872559353999975
            ],
            [
              89.6956352380002,
              22.872374248000142
            ],
            [
              89.69567738400013,
              22.872191400000133
            ],
            [
              89.69573643800004,
              22.87193857600016
            ],
            [
              89.69579639300008,
              22.871828030000074
            ],
            [
              89.69588641700011,
              22.871622691000027
            ],
            [
              89.69597204400014,
              22.8714760580001
            ],
            [
              89.69596425100013,
              22.871281824000164
            ],
            [
              89.69598892600015,
              22.87114411000016
            ],
            [
              89.6960227940001,
              22.87098383
            ],
            [
              89.69605427900012,
              22.870798702000172
            ],
            [
              89.69605959400013,
              22.870737737000184
            ],
            [
              89.69607059700007,
              22.870681637000132
            ],
            [
              89.69610519800017,
              22.870505213000115
            ],
            [
              89.69614533800012,
              22.870401403000074
            ],
            [
              89.69621310700012,
              22.870338298000092
            ],
            [
              89.69627264000019,
              22.870281952000028
            ],
            [
              89.69644728400004,
              22.87010613300015
            ],
            [
              89.6965716410001,
              22.869939251
            ],
            [
              89.69662175200011,
              22.86987159500012
            ],
            [
              89.69673273000006,
              22.869693394000024
            ],
            [
              89.69682759200009,
              22.869503873000042
            ],
            [
              89.6969226280001,
              22.86937080900003
            ],
            [
              89.69698587500011,
              22.86914960600012
            ],
            [
              89.6970643460001,
              22.86893069400014
            ],
            [
              89.69712755500012,
              22.868725303000133
            ],
            [
              89.69717428800016,
              22.86853343100006
            ],
            [
              89.69720544400008,
              22.868357336000145
            ],
            [
              89.6972218470001,
              22.868248973000163
            ],
            [
              89.69723141700018,
              22.868185750000123
            ],
            [
              89.69723636500004,
              22.868151881000074
            ],
            [
              89.69728319000012,
              22.86791709700003
            ],
            [
              89.69733025400012,
              22.86771167600017
            ],
            [
              89.69737745600008,
              22.867580780000026
            ],
            [
              89.69740875700012,
              22.86747695500003
            ],
            [
              89.69808578800007,
              22.86617515500012
            ],
            [
              89.69826048100003,
              22.86625001700014
            ],
            [
              89.69819539600007,
              22.86620246500007
            ],
            [
              89.698706427,
              22.865022304000036
            ],
            [
              89.69870573800006,
              22.864920675000064
            ],
            [
              89.69880100900019,
              22.864816970000106
            ],
            [
              89.6989920970002,
              22.86463891800014
            ],
            [
              89.69906346100004,
              22.86460291999998
            ],
            [
              89.69913512900013,
              22.864566920000016
            ],
            [
              89.69929485000011,
              22.864522056000055
            ],
            [
              89.69938901600011,
              22.864506425000116
            ],
            [
              89.69950206300012,
              22.864490829000033
            ],
            [
              89.6997734900001,
              22.864489086000162
            ],
            [
              89.69996490300002,
              22.864442020000183
            ],
            [
              89.70018829800011,
              22.864395015000127
            ],
            [
              89.70037938900003,
              22.864352464000035
            ],
            [
              89.70063482700004,
              22.864278419000073
            ],
            [
              89.70081005700018,
              22.864247131000127
            ],
            [
              89.70091186700006,
              22.864217964000147
            ],
            [
              89.70097307900016,
              22.864087093000023
            ],
            [
              89.701130465,
              22.863857032999988
            ],
            [
              89.70129780900004,
              22.86352988400006
            ],
            [
              89.70149081900018,
              22.863166648000174
            ],
            [
              89.70157546500008,
              22.862907092
            ],
            [
              89.70167428600018,
              22.862710797000034
            ],
            [
              89.70169736300005,
              22.862677775000122
            ],
            [
              89.70179407200015,
              22.862539385000048
            ],
            [
              89.70200301400018,
              22.862273288000154
            ],
            [
              89.70217130900016,
              22.86192807100008
            ],
            [
              89.70234625100005,
              22.861607707000076
            ],
            [
              89.70258615600011,
              22.861389095000106
            ],
            [
              89.70278802300004,
              22.861152339000057
            ],
            [
              89.70299313000004,
              22.860967538000125
            ],
            [
              89.70314207400008,
              22.86083456900002
            ],
            [
              89.7033072070002,
              22.860681309000142
            ],
            [
              89.70349068700011,
              22.86049420400002
            ],
            [
              89.70369729200002,
              22.860318436000057
            ],
            [
              89.70388809700012,
              22.860126830000183
            ],
            [
              89.70401541000007,
              22.859993821000103
            ],
            [
              89.70409474100018,
              22.859932992000154
            ],
            [
              89.70420542500005,
              22.8597434940001
            ],
            [
              89.70428512100011,
              22.85965330700003
            ],
            [
              89.70439628600013,
              22.859522528000127
            ],
            [
              89.704475403,
              22.859418791000166
            ],
            [
              89.70458657300014,
              22.85928575100013
            ],
            [
              89.70479317600012,
              22.859109981000188
            ],
            [
              89.70488499500016,
              22.859051431000125
            ],
            [
              89.70512470400018,
              22.858918633000144
            ],
            [
              89.70527532500012,
              22.858853420000173
            ],
            [
              89.70558340400015,
              22.8587580680001
            ],
            [
              89.70574136100015,
              22.85872329600005
            ],
            [
              89.70578158400019,
              22.858716595000146
            ],
            [
              89.70619074000012,
              22.858690247000084
            ],
            [
              89.70649141400014,
              22.858679511000105
            ],
            [
              89.70672357500007,
              22.858659616000125
            ],
            [
              89.7067592200001,
              22.858657425000047
            ],
            [
              89.70699443000018,
              22.858635272000072
            ],
            [
              89.70704073900004,
              22.85863084100015
            ],
            [
              89.7072823370001,
              22.85861321900012
            ],
            [
              89.70738349100014,
              22.858602114000178
            ],
            [
              89.70763332900003,
              22.858577729
            ],
            [
              89.70792043000006,
              22.85850373
            ],
            [
              89.70819136000011,
              22.858443251999972
            ],
            [
              89.70847822500014,
              22.858339889000035
            ],
            [
              89.70870136600018,
              22.858263514000043
            ],
            [
              89.70890899100004,
              22.858175815000152
            ],
            [
              89.7089473870002,
              22.858158814999967
            ],
            [
              89.70906638700012,
              22.858106125000063
            ],
            [
              89.70914773100009,
              22.858070109000096
            ],
            [
              89.70927338899997,
              22.858012444000053
            ],
            [
              89.70945079400019,
              22.857937418000063
            ],
            [
              89.70970594600016,
              22.857847550000088
            ],
            [
              89.70975746300007,
              22.85782957600003
            ],
            [
              89.70979217700011,
              22.857836415000122
            ],
            [
              89.7099832350001,
              22.8579474230001
            ],
            [
              89.71019031800012,
              22.85811717900009
            ],
            [
              89.71035033700014,
              22.85821458099997
            ],
            [
              89.71046533300006,
              22.85828480100008
            ],
            [
              89.71061876800019,
              22.858327988000042
            ],
            [
              89.71075797300011,
              22.85832824100015
            ],
            [
              89.71083477100007,
              22.858312571000113
            ],
            [
              89.71094752400006,
              22.85829019400012
            ],
            [
              89.71105276900016,
              22.858218117000092
            ],
            [
              89.71114211100007,
              22.858175369000094
            ],
            [
              89.71128146000012,
              22.85810787000014
            ],
            [
              89.7114095980001,
              22.858013248000134
            ],
            [
              89.71143128800009,
              22.857983931000092
            ],
            [
              89.71160529100001,
              22.857661296000117
            ],
            [
              89.7116523300001,
              22.857455870000024
            ],
            [
              89.71176282400017,
              22.857205390000047
            ],
            [
              89.71192135800015,
              22.856851110000036
            ],
            [
              89.71201552200012,
              22.856544139000164
            ],
            [
              89.7121576610001,
              22.856162732000143
            ],
            [
              89.7122166900001,
              22.85583311500011
            ],
            [
              89.71222564200013,
              22.85555986800017
            ],
            [
              89.71223953300012,
              22.855327277000185
            ],
            [
              89.71225028900011,
              22.855137595000144
            ],
            [
              89.71236468500018,
              22.854767425000034
            ],
            [
              89.71247741500008,
              22.854465007000044
            ],
            [
              89.7126194550001,
              22.85413102100017
            ],
            [
              89.71270414000008,
              22.853839844000106
            ],
            [
              89.71280098700004,
              22.85355771900015
            ],
            [
              89.71292585900005,
              22.853273389000037
            ],
            [
              89.71299953300013,
              22.853002515000014
            ],
            [
              89.71303059299998,
              22.852862553000023
            ],
            [
              89.71305051100006,
              22.8528061290001
            ],
            [
              89.71306858500014,
              22.852756475000092
            ],
            [
              89.7131283650001,
              22.85257365500007
            ],
            [
              89.71323604500014,
              22.852354785000102
            ],
            [
              89.71335285000009,
              22.852140450000036
            ],
            [
              89.71346360700011,
              22.851905775000034
            ],
            [
              89.71357458000017,
              22.851714014000095
            ],
            [
              89.7137014170001,
              22.851508732000184
            ],
            [
              89.71376011400008,
              22.85140720600009
            ],
            [
              89.71377325900016,
              22.85138464800019
            ],
            [
              89.71395638900003,
              22.851206567000133
            ],
            [
              89.7141243150001,
              22.851017161000073
            ],
            [
              89.7142983400002,
              22.850823253000044
            ],
            [
              89.71448026400014,
              22.85063839100019
            ],
            [
              89.71457186500015,
              22.850532412
            ],
            [
              89.71461001800003,
              22.85049408700013
            ],
            [
              89.71472236400012,
              22.85037233700018
            ],
            [
              89.71487656200009,
              22.850226082000063
            ],
            [
              89.71496775800017,
              22.850133388000074
            ],
            [
              89.71501714900006,
              22.85009175000016
            ],
            [
              89.71514686800003,
              22.84998239300006
            ],
            [
              89.71527772700011,
              22.84989229399997
            ],
            [
              89.71542381600005,
              22.849802220000186
            ],
            [
              89.71558636100008,
              22.849707659000103
            ],
            [
              89.71566017200007,
              22.84966036500009
            ],
            [
              89.71570043700012,
              22.849633338000046
            ],
            [
              89.71581390199998,
              22.849556752000126
            ],
            [
              89.71591207900002,
              22.849509500000124
            ],
            [
              89.71601116700009,
              22.849464511000065
            ],
            [
              89.71609569400005,
              22.8493901330001
            ],
            [
              89.71619691600006,
              22.84934288700009
            ],
            [
              89.7163530570001,
              22.849252832000047
            ],
            [
              89.71649328900014,
              22.849194363000095
            ],
            [
              89.71667284200004,
              22.84912241500018
            ],
            [
              89.71678139800014,
              22.849063890000025
            ],
            [
              89.71692684100015,
              22.84899187900004
            ],
            [
              89.71703415500014,
              22.84894464600012
            ],
            [
              89.717193,
              22.84887040199999
            ],
            [
              89.71726998700012,
              22.84882642800011
            ],
            [
              89.71735066000014,
              22.848780348
            ],
            [
              89.71743789900017,
              22.848719525000035
            ],
            [
              89.71754100500016,
              22.84864518100011
            ],
            [
              89.7176885350001,
              22.848593499000117
            ],
            [
              89.71775735500012,
              22.848453603000053
            ],
            [
              89.71782214200005,
              22.84834983200011
            ],
            [
              89.71784043300005,
              22.84819629100008
            ],
            [
              89.71785778800017,
              22.848051788000134
            ],
            [
              89.71787416600012,
              22.84793663700009
            ],
            [
              89.7178752910001,
              22.847835013000065
            ],
            [
              89.71785509800014,
              22.84773109200006
            ],
            [
              89.71785790900009,
              22.84769722200008
            ],
            [
              89.7178431980002,
              22.847593308
            ],
            [
              89.71784367900017,
              22.847507492000034
            ],
            [
              89.71783376400015,
              22.847441979000052
            ],
            [
              89.71780384500005,
              22.84732674999998
            ],
            [
              89.71772866900005,
              22.847152720000167
            ],
            [
              89.71770529300011,
              22.847114287000068
            ],
            [
              89.71768313300004,
              22.847078113000123
            ],
            [
              89.71762207900014,
              22.846996703000116
            ],
            [
              89.71754548299998,
              22.846919782999976
            ],
            [
              89.71745185300006,
              22.846831539000164
            ],
            [
              89.7173402630001,
              22.8467364870001
            ],
            [
              89.71725940300013,
              22.846659560000035
            ],
            [
              89.71717890300005,
              22.846555529000057
            ],
            [
              89.71715713800012,
              22.84647531900015
            ],
            [
              89.717112047,
              22.846334090000084
            ],
            [
              89.71708450600016,
              22.84624822000012
            ],
            [
              89.71705337100013,
              22.846132991000104
            ],
            [
              89.71703817600002,
              22.845970359000148
            ],
            [
              89.71703881200011,
              22.845810014000108
            ],
            [
              89.71708760400003,
              22.84563394700018
            ],
            [
              89.71708826700018,
              22.845460052000078
            ],
            [
              89.71708927399999,
              22.845268092000026
            ],
            [
              89.71707425000017,
              22.845021900000063
            ],
            [
              89.71702755400003,
              22.84477339700004
            ],
            [
              89.71698074300019,
              22.844581350000055
            ],
            [
              89.71694981900009,
              22.8443644890001
            ],
            [
              89.71688728700008,
              22.84411369600008
            ],
            [
              89.71682478300005,
              22.843851614000073
            ],
            [
              89.71674613300013,
              22.843589500000064
            ],
            [
              89.71670730400018,
              22.84336811100013
            ],
            [
              89.71667219100004,
              22.843261904000087
            ],
            [
              89.71662195500016,
              22.843105983999976
            ],
            [
              89.7165946950002,
              22.84303140900016
            ],
            [
              89.71654260500014,
              22.84288903800018
            ],
            [
              89.71646971899997,
              22.8426382290001
            ],
            [
              89.71642727100004,
              22.842545557999983
            ],
            [
              89.71636935500004,
              22.842421244000036
            ],
            [
              89.71635406400009,
              22.842303780000066
            ],
            [
              89.71630651900017,
              22.842172709000124
            ],
            [
              89.71627505300006,
              22.842071023000074
            ],
            [
              89.71624389100015,
              22.841969342000084
            ],
            [
              89.71621245900019,
              22.841851851000058
            ],
            [
              89.71618139200001,
              22.84170500099998
            ],
            [
              89.71613421,
              22.84154457000011
            ],
            [
              89.71608657200017,
              22.841458668000143
            ],
            [
              89.71610326100006,
              22.841341261000082
            ],
            [
              89.7161394040001,
              22.84124421400014
            ],
            [
              89.71615165700013,
              22.841210359000115
            ],
            [
              89.71618415400008,
              22.84110878900003
            ],
            [
              89.71618470100003,
              22.840991355000085
            ],
            [
              89.71615332800019,
              22.840844505
            ],
            [
              89.71609064400013,
              22.840670498000122
            ],
            [
              89.715979538,
              22.84049414499998
            ],
            [
              89.71583711300008,
              22.840290634000098
            ],
            [
              89.71572654900012,
              22.84014590300012
            ],
            [
              89.71558385500003,
              22.83992658300008
            ],
            [
              89.7154414330002,
              22.83972307100015
            ],
            [
              89.7153148860001,
              22.839503782
            ],
            [
              89.71521991500015,
              22.83932971900009
            ],
            [
              89.71515683700005,
              22.839198618000182
            ],
            [
              89.71510999400004,
              22.83902463700008
            ],
            [
              89.715062784,
              22.838877757000034
            ],
            [
              89.71504764700012,
              22.83868802900014
            ],
            [
              89.71503287100012,
              22.838471196000057
            ],
            [
              89.71501739900009,
              22.838295015000085
            ],
            [
              89.71503408700005,
              22.838179866000075
            ],
            [
              89.71506664800017,
              22.838046679000172
            ],
            [
              89.71510304100008,
              22.83797447600017
            ],
            [
              89.71524016300003,
              22.837796309000055
            ],
            [
              89.71536864400008,
              22.837672326000188
            ],
            [
              89.71541625900005,
              22.83762272700011
            ],
            [
              89.71549654500012,
              22.837534795000067
            ],
            [
              89.71554752400016,
              22.83747842500003
            ],
            [
              89.71559332700014,
              22.837422048000064
            ],
            [
              89.71564773400013,
              22.83732955300019
            ],
            [
              89.71565593700018,
              22.837191804000042
            ],
            [
              89.71564174000014,
              22.83713531799998
            ],
            [
              89.71558615400016,
              22.83691615500004
            ],
            [
              89.7155156130001,
              22.836712775000137
            ],
            [
              89.71534660200007,
              22.836409848000187
            ],
            [
              89.71519702600011,
              22.836134059000187
            ],
            [
              89.715050991,
              22.835912474000054
            ],
            [
              89.71490261000008,
              22.835647975000143
            ],
            [
              89.71479823100009,
              22.835460343000022
            ],
            [
              89.71475605500012,
              22.835385742000028
            ],
            [
              89.71477742200005,
              22.835360938000065
            ],
            [
              89.714649367,
              22.835137128000042
            ],
            [
              89.71444390300007,
              22.834788970000034
            ],
            [
              89.71428589500016,
              22.834470253
            ],
            [
              89.71412719000006,
              22.834192183000084
            ],
            [
              89.71396851000009,
              22.833902828000078
            ],
            [
              89.71384178500017,
              22.833624818000146
            ],
            [
              89.71363510900011,
              22.83327665500019
            ],
            [
              89.71344400600003,
              22.83291045100009
            ],
            [
              89.71326821400004,
              22.83264816200017
            ],
            [
              89.71307644300009,
              22.832311318000166
            ],
            [
              89.71293257800016,
              22.832076185000176
            ],
            [
              89.71283679600003,
              22.831856949000155
            ],
            [
              89.71272460500012,
              22.83162187100004
            ],
            [
              89.71262849300012,
              22.83141618500008
            ],
            [
              89.71253231900016,
              22.831239858000174
            ],
            [
              89.71241988600019,
              22.830975424000144
            ],
            [
              89.71235569300012,
              22.83079915400009
            ],
            [
              89.71229143400006,
              22.830652240000063
            ],
            [
              89.71224338300004,
              22.830476
            ],
            [
              89.71217891700007,
              22.830283922000092
            ],
            [
              89.71209842800005,
              22.830035352000152
            ],
            [
              89.71204994900006,
              22.82991783
            ],
            [
              89.71200174500012,
              22.829813854000122
            ],
            [
              89.71198551300006,
              22.82971219900014
            ],
            [
              89.71195320600015,
              22.829578896000044
            ],
            [
              89.71192111000016,
              22.829490762000034
            ],
            [
              89.71188874100005,
              22.829386814000145
            ],
            [
              89.71187248200005,
              22.829298711000035
            ],
            [
              89.71186813300011,
              22.82919481600004
            ],
            [
              89.71187209100009,
              22.829050285000108
            ],
            [
              89.71188787100016,
              22.82893287900015
            ],
            [
              89.7119198220002,
              22.828799691000143
            ],
            [
              89.71195174100012,
              22.828682312000126
            ],
            [
              89.71197320900012,
              22.82861234100011
            ],
            [
              89.71199021000018,
              22.82834813900007
            ],
            [
              89.71199192600011,
              22.82811101200008
            ],
            [
              89.711978901,
              22.8279325740001
            ],
            [
              89.7119515390001,
              22.827765405000036
            ],
            [
              89.7119121250002,
              22.827537237000115
            ],
            [
              89.71184415500005,
              22.82727514000004
            ],
            [
              89.71179257300008,
              22.827040175000036
            ],
            [
              89.71171120999998,
              22.826773536000076
            ],
            [
              89.71166972600014,
              22.826660542000184
            ],
            [
              89.71161314800008,
              22.826484286000152
            ],
            [
              89.71159811500013,
              22.82639166400014
            ],
            [
              89.711584888,
              22.826310337000052
            ],
            [
              89.71153312900009,
              22.826158931000123
            ],
            [
              89.71152405100008,
              22.826131813000018
            ],
            [
              89.71145889899998,
              22.8259781270001
            ],
            [
              89.71142556200016,
              22.825901282000075
            ],
            [
              89.71136706600015,
              22.82576793000004
            ],
            [
              89.71132067600018,
              22.825670736000177
            ],
            [
              89.7112627320002,
              22.825564486000076
            ],
            [
              89.71118567100012,
              22.825426584000013
            ],
            [
              89.7109608630002,
              22.825164201000064
            ],
            [
              89.71074412400009,
              22.82490409500008
            ],
            [
              89.7105111260002,
              22.824700417000088
            ],
            [
              89.71045429300017,
              22.824646112000096
            ],
            [
              89.71026281100018,
              22.824467350000077
            ],
            [
              89.7100420770002,
              22.82429757100016
            ],
            [
              89.7098814840001,
              22.824202425000067
            ],
            [
              89.70981181000008,
              22.824170681000112
            ],
            [
              89.70960401300016,
              22.824075450000123
            ],
            [
              89.70937130300013,
              22.823953072000165
            ],
            [
              89.70913155500017,
              22.82384648900012
            ],
            [
              89.70890490500005,
              22.823737674000085
            ],
            [
              89.70869170700018,
              22.82360629700014
            ],
            [
              89.70851068000002,
              22.82352466500015
            ],
            [
              89.70843190700003,
              22.823477094
            ],
            [
              89.70845399600017,
              22.823400349000167
            ],
            [
              89.70849250700007,
              22.823334925000097
            ],
            [
              89.70841928400012,
              22.823398029000145
            ],
            [
              89.70838511500006,
              22.82342732500007
            ],
            [
              89.70836039100016,
              22.823309843000118
            ],
            [
              89.70837758000005,
              22.823246638000114
            ],
            [
              89.70837768300015,
              22.823199212000134
            ],
            [
              89.70834414500001,
              22.823074939000037
            ],
            [
              89.7082849630001,
              22.822979980000127
            ],
            [
              89.70813321500015,
              22.82273579300005
            ],
            [
              89.70806596,
              22.82257080900007
            ],
            [
              89.70796474600019,
              22.822335751000026
            ],
            [
              89.70791422200006,
              22.822179831000085
            ],
            [
              89.70785559800004,
              22.82196743200018
            ],
            [
              89.7078221320001,
              22.82180928400004
            ],
            [
              89.70779674800013,
              22.821716646000027
            ],
            [
              89.70778021600017,
              22.821614986000156
            ],
            [
              89.70776341300012,
              22.821497518
            ],
            [
              89.70776358100011,
              22.82141847400004
            ],
            [
              89.70780618100008,
              22.821292080999967
            ],
            [
              89.70784018100005,
              22.821199552000053
            ],
            [
              89.70791658200011,
              22.821073221000177
            ],
            [
              89.70797620200005,
              22.82096266999997
            ],
            [
              89.70806105900004,
              22.820870232000175
            ],
            [
              89.70819650500005,
              22.820759818000056
            ],
            [
              89.70835750000015,
              22.820665258000076
            ],
            [
              89.70845936000006,
              22.820595436000133
            ],
            [
              89.7085951590002,
              22.820462441000075
            ],
            [
              89.70868827400017,
              22.82035194800011
            ],
            [
              89.7087645900001,
              22.820266269
            ],
            [
              89.70884127500011,
              22.820148973000073
            ],
            [
              89.7089430330002,
              22.81998429900011
            ],
            [
              89.70902807400006,
              22.819803781000132
            ],
            [
              89.70914710400012,
              22.81953750700012
            ],
            [
              89.70918110700018,
              22.81944271400016
            ],
            [
              89.70921505700016,
              22.819372769000154
            ],
            [
              89.70924927800007,
              22.819318629000122
            ],
            [
              89.70933369800008,
              22.819287166000095
            ],
            [
              89.70948632000011,
              22.819262603000084
            ],
            [
              89.70956251200005,
              22.819233382000107
            ],
            [
              89.70967246500015,
              22.81922454800008
            ],
            [
              89.70979085800008,
              22.819256380000013
            ],
            [
              89.70990920600013,
              22.819310800000096
            ],
            [
              89.71001070000017,
              22.819412611000075
            ],
            [
              89.71014559600013,
              22.819561911000164
            ],
            [
              89.71028070800014,
              22.8197518610001
            ],
            [
              89.7103651180002,
              22.819869450000112
            ],
            [
              89.71040716300018,
              22.820002773000056
            ],
            [
              89.71044050400019,
              22.82022189800017
            ],
            [
              89.7104993390002,
              22.820481716000188
            ],
            [
              89.71053282300011,
              22.820630832000063
            ],
            [
              89.71058317600011,
              22.820725775000028
            ],
            [
              89.71062539000002,
              22.820780057000093
            ],
            [
              89.71072697200009,
              22.82084347600005
            ],
            [
              89.71082829700003,
              22.82088205200006
            ],
            [
              89.71098088000014,
              22.820875551000142
            ],
            [
              89.71120083400007,
              22.820835300000113
            ],
            [
              89.71139559199997,
              22.820758867999984
            ],
            [
              89.7118533150001,
              22.820461589
            ],
            [
              89.71231094100017,
              22.820209475000127
            ],
            [
              89.71253958400013,
              22.820092450000118
            ],
            [
              89.71268384000018,
              22.819991086000073
            ],
            [
              89.71276861299998,
              22.819937038000035
            ],
            [
              89.71281112300017,
              22.819851293000113
            ],
            [
              89.71281132000007,
              22.819756442000028
            ],
            [
              89.71281155300017,
              22.81964578100019
            ],
            [
              89.71281183100001,
              22.81951253699998
            ],
            [
              89.71279510300008,
              22.819356676000154
            ],
            [
              89.71279540400019,
              22.819214399000032
            ],
            [
              89.71277862900013,
              22.819081124000093
            ],
            [
              89.71271997700006,
              22.818877763000046
            ],
            [
              89.71266945300016,
              22.818719584
            ],
            [
              89.7126526940001,
              22.81857953400015
            ],
            [
              89.71261953700008,
              22.81827233100006
            ],
            [
              89.71258604899998,
              22.818123217000164
            ],
            [
              89.71254404500007,
              22.81796731200012
            ],
            [
              89.71252753000005,
              22.817856622000022
            ],
            [
              89.71249364900018,
              22.81774815700004
            ],
            [
              89.71247713300005,
              22.817637465000132
            ],
            [
              89.71246026200015,
              22.817551617000106
            ],
            [
              89.71244401000007,
              22.817314454000098
            ],
            [
              89.7124357310002,
              22.817197006000185
            ],
            [
              89.71241073600015,
              22.81706371300004
            ],
            [
              89.71238543400017,
              22.81693042300003
            ],
            [
              89.71230973300004,
              22.816727032000188
            ],
            [
              89.71222535600009,
              22.816593634000185
            ],
            [
              89.7121157580001,
              22.81643534600005
            ],
            [
              89.71202285400005,
              22.81630193500007
            ],
            [
              89.71190472500012,
              22.816145892000065
            ],
            [
              89.71180365300012,
              22.815987623000012
            ],
            [
              89.71170220300007,
              22.815863228000126
            ],
            [
              89.71164336200007,
              22.81575246
            ],
            [
              89.71160123200013,
              22.815657531000056
            ],
            [
              89.71155054000019,
              22.815580653000097
            ],
            [
              89.71153368700016,
              22.81548577000018
            ],
            [
              89.71148335300006,
              22.81538405200007
            ],
            [
              89.71144939300012,
              22.815313980000155
            ],
            [
              89.71141572300013,
              22.81525068400009
            ],
            [
              89.7113397620002,
              22.81517150400009
            ],
            [
              89.71123850400016,
              22.815101309000056
            ],
            [
              89.71097631200013,
              22.814958555000146
            ],
            [
              89.71080713000015,
              22.814897269000028
            ],
            [
              89.71062973300013,
              22.81483371400003
            ],
            [
              89.71057896400009,
              22.814792970000042
            ],
            [
              89.7105281760002,
              22.814761262000047
            ],
            [
              89.71048603100013,
              22.814675366000074
            ],
            [
              89.71043547300008,
              22.814535253000088
            ],
            [
              89.71043577500006,
              22.814392973000054
            ],
            [
              89.71047849800016,
              22.814205606000087
            ],
            [
              89.71051295000018,
              22.81404080600015
            ],
            [
              89.71067469900015,
              22.813584904000095
            ],
            [
              89.71074276100006,
              22.813365963000024
            ],
            [
              89.71080216400009,
              22.81321024300007
            ],
            [
              89.71083642400009,
              22.813138035000122
            ],
            [
              89.71087884700012,
              22.813092942000083
            ],
            [
              89.71095504100003,
              22.813061465000033
            ],
            [
              89.71105649700007,
              22.813036806000014
            ],
            [
              89.71116643700014,
              22.813030230000038
            ],
            [
              89.711268147,
              22.813030412000046
            ],
            [
              89.71142892600011,
              22.81303070500013
            ],
            [
              89.71150504000019,
              22.813037619
            ],
            [
              89.71176741300013,
              22.81309455400003
            ],
            [
              89.7120293690001,
              22.813203431000034
            ],
            [
              89.71235912700007,
              22.81336211100006
            ],
            [
              89.71266328000007,
              22.813534300000185
            ],
            [
              89.71277339600016,
              22.81358870200006
            ],
            [
              89.71294265500018,
              22.81361384600018
            ],
            [
              89.71307784400011,
              22.813620866000065
            ],
            [
              89.71323013500017,
              22.813605328000165
            ],
            [
              89.71338298000012,
              22.813545435000094
            ],
            [
              89.71342518300014,
              22.81352889699997
            ],
            [
              89.7136368250001,
              22.813380223000138
            ],
            [
              89.71374015999999,
              22.81328479600012
            ],
            [
              89.71381500500007,
              22.813215677000187
            ],
            [
              89.71400995200014,
              22.81304213300001
            ],
            [
              89.71437434600006,
              22.812801139000157
            ],
            [
              89.71450548700017,
              22.812712650000037
            ],
            [
              89.7146881290002,
              22.812589411000033
            ],
            [
              89.71509458500009,
              22.812330423000105
            ],
            [
              89.71534040800009,
              22.812143414
            ],
            [
              89.71572185600019,
              22.811900189000028
            ],
            [
              89.71580373800003,
              22.811855772
            ],
            [
              89.71592519100005,
              22.81178988900018
            ],
            [
              89.71600141200008,
              22.811744858000054
            ],
            [
              89.71606916300004,
              22.81167270900005
            ],
            [
              89.71611183200014,
              22.811507922000033
            ],
            [
              89.71619724900017,
              22.811139957000023
            ],
            [
              89.71623142200008,
              22.810959346000118
            ],
            [
              89.71629112400007,
              22.81080362199998
            ],
            [
              89.71636751100004,
              22.810677289000125
            ],
            [
              89.71650332500013,
              22.810528474000137
            ],
            [
              89.71666447900014,
              22.810348088000126
            ],
            [
              89.716757803,
              22.81027824300014
            ],
            [
              89.71689316400011,
              22.810199442000112
            ],
            [
              89.7169778970001,
              22.810161198000117
            ],
            [
              89.71706779300007,
              22.810129741000083
            ],
            [
              89.71709643300017,
              22.810120758000153
            ],
            [
              89.71721499700004,
              22.810066768000127
            ],
            [
              89.71728144899998,
              22.810033011000087
            ],
            [
              89.71730827400017,
              22.810019506000117
            ],
            [
              89.71744385700015,
              22.80998135599998
            ],
            [
              89.71765523100004,
              22.809959148000132
            ],
            [
              89.71781601000009,
              22.80995943100004
            ],
            [
              89.71801916600003,
              22.80993494800009
            ],
            [
              89.7181884690001,
              22.80993524700017
            ],
            [
              89.71836625000014,
              22.809960403000105
            ],
            [
              89.71860304400019,
              22.810015023
            ],
            [
              89.71887354,
              22.810117129000105
            ],
            [
              89.7192876790001,
              22.810409189000154
            ],
            [
              89.71960882200011,
              22.8106130110001
            ],
            [
              89.71979465100014,
              22.81072174200017
            ],
            [
              89.7198963240001,
              22.810737730000028
            ],
            [
              89.71998106900008,
              22.81069271000007
            ],
            [
              89.72008271400006,
              22.810573191
            ],
            [
              89.72041369500016,
              22.81013564500006
            ],
            [
              89.72043936800009,
              22.810088262000136
            ],
            [
              89.72045621100017,
              22.810040866000122
            ],
            [
              89.72044779900017,
              22.8099866500001
            ],
            [
              89.72043114900004,
              22.809939194000037
            ],
            [
              89.72034672000007,
              22.809828386000106
            ],
            [
              89.72022863300015,
              22.80964976600012
            ],
            [
              89.72006843100002,
              22.809367184000166
            ],
            [
              89.72006862300003,
              22.809272333000024
            ],
            [
              89.72004324000017,
              22.80917743499998
            ],
            [
              89.72002665400004,
              22.809098363000032
            ],
            [
              89.71997595900018,
              22.809021487000052
            ],
            [
              89.71996766000012,
              22.808910811000146
            ],
            [
              89.72007043600013,
              22.808384785000158
            ],
            [
              89.72009619200009,
              22.808149955999966
            ],
            [
              89.72017667,
              22.80795768200005
            ],
            [
              89.72026621200013,
              22.80779794500006
            ],
            [
              89.72041038900011,
              22.807576875999985
            ],
            [
              89.7204953700001,
              22.807414420000043
            ],
            [
              89.72066384900012,
              22.807220493999978
            ],
            [
              89.7207670160002,
              22.807100981000133
            ],
            [
              89.7209622470001,
              22.806778369000085
            ],
            [
              89.72132693400016,
              22.80637927100014
            ],
            [
              89.72192067900016,
              22.805641813000022
            ],
            [
              89.722242973,
              22.805274254000096
            ],
            [
              89.72242120800013,
              22.805071306000173
            ],
            [
              89.72248371700005,
              22.805028509000067
            ],
            [
              89.72254843800016,
              22.80494505900009
            ],
            [
              89.72266070400019,
              22.804841368000154
            ],
            [
              89.7227604590002,
              22.804748949000043
            ],
            [
              89.72294681900019,
              22.80459344100018
            ],
            [
              89.72314177000004,
              22.804406335000124
            ],
            [
              89.72337911100004,
              22.80418542400008
            ],
            [
              89.7237350040001,
              22.80391277500013
            ],
            [
              89.7241417190001,
              22.803653762000124
            ],
            [
              89.72465024000013,
              22.80334072400018
            ],
            [
              89.72530264900001,
              22.802942111000107
            ],
            [
              89.72549740900018,
              22.80284759600005
            ],
            [
              89.72572595900004,
              22.80275539400003
            ],
            [
              89.72590399000012,
              22.802651813000068
            ],
            [
              89.72617504100009,
              22.802471607000086
            ],
            [
              89.72638686300002,
              22.802370341000085
            ],
            [
              89.72656493400012,
              22.80224643600002
            ],
            [
              89.72673454200014,
              22.802088639000033
            ],
            [
              89.72687854000014,
              22.80194886400011
            ],
            [
              89.72703104700003,
              22.80181588100004
            ],
            [
              89.72709053500017,
              22.801759522000054
            ],
            [
              89.72719203600013,
              22.801705494000032
            ],
            [
              89.72726819000002,
              22.801689817000067
            ],
            [
              89.72747135900005,
              22.801651772000014
            ],
            [
              89.72771673000005,
              22.801674772000183
            ],
            [
              89.7278689470001,
              22.80168858600007
            ],
            [
              89.72801289800003,
              22.80172496600005
            ],
            [
              89.72831316700007,
              22.801856462000103
            ],
            [
              89.72848665600014,
              22.80191858500018
            ],
            [
              89.72864269300015,
              22.801974459000178
            ],
            [
              89.72886474500007,
              22.80208775900013
            ],
            [
              89.72910993800019,
              22.802201096000033
            ],
            [
              89.72927472900005,
              22.80232332800017
            ],
            [
              89.72946901400007,
              22.8024681980001
            ],
            [
              89.72959579700017,
              22.80256326500006
            ],
            [
              89.7296928020001,
              22.802628923000157
            ],
            [
              89.72976062200001,
              22.80266968700016
            ],
            [
              89.72990847500012,
              22.802735433000066
            ],
            [
              89.73008618600016,
              22.80279219100015
            ],
            [
              89.73048375000019,
              22.802842551000083
            ],
            [
              89.73072905300012,
              22.802901682000083
            ],
            [
              89.73106317200018,
              22.803008391000105
            ],
            [
              89.73134219400015,
              22.803108232000113
            ],
            [
              89.73150283000012,
              22.803178512000045
            ],
            [
              89.73170580700014,
              22.80323757200017
            ],
            [
              89.73196790800006,
              22.803271890000133
            ],
            [
              89.73212011300012,
              22.803292471000134
            ],
            [
              89.7325180040001,
              22.80333378800009
            ],
            [
              89.73301700600018,
              22.803363985000033
            ],
            [
              89.73333851800015,
              22.80338033300012
            ],
            [
              89.73354162500016,
              22.80337389400006
            ],
            [
              89.73376189400017,
              22.803311028
            ],
            [
              89.73408359200016,
              22.803232520999984
            ],
            [
              89.73436291200017,
              22.803178786000103
            ],
            [
              89.73454906000012,
              22.803124895000167
            ],
            [
              89.73475230900016,
              22.803046189000042
            ],
            [
              89.73501505300004,
              22.802904345
            ],
            [
              89.73524379500014,
              22.802710505000164
            ],
            [
              89.73545569000015,
              22.802568576000056
            ],
            [
              89.7356675490002,
              22.802444716000082
            ],
            [
              89.73581143900003,
              22.802356877000022
            ],
            [
              89.73600617000005,
              22.80227138000015
            ],
            [
              89.73646362800008,
              22.80205307
            ],
            [
              89.7367022270002,
              22.801954595000154
            ],
            [
              89.73693778900014,
              22.80185737400018
            ],
            [
              89.73746305300006,
              22.801686599000163
            ],
            [
              89.73787765700007,
              22.80158339600007
            ],
            [
              89.73824166500003,
              22.801507208000146
            ],
            [
              89.73857183700017,
              22.80145129000016
            ],
            [
              89.73882583900019,
              22.801420089000146
            ],
            [
              89.73903754400004,
              22.80137526699997
            ],
            [
              89.73949445400018,
              22.801281163
            ],
            [
              89.73998878900017,
              22.80120156900017
            ],
            [
              89.74047638500019,
              22.801140483000097
            ],
            [
              89.74095882200004,
              22.80107125800015
            ],
            [
              89.74128900300008,
              22.801008559000024
            ],
            [
              89.74150075400013,
              22.800938892000033
            ],
            [
              89.7417548730001,
              22.800844451000103
            ],
            [
              89.74205959100004,
              22.800720731000183
            ],
            [
              89.74238995100006,
              22.80056317700013
            ],
            [
              89.74270319400011,
              22.80043947000007
            ],
            [
              89.74288969800011,
              22.800353949000055
            ],
            [
              89.74297417600013,
              22.800281819000077
            ],
            [
              89.74301677900002,
              22.800132834000124
            ],
            [
              89.74303418000017,
              22.799945414000092
            ],
            [
              89.74307251100004,
              22.799800938000033
            ],
            [
              89.7431109330002,
              22.799609036000106
            ],
            [
              89.74316635300016,
              22.79944426200018
            ],
            [
              89.74320893000004,
              22.799308825000082
            ],
            [
              89.74325571800017,
              22.799200497000186
            ],
            [
              89.7433192360001,
              22.799101231000122
            ],
            [
              89.7434040940002,
              22.79898844500019
            ],
            [
              89.7434846540001,
              22.798893722000116
            ],
            [
              89.74363723600015,
              22.798711036999975
            ],
            [
              89.74373916100012,
              22.7985892480001
            ],
            [
              89.7437816220002,
              22.79851478600017
            ],
            [
              89.74384514000008,
              22.798415521000038
            ],
            [
              89.74385804299999,
              22.798354568000093
            ],
            [
              89.74387073200006,
              22.798243924000133
            ],
            [
              89.74393889000004,
              22.798106272000155
            ],
            [
              89.74406200400011,
              22.79788740200013
            ],
            [
              89.74410879800007,
              22.797774556000036
            ],
            [
              89.7441638030001,
              22.797668502000136
            ],
            [
              89.74419789600017,
              22.797510469000144
            ],
            [
              89.7442829110002,
              22.797311864000108
            ],
            [
              89.74434260900011,
              22.797138064000137
            ],
            [
              89.74436109800018,
              22.79709305700004
            ],
            [
              89.74440194600015,
              22.79699362000008
            ],
            [
              89.74447014300006,
              22.796833383000035
            ],
            [
              89.74449559200008,
              22.796738570000116
            ],
            [
              89.74452105900014,
              22.79663246500013
            ],
            [
              89.74454254400007,
              22.796542167000098
            ],
            [
              89.74455944700014,
              22.796456373000126
            ],
            [
              89.74461042600018,
              22.796386443000017
            ],
            [
              89.74506397100015,
              22.795962589000112
            ],
            [
              89.74530119100007,
              22.7957800370001
            ],
            [
              89.7453901930001,
              22.795728237000105
            ],
            [
              89.74547067100002,
              22.795676420000177
            ],
            [
              89.74554260600001,
              22.795633627000086
            ],
            [
              89.74563586800014,
              22.795584092000183
            ],
            [
              89.74576720000016,
              22.79552784300006
            ],
            [
              89.74592380800016,
              22.795469373000174
            ],
            [
              89.74614374700013,
              22.795411004000073
            ],
            [
              89.74633441800017,
              22.79537291500003
            ],
            [
              89.74670265100019,
              22.79530574500012
            ],
            [
              89.74694385800018,
              22.795272256000146
            ],
            [
              89.74712562100018,
              22.79527480000013
            ],
            [
              89.74737529600014,
              22.795272936000174
            ],
            [
              89.74764602800019,
              22.795241746999977
            ],
            [
              89.7478748330002,
              22.79516306400012
            ],
            [
              89.74813294400013,
              22.795041521000144
            ],
            [
              89.7484803800001,
              22.794859137000117
            ],
            [
              89.74874288400014,
              22.79466532800018
            ],
            [
              89.74900996500014,
              22.79446701000012
            ],
            [
              89.74916235900014,
              22.794381429000055
            ],
            [
              89.74934428000017,
              22.794298155000092
            ],
            [
              89.74953078300007,
              22.79420811199998
            ],
            [
              89.74979729900008,
              22.794149813000047
            ],
            [
              89.75000985700007,
              22.794111747000102
            ],
            [
              89.75005983900013,
              22.794102796000175
            ],
            [
              89.75037289300013,
              22.794071670000108
            ],
            [
              89.7506521030001,
              22.794065328999977
            ],
            [
              89.75092281800005,
              22.79404316800003
            ],
            [
              89.7512699450001,
              22.794027901000106
            ],
            [
              89.75155769800017,
              22.794012544000168
            ],
            [
              89.75181984500011,
              22.794012951000127
            ],
            [
              89.75205669500014,
              22.794029125
            ],
            [
              89.75225145800005,
              22.794083631000092
            ],
            [
              89.75242028300005,
              22.794169713000088
            ],
            [
              89.75266530500005,
              22.794382382000038
            ],
            [
              89.75285110400006,
              22.794680779000146
            ],
            [
              89.75312077500007,
              22.795239025000114
            ],
            [
              89.75331475400009,
              22.795560017000014
            ],
            [
              89.75336536300006,
              22.795693342000163
            ],
            [
              89.75336499600013,
              22.795896597000024
            ],
            [
              89.75333919000013,
              22.796194668000055
            ],
            [
              89.75333877800011,
              22.79642276499999
            ],
            [
              89.75334671400003,
              22.796580866000056
            ],
            [
              89.75336298200017,
              22.79667800200008
            ],
            [
              89.75333808700015,
              22.796806694000054
            ],
            [
              89.75332004700005,
              22.79684957500018
            ],
            [
              89.75317662900011,
              22.797192633000122
            ],
            [
              89.75306600200008,
              22.79741830000006
            ],
            [
              89.75294721800003,
              22.79760782200009
            ],
            [
              89.75292152300011,
              22.79784265600017
            ],
            [
              89.75289529600019,
              22.798203963000105
            ],
            [
              89.75278358500009,
              22.799199741999985
            ],
            [
              89.75274917800016,
              22.799536191000072
            ],
            [
              89.75267254900012,
              22.79981837400004
            ],
            [
              89.75243497900004,
              22.80019515700002
            ],
            [
              89.75207021500006,
              22.800695958000176
            ],
            [
              89.75184084800014,
              22.801081787000044
            ],
            [
              89.75177303900011,
              22.801199120000035
            ],
            [
              89.75147614600019,
              22.801544192
            ],
            [
              89.75121361600014,
              22.801747038000087
            ],
            [
              89.75109491500018,
              22.801886874000104
            ],
            [
              89.75105243200011,
              22.801974886000096
            ],
            [
              89.75102664200011,
              22.802092282000046
            ],
            [
              89.75100965300004,
              22.80222550300016
            ],
            [
              89.75088223800009,
              22.802469211000073
            ],
            [
              89.75083978600009,
              22.802539154999977
            ],
            [
              89.75083106200009,
              22.802647546000173
            ],
            [
              89.75082227900015,
              22.80278981100014
            ],
            [
              89.75076290700002,
              22.802954581000108
            ],
            [
              89.75069497000004,
              22.803141922000066
            ],
            [
              89.75054169300006,
              22.803541421000148
            ],
            [
              89.75048226500007,
              22.803737808000164
            ],
            [
              89.75038021800009,
              22.80392735300012
            ],
            [
              89.75011723600016,
              22.804374104000033
            ],
            [
              89.7498286890002,
              22.804811784000037
            ],
            [
              89.74974350800017,
              22.805102986000122
            ],
            [
              89.74970087200018,
              22.805274554000107
            ],
            [
              89.74969199700007,
              22.80546424700009
            ],
            [
              89.74969168400014,
              22.805635885000072
            ],
            [
              89.74972502500015,
              22.805886620000138
            ],
            [
              89.74980098100002,
              22.806146455000032
            ],
            [
              89.74992695100013,
              22.806530581
            ],
            [
              89.74997959000018,
              22.806777975000045
            ],
            [
              89.75001926900018,
              22.807000473000187
            ],
            [
              89.750035878,
              22.8072444070001
            ],
            [
              89.7500606480001,
              22.807519970999977
            ],
            [
              89.75006847300017,
              22.807903913000132
            ],
            [
              89.75005109300014,
              22.808084556999972
            ],
            [
              89.75002537300014,
              22.80832842300009
            ],
            [
              89.74999970100015,
              22.80854744700008
            ],
            [
              89.7498379170001,
              22.808931123000036
            ],
            [
              89.74977839900015,
              22.809174935000158
            ],
            [
              89.74972677200003,
              22.809369039000046
            ],
            [
              89.74981181500004,
              22.809385020000036
            ],
            [
              89.74999817200012,
              22.809385311000142
            ],
            [
              89.75026040200015,
              22.809356365000042
            ],
            [
              89.75053125000017,
              22.80927774100013
            ],
            [
              89.75080240400001,
              22.809199124000088
            ],
            [
              89.75125113900015,
              22.80908916300018
            ],
            [
              89.75160665000016,
              22.80900389900006
            ],
            [
              89.75178430000011,
              22.80893416400005
            ],
            [
              89.75218255700008,
              22.80878572900008
            ],
            [
              89.75237726200015,
              22.808716022000112
            ],
            [
              89.7529274630001,
              22.808567818000085
            ],
            [
              89.75337622199999,
              22.808442044000174
            ],
            [
              89.7537318140001,
              22.808309349000126
            ],
            [
              89.75400297600015,
              22.808223948999967
            ],
            [
              89.7540518470002,
              22.80821112400008
            ],
            [
              89.7548072400001,
              22.8080129
            ],
            [
              89.7553997340001,
              22.807880562000094
            ],
            [
              89.75567913000015,
              22.807786138000097
            ],
            [
              89.75598413000012,
              22.8076782010001
            ],
            [
              89.75636499300009,
              22.80754553900016
            ],
            [
              89.75691551400013,
              22.80738151500009
            ],
            [
              89.75745417500019,
              22.807210697000187
            ],
            [
              89.75757191700012,
              22.807438975000025
            ],
            [
              89.75776523200005,
              22.807981287000132
            ],
            [
              89.75776446300011,
              22.80841489800008
            ],
            [
              89.75776440400017,
              22.808448773000123
            ],
            [
              89.75753032400019,
              22.808918165000023
            ],
            [
              89.75663399899997,
              22.810213122000164
            ],
            [
              89.7565943800002,
              22.810574405000125
            ],
            [
              89.75663252600015,
              22.811041955000064
            ],
            [
              89.75694259700015,
              22.811512173000096
            ],
            [
              89.75705858800006,
              22.81187143500017
            ],
            [
              89.75705781900007,
              22.81230504800004
            ],
            [
              89.75682373200016,
              22.812772179000092
            ],
            [
              89.75651211900004,
              22.813169181000035
            ],
            [
              89.75645510700014,
              22.813379126000086
            ],
            [
              89.75643365100012,
              22.8134581380001
            ],
            [
              89.75643301300005,
              22.813817222000125
            ],
            [
              89.75658797600016,
              22.814178803000118
            ],
            [
              89.7570156270001,
              22.814287859000046
            ],
            [
              89.75740425400005,
              22.81425231600008
            ],
            [
              89.75783267300005,
              22.8139277570001
            ],
            [
              89.7581445350001,
              22.81338847300009
            ],
            [
              89.75833943800012,
              22.813208097000086
            ],
            [
              89.75861130200008,
              22.81324464400018
            ],
            [
              89.75892226200006,
              22.813389648999987
            ],
            [
              89.75919134100019,
              22.815011591000086
            ],
            [
              89.76035731700006,
              22.815372433000107
            ],
            [
              89.7607453660001,
              22.81584276300009
            ],
            [
              89.7608999810002,
              22.816238213000133
            ],
            [
              89.76159944200003,
              22.81660060700011
            ],
            [
              89.76191017000019,
              22.81670947500004
            ],
            [
              89.76260977100009,
              22.816818922000152
            ],
            [
              89.763111445,
              22.8183305390001
            ],
            [
              89.76396794300018,
              22.818406336000066
            ],
            [
              89.76431784099998,
              22.818406854000102
            ],
            [
              89.76455509300007,
              22.818391395000162
            ],
            [
              89.76467693000012,
              22.818375765999974
            ],
            [
              89.76468053000008,
              22.81840738800014
            ],
            [
              89.76476573100013,
              22.81915504500006
            ],
            [
              89.76476470600011,
              22.819751265000036
            ],
            [
              89.764977219,
              22.820844641000065
            ],
            [
              89.76508257400013,
              22.821739123000043
            ],
            [
              89.76508053200013,
              22.822929295999984
            ],
            [
              89.76550812600016,
              22.823625513000138
            ],
            [
              89.7674364510001,
              22.823628339000038
            ],
            [
              89.76904399000017,
              22.823332568000126
            ],
            [
              89.76947264000012,
              22.82323381800012
            ],
            [
              89.7700280570001,
              22.82272196499997
            ],
            [
              89.77011651100014,
              22.822640790000094
            ],
            [
              89.7707597430001,
              22.822244238000167
            ],
            [
              89.77215317600019,
              22.821948127999974
            ],
            [
              89.77322468500012,
              22.821850286000085
            ],
            [
              89.77472483400015,
              22.82165367500005
            ],
            [
              89.77558129900007,
              22.82195299300014
            ],
            [
              89.77611697100014,
              22.82195374700018
            ],
            [
              89.77633055000013,
              22.822450894000042
            ],
            [
              89.77649723400009,
              22.822760529000163
            ],
            [
              89.77675773600015,
              22.823244192000118
            ],
            [
              89.77739982100007,
              22.823543198000152
            ],
            [
              89.77772060700016,
              22.824040496000123
            ],
            [
              89.77804092700018,
              22.824637156999984
            ],
            [
              89.77814619200012,
              22.825829740000188
            ],
            [
              89.77835946400018,
              22.826525623000123
            ],
            [
              89.77877668600001,
              22.826526205000164
            ],
            [
              89.77889515400005,
              22.82652636800009
            ],
            [
              89.77985997600013,
              22.826130225999975
            ],
            [
              89.78050383200014,
              22.825336158000027
            ],
            [
              89.78125487099999,
              22.82474097100004
            ],
            [
              89.782648317,
              22.824246031000143
            ],
            [
              89.78393438800009,
              22.824049041000023
            ],
            [
              89.78564863700012,
              22.82385261600018
            ],
            [
              89.78725645300011,
              22.823357924000106
            ],
            [
              89.7888636400001,
              22.823260692000076
            ],
            [
              89.78972075600012,
              22.82336119400003
            ],
            [
              89.79054213100017,
              22.82345753400017
            ],
            [
              89.79057756900005,
              22.82346169000016
            ],
            [
              89.79132688600015,
              22.823760784000058
            ],
            [
              89.79271908400005,
              22.82425945400007
            ],
            [
              89.79357560900013,
              22.82455867100009
            ],
            [
              89.79443257899999,
              22.824559780000072
            ],
            [
              89.79496840900009,
              22.824461100000065
            ],
            [
              89.7955046890001,
              22.82406431100003
            ],
            [
              89.79593392200013,
              22.823766751999983
            ],
            [
              89.79689897200006,
              22.82317176800018
            ],
            [
              89.79743508700011,
              22.82287659800005
            ],
            [
              89.79807765300018,
              22.82287741500005
            ],
            [
              89.7988277280001,
              22.822878365000122
            ],
            [
              89.79979188500005,
              22.822879574000126
            ],
            [
              89.80097029600012,
              22.82297816400012
            ],
            [
              89.80247013300016,
              22.822980031000043
            ],
            [
              89.80439845000006,
              22.822982408000144
            ],
            [
              89.80557672200007,
              22.82318259100009
            ],
            [
              89.80619447100008,
              22.823040128000116
            ],
            [
              89.80643396900018,
              22.82298489600015
            ],
            [
              89.80772096900012,
              22.822094385000128
            ],
            [
              89.81061494300008,
              22.821004780000123
            ],
            [
              89.81311111400015,
              22.81994715500008
            ],
            [
              89.81318758900017,
              22.81991475200016
            ],
            [
              89.81412154300017,
              22.81956950800003
            ],
            [
              89.81479539600002,
              22.819320409000113
            ],
            [
              89.81575966500014,
              22.819222156000023
            ],
            [
              89.81640225600012,
              22.81942163800005
            ],
            [
              89.81683615100008,
              22.81942213600007
            ],
            [
              89.81704511400005,
              22.819422374999988
            ],
            [
              89.81757967900012,
              22.820019210000112
            ],
            [
              89.81824989800003,
              22.82099858700002
            ],
            [
              89.81832828500006,
              22.821113133000097
            ],
            [
              89.81929203900006,
              22.821412339000176
            ],
            [
              89.81982126200006,
              22.82131492200017
            ],
            [
              89.81986696600012,
              22.821435573000144
            ],
            [
              89.81988689200017,
              22.82156658400004
            ],
            [
              89.81989678500014,
              22.821686291000105
            ],
            [
              89.81992651900015,
              22.82176988300006
            ],
            [
              89.8199766080001,
              22.821891894000146
            ],
            [
              89.82004646800004,
              22.822029737000094
            ],
            [
              89.8201162520001,
              22.822226294000075
            ],
            [
              89.82018602900013,
              22.822429631000148
            ],
            [
              89.82022603200016,
              22.82257873100002
            ],
            [
              89.82027568300009,
              22.822802369000044
            ],
            [
              89.82029558900012,
              22.82294918700012
            ],
            [
              89.82031522400007,
              22.823071163000122
            ],
            [
              89.8203251400002,
              22.823172802000045
            ],
            [
              89.82032494400016,
              22.823321857000053
            ],
            [
              89.82032472400016,
              22.823488978000114
            ],
            [
              89.82032457000014,
              22.823608675000173
            ],
            [
              89.82027424700016,
              22.823895435999987
            ],
            [
              89.82019368900006,
              22.824249914
            ],
            [
              89.82019356700005,
              22.824342509000132
            ],
            [
              89.82021355600017,
              22.82442609000003
            ],
            [
              89.82028355200009,
              22.82446230500011
            ],
            [
              89.82035351200005,
              22.824527877000037
            ],
            [
              89.82043354100017,
              22.82457539500001
            ],
            [
              89.82052360400007,
              22.82463873200004
            ],
            [
              89.82061366000005,
              22.82470432600013
            ],
            [
              89.82066356000013,
              22.824740516000134
            ],
            [
              89.82070366000005,
              22.824815090000072
            ],
            [
              89.82080363400013,
              22.824982323000143
            ],
            [
              89.82088357100008,
              22.825104366
            ],
            [
              89.8210034390001,
              22.825197096000068
            ],
            [
              89.8211434690001,
              22.825242421000155
            ],
            [
              89.8212037040002,
              22.825289916000088
            ],
            [
              89.82140368000006,
              22.825373702000093
            ],
            [
              89.82163385000007,
              22.825421385000027
            ],
            [
              89.82178429300018,
              22.825421552000137
            ],
            [
              89.82186437700005,
              22.8254306770001
            ],
            [
              89.82198432100006,
              22.825466945000073
            ],
            [
              89.82202449500016,
              22.82548505700015
            ],
            [
              89.8221245790001,
              22.825568731000146
            ],
            [
              89.8222846380001,
              22.825670536000132
            ],
            [
              89.82243464300018,
              22.82577458800006
            ],
            [
              89.82268486600003,
              22.82585843000004
            ],
            [
              89.8228048090001,
              22.82589470000005
            ],
            [
              89.8228747920001,
              22.82594220200008
            ],
            [
              89.82294507400007,
              22.82599648300004
            ],
            [
              89.82302508300018,
              22.826062065000144
            ],
            [
              89.82308496900015,
              22.82614569200001
            ],
            [
              89.82321474600013,
              22.826349092000157
            ],
            [
              89.82338457999998,
              22.826665457000104
            ],
            [
              89.82350477600016,
              22.8267401170001
            ],
            [
              89.82361498700016,
              22.826767342000096
            ],
            [
              89.82377514100006,
              22.82679687600006
            ],
            [
              89.82390516900017,
              22.826806057000056
            ],
            [
              89.82414535600009,
              22.826880844000073
            ],
            [
              89.82436554500009,
              22.82688108900004
            ],
            [
              89.82451599900008,
              22.82687222300018
            ],
            [
              89.82458608200011,
              22.826842941000052
            ],
            [
              89.82465618700013,
              22.826797850000162
            ],
            [
              89.82472629300008,
              22.826750500000173
            ],
            [
              89.82480648400008,
              22.826676061000114
            ],
            [
              89.82489674800007,
              22.826583565000078
            ],
            [
              89.82496688700007,
              22.826509116000068
            ],
            [
              89.8250570670001,
              22.826482115000033
            ],
            [
              89.82518741300004,
              22.82648225800017
            ],
            [
              89.82525742000007,
              22.826509434000116
            ],
            [
              89.8253274400002,
              22.826529837000123
            ],
            [
              89.8253974390002,
              22.82656604800019
            ],
            [
              89.82544735100004,
              22.826593202000083
            ],
            [
              89.82555757,
              22.826613650000183
            ],
            [
              89.82575796000009,
              22.826613867000106
            ],
            [
              89.82598819500004,
              22.82661411900017
            ],
            [
              89.82615843500008,
              22.826614308000046
            ],
            [
              89.82637862000013,
              22.82661454700019
            ],
            [
              89.82651871000013,
              22.826614699
            ],
            [
              89.82660883200015,
              22.82663286500008
            ],
            [
              89.82672905800013,
              22.826687200000038
            ],
            [
              89.82678900700006,
              22.826725655000132
            ],
            [
              89.8268489300001,
              22.826782181
            ],
            [
              89.82689912300009,
              22.826827401
            ],
            [
              89.82692886000018,
              22.826910993000183
            ],
            [
              89.82693877000008,
              22.82702166900009
            ],
            [
              89.82693862900015,
              22.827134589000025
            ],
            [
              89.82695860000013,
              22.827236238000182
            ],
            [
              89.82699874200006,
              22.82728145100009
            ],
            [
              89.82706871700009,
              22.827337983000177
            ],
            [
              89.82715883999998,
              22.827356150000185
            ],
            [
              89.82724897400016,
              22.827365284000052
            ],
            [
              89.82732907000008,
              22.827365370000052
            ],
            [
              89.827449,
              22.827412925000147
            ],
            [
              89.82754918500007,
              22.827422069000022
            ],
            [
              89.82768923000003,
              22.827460612000095
            ],
            [
              89.8278095010001,
              22.827478812000038
            ],
            [
              89.82790969600012,
              22.827478918
            ],
            [
              89.82799983400014,
              22.82748804900018
            ],
            [
              89.82805982800011,
              22.827488113000186
            ],
            [
              89.82809970000005,
              22.827506225000036
            ],
            [
              89.82812983800005,
              22.827515291999987
            ],
            [
              89.82812979100015,
              22.827553683000076
            ],
            [
              89.82813980700007,
              22.827580795000188
            ],
            [
              89.82813971400014,
              22.827655322000055
            ],
            [
              89.82809933600004,
              22.827795299000172
            ],
            [
              89.8280593020001,
              22.827905917000066
            ],
            [
              89.82805919700013,
              22.827989477000074
            ],
            [
              89.82806913000019,
              22.828082084000187
            ],
            [
              89.82811900700011,
              22.828138598000066
            ],
            [
              89.82814914300013,
              22.828147662000106
            ],
            [
              89.82820914100012,
              22.82814772800009
            ],
            [
              89.82828923500017,
              22.828147815000023
            ],
            [
              89.82843934400006,
              22.828175078000072
            ],
            [
              89.82854959100007,
              22.828175197000178
            ],
            [
              89.82861962500016,
              22.828184305000036
            ],
            [
              89.82863964300003,
              22.828249820000053
            ],
            [
              89.82865968700008,
              22.828295010000033
            ],
            [
              89.82871944900006,
              22.828482521000183
            ],
            [
              89.8287393870001,
              22.82861127400008
            ],
            [
              89.82875899600003,
              22.82876034700007
            ],
            [
              89.82875878700014,
              22.828927470000167
            ],
            [
              89.82877877300018,
              22.829020086000185
            ],
            [
              89.82878874000005,
              22.829085588999988
            ],
            [
              89.82882856800012,
              22.82913983400016
            ],
            [
              89.82888881000014,
              22.829187327000056
            ],
            [
              89.82898891400009,
              22.829261961000043
            ],
            [
              89.82905895,
              22.82927106900007
            ],
            [
              89.82910886000008,
              22.82929822400007
            ],
            [
              89.82914893400016,
              22.829402150000192
            ],
            [
              89.82918880699998,
              22.829420262000042
            ],
            [
              89.82926889300006,
              22.829429383000047
            ],
            [
              89.82946930800006,
              22.829411530000073
            ],
            [
              89.82955945400005,
              22.829411627000127
            ],
            [
              89.82964960000004,
              22.829411721000156
            ],
            [
              89.82964954600004,
              22.82945688899997
            ],
            [
              89.8296494650001,
              22.829522383999972
            ],
            [
              89.82962922500019,
              22.82963302500019
            ],
            [
              89.82960901900015,
              22.829716565000183
            ],
            [
              89.82959884500019,
              22.82981818000013
            ],
            [
              89.82959871600008,
              22.829922066
            ],
            [
              89.82962877200009,
              22.82999662600014
            ],
            [
              89.82965855100014,
              22.83005086000003
            ],
            [
              89.82970871000015,
              22.830125439000085
            ],
            [
              89.82975857500008,
              22.830190990000062
            ],
            [
              89.8297785950001,
              22.830256504000147
            ],
            [
              89.82986860400001,
              22.830367262000095
            ],
            [
              89.82998853900011,
              22.830414816000086
            ],
            [
              89.83029885900004,
              22.830674862000137
            ],
            [
              89.83051896200004,
              22.830747368000118
            ],
            [
              89.83060908600004,
              22.830767788000173
            ],
            [
              89.83065327700001,
              22.830767835000074
            ],
            [
              89.83075923100012,
              22.83076794900012
            ],
            [
              89.83086947800007,
              22.83076806100013
            ],
            [
              89.83105951800013,
              22.830768266000064
            ],
            [
              89.83123986300006,
              22.830730065000182
            ],
            [
              89.83137024300004,
              22.830703101999973
            ],
            [
              89.8314604270002,
              22.830676096000047
            ],
            [
              89.83157045200016,
              22.83061071900005
            ],
            [
              89.83168079100011,
              22.830536309000138
            ],
            [
              89.83180118000007,
              22.83046190700003
            ],
            [
              89.83189112500014,
              22.830378442000097
            ],
            [
              89.83202163200019,
              22.830249850000143
            ],
            [
              89.83224208600012,
              22.830035535000093
            ],
            [
              89.83234104000013,
              22.82993288
            ],
            [
              89.83266890099998,
              22.829674640000178
            ],
            [
              89.8331250710001,
              22.829212144000053
            ],
            [
              89.83326202700005,
              22.82878996600016
            ],
            [
              89.83339912800011,
              22.82849425900008
            ],
            [
              89.83376367300019,
              22.82849464000003
            ],
            [
              89.83417343900015,
              22.82862153500014
            ],
            [
              89.83462858900015,
              22.828748482000094
            ],
            [
              89.83490187000012,
              22.828918144000113
            ],
            [
              89.83508409500018,
              22.828832515000045
            ],
            [
              89.83535793100009,
              22.828539207000063
            ],
            [
              89.83576795800019,
              22.828453808000063
            ],
            [
              89.8358344900002,
              22.82845387700013
            ],
            [
              89.83599576,
              22.82845404500017
            ],
            [
              89.83626893800005,
              22.828454324000063
            ],
            [
              89.83658774800017,
              22.82849756300004
            ],
            [
              89.8366786570001,
              22.828624125000033
            ],
            [
              89.83667852500014,
              22.828734969000095
            ],
            [
              89.83667840700008,
              22.82883415700013
            ],
            [
              89.83667805400017,
              22.829130007000117
            ],
            [
              89.8366322220001,
              22.82951162900008
            ],
            [
              89.83644944500014,
              22.829805035
            ],
            [
              89.83635807900009,
              22.83006013900018
            ],
            [
              89.83631229899999,
              22.830396596000014
            ],
            [
              89.83631194300017,
              22.83069244799998
            ],
            [
              89.83644813100005,
              22.83090487700008
            ],
            [
              89.83681248099998,
              22.831072372000165
            ],
            [
              89.83726809600012,
              22.831072839000115
            ],
            [
              89.83763238800009,
              22.83103256000004
            ],
            [
              89.83845265000008,
              22.83069463200019
            ],
            [
              89.83909068200012,
              22.830442336999965
            ],
            [
              89.83936426600019,
              22.830359051000016
            ],
            [
              89.83972851300007,
              22.830359419000047
            ],
            [
              89.83995627200017,
              22.830400298000143
            ],
            [
              89.84009261900013,
              22.830739198000117
            ],
            [
              89.84009192500008,
              22.831330898000033
            ],
            [
              89.84009133500007,
              22.831836781000106
            ],
            [
              89.84022749200005,
              22.832342797000024
            ],
            [
              89.84045475800019,
              22.83280825700018
            ],
            [
              89.84081822400009,
              22.8334838830001
            ],
            [
              89.8410912280001,
              22.833906477000085
            ],
            [
              89.84140976000015,
              22.834202646000165
            ],
            [
              89.84145460100007,
              22.834667922000108
            ],
            [
              89.84113538300011,
              22.83496119600005
            ],
            [
              89.84063403300019,
              22.835256544000174
            ],
            [
              89.84036023800019,
              22.83551147100019
            ],
            [
              89.84026858200008,
              22.836017263000144
            ],
            [
              89.8402679420002,
              22.836566052000137
            ],
            [
              89.84029218800003,
              22.83673581400018
            ],
            [
              89.84029782300007,
              22.836775272000068
            ],
            [
              89.84035826700011,
              22.837198495000166
            ],
            [
              89.84058559400017,
              22.83762104400006
            ],
            [
              89.84108661700014,
              22.83787674300015
            ],
            [
              89.84140530800016,
              22.83804418400007
            ],
            [
              89.84140522300004,
              22.838117636000106
            ],
            [
              89.84140506200015,
              22.838256473000115
            ],
            [
              89.84140471800009,
              22.83855232500008
            ],
            [
              89.84099431500016,
              22.838678385000037
            ],
            [
              89.84072087100009,
              22.838888144000066
            ],
            [
              89.84062945900018,
              22.839183902
            ],
            [
              89.84053799600014,
              22.839522568000177
            ],
            [
              89.84026419500015,
              22.839775236000094
            ],
            [
              89.84008176300017,
              22.840027995000128
            ],
            [
              89.84062788400013,
              22.840534424000055
            ],
            [
              89.84148204700017,
              22.841552113000148
            ],
            [
              89.84271471900001,
              22.843020740000043
            ],
            [
              89.84257093200011,
              22.84304318100004
            ],
            [
              89.84236073000017,
              22.843079108000097
            ],
            [
              89.8421103300002,
              22.843108217000122
            ],
            [
              89.84172958400018,
              22.843125908000047
            ],
            [
              89.84139912400019,
              22.843116544000168
            ],
            [
              89.84090837800005,
              22.843170258000157
            ],
            [
              89.84035767100005,
              22.843190032000052
            ],
            [
              89.84009724600008,
              22.843198805000156
            ],
            [
              89.83976673400008,
              22.84323460600018
            ],
            [
              89.83954649900011,
              22.84325245200006
            ],
            [
              89.83931621200014,
              22.843272546000094
            ],
            [
              89.83909566400018,
              22.843299424
            ],
            [
              89.83880533200016,
              22.843355590000044
            ],
            [
              89.838554934,
              22.843382436000127
            ],
            [
              89.83824417300013,
              22.84345664900013
            ],
            [
              89.83804405100011,
              22.843465478999974
            ],
            [
              89.83786368400001,
              22.843510464000076
            ],
            [
              89.83761324000011,
              22.84357570400016
            ],
            [
              89.83743284100018,
              22.843650045000174
            ],
            [
              89.83719241400007,
              22.843742393000184
            ],
            [
              89.83701199299998,
              22.84383480200006
            ],
            [
              89.83683325900012,
              22.84398428300011
            ],
            [
              89.8368016190002,
              22.84401074400006
            ],
            [
              89.83664122000016,
              22.84416866800018
            ],
            [
              89.8366163070001,
              22.84419419600016
            ],
            [
              89.8365509530002,
              22.844261166000024
            ],
            [
              89.83644050300012,
              22.844419141
            ],
            [
              89.8363400410002,
              22.84463358800008
            ],
            [
              89.83622969600003,
              22.84495868500011
            ],
            [
              89.83612907500014,
              22.845301856000162
            ],
            [
              89.8360986580002,
              22.845523148000154
            ],
            [
              89.8360484260001,
              22.84575571000005
            ],
            [
              89.83595785400007,
              22.846098896
            ],
            [
              89.83591772200015,
              22.846293076999984
            ],
            [
              89.83588734400013,
              22.84648049100008
            ],
            [
              89.83585705600007,
              22.846591122000063
            ],
            [
              89.83582705200007,
              22.846719819000157
            ],
            [
              89.83575682700007,
              22.846859770000094
            ],
            [
              89.83565690500012,
              22.847182685000064
            ],
            [
              89.83564605300012,
              22.847286492000023
            ],
            [
              89.83557584300019,
              22.847417407000137
            ],
            [
              89.83547547700005,
              22.847546031000093
            ],
            [
              89.83532503300006,
              22.847778491000156
            ],
            [
              89.83519445600018,
              22.847954509000147
            ],
            [
              89.835034038,
              22.848121467000112
            ],
            [
              89.83486356700007,
              22.84828841000018
            ],
            [
              89.83472327800007,
              22.84843731900014
            ],
            [
              89.8345729460001,
              22.84857492700013
            ],
            [
              89.83441258100004,
              22.848696713000095
            ],
            [
              89.83420739600018,
              22.848850477000042
            ],
            [
              89.83397152200007,
              22.848955969000087
            ],
            [
              89.83373108400002,
              22.84904831200015
            ],
            [
              89.8335205410001,
              22.84910455200003
            ],
            [
              89.83326030400019,
              22.849196873000096
            ],
            [
              89.83305973500018,
              22.849316360000103
            ],
            [
              89.83276934400004,
              22.849408649000054
            ],
            [
              89.8325688170001,
              22.84949199900018
            ],
            [
              89.83225825000005,
              22.849640728000168
            ],
            [
              89.8320476290001,
              22.849760202000084
            ],
            [
              89.831867182,
              22.849863894000123
            ],
            [
              89.83175711000013,
              22.849956373000055
            ],
            [
              89.83161655300017,
              22.85006688700014
            ],
            [
              89.831578407,
              22.85010658500005
            ],
            [
              89.83153634100006,
              22.850150362000022
            ],
            [
              89.8314463120002,
              22.850290286000075
            ],
            [
              89.83134998800006,
              22.850427834000072
            ],
            [
              89.83125559800004,
              22.8505678680001
            ],
            [
              89.83119539600006,
              22.850725893000117
            ],
            [
              89.83114500200014,
              22.850836499000025
            ],
            [
              89.83104457100006,
              22.85101255000012
            ],
            [
              89.83099446500017,
              22.85113444900003
            ],
            [
              89.83096408400007,
              22.85131960500007
            ],
            [
              89.83078369800006,
              22.85161526400009
            ],
            [
              89.83063290000001,
              22.851877075000175
            ],
            [
              89.83058285600015,
              22.851949294
            ],
            [
              89.83052274800013,
              22.852032789000077
            ],
            [
              89.83041818400005,
              22.852155598000024
            ],
            [
              89.830371985,
              22.852265242000044
            ],
            [
              89.83037177800009,
              22.85243236700012
            ],
            [
              89.83033171300008,
              22.852563308000185
            ],
            [
              89.83026152800005,
              22.852664861000164
            ],
            [
              89.83017123000019,
              22.852775429000076
            ],
            [
              89.83007085200006,
              22.852906308000172
            ],
            [
              89.83004672800018,
              22.852953707000097
            ],
            [
              89.82992321500018,
              22.853097759000093
            ],
            [
              89.82982618100016,
              22.853210931000035
            ],
            [
              89.8295934890001,
              22.853434260000142
            ],
            [
              89.82935894800016,
              22.85367566000002
            ],
            [
              89.829238513,
              22.853768123000123
            ],
            [
              89.82912541000019,
              22.853842527000097
            ],
            [
              89.82903823900017,
              22.853887605000068
            ],
            [
              89.82884781300004,
              22.85392579000012
            ],
            [
              89.82871743000015,
              22.85393468500007
            ],
            [
              89.82843718400005,
              22.853943417000096
            ],
            [
              89.82819261000009,
              22.853922827000133
            ],
            [
              89.82791642500007,
              22.853850262000094
            ],
            [
              89.82726588400016,
              22.85353338100009
            ],
            [
              89.82658527100006,
              22.853153229000043
            ],
            [
              89.82628639300003,
              22.85301359300007
            ],
            [
              89.82612498300017,
              22.852938182000116
            ],
            [
              89.8257645920001,
              22.85273453200017
            ],
            [
              89.82558439600012,
              22.85263270500019
            ],
            [
              89.82546442200015,
              22.852603214000112
            ],
            [
              89.82531431300004,
              22.85255788300003
            ],
            [
              89.82524399700009,
              22.852519412000106
            ],
            [
              89.82512398600005,
              22.852519282000117
            ],
            [
              89.82501369700003,
              22.852537227000084
            ],
            [
              89.82490366299999,
              22.852593566000053
            ],
            [
              89.82480338700009,
              22.852640883000106
            ],
            [
              89.82471314400016,
              22.85270401500003
            ],
            [
              89.82461281100012,
              22.852796501000057
            ],
            [
              89.82451241600006,
              22.852936408000176
            ],
            [
              89.82443214900007,
              22.853058278000105
            ],
            [
              89.82436295900004,
              22.85317061799998
            ],
            [
              89.82434180000013,
              22.85320497300006
            ],
            [
              89.82432174899998,
              22.853401430000076
            ],
            [
              89.8242412670001,
              22.85368815700008
            ],
            [
              89.82413051000009,
              22.854069706000132
            ],
            [
              89.82395885100016,
              22.85514451299997
            ],
            [
              89.82393860200017,
              22.85525740999998
            ],
            [
              89.82387837000016,
              22.85543349599999
            ],
            [
              89.8238379460002,
              22.85560057300006
            ],
            [
              89.82382778500016,
              22.855684119000045
            ],
            [
              89.8238079250001,
              22.855729267000072
            ],
            [
              89.82379772400009,
              22.855803933000175
            ],
            [
              89.82378769300004,
              22.855830873000116
            ],
            [
              89.8237574640001,
              22.855887298000084
            ],
            [
              89.8237175110001,
              22.85592564800004
            ],
            [
              89.82366722600011,
              22.855943658000115
            ],
            [
              89.82358711300014,
              22.85594357000008
            ],
            [
              89.82332697600003,
              22.85594328300016
            ],
            [
              89.82287625100014,
              22.85586825500019
            ],
            [
              89.82271602800012,
              22.85586807500016
            ],
            [
              89.82252565900006,
              22.85585883100009
            ],
            [
              89.82233555800008,
              22.8558766860001
            ],
            [
              89.8221150220001,
              22.85587644000003
            ],
            [
              89.82191489500019,
              22.855876216000013
            ],
            [
              89.82177447999999,
              22.855867023000087
            ],
            [
              89.82160422800013,
              22.855848766000065
            ],
            [
              89.82140410099998,
              22.85584854300015
            ],
            [
              89.82118356300003,
              22.855848294000054
            ],
            [
              89.82104343300017,
              22.855857170000036
            ],
            [
              89.8207829910001,
              22.85585687700012
            ],
            [
              89.82060266200006,
              22.855856674
            ],
            [
              89.82043268900009,
              22.855856483000082
            ],
            [
              89.82031539700017,
              22.85586990100012
            ],
            [
              89.82026783700013,
              22.85636669500002
            ],
            [
              89.82022180900003,
              22.856619583000167
            ],
            [
              89.82013045400004,
              22.856831768000063
            ],
            [
              89.81999365400009,
              22.857084553000107
            ],
            [
              89.81981091100016,
              22.85729663500007
            ],
            [
              89.8195827830001,
              22.85750640800012
            ],
            [
              89.81944609400011,
              22.85767563400009
            ],
            [
              89.81924642500019,
              22.85793421800014
            ],
            [
              89.81921785300011,
              22.85797122100007
            ],
            [
              89.81917171700002,
              22.858307671000034
            ],
            [
              89.81903479900006,
              22.85864627700016
            ],
            [
              89.8189431360002,
              22.858856202000027
            ],
            [
              89.81880622000006,
              22.859194806000176
            ],
            [
              89.81862341800007,
              22.859447538000097
            ],
            [
              89.81844080900015,
              22.859786087000145
            ],
            [
              89.81816717300006,
              22.86008162400003
            ],
            [
              89.81729445400003,
              22.861144343000092
            ],
            [
              89.81711747800017,
              22.861430940000105
            ],
            [
              89.81698025300005,
              22.86176728300012
            ],
            [
              89.81693438600013,
              22.861895958000048
            ],
            [
              89.81693404900017,
              22.862148899999966
            ],
            [
              89.81693367300011,
              22.862428940000086
            ],
            [
              89.81628854000013,
              22.863516742
            ],
            [
              89.81572448800017,
              22.864559466000117
            ],
            [
              89.81524098400013,
              22.865502916000025
            ],
            [
              89.81462391500014,
              22.866319734000115
            ],
            [
              89.81443585300008,
              22.866617625000174
            ],
            [
              89.81422139300008,
              22.86661737100013
            ],
            [
              89.81392681200015,
              22.86661702900011
            ],
            [
              89.81349840000019,
              22.866467474000103
            ],
            [
              89.81325746900006,
              22.866218766000088
            ],
            [
              89.81274862900005,
              22.866071373000068
            ],
            [
              89.81229347900006,
              22.865872099000114
            ],
            [
              89.81151697700011,
              22.865647601000035
            ],
            [
              89.81079354700012,
              22.865597056000183
            ],
            [
              89.81033816000019,
              22.865571673000147
            ],
            [
              89.80998986500009,
              22.865645782000115
            ],
            [
              89.80985558400005,
              22.865819518000137
            ],
            [
              89.80953344600005,
              22.86614208200018
            ],
            [
              89.80942617600004,
              22.866388120000067
            ],
            [
              89.80905007000001,
              22.86695904300018
            ],
            [
              89.80872819400003,
              22.867306447000146
            ],
            [
              89.80835256200004,
              22.867753155000173
            ],
            [
              89.80800367600011,
              22.868026000999976
            ],
            [
              89.8076551260001,
              22.86827400599998
            ],
            [
              89.80714583400004,
              22.868447283000023
            ],
            [
              89.80682423300016,
              22.86859594599997
            ],
            [
              89.80668984100004,
              22.868844207
            ],
            [
              89.80658229200014,
              22.869067656000084
            ],
            [
              89.8064744940001,
              22.869465003000016
            ],
            [
              89.80639391600016,
              22.869787853000105
            ],
            [
              89.80633974100004,
              22.870183005000115
            ],
            [
              89.80633924800009,
              22.87053079700013
            ],
            [
              89.80633882500013,
              22.870828903000074
            ],
            [
              89.80633840400003,
              22.871127010000123
            ],
            [
              89.80644491000015,
              22.87142524800015
            ],
            [
              89.80663193600014,
              22.871872637000138
            ],
            [
              89.80684570300014,
              22.872369743000036
            ],
            [
              89.80705930900007,
              22.87276747700008
            ],
            [
              89.80740694800016,
              22.8733889560001
            ],
            [
              89.80786152700017,
              22.874008303000096
            ],
            [
              89.80791476000007,
              22.874281633000123
            ],
            [
              89.8079144830001,
              22.874480369000025
            ],
            [
              89.80791420100013,
              22.874679108000066
            ],
            [
              89.80791399200018,
              22.874828162000142
            ],
            [
              89.80772576600003,
              22.875225412000134
            ],
            [
              89.80759052300016,
              22.875510837000036
            ],
            [
              89.807537539,
              22.875622660000147
            ],
            [
              89.80753729600008,
              22.875796554000146
            ],
            [
              89.80753698000007,
              22.87602013500009
            ],
            [
              89.80753680700013,
              22.87614434600016
            ],
            [
              89.80759021400002,
              22.876293465000117
            ],
            [
              89.8076971750001,
              22.8764923330001
            ],
            [
              89.80788459800004,
              22.87666645400003
            ],
            [
              89.80809855900009,
              22.876815766000107
            ],
            [
              89.80831275900005,
              22.877014762000044
            ],
            [
              89.80839200100019,
              22.877209080000114
            ],
            [
              89.80927726400017,
              22.877040765000174
            ],
            [
              89.80989382700011,
              22.876867606000133
            ],
            [
              89.81042985300007,
              22.876768876000142
            ],
            [
              89.81096598300019,
              22.87659561999999
            ],
            [
              89.81147526700005,
              22.876447172000155
            ],
            [
              89.81182362400017,
              22.87634821300003
            ],
            [
              89.81230623300007,
              22.876100362000045
            ],
            [
              89.81246726200015,
              22.875976341000182
            ],
            [
              89.81257477200018,
              22.875777727000127
            ],
            [
              89.81257507700008,
              22.875554149000095
            ],
            [
              89.81278986300009,
              22.875107242000126
            ],
            [
              89.81303138500004,
              22.87493362800018
            ],
            [
              89.81359438200013,
              22.874710707000077
            ],
            [
              89.81442529900005,
              22.87438873000019
            ],
            [
              89.81504194600018,
              22.87414102600013
            ],
            [
              89.81614097500011,
              22.873796767000158
            ],
            [
              89.81656951900004,
              22.873869528000057
            ],
            [
              89.81681049700006,
              22.873869810000087
            ],
            [
              89.81691793000016,
              22.873723136000024
            ],
            [
              89.81718608700004,
              22.87367376200018
            ],
            [
              89.817346569,
              22.873723629000153
            ],
            [
              89.81769512200015,
              22.873699187000057
            ],
            [
              89.81780221900004,
              22.873575098
            ],
            [
              89.81790978600014,
              22.873326798999983
            ],
            [
              89.81815113300013,
              22.873277388000076
            ],
            [
              89.81874062700007,
              22.87327806200011
            ],
            [
              89.81943393300008,
              22.873345372000188
            ],
            [
              89.81951738000015,
              22.873353473000066
            ],
            [
              89.81974766399998,
              22.87337631700018
            ],
            [
              89.81960718300019,
              22.87363587200008
            ],
            [
              89.8195278500001,
              22.8737534870001
            ],
            [
              89.8193788600002,
              22.87397437000004
            ],
            [
              89.81915059000016,
              22.87426996100004
            ],
            [
              89.81887692900017,
              22.874563243000182
            ],
            [
              89.81860296100007,
              22.874858778000032
            ],
            [
              89.8183751590002,
              22.875027898000155
            ],
            [
              89.81805562900007,
              22.875449851000155
            ],
            [
              89.8178272940001,
              22.875788347000082
            ],
            [
              89.81759851400017,
              22.87646334500016
            ],
            [
              89.81723259700016,
              22.877391121000187
            ],
            [
              89.81691283000009,
              22.877982451000094
            ],
            [
              89.81663853100002,
              22.87874095400008
            ],
            [
              89.81640973400005,
              22.87941820900005
            ],
            [
              89.8163180750002,
              22.879840419000175
            ],
            [
              89.81627169400014,
              22.88034624200003
            ],
            [
              89.81613475200004,
              22.880682587000024
            ],
            [
              89.81613423400017,
              22.881064252999977
            ],
            [
              89.81608808400006,
              22.881400701000132
            ],
            [
              89.81600319700004,
              22.88212735200011
            ],
            [
              89.81629080800013,
              22.881764533000023
            ],
            [
              89.81642502700015,
              22.88164047800018
            ],
            [
              89.81677342600011,
              22.88151666900012
            ],
            [
              89.81722903300005,
              22.881420082000034
            ],
            [
              89.81779198400017,
              22.88124683100017
            ],
            [
              89.81784570400004,
              22.881172366000158
            ],
            [
              89.81790002100013,
              22.88065074400015
            ],
            [
              89.81800729500014,
              22.880626022000058
            ],
            [
              89.8183555920001,
              22.880576734000044
            ],
            [
              89.81883794300012,
              22.880527600999983
            ],
            [
              89.81910608000004,
              22.880503065000084
            ],
            [
              89.8192935140001,
              22.880453594000187
            ],
            [
              89.8200710390002,
              22.88020605200012
            ],
            [
              89.82076800100015,
              22.880057786000123
            ],
            [
              89.82154515100012,
              22.879859920000115
            ],
            [
              89.82186656700009,
              22.879860282000095
            ],
            [
              89.82208105100005,
              22.879860520000136
            ],
            [
              89.82221503800002,
              22.879910355999982
            ],
            [
              89.82237536800017,
              22.88008443000018
            ],
            [
              89.82253574700019,
              22.880457244000127
            ],
            [
              89.8226696370001,
              22.8805816040001
            ],
            [
              89.82266955400019,
              22.880645368000046
            ],
            [
              89.82266941100005,
              22.88075550100001
            ],
            [
              89.82269586800004,
              22.881028793999974
            ],
            [
              89.82270820999997,
              22.881143988000133
            ],
            [
              89.82272235400012,
              22.881277247000014
            ],
            [
              89.82312553700012,
              22.88219441700005
            ],
            [
              89.82515961200016,
              22.88204779600011
            ],
            [
              89.82783913100008,
              22.88207556300017
            ],
            [
              89.8283212950002,
              22.882175452000183
            ],
            [
              89.82845528600018,
              22.88222528100016
            ],
            [
              89.8285085350002,
              22.88252344800003
            ],
            [
              89.82861503500015,
              22.8828713530001
            ],
            [
              89.82880255600008,
              22.882995766000192
            ],
            [
              89.82907026800007,
              22.883070582000187
            ],
            [
              89.82947224600008,
              22.883220067000025
            ],
            [
              89.82971311500006,
              22.88331969300009
            ],
            [
              89.83011463600013,
              22.883593388000065
            ],
            [
              89.83046302500009,
              22.88371797100018
            ],
            [
              89.83086485600006,
              22.883743240000058
            ],
            [
              89.83126662500013,
              22.883818195000117
            ],
            [
              89.83164164599998,
              22.883843433000095
            ],
            [
              89.83173674500017,
              22.884450395000044
            ],
            [
              89.83180125700017,
              22.884862139000177
            ],
            [
              89.83204170700014,
              22.885555716000113
            ],
            [
              89.8320948400002,
              22.8859532460001
            ],
            [
              89.83220153700006,
              22.88615210000006
            ],
            [
              89.83233538100012,
              22.88632613699997
            ],
            [
              89.83254953800014,
              22.886599627000066
            ],
            [
              89.83289726900006,
              22.88702231100001
            ],
            [
              89.83316496200013,
              22.887370386000157
            ],
            [
              89.83337863400004,
              22.887792925000042
            ],
            [
              89.83359258400014,
              22.888240309000082
            ],
            [
              89.83369904500017,
              22.888637898000013
            ],
            [
              89.83380605100012,
              22.888836749000063
            ],
            [
              89.83394697700004,
              22.888952072999984
            ],
            [
              89.8340203350001,
              22.88901086700008
            ],
            [
              89.8344490250002,
              22.889011313000083
            ],
            [
              89.8345831470001,
              22.88896176999998
            ],
            [
              89.83471705200009,
              22.88883769800003
            ],
            [
              89.83487819499999,
              22.88861428700011
            ],
            [
              89.83498565300005,
              22.88844050000006
            ],
            [
              89.83520060000012,
              22.88806809000016
            ],
            [
              89.83554941700015,
              22.88759644800018
            ],
            [
              89.83616181700017,
              22.88688229500019
            ],
            [
              89.83662267900013,
              22.88642996600015
            ],
            [
              89.83675697700005,
              22.88623136600006
            ],
            [
              89.83678383900013,
              22.88593328900015
            ],
            [
              89.83678410700014,
              22.88570970700016
            ],
            [
              89.83678440400007,
              22.885461286000123
            ],
            [
              89.8368114500002,
              22.885264834
            ],
            [
              89.83691902200019,
              22.88499167800012
            ],
            [
              89.83697306000005,
              22.88464394200014
            ],
            [
              89.83710761999998,
              22.884221764000017
            ],
            [
              89.83713493600015,
              22.883799470999975
            ],
            [
              89.83721572300016,
              22.883501448000118
            ],
            [
              89.83745704400013,
              22.88322842800011
            ],
            [
              89.83756458400018,
              22.88298011600017
            ],
            [
              89.83759021400016,
              22.882854224000027
            ],
            [
              89.83764548800008,
              22.882582721000063
            ],
            [
              89.8376726250001,
              22.882309484000075
            ],
            [
              89.83778022200005,
              22.882011487000057
            ],
            [
              89.83786067300002,
              22.88173830500017
            ],
            [
              89.83794139600008,
              22.881492222000134
            ],
            [
              89.83814020500006,
              22.881393054000114
            ],
            [
              89.83826324500012,
              22.88139318100002
            ],
            [
              89.83837018100013,
              22.88139329000012
            ],
            [
              89.83847730600019,
              22.881492767999987
            ],
            [
              89.83877193200004,
              22.881739232000143
            ],
            [
              89.83933447700014,
              22.881888854000124
            ],
            [
              89.83939076600007,
              22.88190789700019
            ],
            [
              89.84021827400016,
              22.88218785000015
            ],
            [
              89.84131632900016,
              22.882685795000043
            ],
            [
              89.84206613700019,
              22.88293496400013
            ],
            [
              89.84313773800011,
              22.883134766000182
            ],
            [
              89.84477198200017,
              22.8834096330001
            ],
            [
              89.84535694800007,
              22.883577102000174
            ],
            [
              89.84546853900014,
              22.88360904900003
            ],
            [
              89.84581232700003,
              22.883768851000127
            ],
            [
              89.8455127250001,
              22.883875603999968
            ],
            [
              89.84524235000004,
              22.88397194200013
            ],
            [
              89.84465445000006,
              22.884279943000138
            ],
            [
              89.84344405100018,
              22.884789643000033
            ],
            [
              89.84292396200004,
              22.885032424000144
            ],
            [
              89.84221559600002,
              22.885309967000126
            ],
            [
              89.84112299300017,
              22.88573804700019
            ],
            [
              89.84018969100003,
              22.886103704000163
            ],
            [
              89.84013511100011,
              22.886125088000142
            ],
            [
              89.83978577300019,
              22.886261954000076
            ],
            [
              89.83962128600012,
              22.886321178
            ],
            [
              89.83942085100017,
              22.886393346000148
            ],
            [
              89.8392244050001,
              22.886483843000065
            ],
            [
              89.83840645100008,
              22.88686064600006
            ],
            [
              89.83834322700017,
              22.886911185000088
            ],
            [
              89.83800899700009,
              22.887178348000077
            ],
            [
              89.83762255100004,
              22.887487247000138
            ],
            [
              89.836631152,
              22.888156248000143
            ],
            [
              89.83649543600018,
              22.888388411000108
            ],
            [
              89.83646975200014,
              22.888432347000162
            ],
            [
              89.83647824500008,
              22.88852019400008
            ],
            [
              89.83650736500016,
              22.88882142700004
            ],
            [
              89.83651751400004,
              22.888926405000177
            ],
            [
              89.83656422800016,
              22.889409615000034
            ],
            [
              89.83661965400012,
              22.889982948000124
            ],
            [
              89.83663059000014,
              22.89002740899997
            ],
            [
              89.83690339000015,
              22.89113646700008
            ],
            [
              89.83708469100014,
              22.891873525000165
            ],
            [
              89.83734585600018,
              22.892935247000082
            ],
            [
              89.83734585600018,
              22.89327504700009
            ],
            [
              89.83729213400017,
              22.89344103800005
            ],
            [
              89.83714995300005,
              22.89388333500017
            ],
            [
              89.83725751400016,
              22.89404484900001
            ],
            [
              89.83745880400011,
              22.893987690000188
            ],
            [
              89.83766002600004,
              22.893987896
            ],
            [
              89.8378612320002,
              22.89400244300009
            ],
            [
              89.83806245400012,
              22.894002648000026
            ],
            [
              89.838279155,
              22.894002869000133
            ],
            [
              89.83849585600012,
              22.894003089000137
            ],
            [
              89.83869712900014,
              22.893960270000036
            ],
            [
              89.8388983850001,
              22.89393179199999
            ],
            [
              89.83909964100008,
              22.893903314000113
            ],
            [
              89.83928531700013,
              22.893960865
            ],
            [
              89.8393934820001,
              22.894118725000112
            ],
            [
              89.83940593400007,
              22.894146499999977
            ],
            [
              89.83947067200012,
              22.89429089400005
            ],
            [
              89.83957883700009,
              22.894448753000063
            ],
            [
              89.83976444700016,
              22.89456366700017
            ],
            [
              89.83993457800011,
              22.894678566000152
            ],
            [
              89.84012022200005,
              22.894764797999983
            ],
            [
              89.84030586600011,
              22.89485103000004
            ],
            [
              89.84049149300012,
              22.894951603000095
            ],
            [
              89.84069260000012,
              22.895052191000048
            ],
            [
              89.84086273200018,
              22.89516708800005
            ],
            [
              89.84103288200004,
              22.895267644000057
            ],
            [
              89.84123405600019,
              22.89531086800008
            ],
            [
              89.84143528000016,
              22.895311069000172
            ],
            [
              89.84165200000012,
              22.895296944000165
            ],
            [
              89.8418532410002,
              22.895282804000033
            ],
            [
              89.84205441500012,
              22.895326026000077
            ],
            [
              89.84219357500007,
              22.895455233
            ],
            [
              89.8423482300002,
              22.895570114
            ],
            [
              89.84250288600003,
              22.895684994000135
            ],
            [
              89.84252653800019,
              22.895700966
            ],
            [
              89.84267302100017,
              22.895799889000102
            ],
            [
              89.84281218200005,
              22.89592909600003
            ],
            [
              89.84296683800005,
              22.896043975000055
            ],
            [
              89.84315248600012,
              22.896130203999974
            ],
            [
              89.84333816700013,
              22.896187750000138
            ],
            [
              89.84353934300003,
              22.89623097100008
            ],
            [
              89.84375603100005,
              22.89624552500004
            ],
            [
              89.84395722300019,
              22.896274406000032
            ],
            [
              89.84414290500007,
              22.896331951000093
            ],
            [
              89.8442665560001,
              22.896489822000092
            ],
            [
              89.84437471200016,
              22.896662018000143
            ],
            [
              89.8445603780001,
              22.896733905000133
            ],
            [
              89.84476160400004,
              22.89673410200004
            ],
            [
              89.84496223600013,
              22.896762900000112
            ],
            [
              89.84517945500005,
              22.89680621400015
            ],
            [
              89.84538064800006,
              22.896835091000128
            ],
            [
              89.8455663150001,
              22.89690697600014
            ],
            [
              89.84575194900015,
              22.897007542000097
            ],
            [
              89.84595311100009,
              22.89706510100018
            ],
            [
              89.84615432200013,
              22.897079637000104
            ],
            [
              89.84635551600007,
              22.897108513000035
            ],
            [
              89.84655672800005,
              22.897123048000083
            ],
            [
              89.84904956000008,
              22.896480095000072
            ],
            [
              89.84943930100007,
              22.8962998450001
            ],
            [
              89.8502443430001,
              22.895927519
            ],
            [
              89.85335934900007,
              22.89448679100019
            ],
            [
              89.85312832000005,
              22.895114409000087
            ],
            [
              89.85303441100018,
              22.895218709000176
            ],
            [
              89.8524172170001,
              22.895904185000063
            ],
            [
              89.85085387000015,
              22.897063794000132
            ],
            [
              89.85058357500009,
              22.897264281000105
            ],
            [
              89.84926340200019,
              22.898550315000136
            ],
            [
              89.84844110199998,
              22.899559030000034
            ],
            [
              89.84831933800007,
              22.899782907000144
            ],
            [
              89.84779165499998,
              22.90075309500014
            ],
            [
              89.8465336770002,
              22.90222886700002
            ],
            [
              89.84614937800012,
              22.902817933999984
            ],
            [
              89.84389083100018,
              22.906282349000037
            ],
            [
              89.84297397000006,
              22.908184434000134
            ],
            [
              89.8424081550001,
              22.909358222000094
            ],
            [
              89.84210116400016,
              22.909995620000075
            ],
            [
              89.84164828100006,
              22.91103467000005
            ],
            [
              89.84145322400019,
              22.911482183000032
            ],
            [
              89.84053277200007,
              22.91359391300017
            ],
            [
              89.8403861020002,
              22.914082199000063
            ],
            [
              89.8394938080001,
              22.917052702999968
            ],
            [
              89.83940483900011,
              22.91859056900006
            ],
            [
              89.83945051000006,
              22.919071954000174
            ],
            [
              89.83953571900008,
              22.91997007200007
            ],
            [
              89.83934752600004,
              22.920122212000024
            ],
            [
              89.83827171100012,
              22.92099192200004
            ],
            [
              89.83593171300015,
              22.92308755300013
            ],
            [
              89.83564224700018,
              22.92334708800007
            ],
            [
              89.8355643880002,
              22.923416896000163
            ],
            [
              89.83519002900005,
              22.923811897000064
            ],
            [
              89.83497209000006,
              22.92404185200013
            ],
            [
              89.83431409300005,
              22.924910367000166
            ],
            [
              89.8334838990001,
              22.926006154000163
            ],
            [
              89.83214449400003,
              22.92777400800003
            ],
            [
              89.83200924700014,
              22.927952514000083
            ],
            [
              89.83078892800017,
              22.929280688000176
            ],
            [
              89.83057061300013,
              22.929518295000037
            ],
            [
              89.82991336999999,
              22.93012509400006
            ],
            [
              89.8296567640001,
              22.93036196000014
            ],
            [
              89.8290964580001,
              22.930879161
            ],
            [
              89.82869850100013,
              22.931246499000054
            ],
            [
              89.82853998100012,
              22.931392823000067
            ],
            [
              89.8275231720001,
              22.932407782000098
            ],
            [
              89.82739569600005,
              22.93253502500005
            ],
            [
              89.82721632400012,
              22.93271406700012
            ],
            [
              89.82713205300018,
              22.93279818400009
            ],
            [
              89.82642456800016,
              22.933504363000168
            ],
            [
              89.82622795700019,
              22.933700609000027
            ],
            [
              89.82595788700019,
              22.933970177000162
            ],
            [
              89.82551428000016,
              22.934182899000177
            ],
            [
              89.82537733700013,
              22.934248578
            ],
            [
              89.82386528900008,
              22.93497376700003
            ],
            [
              89.82268099100014,
              22.935598019
            ],
            [
              89.82098985200008,
              22.937035223000066
            ],
            [
              89.82094179300015,
              22.9370760650001
            ],
            [
              89.82056583400004,
              22.937395564000155
            ],
            [
              89.81845104700011,
              22.938646554000115
            ],
            [
              89.81633705500013,
              22.939504563000128
            ],
            [
              89.81422315500004,
              22.940050882000094
            ],
            [
              89.81168777000016,
              22.939889815000015
            ],
            [
              89.81101140500004,
              22.940123878000122
            ],
            [
              89.81072648800017,
              22.940246809000087
            ],
            [
              89.80974298600017,
              22.940671146000113
            ],
            [
              89.80807360700015,
              22.94066913800009
            ],
            [
              89.80754539100013,
              22.940668501000175
            ],
            [
              89.80687305300012,
              22.940934417000108
            ],
            [
              89.80517729000007,
              22.94160509200009
            ],
            [
              89.80323225700016,
              22.942307303
            ],
            [
              89.801915844,
              22.943021004
            ],
            [
              89.80186413100012,
              22.94304904100011
            ],
            [
              89.80179428300016,
              22.94308690800017
            ],
            [
              89.80174537300002,
              22.943183955999984
            ],
            [
              89.8013846500001,
              22.943906185000174
            ],
            [
              89.80174667700015,
              22.944925357000102
            ],
            [
              89.80283582800013,
              22.947179102000177
            ],
            [
              89.80408369200018,
              22.949761163
            ],
            [
              89.80516773300008,
              22.952669016000186
            ],
            [
              89.80551512200009,
              22.953599890000135
            ],
            [
              89.80669434800018,
              22.95649655600016
            ],
            [
              89.80736800000011,
              22.958455378000053
            ],
            [
              89.80736633800018,
              22.959629725000127
            ],
            [
              89.80711745700006,
              22.962946959000135
            ],
            [
              89.80710782400007,
              22.96307341500011
            ],
            [
              89.80686024800019,
              22.965484028
            ],
            [
              89.80685063500005,
              22.965577627000016
            ],
            [
              89.80600315300006,
              22.96706485300018
            ],
            [
              89.80540929600005,
              22.96855012800006
            ],
            [
              89.80439168000004,
              22.97066270300013
            ],
            [
              89.8034529030001,
              22.972396341000035
            ],
            [
              89.80341294900018,
              22.972470123000107
            ],
            [
              89.80251736100013,
              22.97194009800006
            ],
            [
              89.80225363500017,
              22.971760911000047
            ],
            [
              89.79954615300016,
              22.969845412000097
            ],
            [
              89.79877947000006,
              22.96944165000008
            ],
            [
              89.79848768000005,
              22.96930840400006
            ],
            [
              89.79641930600019,
              22.96792933
            ],
            [
              89.79267852700019,
              22.96666966900017
            ],
            [
              89.79195672200007,
              22.966561341000045
            ],
            [
              89.79083847200008,
              22.966300904000093
            ],
            [
              89.79048850200007,
              22.96635131400018
            ],
            [
              89.78984816400003,
              22.966443546
            ],
            [
              89.78565148600006,
              22.96612199200007
            ],
            [
              89.78546230000006,
              22.96626132500012
            ],
            [
              89.78463680300007,
              22.966868983000097
            ],
            [
              89.7845032680001,
              22.967053137999983
            ],
            [
              89.78222792900004,
              22.970190912000078
            ],
            [
              89.782080496,
              22.97039422300014
            ],
            [
              89.78210755200013,
              22.97101305100017
            ],
            [
              89.78215443200008,
              22.971437684000023
            ],
            [
              89.7830369850002,
              22.97279234300015
            ],
            [
              89.78350778300006,
              22.973514970000167
            ],
            [
              89.78704701800007,
              22.977616426000054
            ],
            [
              89.788817446,
              22.97978456000004
            ],
            [
              89.78939606000012,
              22.981004840000082
            ],
            [
              89.78947932800008,
              22.98118110500019
            ],
            [
              89.78970459500016,
              22.982195406000187
            ],
            [
              89.78968516200007,
              22.98223693100016
            ],
            [
              89.78963696900007,
              22.98233990900013
            ],
            [
              89.7895965890001,
              22.982426192000105
            ],
            [
              89.789353269,
              22.98294610900001
            ],
            [
              89.78924049600005,
              22.98292904300007
            ],
            [
              89.78905017699998,
              22.982900241000152
            ],
            [
              89.7888526960001,
              22.982899978000034
            ],
            [
              89.78876801700011,
              22.982902105000107
            ],
            [
              89.78870538700005,
              22.98291169700002
            ],
            [
              89.78866439400014,
              22.982940634000045
            ],
            [
              89.78863734900011,
              22.982997203000025
            ],
            [
              89.78855005300017,
              22.98329394400014
            ],
            [
              89.78848378500004,
              22.983577085000036
            ],
            [
              89.78840225100004,
              22.983716798000103
            ],
            [
              89.78832857800006,
              22.98378123300006
            ],
            [
              89.78808449600012,
              22.98386695100004
            ],
            [
              89.78723627000011,
              22.984002051000175
            ],
            [
              89.78692256500017,
              22.984037481000087
            ],
            [
              89.786357178,
              22.984065401000123
            ],
            [
              89.78614493600003,
              22.98404440100012
            ],
            [
              89.78528471300018,
              22.983977908000043
            ],
            [
              89.78509498000005,
              22.983974064999984
            ],
            [
              89.78490908500004,
              22.983991739000032
            ]
          ]
        ]
      }
    }
  ]
}