{
  "type": "FeatureCollection",
  "features": [
    {
      "type": "Feature",
      "properties": {
        "adm3_name": "Dumuria",
        "adm3_name1": null,
        "adm3_name2": null,
        "adm3_name3": null,
        "adm3_pcode": "BD40470030",
        "adm2_name": "Khulna",
        "adm2_name1": null,
        "adm2_name2": null,
        "adm2_name3": null,
        "adm2_pcode": "BD4047",
        "adm1_name": "Khulna",
        "adm1_name1": null,
        "adm1_name2": null,
        "adm1_name3": null,
        "adm1_pcode": "BD40",
        "adm0_name": "Bangladesh",
        "adm0_name1": null,
        "adm0_name2": null,
        "adm0_name3": null,
        "adm0_pcode": "BD",
        "valid_on": "2023-05-21",
        "valid_to": null,
        "area_sqkm": 456.13303663,
        "version": "v03",
        "lang": "en",
        "lang1": null,
        "lang2": null,
        "lang3": null,
        "adm3_ref_name": null,
        "center_lat": 22.80576338,
        "center_lon": 89.39802703
      },
      "geometry": {
        "type": "Polygon",
        "coordinates": [
          [
            [
              89.38350921100005,
              22.932908796000163
            ],
            [
              89.38239757500008,
              22.933022093000034
            ],
            [
              89.38092551400007,
              22.933291214
            ],
            [
              89.3798051820001,
              22.933576091000077
            ],
            [
              89.37925921200002,
              22.9337149160001
            ],
            [
              89.37791462900009,
              22.934319114000175
            ],
            [
              89.37667560200015,
              22.93487989800019
            ],
            [
              89.37650230400004,
              22.934924589000047
            ],
            [
              89.37618488000004,
              22.934930511
            ],
            [
              89.37579585700007,
              22.934944312000027
            ],
            [
              89.37545707500016,
              22.934956330000148
            ],
            [
              89.3748064190001,
              22.93503981000009
            ],
            [
              89.3741782370002,
              22.935037335000175
            ],
            [
              89.37361427100006,
              22.93503511100016
            ],
            [
              89.37250006600016,
              22.93491598800017
            ],
            [
              89.37224506000018,
              22.934878619000187
            ],
            [
              89.37089095500016,
              22.93468017600003
            ],
            [
              89.3699798740002,
              22.934670623000045
            ],
            [
              89.36967635900004,
              22.93456614600018
            ],
            [
              89.36925498900018,
              22.934474193000085
            ],
            [
              89.36885611100018,
              22.9343871480001
            ],
            [
              89.36860553900004,
              22.934332465000125
            ],
            [
              89.36827042100003,
              22.9342594310001
            ],
            [
              89.36819620400001,
              22.934169268
            ],
            [
              89.36814212200017,
              22.934103567000022
            ],
            [
              89.36810235100018,
              22.934016584000176
            ],
            [
              89.36799457900014,
              22.933646482000086
            ],
            [
              89.36785630400016,
              22.93341648700016
            ],
            [
              89.36739290300011,
              22.933185197000057
            ],
            [
              89.36711466700018,
              22.933088486000145
            ],
            [
              89.36674385000015,
              22.93292448400007
            ],
            [
              89.36636278000003,
              22.932746101000134
            ],
            [
              89.36597681600006,
              22.932510336000064
            ],
            [
              89.36580608100007,
              22.932395485000086
            ],
            [
              89.36578104500012,
              22.932378643000106
            ],
            [
              89.36577668600006,
              22.932349815
            ],
            [
              89.36561426000009,
              22.93209746700012
            ],
            [
              89.36558574700013,
              22.93205420700008
            ],
            [
              89.36554080400009,
              22.932028080000123
            ],
            [
              89.36503618800003,
              22.9313064640001
            ],
            [
              89.36499610200013,
              22.9312491390001
            ],
            [
              89.36481346800008,
              22.930787159000033
            ],
            [
              89.36443474900011,
              22.92998999000008
            ],
            [
              89.36434886200004,
              22.929829150000103
            ],
            [
              89.36424929500004,
              22.929642691000026
            ],
            [
              89.36405183300008,
              22.92910414100004
            ],
            [
              89.3640741690001,
              22.928464894
            ],
            [
              89.36420797900018,
              22.927437712000085
            ],
            [
              89.36431353200015,
              22.926936225000077
            ],
            [
              89.36433096200017,
              22.926877150999985
            ],
            [
              89.36453983100012,
              22.92616923500003
            ],
            [
              89.36454948800014,
              22.926136504999988
            ],
            [
              89.36456825100015,
              22.92584630900018
            ],
            [
              89.36459120199999,
              22.925491360000024
            ],
            [
              89.36441242600011,
              22.925096287000088
            ],
            [
              89.36371794500013,
              22.924627447000034
            ],
            [
              89.36265834200015,
              22.924350886000127
            ],
            [
              89.36282339400009,
              22.924168564000183
            ],
            [
              89.36099937400019,
              22.923764222000102
            ],
            [
              89.359908926,
              22.923602986000105
            ],
            [
              89.35913000500017,
              22.92348780900005
            ],
            [
              89.3572690040001,
              22.923242371000185
            ],
            [
              89.35723432700013,
              22.923438260000125
            ],
            [
              89.35703821000016,
              22.923417271000062
            ],
            [
              89.35374751000006,
              22.923302292000074
            ],
            [
              89.35316851400012,
              22.92328205399997
            ],
            [
              89.35213607100019,
              22.923170831000107
            ],
            [
              89.349248595,
              22.92285973300011
            ],
            [
              89.34722509000005,
              22.92271836500015
            ],
            [
              89.34665146200018,
              22.922678284000142
            ],
            [
              89.34590078600007,
              22.922625830000072
            ],
            [
              89.34525061000011,
              22.922580396
            ],
            [
              89.34280595700005,
              22.922315989000083
            ],
            [
              89.34272332700016,
              22.922307051000075
            ],
            [
              89.34057777400017,
              22.921964872000103
            ],
            [
              89.34085007200014,
              22.921657260000018
            ],
            [
              89.34089472300019,
              22.92152495099998
            ],
            [
              89.34105948700017,
              22.92103672000019
            ],
            [
              89.34098508900018,
              22.92041500099998
            ],
            [
              89.34065256500003,
              22.919816113000024
            ],
            [
              89.34061146200008,
              22.919627837000064
            ],
            [
              89.3405011120002,
              22.91912237200006
            ],
            [
              89.34034792700004,
              22.91878713100016
            ],
            [
              89.34024738400018,
              22.918237005000094
            ],
            [
              89.34024877300004,
              22.917950206000057
            ],
            [
              89.34030234100004,
              22.917544122000038
            ],
            [
              89.3406918930001,
              22.91701993100014
            ],
            [
              89.34077102800018,
              22.916661754000074
            ],
            [
              89.3407327,
              22.915684452
            ],
            [
              89.3407250910002,
              22.915490444000113
            ],
            [
              89.34052585900002,
              22.91400779300011
            ],
            [
              89.34062505000014,
              22.914019241000176
            ],
            [
              89.340598581,
              22.913941417000103
            ],
            [
              89.34021664400012,
              22.912894189000156
            ],
            [
              89.34008692800006,
              22.912253866000015
            ],
            [
              89.33981628400005,
              22.911578210000073
            ],
            [
              89.34004936200012,
              22.91150882000005
            ],
            [
              89.34052711300012,
              22.911415202000114
            ],
            [
              89.34115355800003,
              22.91125049900006
            ],
            [
              89.34128290100017,
              22.911179335000043
            ],
            [
              89.34209690699998,
              22.910907852000037
            ],
            [
              89.34285873500016,
              22.910755653000137
            ],
            [
              89.34311741900007,
              22.91061331999998
            ],
            [
              89.34324780700018,
              22.910560932000124
            ],
            [
              89.34364734000013,
              22.910400407000054
            ],
            [
              89.34411678500015,
              22.910308101000055
            ],
            [
              89.34467361000014,
              22.910169956000118
            ],
            [
              89.34528100400013,
              22.91001926300015
            ],
            [
              89.34534590400017,
              22.90993587899999
            ],
            [
              89.34527743900009,
              22.909552974
            ],
            [
              89.3462246220002,
              22.907840946000135
            ],
            [
              89.34654364500005,
              22.906978901000116
            ],
            [
              89.34705264800016,
              22.906379691000097
            ],
            [
              89.34771116500019,
              22.905434939000088
            ],
            [
              89.34765732500017,
              22.905367959000046
            ],
            [
              89.34799527000018,
              22.90483003300011
            ],
            [
              89.3479976980002,
              22.90432215900006
            ],
            [
              89.34797209700008,
              22.904142283000056
            ],
            [
              89.34790409700014,
              22.903664512999967
            ],
            [
              89.3479055250001,
              22.903365763000124
            ],
            [
              89.34797130600015,
              22.90309715300009
            ],
            [
              89.34851172300017,
              22.90268709500009
            ],
            [
              89.34891035200019,
              22.902384621000124
            ],
            [
              89.34915946800004,
              22.90215745000006
            ],
            [
              89.34962903100006,
              22.901834179000048
            ],
            [
              89.350044959,
              22.90104423300005
            ],
            [
              89.35022098000013,
              22.900576559000115
            ],
            [
              89.35040422700007,
              22.900089683000147
            ],
            [
              89.35043960300015,
              22.899432565000097
            ],
            [
              89.35066831500006,
              22.898806112000045
            ],
            [
              89.35096194300002,
              22.898090297000067
            ],
            [
              89.35099575300018,
              22.89776180399997
            ],
            [
              89.35135415300016,
              22.896986502000175
            ],
            [
              89.35177576200016,
              22.896480336000025
            ],
            [
              89.35213259400018,
              22.89603365700009
            ],
            [
              89.35229708500003,
              22.895347188000073
            ],
            [
              89.35234576500017,
              22.894499260000032
            ],
            [
              89.35182177500013,
              22.89358259000005
            ],
            [
              89.35127644900012,
              22.892982853000092
            ],
            [
              89.35086024900016,
              22.892353765999985
            ],
            [
              89.3508790950001,
              22.892023093999967
            ],
            [
              89.35083226700016,
              22.89145738300016
            ],
            [
              89.35086849100014,
              22.890621014000146
            ],
            [
              89.35129065000012,
              22.889995349000174
            ],
            [
              89.35213605500019,
              22.889272350000113
            ],
            [
              89.35336529400001,
              22.888440836000086
            ],
            [
              89.35420844100008,
              22.88742849200014
            ],
            [
              89.35485853900002,
              22.886325732000046
            ],
            [
              89.35505722200003,
              22.885221138000134
            ],
            [
              89.35506103300008,
              22.884414511000102
            ],
            [
              89.35508672100008,
              22.883279127000094
            ],
            [
              89.35515752200018,
              22.883190723000098
            ],
            [
              89.3553077730001,
              22.882954446000156
            ],
            [
              89.35559411300017,
              22.88250415700014
            ],
            [
              89.35572017200019,
              22.882395184000075
            ],
            [
              89.3560216530002,
              22.882044139000072
            ],
            [
              89.35655988000019,
              22.881683030000147
            ],
            [
              89.35697456200006,
              22.88126405700018
            ],
            [
              89.35722371200006,
              22.880940017
            ],
            [
              89.35712350900002,
              22.880308638000088
            ],
            [
              89.35709071500014,
              22.880159531000118
            ],
            [
              89.35692148200013,
              22.87939004000009
            ],
            [
              89.35626219900018,
              22.8779312690001
            ],
            [
              89.3561250210002,
              22.877627736000136
            ],
            [
              89.35559348700008,
              22.876573959999973
            ],
            [
              89.3552458630001,
              22.875903335000032
            ],
            [
              89.35431348400016,
              22.875324897000098
            ],
            [
              89.35300044700011,
              22.875110279000126
            ],
            [
              89.34963600100014,
              22.8753260040001
            ],
            [
              89.34655874400016,
              22.876493103000143
            ],
            [
              89.3464212180001,
              22.876005185999986
            ],
            [
              89.3459013640001,
              22.87468374000008
            ],
            [
              89.34558538500016,
              22.873879383000087
            ],
            [
              89.34537995100004,
              22.873214542000028
            ],
            [
              89.34533304600018,
              22.873036290000016
            ],
            [
              89.34486805300014,
              22.871269168000026
            ],
            [
              89.34479717600004,
              22.87102508100014
            ],
            [
              89.34501498700001,
              22.87097908700008
            ],
            [
              89.3454717080001,
              22.87093794600014
            ],
            [
              89.34584362500004,
              22.87083192299997
            ],
            [
              89.34600786300012,
              22.87046692000007
            ],
            [
              89.34610287600009,
              22.870015590000037
            ],
            [
              89.34623674600016,
              22.869528570000057
            ],
            [
              89.34623171900017,
              22.868962107000186
            ],
            [
              89.34618867600005,
              22.86843185099997
            ],
            [
              89.34642930500019,
              22.86809532800015
            ],
            [
              89.34694711000014,
              22.867771323000056
            ],
            [
              89.347041403,
              22.86765021800005
            ],
            [
              89.34784621800009,
              22.866616547999968
            ],
            [
              89.34811540600015,
              22.86617762800006
            ],
            [
              89.34831410200007,
              22.865853647
            ],
            [
              89.34862655500007,
              22.865233511000042
            ],
            [
              89.34995994700012,
              22.86559245800015
            ],
            [
              89.35006901700007,
              22.865621819000182
            ],
            [
              89.35207797900017,
              22.86620362600013
            ],
            [
              89.35398854099998,
              22.86578118500006
            ],
            [
              89.35553811400007,
              22.865160416000094
            ],
            [
              89.35646919200019,
              22.864787411000066
            ],
            [
              89.3567291230001,
              22.864358251999988
            ],
            [
              89.35674324500019,
              22.86367977900011
            ],
            [
              89.35778090500008,
              22.863588149000122
            ],
            [
              89.35797381800012,
              22.86268023499997
            ],
            [
              89.35798100300013,
              22.861150625000107
            ],
            [
              89.3579852700002,
              22.860242419000087
            ],
            [
              89.35785957700017,
              22.859548794000148
            ],
            [
              89.35784627400005,
              22.859419847000026
            ],
            [
              89.35778557700013,
              22.858831478000127
            ],
            [
              89.35778860800008,
              22.858186173000092
            ],
            [
              89.35786214900003,
              22.85751252100016
            ],
            [
              89.3578694570001,
              22.857445580000046
            ],
            [
              89.35800177100003,
              22.856729095000162
            ],
            [
              89.35805873600003,
              22.855582095000102
            ],
            [
              89.35798482500007,
              22.855288745
            ],
            [
              89.35793214800009,
              22.855079671000112
            ],
            [
              89.35752132400017,
              22.854695604000028
            ],
            [
              89.35638298000015,
              22.854365954000116
            ],
            [
              89.35523931200004,
              22.85523998900004
            ],
            [
              89.35494161700018,
              22.85510745800019
            ],
            [
              89.35381434400006,
              22.85489375600008
            ],
            [
              89.35290037400011,
              22.855111123000086
            ],
            [
              89.35184882500005,
              22.85497300100019
            ],
            [
              89.35100485700002,
              22.854568032000145
            ],
            [
              89.35069621100007,
              22.854394689000117
            ],
            [
              89.35059396400004,
              22.854203068000174
            ],
            [
              89.35054137300006,
              22.85397460700017
            ],
            [
              89.35052416200017,
              22.85389984200009
            ],
            [
              89.35043515100017,
              22.853636572000028
            ],
            [
              89.35043623000013,
              22.853409521000117
            ],
            [
              89.35045008900016,
              22.85320642200014
            ],
            [
              89.35046389100006,
              22.853015274000086
            ],
            [
              89.35055227600014,
              22.852655401999982
            ],
            [
              89.35063555800014,
              22.852508136999973
            ],
            [
              89.35075376300006,
              22.852246653
            ],
            [
              89.35080329700008,
              22.852081194999982
            ],
            [
              89.35133137600013,
              22.851187905000188
            ],
            [
              89.35144657299998,
              22.850993040000105
            ],
            [
              89.35203246700013,
              22.849800394000056
            ],
            [
              89.35251952400006,
              22.84905548200004
            ],
            [
              89.35246039800012,
              22.84846207700008
            ],
            [
              89.35242720600002,
              22.848128956000096
            ],
            [
              89.35213330000005,
              22.847587074000046
            ],
            [
              89.35143658200013,
              22.846302501000082
            ],
            [
              89.35115200400003,
              22.845136186000104
            ],
            [
              89.35100579100009,
              22.84515319400009
            ],
            [
              89.35093444900008,
              22.84343237900009
            ],
            [
              89.35092619300008,
              22.84250596600009
            ],
            [
              89.35091341400005,
              22.841072105000023
            ],
            [
              89.3507586300002,
              22.83972706300011
            ],
            [
              89.35080084600014,
              22.839002132000076
            ],
            [
              89.35118331900009,
              22.83853376100012
            ],
            [
              89.35166864100006,
              22.838147352000078
            ],
            [
              89.3521234260001,
              22.837402308000037
            ],
            [
              89.35190190700018,
              22.836535007000123
            ],
            [
              89.35110263200005,
              22.835157465
            ],
            [
              89.35017643600014,
              22.83336113900009
            ],
            [
              89.34863575100013,
              22.832010435000086
            ],
            [
              89.3476959520001,
              22.831159932000105
            ],
            [
              89.34764087500008,
              22.83111008800006
            ],
            [
              89.34710534600009,
              22.83088846300012
            ],
            [
              89.34660828600016,
              22.83068275500017
            ],
            [
              89.34654718300015,
              22.83065746800014
            ],
            [
              89.34545149799999,
              22.83062309400009
            ],
            [
              89.34480532000003,
              22.830949072000067
            ],
            [
              89.3447088690001,
              22.830925622999985
            ],
            [
              89.34437364500008,
              22.830930219000038
            ],
            [
              89.34410929900008,
              22.83094108100005
            ],
            [
              89.34388440300012,
              22.83079077600013
            ],
            [
              89.34329944700005,
              22.830447782000192
            ],
            [
              89.34247478600008,
              22.83035475300005
            ],
            [
              89.34206662000008,
              22.830337808000138
            ],
            [
              89.34167562200003,
              22.830321576000017
            ],
            [
              89.33952586900006,
              22.8299963180001
            ],
            [
              89.33926652100013,
              22.829957076000085
            ],
            [
              89.33741146,
              22.829662564000046
            ],
            [
              89.33524792900016,
              22.829175539000175
            ],
            [
              89.33484455400009,
              22.829082353000103
            ],
            [
              89.3347806320001,
              22.829067586
            ],
            [
              89.33292994600009,
              22.828640035999967
            ],
            [
              89.33261227000014,
              22.828511723000133
            ],
            [
              89.33234931100014,
              22.828405510000152
            ],
            [
              89.3309578320002,
              22.8278434610001
            ],
            [
              89.33089700200014,
              22.82781889000006
            ],
            [
              89.32922376400006,
              22.827262140000016
            ],
            [
              89.3279876840001,
              22.826946223000107
            ],
            [
              89.326543814,
              22.82694012600001
            ],
            [
              89.32605727700019,
              22.826993039000058
            ],
            [
              89.32548610600008,
              22.82705515500004
            ],
            [
              89.32442662800014,
              22.82752867800008
            ],
            [
              89.32379606900014,
              22.828178413000103
            ],
            [
              89.32350233700015,
              22.828457193000077
            ],
            [
              89.3232904620001,
              22.828728483000134
            ],
            [
              89.32322398000014,
              22.82926285000019
            ],
            [
              89.32320546900013,
              22.82941164100015
            ],
            [
              89.32340855000012,
              22.830057820000036
            ],
            [
              89.32393892100004,
              22.830592143000104
            ],
            [
              89.32407562800006,
              22.83072986900015
            ],
            [
              89.3252246240001,
              22.831236073000127
            ],
            [
              89.32577372900016,
              22.83147798300007
            ],
            [
              89.32715949900006,
              22.832822274000023
            ],
            [
              89.32731808800014,
              22.833185287000106
            ],
            [
              89.32745916500016,
              22.833508212000083
            ],
            [
              89.32797544800019,
              22.834689965000052
            ],
            [
              89.32836595000015,
              22.835388692000095
            ],
            [
              89.32853778900005,
              22.835696161000044
            ],
            [
              89.32912721300016,
              22.836439563000056
            ],
            [
              89.32918066200006,
              22.836526040000024
            ],
            [
              89.32969003800008,
              22.83735015500008
            ],
            [
              89.3298650750001,
              22.837892044000057
            ],
            [
              89.32991742400009,
              22.838307135000036
            ],
            [
              89.3296063590002,
              22.838640434000183
            ],
            [
              89.32885728600013,
              22.838900185000114
            ],
            [
              89.32818903600008,
              22.83914093700014
            ],
            [
              89.32814507200015,
              22.8391299810001
            ],
            [
              89.32806925000011,
              22.839110346000155
            ],
            [
              89.32740783200012,
              22.839069226000106
            ],
            [
              89.32724434300013,
              22.839059062
            ],
            [
              89.32443276200013,
              22.839238364000096
            ],
            [
              89.32381557900015,
              22.839287063000143
            ],
            [
              89.32242064900004,
              22.839397120000058
            ],
            [
              89.32107943700004,
              22.839463110000054
            ],
            [
              89.32029535700019,
              22.839541997000083
            ],
            [
              89.31771406800004,
              22.839846939000097
            ],
            [
              89.3176479120001,
              22.8398547540001
            ],
            [
              89.31654462700004,
              22.84000079800012
            ],
            [
              89.31607390500017,
              22.840063106000116
            ],
            [
              89.31491198900011,
              22.840368819000105
            ],
            [
              89.31403431100017,
              22.840556244000084
            ],
            [
              89.31395394100008,
              22.840567714000144
            ],
            [
              89.31295719300005,
              22.840766611000163
            ],
            [
              89.31225328300002,
              22.84090707100006
            ],
            [
              89.3117475000002,
              22.84107950700013
            ],
            [
              89.31052261400009,
              22.841497100000083
            ],
            [
              89.30999824600008,
              22.84159003999997
            ],
            [
              89.3092063200001,
              22.841730400000074
            ],
            [
              89.30824070900002,
              22.841802348000158
            ],
            [
              89.30799389100002,
              22.84182073800008
            ],
            [
              89.30686711000016,
              22.841935442000135
            ],
            [
              89.30649138100006,
              22.841973689000042
            ],
            [
              89.305517092,
              22.842072861000077
            ],
            [
              89.30470428299998,
              22.84229414300006
            ],
            [
              89.3045737220001,
              22.842329687000188
            ],
            [
              89.30375153500006,
              22.842553516000123
            ],
            [
              89.3032705350002,
              22.842684459000054
            ],
            [
              89.30221183700019,
              22.842966630000035
            ],
            [
              89.30105133300009,
              22.842985440000177
            ],
            [
              89.30088033000004,
              22.842992357000128
            ],
            [
              89.30004440500011,
              22.84302616600013
            ],
            [
              89.29945221800006,
              22.843050115000096
            ],
            [
              89.2983440210001,
              22.842925734000175
            ],
            [
              89.29762286500011,
              22.84275525100003
            ],
            [
              89.29684940200013,
              22.842727936000188
            ],
            [
              89.29668647300008,
              22.8428213200001
            ],
            [
              89.29643559400017,
              22.84296511300016
            ],
            [
              89.296174903,
              22.843513671000096
            ],
            [
              89.29577496800005,
              22.845041938000122
            ],
            [
              89.29557974900018,
              22.84591542400011
            ],
            [
              89.29583281800006,
              22.846848661000138
            ],
            [
              89.29607936800005,
              22.847094744000174
            ],
            [
              89.29621765500019,
              22.84723276900013
            ],
            [
              89.29639009100009,
              22.847251983000092
            ],
            [
              89.29851208900016,
              22.84736239700004
            ],
            [
              89.29883652400008,
              22.847373687000072
            ],
            [
              89.30008485700006,
              22.84741711999999
            ],
            [
              89.30110939400004,
              22.847310898000103
            ],
            [
              89.30163293800018,
              22.847256615000163
            ],
            [
              89.30190974800013,
              22.84718344600003
            ],
            [
              89.30243343400014,
              22.84704502000011
            ],
            [
              89.30343839900007,
              22.847192823
            ],
            [
              89.30382076900008,
              22.84731978400015
            ],
            [
              89.30475135300014,
              22.847628770000142
            ],
            [
              89.30562581100003,
              22.848086695000063
            ],
            [
              89.30593499400015,
              22.84849858900003
            ],
            [
              89.30629179400017,
              22.848973916000034
            ],
            [
              89.30721445100005,
              22.85010125500014
            ],
            [
              89.3082148490002,
              22.851157226000055
            ],
            [
              89.30885688700005,
              22.851685825000175
            ],
            [
              89.30942253200004,
              22.852022887000146
            ],
            [
              89.30996227200012,
              22.852383734000057
            ],
            [
              89.3100759940001,
              22.85266433300012
            ],
            [
              89.31020473500018,
              22.85298260100018
            ],
            [
              89.31023441500014,
              22.853233684000088
            ],
            [
              89.31017169100011,
              22.853398326
            ],
            [
              89.30995438200017,
              22.853533617000096
            ],
            [
              89.30968302600007,
              22.853647162000186
            ],
            [
              89.30942757700018,
              22.853674735000027
            ],
            [
              89.30850344300012,
              22.853594979000036
            ],
            [
              89.30827553200015,
              22.853575309000178
            ],
            [
              89.30686152300012,
              22.853589186000193
            ],
            [
              89.30538976900004,
              22.853941277000104
            ],
            [
              89.30371243000008,
              22.854149053000015
            ],
            [
              89.30335140200009,
              22.85416977200009
            ],
            [
              89.30255158600016,
              22.854215673000056
            ],
            [
              89.30201729800018,
              22.85420432600006
            ],
            [
              89.30113334700013,
              22.854185551000057
            ],
            [
              89.30033427500007,
              22.854110340000148
            ],
            [
              89.29969054500015,
              22.853916305000155
            ],
            [
              89.29871083400013,
              22.85386419100007
            ],
            [
              89.29847979800002,
              22.85389609100008
            ],
            [
              89.29770435400019,
              22.854003156000147
            ],
            [
              89.29672279900007,
              22.8543095280001
            ],
            [
              89.29566227400016,
              22.85492625000012
            ],
            [
              89.29529884100003,
              22.855561859000034
            ],
            [
              89.29480348600015,
              22.856428173000154
            ],
            [
              89.29456818100016,
              22.85704854000005
            ],
            [
              89.29453828900017,
              22.857188089000147
            ],
            [
              89.29440962400008,
              22.85778875
            ],
            [
              89.29425007700013,
              22.858720158000153
            ],
            [
              89.29385904000014,
              22.85953103700018
            ],
            [
              89.29336558300008,
              22.86019805700016
            ],
            [
              89.29207041600017,
              22.861291719
            ],
            [
              89.29111322199998,
              22.861861067000063
            ],
            [
              89.29077065400008,
              22.86196142700004
            ],
            [
              89.2903899920002,
              22.862072946000126
            ],
            [
              89.28961480700008,
              22.862356293000175
            ],
            [
              89.28899671600004,
              22.86258416900006
            ],
            [
              89.28868339400003,
              22.86257579900007
            ],
            [
              89.28819536900005,
              22.86254115200012
            ],
            [
              89.28804150100012,
              22.862373161000164
            ],
            [
              89.28804361700014,
              22.861966865000113
            ],
            [
              89.28825367100012,
              22.86125079300001
            ],
            [
              89.28821015600016,
              22.860455661000117
            ],
            [
              89.28820657200004,
              22.860390169000027
            ],
            [
              89.28779917100013,
              22.859384532000036
            ],
            [
              89.28776070000009,
              22.859097303
            ],
            [
              89.28760058000017,
              22.85790182000011
            ],
            [
              89.28750390100004,
              22.85665856700001
            ],
            [
              89.28744606700008,
              22.856202600000017
            ],
            [
              89.2873552740001,
              22.85548678300006
            ],
            [
              89.28715631800014,
              22.854075770000122
            ],
            [
              89.28708094600012,
              22.85369302600003
            ],
            [
              89.28673213000008,
              22.85134922600008
            ],
            [
              89.28667427100015,
              22.85098909600015
            ],
            [
              89.28645594800014,
              22.8499139650001
            ],
            [
              89.286022177,
              22.849027706000072
            ],
            [
              89.28589578200013,
              22.848988027000075
            ],
            [
              89.28555875500007,
              22.84888222500018
            ],
            [
              89.28501207000005,
              22.849016007000046
            ],
            [
              89.28488741000018,
              22.849046513000076
            ],
            [
              89.28160200000013,
              22.851015452000013
            ],
            [
              89.28069729500015,
              22.85141767400006
            ],
            [
              89.28026520700013,
              22.851645644000143
            ],
            [
              89.27984390800015,
              22.851867922000054
            ],
            [
              89.2786019300001,
              22.85265101100009
            ],
            [
              89.2783692910001,
              22.852840780000065
            ],
            [
              89.27830229800014,
              22.852895428000124
            ],
            [
              89.27720331600017,
              22.853791883000156
            ],
            [
              89.2765296610001,
              22.854386331000114
            ],
            [
              89.27631650300009,
              22.854584746000114
            ],
            [
              89.27624306500019,
              22.85465310500018
            ],
            [
              89.27598617200016,
              22.854636305000042
            ],
            [
              89.27560991600012,
              22.85465265600004
            ],
            [
              89.27523384700004,
              22.854576423000026
            ],
            [
              89.27501675100018,
              22.85444671100015
            ],
            [
              89.27491854200014,
              22.854299476000165
            ],
            [
              89.274820616,
              22.85409804300008
            ],
            [
              89.27470387900001,
              22.85371134500008
            ],
            [
              89.27469263800009,
              22.853666114000134
            ],
            [
              89.27462634100004,
              22.853399351000178
            ],
            [
              89.27452929300017,
              22.85303306700007
            ],
            [
              89.27441274900013,
              22.852610239000057
            ],
            [
              89.27431541600015,
              22.85229815600013
            ],
            [
              89.2742743720001,
              22.85225980600012
            ],
            [
              89.27413811200006,
              22.85213249100019
            ],
            [
              89.27392043400016,
              22.852113430000088
            ],
            [
              89.27365463500007,
              22.852144538000175
            ],
            [
              89.27362327900016,
              22.85214820800013
            ],
            [
              89.27328672100003,
              22.852146673000107
            ],
            [
              89.27236930400005,
              22.852215598000043
            ],
            [
              89.27182092100009,
              22.852286760000027
            ],
            [
              89.27094883700005,
              22.85241149400008
            ],
            [
              89.2703938190001,
              22.852537671000107
            ],
            [
              89.26991760300012,
              22.852736474000153
            ],
            [
              89.26950078000004,
              22.852935546000083
            ],
            [
              89.26900417400014,
              22.853244911
            ],
            [
              89.26878540700011,
              22.853429082000048
            ],
            [
              89.26850766000013,
              22.853536204000022
            ],
            [
              89.26830957300012,
              22.85355561800003
            ],
            [
              89.26807230300005,
              22.85349806900018
            ],
            [
              89.26791411600004,
              22.85346120900016
            ],
            [
              89.2676766400001,
              22.853442052000048
            ],
            [
              89.26741917300018,
              22.853458932000024
            ],
            [
              89.26717161500017,
              22.853615872999967
            ],
            [
              89.26698254500013,
              22.853657908000173
            ],
            [
              89.26691667000011,
              22.85364044400012
            ],
            [
              89.266843849,
              22.853621138000165
            ],
            [
              89.26674555100004,
              22.85349196300001
            ],
            [
              89.26666753600011,
              22.853272550999975
            ],
            [
              89.26662969900008,
              22.853017479000016
            ],
            [
              89.26666989900019,
              22.85283220000008
            ],
            [
              89.2667695770001,
              22.852703938000104
            ],
            [
              89.26698815200012,
              22.852612355000076
            ],
            [
              89.26708792400007,
              22.852466026000116
            ],
            [
              89.2670885180001,
              22.852355372000034
            ],
            [
              89.26702980400006,
              22.852228639000145
            ],
            [
              89.26667334900014,
              22.85218860800012
            ],
            [
              89.2665098080002,
              22.85218785400002
            ],
            [
              89.26639618600018,
              22.852187331000096
            ],
            [
              89.26627769100008,
              22.85213258400006
            ],
            [
              89.26627847800006,
              22.851985802
            ],
            [
              89.266319054,
              22.85180306799998
            ],
            [
              89.26637953100015,
              22.85160011900018
            ],
            [
              89.26663817600013,
              22.851364175000185
            ],
            [
              89.26673815500016,
              22.851179458000104
            ],
            [
              89.266758934,
              22.850996632999966
            ],
            [
              89.26676041300004,
              22.85072113000018
            ],
            [
              89.26663163500007,
              22.8504025580001
            ],
            [
              89.26655613600013,
              22.850215787000025
            ],
            [
              89.26654548700003,
              22.85018944600006
            ],
            [
              89.2665493660001,
              22.850115230000142
            ],
            [
              89.26634165600012,
              22.84960139000009
            ],
            [
              89.26636371900008,
              22.849179195000033
            ],
            [
              89.26642449000008,
              22.84892203200019
            ],
            [
              89.26658532700014,
              22.84846434500008
            ],
            [
              89.26676656400014,
              22.84795029100019
            ],
            [
              89.26690819300018,
              22.84738185800012
            ],
            [
              89.26700923600009,
              22.84699841600019
            ],
            [
              89.26716927800004,
              22.84668751100014
            ],
            [
              89.26730835100011,
              22.846595563000164
            ],
            [
              89.26742732700018,
              22.846559977000084
            ],
            [
              89.26778357000006,
              22.846579681000094
            ],
            [
              89.26821900100009,
              22.846599749000177
            ],
            [
              89.26845665800016,
              22.84658277699998
            ],
            [
              89.2685163380001,
              22.846528850000084
            ],
            [
              89.26857749600003,
              22.846442557000103
            ],
            [
              89.26844675100011,
              22.846417842000108
            ],
            [
              89.26791254300014,
              22.846358929000132
            ],
            [
              89.26737822700017,
              22.846320338000055
            ],
            [
              89.26728003000017,
              22.846173102000137
            ],
            [
              89.26728131200008,
              22.8459337270001
            ],
            [
              89.26728236900004,
              22.845736414000044
            ],
            [
              89.26748123800007,
              22.84556880500014
            ],
            [
              89.26775917700007,
              22.845423296999968
            ],
            [
              89.26782443200005,
              22.845294876000082
            ],
            [
              89.26789922800003,
              22.845148432000087
            ],
            [
              89.2678810000001,
              22.84485477300018
            ],
            [
              89.26774714100014,
              22.843973429000073
            ],
            [
              89.2676705080001,
              22.84349658200017
            ],
            [
              89.26757280700014,
              22.843256756000017
            ],
            [
              89.26751647700007,
              22.84321838700015
            ],
            [
              89.26735583600004,
              22.84310896800008
            ],
            [
              89.26705927900008,
              22.843035338
            ],
            [
              89.26700354500008,
              22.843035083000075
            ],
            [
              89.26688080900004,
              22.843034514000124
            ],
            [
              89.26677856400005,
              22.843042926000123
            ],
            [
              89.26646489500013,
              22.843068733000052
            ],
            [
              89.26600938800016,
              22.843102768000108
            ],
            [
              89.26543480200007,
              22.843192704000046
            ],
            [
              89.26489970900008,
              22.84330089400015
            ],
            [
              89.26448310199999,
              22.843463822000103
            ],
            [
              89.26441145700005,
              22.843496509999966
            ],
            [
              89.26408619200004,
              22.843644910000023
            ],
            [
              89.26311251400011,
              22.84432014700019
            ],
            [
              89.26245058700016,
              22.844727584000054
            ],
            [
              89.26219851700006,
              22.844882740000116
            ],
            [
              89.26198183100007,
              22.845001110000112
            ],
            [
              89.26156314200017,
              22.845229829000118
            ],
            [
              89.26114662300006,
              22.84537468400015
            ],
            [
              89.26061162900004,
              22.84546253100001
            ],
            [
              89.25968129000006,
              22.84544014200003
            ],
            [
              89.25896587400001,
              22.845436811000013
            ],
            [
              89.25890922500002,
              22.845436549
            ],
            [
              89.25839421200016,
              22.845434152000053
            ],
            [
              89.25801777300018,
              22.845488852000187
            ],
            [
              89.25789829500007,
              22.84561701900003
            ],
            [
              89.25787711600003,
              22.84587210700016
            ],
            [
              89.2579351070001,
              22.84612981700019
            ],
            [
              89.25800544600014,
              22.846317359000068
            ],
            [
              89.25805219600011,
              22.84644200600013
            ],
            [
              89.25809049100019,
              22.846681560000093
            ],
            [
              89.2580691030002,
              22.846975039000142
            ],
            [
              89.2580672140001,
              22.847322801000132
            ],
            [
              89.25794684200008,
              22.847615816000086
            ],
            [
              89.25780667100014,
              22.847908738
            ],
            [
              89.25772579000011,
              22.848220001000072
            ],
            [
              89.25764470300004,
              22.8485696570001
            ],
            [
              89.25754472600005,
              22.848752111000067
            ],
            [
              89.25734475700011,
              22.84911927600018
            ],
            [
              89.25728848600016,
              22.84928481500009
            ],
            [
              89.25726428200011,
              22.849356018000037
            ],
            [
              89.25719785700005,
              22.84941668099998
            ],
            [
              89.25710510700014,
              22.849502064000035
            ],
            [
              89.25692662700015,
              22.849557686000026
            ],
            [
              89.25631222700014,
              22.849681281000016
            ],
            [
              89.25565832100017,
              22.849788881000052
            ],
            [
              89.2552621820002,
              22.84982315900004
            ],
            [
              89.25502491100019,
              22.849767853000117
            ],
            [
              89.25488732800005,
              22.849584286000095
            ],
            [
              89.2547223590002,
              22.849172511000063
            ],
            [
              89.25449755900007,
              22.84861342000005
            ],
            [
              89.25422292600018,
              22.84793038100014
            ],
            [
              89.25394848000019,
              22.847432274000028
            ],
            [
              89.2537511180002,
              22.8473206970001
            ],
            [
              89.25349395500018,
              22.84728336000012
            ],
            [
              89.25311781700015,
              22.847281592000172
            ],
            [
              89.25276157600007,
              22.847261858000138
            ],
            [
              89.25214757800006,
              22.8473131720001
            ],
            [
              89.25165266000016,
              22.847310846000084
            ],
            [
              89.2512569220001,
              22.84727285100007
            ],
            [
              89.25109884500006,
              22.847217911000143
            ],
            [
              89.25098086700007,
              22.847070567
            ],
            [
              89.25091385400009,
              22.846738289000086
            ],
            [
              89.2508910150001,
              22.846624755000107
            ],
            [
              89.25071105,
              22.84573014600005
            ],
            [
              89.25065338100012,
              22.84541597400016
            ],
            [
              89.25055191900009,
              22.845363912000153
            ],
            [
              89.25050478600019,
              22.84533972700018
            ],
            [
              89.25047570700019,
              22.845324806000065
            ],
            [
              89.25023815200018,
              22.845323685999972
            ],
            [
              89.25008028700017,
              22.845230355000183
            ],
            [
              89.25002169600003,
              22.845029094000154
            ],
            [
              89.2499638170001,
              22.84475331200008
            ],
            [
              89.2499328500001,
              22.844675574
            ],
            [
              89.24979105200009,
              22.84431962300016
            ],
            [
              89.24970875200006,
              22.84403642600006
            ],
            [
              89.24958431300013,
              22.84372404700008
            ],
            [
              89.24941127200015,
              22.843122531000063
            ],
            [
              89.24935410800003,
              22.842383805
            ],
            [
              89.24931194400011,
              22.842215510000017
            ],
            [
              89.24928473500006,
              22.84219355800019
            ],
            [
              89.249245557,
              22.84216195100015
            ],
            [
              89.24906809800018,
              22.842032392000192
            ],
            [
              89.24892123000006,
              22.84198374400006
            ],
            [
              89.24888138200015,
              22.84197054400005
            ],
            [
              89.24879145000017,
              22.841940756000042
            ],
            [
              89.2485940000002,
              22.84184723600015
            ],
            [
              89.24843614200012,
              22.841753900000015
            ],
            [
              89.24821929100017,
              22.841588023999975
            ],
            [
              89.24808182700019,
              22.84138639100007
            ],
            [
              89.24800415700014,
              22.841110515000025
            ],
            [
              89.24798716500015,
              22.840958310000133
            ],
            [
              89.2479098180001,
              22.840265473999978
            ],
            [
              89.24777820300011,
              22.839000221
            ],
            [
              89.24738896400015,
              22.83778569100008
            ],
            [
              89.24731689400005,
              22.83760843900012
            ],
            [
              89.24718523200016,
              22.837197612000182
            ],
            [
              89.2470909810001,
              22.836965803999988
            ],
            [
              89.24693132300018,
              22.836573128
            ],
            [
              89.24683011100018,
              22.836425865000024
            ],
            [
              89.2467938640001,
              22.836371493000115
            ],
            [
              89.24662680900008,
              22.836008207000077
            ],
            [
              89.24680653100017,
              22.83585679700019
            ],
            [
              89.24763627800019,
              22.83547917800007
            ],
            [
              89.24836029300013,
              22.835109751000175
            ],
            [
              89.24883399200013,
              22.834819946000096
            ],
            [
              89.24920124000016,
              22.834992848000184
            ],
            [
              89.24935905100017,
              22.835140448000118
            ],
            [
              89.24941088500003,
              22.83518892700016
            ],
            [
              89.24972299200016,
              22.83548083800008
            ],
            [
              89.24978547199999,
              22.83602763300007
            ],
            [
              89.2498821760002,
              22.836254742000165
            ],
            [
              89.25013004400012,
              22.836486567000065
            ],
            [
              89.25014721200012,
              22.83663681000013
            ],
            [
              89.25019252600009,
              22.837033362000057
            ],
            [
              89.25045171500017,
              22.837642056000163
            ],
            [
              89.250845185,
              22.837643906000153
            ],
            [
              89.25163148800016,
              22.83770857800016
            ],
            [
              89.25215621900014,
              22.83771104100009
            ],
            [
              89.25274807900007,
              22.837411211000187
            ],
            [
              89.25360248900006,
              22.837049377000085
            ],
            [
              89.25386536700017,
              22.836928663000037
            ],
            [
              89.25413088900012,
              22.83632243200003
            ],
            [
              89.25485532300019,
              22.835779320000086
            ],
            [
              89.25505503000011,
              22.835233754000058
            ],
            [
              89.25538601900001,
              22.834627825999974
            ],
            [
              89.25591437100007,
              22.833961844000157
            ],
            [
              89.25618021100018,
              22.833294636000176
            ],
            [
              89.25677271600011,
              22.832870587000173
            ],
            [
              89.25694580600003,
              22.83273815600012
            ],
            [
              89.2571678160001,
              22.832569821000163
            ],
            [
              89.25710402200019,
              22.83220368200017
            ],
            [
              89.25673325400004,
              22.831406450000088
            ],
            [
              89.256720014,
              22.831330463000086
            ],
            [
              89.25669693000003,
              22.831197969000186
            ],
            [
              89.25624329200019,
              22.83022253400003
            ],
            [
              89.25565707200019,
              22.829492633000086
            ],
            [
              89.25461328200015,
              22.828514436999967
            ],
            [
              89.25391773800015,
              22.82769597600003
            ],
            [
              89.25376757500004,
              22.827271822000114
            ],
            [
              89.25372198900004,
              22.827142889000186
            ],
            [
              89.25360791600008,
              22.82654145700019
            ],
            [
              89.25355895700005,
              22.82606322200013
            ],
            [
              89.25352188700015,
              22.825758292000103
            ],
            [
              89.25349317000018,
              22.82558105000004
            ],
            [
              89.25347308300002,
              22.82545707100013
            ],
            [
              89.25336978500019,
              22.824819518000083
            ],
            [
              89.25334544600003,
              22.824042768000083
            ],
            [
              89.25353362800018,
              22.823654230000102
            ],
            [
              89.25361062600012,
              22.82349524900019
            ],
            [
              89.2536126060001,
              22.82313167600006
            ],
            [
              89.25355065600013,
              22.823073397000087
            ],
            [
              89.25348233000017,
              22.82300911900012
            ],
            [
              89.25317277300007,
              22.822553142000118
            ],
            [
              89.253203584,
              22.822489528
            ],
            [
              89.25320556500009,
              22.822125954000114
            ],
            [
              89.25307529000008,
              22.82200339700006
            ],
            [
              89.25262004500013,
              22.82133281100016
            ],
            [
              89.25221174300015,
              22.820896675000142
            ],
            [
              89.2521634970002,
              22.820845140000017
            ],
            [
              89.25217061000018,
              22.820800593000172
            ],
            [
              89.25223160000007,
              22.82041864600012
            ],
            [
              89.25196945200008,
              22.820356440000126
            ],
            [
              89.25177572700011,
              22.819809028000122
            ],
            [
              89.25151520100002,
              22.819505198
            ],
            [
              89.25132248199998,
              22.81877486700006
            ],
            [
              89.25106163900017,
              22.818529747000014
            ],
            [
              89.2505379540001,
              22.81840533800016
            ],
            [
              89.24962488200003,
              22.817488700000126
            ],
            [
              89.24851174200012,
              22.81724181700008
            ],
            [
              89.24752955400004,
              22.816993290000028
            ],
            [
              89.24648977700008,
              22.816262588000143
            ],
            [
              89.24602770100006,
              22.815893184000117
            ],
            [
              89.2460351250001,
              22.81581643900006
            ],
            [
              89.2460971810001,
              22.81516409
            ],
            [
              89.24629856800016,
              22.814313674000175
            ],
            [
              89.24639541500011,
              22.81337990999998
            ],
            [
              89.246411685,
              22.813223039000093
            ],
            [
              89.246436442,
              22.812984347000054
            ],
            [
              89.24683490500001,
              22.812188912000067
            ],
            [
              89.24736390700014,
              22.811340039000072
            ],
            [
              89.24761864500005,
              22.81102959800006
            ],
            [
              89.24835405700014,
              22.810129758000187
            ],
            [
              89.2492764340002,
              22.80928273000012
            ],
            [
              89.25065828300018,
              22.80837688800011
            ],
            [
              89.25085264400019,
              22.808804617000078
            ],
            [
              89.25137530500018,
              22.809109683000088
            ],
            [
              89.25208492800004,
              22.80894422000017
            ],
            [
              89.25367284600014,
              22.80857395099997
            ],
            [
              89.25393559100013,
              22.80857518
            ],
            [
              89.25443074300006,
              22.808577496
            ],
            [
              89.25452508500001,
              22.808577937000166
            ],
            [
              89.2549852350001,
              22.808397169000102
            ],
            [
              89.25533812500015,
              22.80839881800017
            ],
            [
              89.25603416400008,
              22.808402067000145
            ],
            [
              89.2560973100002,
              22.80882917700012
            ],
            [
              89.25637697700012,
              22.80940748300003
            ],
            [
              89.25642130300008,
              22.809499141000174
            ],
            [
              89.25649700800005,
              22.80978532300003
            ],
            [
              89.25651710500017,
              22.809861295000076
            ],
            [
              89.25669499800006,
              22.810229145000164
            ],
            [
              89.25682833299999,
              22.810504855000033
            ],
            [
              89.25695693300014,
              22.810990986000036
            ],
            [
              89.25699655600016,
              22.81112835300013
            ],
            [
              89.25715012400008,
              22.811660598
            ],
            [
              89.25727664600004,
              22.81193899600015
            ],
            [
              89.25758764700015,
              22.81205643600009
            ],
            [
              89.25811161600006,
              22.812180822000073
            ],
            [
              89.2585063350001,
              22.811938763000057
            ],
            [
              89.25929315600013,
              22.81188144900011
            ],
            [
              89.26007995200018,
              22.811885102000133
            ],
            [
              89.26040951800013,
              22.811584023000023
            ],
            [
              89.26100128000002,
              22.811220925000157
            ],
            [
              89.26119600600015,
              22.81158766900012
            ],
            [
              89.26171703400013,
              22.812258535000012
            ],
            [
              89.26217131100015,
              22.813112013000136
            ],
            [
              89.26276108500008,
              22.813175715000057
            ],
            [
              89.26280924300016,
              22.81311044900019
            ],
            [
              89.26286089100017,
              22.813039003000142
            ],
            [
              89.2631574400001,
              22.812628784000026
            ],
            [
              89.26381430000009,
              22.81239018399998
            ],
            [
              89.2640989950001,
              22.812356222
            ],
            [
              89.26479845300008,
              22.812272779000125
            ],
            [
              89.2648317660001,
              22.812250348000134
            ],
            [
              89.2652793690001,
              22.811940745000015
            ],
            [
              89.26532196400012,
              22.81190151300018
            ],
            [
              89.2651957650001,
              22.811545186000046
            ],
            [
              89.26467341400013,
              22.811118218000104
            ],
            [
              89.26493688400006,
              22.81087553800006
            ],
            [
              89.26533060600013,
              22.810816379000073
            ],
            [
              89.2655253550002,
              22.811180861000025
            ],
            [
              89.26598551000012,
              22.810941347000096
            ],
            [
              89.2665111180001,
              22.810760845000118
            ],
            [
              89.26657552400013,
              22.81056953200016
            ],
            [
              89.26644955900008,
              22.810031135000145
            ],
            [
              89.26645477000005,
              22.809057835000033
            ],
            [
              89.26614967200004,
              22.808293226000103
            ],
            [
              89.26606658000009,
              22.80808498700003
            ],
            [
              89.26567840900003,
              22.807109878000063
            ],
            [
              89.26542114600016,
              22.806196345000103
            ],
            [
              89.26601351600016,
              22.80571354300008
            ],
            [
              89.26636316100002,
              22.80562241900003
            ],
            [
              89.26647331300012,
              22.805593711000142
            ],
            [
              89.26719657700005,
              22.805172479000078
            ],
            [
              89.26765672100015,
              22.804930696999975
            ],
            [
              89.26779054400009,
              22.804445779
            ],
            [
              89.26753196700014,
              22.803776141000014
            ],
            [
              89.26763695000017,
              22.803583273000072
            ],
            [
              89.26773060800014,
              22.803411209000046
            ],
            [
              89.26785468000008,
              22.803212563000102
            ],
            [
              89.2678162810002,
              22.803200463
            ],
            [
              89.26768699800004,
              22.80283628500007
            ],
            [
              89.26768927800009,
              22.802409477000083
            ],
            [
              89.26762419600004,
              22.802262526000106
            ],
            [
              89.2673655700001,
              22.801678563000053
            ],
            [
              89.2672817720001,
              22.80148187700007
            ],
            [
              89.26697706800013,
              22.800766689000056
            ],
            [
              89.26692491800009,
              22.800594084000068
            ],
            [
              89.26656998900012,
              22.799760998000068
            ],
            [
              89.2663124070001,
              22.79890843800007
            ],
            [
              89.26619598200017,
              22.798354082
            ],
            [
              89.26612061100002,
              22.7979952070001
            ],
            [
              89.26594185800008,
              22.797375612000053
            ],
            [
              89.26592751100003,
              22.797325864000015
            ],
            [
              89.26586451700018,
              22.797123695000096
            ],
            [
              89.26585114300013,
              22.797080774
            ],
            [
              89.26573415100006,
              22.796705301000145
            ],
            [
              89.26573704200018,
              22.79616560600016
            ],
            [
              89.265738193,
              22.795950765000043
            ],
            [
              89.265823991,
              22.795716368000114
            ],
            [
              89.26641499800013,
              22.79553616600009
            ],
            [
              89.2670704790001,
              22.795539181000095
            ],
            [
              89.26728758600007,
              22.795414391000065
            ],
            [
              89.26734811800009,
              22.795311325000057
            ],
            [
              89.26736430400018,
              22.79528376500008
            ],
            [
              89.26737773500014,
              22.795182250000153
            ],
            [
              89.26737850100005,
              22.795038851000072
            ],
            [
              89.26747650600004,
              22.794788346000075
            ],
            [
              89.26761371700013,
              22.794436443000166
            ],
            [
              89.26768575300002,
              22.79422167000007
            ],
            [
              89.2678153080002,
              22.794096787000115
            ],
            [
              89.2681187600001,
              22.79399062800013
            ],
            [
              89.26850582800012,
              22.79391472700013
            ],
            [
              89.26864772800013,
              22.79389147699999
            ],
            [
              89.26882219900011,
              22.793802650000032
            ],
            [
              89.26911339900005,
              22.79357693000003
            ],
            [
              89.26930126700012,
              22.793392562
            ],
            [
              89.26936676000014,
              22.793195683000192
            ],
            [
              89.26937479600008,
              22.79289696400008
            ],
            [
              89.26936892500004,
              22.79278938400006
            ],
            [
              89.26927982100011,
              22.792579847000184
            ],
            [
              89.26919716200013,
              22.792370338000183
            ],
            [
              89.26924947900011,
              22.792227175000164
            ],
            [
              89.26942464800015,
              22.792006898000125
            ],
            [
              89.26965124300011,
              22.791810756000075
            ],
            [
              89.2699490080002,
              22.79156116400003
            ],
            [
              89.27022010500013,
              22.791478753000035
            ],
            [
              89.27054253300014,
              22.791438402000153
            ],
            [
              89.27072325400013,
              22.791385452000043
            ],
            [
              89.27086556400013,
              22.79128452500015
            ],
            [
              89.27092419600001,
              22.791165291000027
            ],
            [
              89.271016288,
              22.790813179000054
            ],
            [
              89.27114713800017,
              22.79044331900019
            ],
            [
              89.27121903800008,
              22.79025244400009
            ],
            [
              89.27137474200003,
              22.79005597600019
            ],
            [
              89.27169726100016,
              22.789997697000047
            ],
            [
              89.27187062500008,
              22.790006951000123
            ],
            [
              89.27206447600008,
              22.790017299000112
            ],
            [
              89.27216735900015,
              22.790059594000127
            ],
            [
              89.27227790400013,
              22.790154417000053
            ],
            [
              89.27303574500002,
              22.79084390600019
            ],
            [
              89.2736644800001,
              22.791372581000132
            ],
            [
              89.27379820200014,
              22.791373190000115
            ],
            [
              89.27401246100004,
              22.791374165000093
            ],
            [
              89.27447606200013,
              22.79125254700017
            ],
            [
              89.27476143000007,
              22.791102717
            ],
            [
              89.27561337600008,
              22.790855632000103
            ],
            [
              89.27660620600017,
              22.790776485000038
            ],
            [
              89.27703541300002,
              22.790838795000013
            ],
            [
              89.27725221800011,
              22.790777317999982
            ],
            [
              89.27762588000013,
              22.790494300000034
            ],
            [
              89.27806659200019,
              22.790018284000098
            ],
            [
              89.27837111700006,
              22.78982901200004
            ],
            [
              89.27846744300007,
              22.78976914200007
            ],
            [
              89.27918935500009,
              22.789434239000173
            ],
            [
              89.279998051,
              22.78936628800011
            ],
            [
              89.28075510000008,
              22.78950294200007
            ],
            [
              89.28176743200015,
              22.789435241999968
            ],
            [
              89.2822919800002,
              22.78943760200019
            ],
            [
              89.2831364860001,
              22.789326224000035
            ],
            [
              89.28402520000009,
              22.790018998000164
            ],
            [
              89.28447312100013,
              22.7904704070001
            ],
            [
              89.28540934000006,
              22.790872065000087
            ],
            [
              89.28618688600005,
              22.790875545000063
            ],
            [
              89.28658776200018,
              22.791125751000152
            ],
            [
              89.28703898000003,
              22.79199947100011
            ],
            [
              89.2873565180002,
              22.79282065400014
            ],
            [
              89.2878342940001,
              22.79374191400018
            ],
            [
              89.28809488700011,
              22.79391808300005
            ],
            [
              89.28839055900005,
              22.794558269000106
            ],
            [
              89.28858233600005,
              22.794857882000144
            ],
            [
              89.28882634800016,
              22.79506347900019
            ],
            [
              89.28890315600012,
              22.795128194000085
            ],
            [
              89.28925771600012,
              22.795294544
            ],
            [
              89.28948175,
              22.795399653000118
            ],
            [
              89.29006173800002,
              22.79540223600003
            ],
            [
              89.29048139100001,
              22.795254725000177
            ],
            [
              89.29093388300015,
              22.794987856000034
            ],
            [
              89.29128970900013,
              22.79472055600013
            ],
            [
              89.29151649400012,
              22.79448255800014
            ],
            [
              89.29171182800013,
              22.794095041000162
            ],
            [
              89.29187494000013,
              22.793707380000114
            ],
            [
              89.29223399900008,
              22.792812703000095
            ],
            [
              89.29269510800015,
              22.79087282500018
            ],
            [
              89.29282753400008,
              22.790186270000106
            ],
            [
              89.29315204700004,
              22.78973957300019
            ],
            [
              89.29350770100012,
              22.789502142000174
            ],
            [
              89.2941536420002,
              22.789206244000013
            ],
            [
              89.29467008600011,
              22.789029274000143
            ],
            [
              89.29521859600004,
              22.78888231900015
            ],
            [
              89.2953912480001,
              22.788847181000108
            ],
            [
              89.29679906400008,
              22.788560660000087
            ],
            [
              89.29841266300008,
              22.788059877000137
            ],
            [
              89.29871999500011,
              22.787817954000104
            ],
            [
              89.29884385600013,
              22.787720454
            ],
            [
              89.29886557400016,
              22.787703358000044
            ],
            [
              89.29902141700018,
              22.787197402000118
            ],
            [
              89.29877738900007,
              22.786928560000035
            ],
            [
              89.29866673400005,
              22.786837741000113
            ],
            [
              89.29825649600002,
              22.78663043299997
            ],
            [
              89.29777418200013,
              22.786348281000073
            ],
            [
              89.29766885800007,
              22.786286841000162
            ],
            [
              89.29733802200008,
              22.786149887000192
            ],
            [
              89.29722787400004,
              22.78607939600016
            ],
            [
              89.29708175500008,
              22.78583937200017
            ],
            [
              89.2969726460002,
              22.78556563700016
            ],
            [
              89.29697319899998,
              22.785457620000045
            ],
            [
              89.29697368800015,
              22.78536239200014
            ],
            [
              89.29697544800007,
              22.7850191390001
            ],
            [
              89.2970142040001,
              22.78464443200005
            ],
            [
              89.29712611300005,
              22.78437167000004
            ],
            [
              89.29727415000013,
              22.784236824000118
            ],
            [
              89.2976068960001,
              22.78399891000015
            ],
            [
              89.29794653500005,
              22.783792736000123
            ],
            [
              89.29816083000014,
              22.783728093000036
            ],
            [
              89.29852989200009,
              22.78359195900009
            ],
            [
              89.298973316,
              22.783320653000033
            ],
            [
              89.29949058500011,
              22.78301579500004
            ],
            [
              89.29990068800004,
              22.78260694800008
            ],
            [
              89.29993488100007,
              22.78257285899997
            ],
            [
              89.300305493,
              22.782131856000035
            ],
            [
              89.30032925400013,
              22.781829976999973
            ],
            [
              89.30034618400009,
              22.781614883000145
            ],
            [
              89.30045472500012,
              22.781200251000087
            ],
            [
              89.3005327780001,
              22.780902076000018
            ],
            [
              89.30064589500012,
              22.78038993900003
            ],
            [
              89.30061079800015,
              22.78004878000013
            ],
            [
              89.30050273600011,
              22.77956954600012
            ],
            [
              89.30039397200017,
              22.779228063000176
            ],
            [
              89.30021153600018,
              22.778886260000036
            ],
            [
              89.30011163000006,
              22.778635613000176
            ],
            [
              89.29999331800002,
              22.778338792000056
            ],
            [
              89.29997402300012,
              22.778274954000096
            ],
            [
              89.29992088000006,
              22.778099121000025
            ],
            [
              89.29984842400012,
              22.77785939400019
            ],
            [
              89.2998419320001,
              22.777830604000087
            ],
            [
              89.29974036400006,
              22.777380162000156
            ],
            [
              89.2996355680001,
              22.77705996900005
            ],
            [
              89.29959722000012,
              22.776558096000144
            ],
            [
              89.29956516200014,
              22.776138521000178
            ],
            [
              89.29969570700018,
              22.775810459000013
            ],
            [
              89.29971567500007,
              22.77545683400018
            ],
            [
              89.29973112500011,
              22.775183222000067
            ],
            [
              89.29945254800003,
              22.773669620000078
            ],
            [
              89.29945344600014,
              22.77331334700017
            ],
            [
              89.29945611600016,
              22.77225418400002
            ],
            [
              89.29961841700003,
              22.772015890000034
            ],
            [
              89.30007492700014,
              22.770942362000028
            ],
            [
              89.30043036700005,
              22.770734789000187
            ],
            [
              89.30097940500019,
              22.770468311000172
            ],
            [
              89.30191639800017,
              22.769934646000138
            ],
            [
              89.30272436900015,
              22.769430288000137
            ],
            [
              89.30411296900013,
              22.76877907800008
            ],
            [
              89.30566157700014,
              22.768337683000084
            ],
            [
              89.3062178620001,
              22.76810477099997
            ],
            [
              89.30679152600015,
              22.767864580000094
            ],
            [
              89.30753398299998,
              22.767569043000094
            ],
            [
              89.3087300050002,
              22.76676757600012
            ],
            [
              89.30960386500004,
              22.765964709
            ],
            [
              89.31028562700016,
              22.764921997999977
            ],
            [
              89.31077379400011,
              22.76393820100003
            ],
            [
              89.31109908500014,
              22.763312210000038
            ],
            [
              89.3113403390002,
              22.762729112000102
            ],
            [
              89.31155562400016,
              22.762208771000132
            ],
            [
              89.31201066000011,
              22.761404081000137
            ],
            [
              89.31211029400004,
              22.760806992000028
            ],
            [
              89.31176043500011,
              22.75990920600003
            ],
            [
              89.31153988400007,
              22.75892235000009
            ],
            [
              89.3113176870001,
              22.758264121000025
            ],
            [
              89.3108389890001,
              22.757365778000064
            ],
            [
              89.3106815230002,
              22.756648076000033
            ],
            [
              89.31042952100012,
              22.75551170200015
            ],
            [
              89.3104314700002,
              22.755123323000078
            ],
            [
              89.31049919300006,
              22.75446634400015
            ],
            [
              89.31059897800003,
              22.75383938000016
            ],
            [
              89.31068055400004,
              22.753303196
            ],
            [
              89.31069891100003,
              22.753182540000125
            ],
            [
              89.31109359499999,
              22.75234827100013
            ],
            [
              89.31125703800012,
              22.75200278900013
            ],
            [
              89.3114765700002,
              22.751500131000114
            ],
            [
              89.31152213500013,
              22.75139644300009
            ],
            [
              89.31178600600003,
              22.75103399
            ],
            [
              89.31172131600016,
              22.750884663000022
            ],
            [
              89.31173025100009,
              22.750554696000165
            ],
            [
              89.31164365700005,
              22.75044961400016
            ],
            [
              89.31160776799999,
              22.750262018000114
            ],
            [
              89.3114983980002,
              22.750040233000107
            ],
            [
              89.31144442900006,
              22.749816426000166
            ],
            [
              89.31144492900012,
              22.7497167680001
            ],
            [
              89.31144597000014,
              22.74950930200015
            ],
            [
              89.31159455500006,
              22.749254751000137
            ],
            [
              89.31179806800014,
              22.74903205600009
            ],
            [
              89.31209429600011,
              22.74871039100003
            ],
            [
              89.31263065500019,
              22.74826781300004
            ],
            [
              89.31320361500013,
              22.747809579000148
            ],
            [
              89.31372097500014,
              22.74745273000019
            ],
            [
              89.3141091970001,
              22.747113392000188
            ],
            [
              89.31433151600015,
              22.7468410890001
            ],
            [
              89.31451769600011,
              22.7464308750001
            ],
            [
              89.31468577000015,
              22.745988966000027
            ],
            [
              89.31476053600011,
              22.745765712000036
            ],
            [
              89.31490979800003,
              22.745373402000098
            ],
            [
              89.31506761700018,
              22.745218257000147
            ],
            [
              89.31515019400018,
              22.745137311000178
            ],
            [
              89.31539846500004,
              22.74499091000007
            ],
            [
              89.31572225200011,
              22.74491618899998
            ],
            [
              89.31614559400015,
              22.744917999000165
            ],
            [
              89.31632972000011,
              22.74491878800012
            ],
            [
              89.31675327600016,
              22.7449386670001
            ],
            [
              89.31715801700017,
              22.745008145000156
            ],
            [
              89.3176177580001,
              22.745095927000136
            ],
            [
              89.31804140300005,
              22.745097737000094
            ],
            [
              89.31851887500011,
              22.745065649000082
            ],
            [
              89.31891751800015,
              22.744949457000075
            ],
            [
              89.31903988400018,
              22.74489273300003
            ],
            [
              89.31918119900001,
              22.744786983000154
            ],
            [
              89.3193787140001,
              22.744578693000165
            ],
            [
              89.3195086930001,
              22.744349201000148
            ],
            [
              89.31958991300007,
              22.74420913
            ],
            [
              89.31964885100018,
              22.744015186000127
            ],
            [
              89.31972699700009,
              22.743634066000027
            ],
            [
              89.31976001000004,
              22.743422720000126
            ],
            [
              89.31978095500011,
              22.74335588600013
            ],
            [
              89.31987658200012,
              22.74326253600003
            ],
            [
              89.32004972400006,
              22.743091597000046
            ],
            [
              89.32032926200009,
              22.742947126000047
            ],
            [
              89.32062837800015,
              22.74290537600018
            ],
            [
              89.32116068900001,
              22.74294002500011
            ],
            [
              89.3214975050002,
              22.742958014000067
            ],
            [
              89.32142368200005,
              22.742499261000034
            ],
            [
              89.32113279800012,
              22.741745999000045
            ],
            [
              89.3209170840002,
              22.74068593200019
            ],
            [
              89.32088244400018,
              22.740243152000176
            ],
            [
              89.32099680000005,
              22.739457742000184
            ],
            [
              89.32107348,
              22.738843804
            ],
            [
              89.32129678600018,
              22.73836598700018
            ],
            [
              89.32163106400014,
              22.737787017000073
            ],
            [
              89.32199865500007,
              22.73747131700003
            ],
            [
              89.322185778,
              22.737310609000076
            ],
            [
              89.32262917000014,
              22.737005355000065
            ],
            [
              89.32325668000016,
              22.736700883000083
            ],
            [
              89.3238107160002,
              22.73635996100012
            ],
            [
              89.32425394000006,
              22.736088577000032
            ],
            [
              89.32466241500003,
              22.73588931600017
            ],
            [
              89.32480762700015,
              22.73581766100017
            ],
            [
              89.32500590100005,
              22.735691686000166
            ],
            [
              89.32528783300012,
              22.73551255600006
            ],
            [
              89.325731217,
              22.735207296000056
            ],
            [
              89.32599001300014,
              22.734935130000054
            ],
            [
              89.3262864290001,
              22.734561496000083
            ],
            [
              89.32650371400007,
              22.734189788000037
            ],
            [
              89.32654636700016,
              22.734117703000038
            ],
            [
              89.32683628200004,
              22.733703032000108
            ],
            [
              89.32688011200014,
              22.733640342000058
            ],
            [
              89.32700731000017,
              22.733331486999987
            ],
            [
              89.32710372300005,
              22.733094770000037
            ],
            [
              89.32716702800008,
              22.73297864600005
            ],
            [
              89.32740097400006,
              22.73254950400002
            ],
            [
              89.3276995600001,
              22.731730987000105
            ],
            [
              89.32818258000009,
              22.730845494999983
            ],
            [
              89.32877488900016,
              22.73019984200016
            ],
            [
              89.3288836050001,
              22.730111620000116
            ],
            [
              89.32940335600017,
              22.72968984100015
            ],
            [
              89.32999449100015,
              22.729283561000102
            ],
            [
              89.33033331500013,
              22.72913367600006
            ],
            [
              89.33099083100018,
              22.72884284500003
            ],
            [
              89.33177237299998,
              22.728328954000062
            ],
            [
              89.331776967,
              22.727382734000116
            ],
            [
              89.33158274600004,
              22.72689638100013
            ],
            [
              89.3311309570002,
              22.725496585000087
            ],
            [
              89.33067798200011,
              22.72427970800004
            ],
            [
              89.33052241300015,
              22.72395053600019
            ],
            [
              89.33037726900005,
              22.72364342200018
            ],
            [
              89.33002745400012,
              22.72364858000003
            ],
            [
              89.32981415600005,
              22.723007140999982
            ],
            [
              89.3296105600001,
              22.722490028000095
            ],
            [
              89.32940538100007,
              22.72229796000005
            ],
            [
              89.3292102760002,
              22.72215373500012
            ],
            [
              89.32907775000007,
              22.721856808000155
            ],
            [
              89.32901740900013,
              22.7215506230001
            ],
            [
              89.32897805200014,
              22.721476768000116
            ],
            [
              89.32874168000012,
              22.721033206000186
            ],
            [
              89.32869131900014,
              22.720793985000057
            ],
            [
              89.32862999900004,
              22.720688564000113
            ],
            [
              89.3281135410001,
              22.72047675300007
            ],
            [
              89.32790105500015,
              22.720283563000066
            ],
            [
              89.32785924400014,
              22.72024554900014
            ],
            [
              89.32767458900003,
              22.72007268600015
            ],
            [
              89.3276343490001,
              22.719871749000106
            ],
            [
              89.32753251000008,
              22.719622751000088
            ],
            [
              89.32743011100007,
              22.719488476000095
            ],
            [
              89.32716492600008,
              22.719566083000018
            ],
            [
              89.32706928500005,
              22.71951563900012
            ],
            [
              89.32696777600012,
              22.71919971900013
            ],
            [
              89.32689643300017,
              22.71903689200002
            ],
            [
              89.32695322000012,
              22.718990491
            ],
            [
              89.32698955500001,
              22.718960801000037
            ],
            [
              89.32702896600017,
              22.718958817000043
            ],
            [
              89.32716479000004,
              22.718951979000053
            ],
            [
              89.32726937600017,
              22.718731601000115
            ],
            [
              89.32738544,
              22.718496062000042
            ],
            [
              89.32757313899998,
              22.718109276
            ],
            [
              89.32768152000017,
              22.718073881
            ],
            [
              89.32775209400018,
              22.717866239999978
            ],
            [
              89.3278611400001,
              22.71769461100007
            ],
            [
              89.32801711500014,
              22.7176475550001
            ],
            [
              89.32867913000013,
              22.717706357000168
            ],
            [
              89.32933425100003,
              22.717709108000122
            ],
            [
              89.32987667499998,
              22.71760975400008
            ],
            [
              89.32998996800006,
              22.717589906000057
            ],
            [
              89.33057996200017,
              22.717531399999984
            ],
            [
              89.33084549600011,
              22.716803071000072
            ],
            [
              89.33084760400016,
              22.716369479000036
            ],
            [
              89.33181149600011,
              22.71538435700006
            ],
            [
              89.3338918440001,
              22.715393039000105
            ],
            [
              89.33481018600008,
              22.715453317000083
            ],
            [
              89.33672779400013,
              22.71557871400006
            ],
            [
              89.33937730700006,
              22.715239640999982
            ],
            [
              89.33972659000005,
              22.714929431000087
            ],
            [
              89.33993749000012,
              22.714352168
            ],
            [
              89.34067144400012,
              22.713026242000126
            ],
            [
              89.34087799900004,
              22.712653084000124
            ],
            [
              89.34217747700012,
              22.710305422000033
            ],
            [
              89.34247026200006,
              22.71003562499999
            ],
            [
              89.34454749999998,
              22.70812456200008
            ],
            [
              89.34614793700018,
              22.707166799000163
            ],
            [
              89.34781560100015,
              22.706721938000044
            ],
            [
              89.35010788500006,
              22.70628185800001
            ],
            [
              89.35113139200013,
              22.705967589000068
            ],
            [
              89.35177552800013,
              22.705771463000133
            ],
            [
              89.35351372900016,
              22.705071634999968
            ],
            [
              89.35414017900013,
              22.704687987000057
            ],
            [
              89.3547690380002,
              22.703723955000044
            ],
            [
              89.35519188400019,
              22.702375170000096
            ],
            [
              89.35506189000006,
              22.700506994000023
            ],
            [
              89.35506489400012,
              22.699865366000097
            ],
            [
              89.35507154300007,
              22.698445164000134
            ],
            [
              89.35507907100015,
              22.696837249000055
            ],
            [
              89.35534402100006,
              22.695871744000044
            ],
            [
              89.35536135400014,
              22.69580858100005
            ],
            [
              89.35612708900004,
              22.69529676100018
            ],
            [
              89.35652792000008,
              22.69507027900005
            ],
            [
              89.3567528850001,
              22.694976335000092
            ],
            [
              89.36191861100014,
              22.69352457100007
            ],
            [
              89.36217237100016,
              22.693453314000124
            ],
            [
              89.36481828300003,
              22.691568659999973
            ],
            [
              89.36648872100005,
              22.690378775000056
            ],
            [
              89.3686617250001,
              22.689046761000156
            ],
            [
              89.3690365000001,
              22.68881702400006
            ],
            [
              89.36982848800011,
              22.688332338000066
            ],
            [
              89.37028193200013,
              22.688167004000093
            ],
            [
              89.37191348400012,
              22.687568177000173
            ],
            [
              89.37413690200003,
              22.68693325200013
            ],
            [
              89.37580771600011,
              22.685652514000026
            ],
            [
              89.37636824000009,
              22.684475837000093
            ],
            [
              89.37678839500018,
              22.683594455000048
            ],
            [
              89.37767675700013,
              22.68115662600019
            ],
            [
              89.37791239900008,
              22.68050939200009
            ],
            [
              89.37917537800001,
              22.67742260200015
            ],
            [
              89.37939501100016,
              22.67722020000008
            ],
            [
              89.37959325800017,
              22.67703804300004
            ],
            [
              89.38118356400008,
              22.675941184000123
            ],
            [
              89.38126362400016,
              22.67588596400003
            ],
            [
              89.38152687500019,
              22.67579213100015
            ],
            [
              89.38191841000014,
              22.675653302000114
            ],
            [
              89.38557180900017,
              22.674357832000055
            ],
            [
              89.38821279500002,
              22.673338130000047
            ],
            [
              89.39140548000012,
              22.673092840000038
            ],
            [
              89.392882133,
              22.67292687000014
            ],
            [
              89.39473900200011,
              22.67271967300013
            ],
            [
              89.39709823400005,
              22.672599844000104
            ],
            [
              89.39793248000018,
              22.6722168
            ],
            [
              89.39849042800017,
              22.671575263000136
            ],
            [
              89.39882835700013,
              22.671369237000135
            ],
            [
              89.3989334310001,
              22.671579995000172
            ],
            [
              89.39900321900006,
              22.671719084000017
            ],
            [
              89.39936850200013,
              22.672289563000106
            ],
            [
              89.3997036900002,
              22.672568088000105
            ],
            [
              89.39973433700015,
              22.672593555
            ],
            [
              89.39981016600012,
              22.672783542
            ],
            [
              89.39986880100008,
              22.672928645000013
            ],
            [
              89.40012096600009,
              22.67355267300013
            ],
            [
              89.40064091099998,
              22.673570753000035
            ],
            [
              89.40084501300004,
              22.673577850000186
            ],
            [
              89.40130106400017,
              22.67353653300006
            ],
            [
              89.40232893600012,
              22.67348300900005
            ],
            [
              89.40248942300019,
              22.673469758000124
            ],
            [
              89.40365839000003,
              22.67337323700002
            ],
            [
              89.40490285100003,
              22.673263140000074
            ],
            [
              89.40556751500014,
              22.673222586000122
            ],
            [
              89.40713747000012,
              22.672884225000075
            ],
            [
              89.40811251300005,
              22.67253648200017
            ],
            [
              89.40927314000004,
              22.67215356500003
            ],
            [
              89.41008496700016,
              22.672027490000175
            ],
            [
              89.41065448200015,
              22.67197052300014
            ],
            [
              89.41132947200003,
              22.67190300100009
            ],
            [
              89.41238777900008,
              22.671957080000027
            ],
            [
              89.41353844200017,
              22.672178138
            ],
            [
              89.41398586900016,
              22.672264092000034
            ],
            [
              89.41636269100019,
              22.673390626000128
            ],
            [
              89.41665391300012,
              22.673528652000186
            ],
            [
              89.41862718800007,
              22.674654411000176
            ],
            [
              89.41915040200018,
              22.67491168100014
            ],
            [
              89.42002283500017,
              22.675340660000188
            ],
            [
              89.42089516200014,
              22.67553024600005
            ],
            [
              89.42129074500008,
              22.675591597000107
            ],
            [
              89.42158936100009,
              22.675637908000112
            ],
            [
              89.42175427500007,
              22.675666361000083
            ],
            [
              89.42209976600014,
              22.675713858000165
            ],
            [
              89.4226252680001,
              22.675694243000066
            ],
            [
              89.42317434000006,
              22.67558149500013
            ],
            [
              89.42374787900019,
              22.67516050500012
            ],
            [
              89.42429601100002,
              22.67430419200008
            ],
            [
              89.42463505500001,
              22.673643567
            ],
            [
              89.4247828570002,
              22.67271360600006
            ],
            [
              89.4248730990002,
              22.67214580500007
            ],
            [
              89.42510305300004,
              22.670734060000086
            ],
            [
              89.42537446,
              22.66874098599999
            ],
            [
              89.42538998300017,
              22.668626987000096
            ],
            [
              89.42539637000004,
              22.666667588000053
            ],
            [
              89.42536125800018,
              22.666557421999983
            ],
            [
              89.42526082300014,
              22.666135548000113
            ],
            [
              89.42526138100015,
              22.66600151800003
            ],
            [
              89.4252223250001,
              22.66590561099997
            ],
            [
              89.42521774400018,
              22.665870041000062
            ],
            [
              89.42515995700012,
              22.66542138300008
            ],
            [
              89.42493126300019,
              22.664679620000072
            ],
            [
              89.4248871150001,
              22.66445837200007
            ],
            [
              89.42493382800018,
              22.66406416700005
            ],
            [
              89.42502560800011,
              22.66367012400019
            ],
            [
              89.42488827300019,
              22.662635895000165
            ],
            [
              89.42470305700016,
              22.662276709000082
            ],
            [
              89.4246817940001,
              22.66220739400012
            ],
            [
              89.42462048100009,
              22.662007522000124
            ],
            [
              89.42458307200008,
              22.661714596000024
            ],
            [
              89.42461004500012,
              22.66142189900006
            ],
            [
              89.42463854900012,
              22.661281648000113
            ],
            [
              89.42454914400014,
              22.66009937700005
            ],
            [
              89.42456812800009,
              22.659923287000083
            ],
            [
              89.42455256500011,
              22.65976652100005
            ],
            [
              89.42453524300015,
              22.65928843000006
            ],
            [
              89.42460111900004,
              22.658930146000046
            ],
            [
              89.4247699280001,
              22.658590157000106
            ],
            [
              89.42480947000018,
              22.658555510000156
            ],
            [
              89.42487378400017,
              22.65838736699999
            ],
            [
              89.4249780790002,
              22.65827151100018
            ],
            [
              89.42528127300005,
              22.65793470200009
            ],
            [
              89.42568618300015,
              22.657631545000186
            ],
            [
              89.42597135,
              22.657368912000038
            ],
            [
              89.42658517000018,
              22.657143012000176
            ],
            [
              89.42799539700007,
              22.657035133000022
            ],
            [
              89.42949211700011,
              22.65682592400003
            ],
            [
              89.42958980700018,
              22.656812721000108
            ],
            [
              89.43222459900005,
              22.65699371500017
            ],
            [
              89.4330348000002,
              22.657161447000192
            ],
            [
              89.433891302,
              22.65784605100015
            ],
            [
              89.43388878200017,
              22.659483820000048
            ],
            [
              89.43388163700018,
              22.660484258000054
            ],
            [
              89.433539284,
              22.661117655000112
            ],
            [
              89.43292753500015,
              22.66224467900014
            ],
            [
              89.43202052500004,
              22.664971847000174
            ],
            [
              89.43142207300008,
              22.666776423999977
            ],
            [
              89.43100841400008,
              22.668023839000114
            ],
            [
              89.43095237700015,
              22.668873217000055
            ],
            [
              89.43085915500006,
              22.67028620200017
            ],
            [
              89.43114444600013,
              22.67219156900012
            ],
            [
              89.43125466200019,
              22.67292765000002
            ],
            [
              89.43197656600006,
              22.673940927000103
            ],
            [
              89.43206279900016,
              22.674061962999986
            ],
            [
              89.43273506200012,
              22.67532226100019
            ],
            [
              89.43451029400006,
              22.677715639000155
            ],
            [
              89.43480316800014,
              22.67811051300015
            ],
            [
              89.4368622450001,
              22.68088663300017
            ],
            [
              89.43731666000014,
              22.681499273000043
            ],
            [
              89.43906336200001,
              22.683895851999978
            ],
            [
              89.4424734230002,
              22.68857436600001
            ],
            [
              89.44365241300005,
              22.690193574999967
            ],
            [
              89.4440512770002,
              22.69069469800013
            ],
            [
              89.44623614300014,
              22.693430884000065
            ],
            [
              89.4479465770001,
              22.695572827000092
            ],
            [
              89.44840050600004,
              22.696141259000058
            ],
            [
              89.44954029900015,
              22.697568538000098
            ],
            [
              89.44964158700014,
              22.697695373000045
            ],
            [
              89.44969726900013,
              22.697765098000048
            ],
            [
              89.4503459410002,
              22.69857726400005
            ],
            [
              89.45120323300006,
              22.699650615000166
            ],
            [
              89.45144653400018,
              22.699934972000165
            ],
            [
              89.45344719600018,
              22.702273179000088
            ],
            [
              89.45487362700015,
              22.7039402100001
            ],
            [
              89.45490276900011,
              22.703973685000108
            ],
            [
              89.45502373800008,
              22.704115089000084
            ],
            [
              89.45659894900012,
              22.705956345000175
            ],
            [
              89.45754269000014,
              22.70721745900005
            ],
            [
              89.45862286800013,
              22.70760052600008
            ],
            [
              89.45884803400014,
              22.707599027000015
            ],
            [
              89.45916478600003,
              22.707597843000087
            ],
            [
              89.45984239100005,
              22.707600133000142
            ],
            [
              89.4611976020002,
              22.707604700000047
            ],
            [
              89.46393791000008,
              22.706579573000056
            ],
            [
              89.46418549900005,
              22.706484422000074
            ],
            [
              89.465949943,
              22.70586136300011
            ],
            [
              89.46689634800009,
              22.705866778000143
            ],
            [
              89.46753676900005,
              22.706040548000146
            ],
            [
              89.46825497000003,
              22.706243933000167
            ],
            [
              89.46865302500004,
              22.708512665000114
            ],
            [
              89.46864031800015,
              22.71148536900006
            ],
            [
              89.46863423000019,
              22.71290965900016
            ],
            [
              89.46794910800014,
              22.714924108000105
            ],
            [
              89.46768284400014,
              22.715792697000097
            ],
            [
              89.46704368100012,
              22.717903686000056
            ],
            [
              89.46657689400013,
              22.71944531700018
            ],
            [
              89.46618090900012,
              22.721587189000104
            ],
            [
              89.46574503000005,
              22.72396831500015
            ],
            [
              89.46456011300012,
              22.72731577400009
            ],
            [
              89.46431486800003,
              22.728010528000027
            ],
            [
              89.46410161800014,
              22.728615058000116
            ],
            [
              89.46354451500014,
              22.732255935000182
            ],
            [
              89.46343107600006,
              22.732528857000034
            ],
            [
              89.46281878600001,
              22.73400194600015
            ],
            [
              89.46244683300006,
              22.734896797000033
            ],
            [
              89.46226580000013,
              22.73507460600007
            ],
            [
              89.46040786100014,
              22.736899419000167
            ],
            [
              89.46121411700005,
              22.73928968600012
            ],
            [
              89.46323659900003,
              22.742062988999976
            ],
            [
              89.46455537200018,
              22.742523602000176
            ],
            [
              89.46580396400009,
              22.74295461200012
            ],
            [
              89.46642086600019,
              22.743821630000127
            ],
            [
              89.46661278000005,
              22.74409101400005
            ],
            [
              89.46715123200005,
              22.74509778300012
            ],
            [
              89.46741333700015,
              22.747361540999975
            ],
            [
              89.4674085310001,
              22.74860136500007
            ],
            [
              89.46740749000008,
              22.748870108
            ],
            [
              89.46807800100004,
              22.750758075000192
            ],
            [
              89.47039577300018,
              22.7534396800001
            ],
            [
              89.47091243,
              22.7540376
            ],
            [
              89.47164614400015,
              22.755180502000087
            ],
            [
              89.47212540700008,
              22.755927347000124
            ],
            [
              89.47319832700003,
              22.75894806300016
            ],
            [
              89.47305291800018,
              22.76146340100007
            ],
            [
              89.47238614700018,
              22.76261296200005
            ],
            [
              89.471961137,
              22.7633455240001
            ],
            [
              89.47113617900015,
              22.766359964000117
            ],
            [
              89.47085769400013,
              22.768244770000138
            ],
            [
              89.4718577380001,
              22.769413397999983
            ],
            [
              89.47342709700018,
              22.770014788000026
            ],
            [
              89.47600154899999,
              22.770400405000032
            ],
            [
              89.47622011600004,
              22.77111928400012
            ],
            [
              89.47680517000015,
              22.773043065000024
            ],
            [
              89.4776022910001,
              22.77732075
            ],
            [
              89.47879176000004,
              22.77978625100019
            ],
            [
              89.47948588800011,
              22.781224832000078
            ],
            [
              89.48061219700008,
              22.782217662
            ],
            [
              89.481918453,
              22.78336915600005
            ],
            [
              89.48340640200013,
              22.784381208000127
            ],
            [
              89.48355618600004,
              22.784641462000025
            ],
            [
              89.48434919200014,
              22.786019310000142
            ],
            [
              89.48298183100007,
              22.789032049000127
            ],
            [
              89.48237611700006,
              22.78990929300005
            ],
            [
              89.48107433000007,
              22.791794600000173
            ],
            [
              89.48134171200019,
              22.79242103500019
            ],
            [
              89.48215315400017,
              22.793051495000157
            ],
            [
              89.4833580990001,
              22.79473981700005
            ],
            [
              89.48350210800004,
              22.794941594000136
            ],
            [
              89.4845802860001,
              22.796706600000164
            ],
            [
              89.48511624100007,
              22.798467591000076
            ],
            [
              89.48513371200005,
              22.798853991999977
            ],
            [
              89.48518398900018,
              22.799965998000175
            ],
            [
              89.48524134100012,
              22.801234477000037
            ],
            [
              89.48564134100019,
              22.80312375300008
            ],
            [
              89.48577447900004,
              22.80375200300017
            ],
            [
              89.48549941200008,
              22.804756085000122
            ],
            [
              89.48540348300008,
              22.80486469800013
            ],
            [
              89.48482117100019,
              22.805523993000065
            ],
            [
              89.48521678300006,
              22.807772332000184
            ],
            [
              89.48494027700008,
              22.809155806999968
            ],
            [
              89.48547525400005,
              22.809405955000102
            ],
            [
              89.48578443600007,
              22.809375335000027
            ],
            [
              89.4861414470002,
              22.80933809300018
            ],
            [
              89.48650958400003,
              22.809339279000085
            ],
            [
              89.48701074100018,
              22.809202685000116
            ],
            [
              89.48712377200019,
              22.809171877999972
            ],
            [
              89.4878000270001,
              22.80877432600016
            ],
            [
              89.48816879200018,
              22.80860613400006
            ],
            [
              89.48878171400008,
              22.808777476000046
            ],
            [
              89.48908864400005,
              22.80877845800012
            ],
            [
              89.48927318800003,
              22.808609674000024
            ],
            [
              89.48945846800012,
              22.808325716000127
            ],
            [
              89.49031787000018,
              22.808213288000104
            ],
            [
              89.49093828500008,
              22.808088802999976
            ],
            [
              89.49152475200003,
              22.808004859000164
            ],
            [
              89.49216034300008,
              22.807729107000057
            ],
            [
              89.49240519600005,
              22.807718595000097
            ],
            [
              89.4925910250002,
              22.807859206000103
            ],
            [
              89.49287897000016,
              22.807970781000165
            ],
            [
              89.49352430500016,
              22.807611494000014
            ],
            [
              89.49420415100008,
              22.807141658000035
            ],
            [
              89.49507879800007,
              22.806793710000022
            ],
            [
              89.49530803500011,
              22.806702516000144
            ],
            [
              89.495334689,
              22.80674099500004
            ],
            [
              89.49571469400013,
              22.806658638000044
            ],
            [
              89.4964769890002,
              22.806866559000127
            ],
            [
              89.4968155970002,
              22.806946671000162
            ],
            [
              89.497053214,
              22.806915801000116
            ],
            [
              89.497324805,
              22.806837617000042
            ],
            [
              89.49763042500007,
              22.80669630300008
            ],
            [
              89.49800353900002,
              22.806665863000035
            ],
            [
              89.49849440800006,
              22.80682549
            ],
            [
              89.4987983600002,
              22.807140357000037
            ],
            [
              89.49916986300008,
              22.807550287000026
            ],
            [
              89.49955900300012,
              22.807802189000085
            ],
            [
              89.50001602000003,
              22.80797751400013
            ],
            [
              89.50030355100012,
              22.80812069300015
            ],
            [
              89.50070951400005,
              22.80843587800001
            ],
            [
              89.50113280000005,
              22.80859302600004
            ],
            [
              89.50155686200014,
              22.808454333000043
            ],
            [
              89.5017439770001,
              22.808328454
            ],
            [
              89.50184658800015,
              22.808078096000088
            ],
            [
              89.5018473930001,
              22.80785678100017
            ],
            [
              89.50211960500008,
              22.807606952000185
            ],
            [
              89.50244107700001,
              22.807795401000078
            ],
            [
              89.50264401700014,
              22.807922502000167
            ],
            [
              89.50291450100013,
              22.808065620000093
            ],
            [
              89.5033727440001,
              22.807988005000027
            ],
            [
              89.50367750200013,
              22.808083806000013
            ],
            [
              89.50388010799998,
              22.808303497000168
            ],
            [
              89.50394682000018,
              22.808633425000096
            ],
            [
              89.50399561700004,
              22.809200426000018
            ],
            [
              89.50399476700017,
              22.809435291
            ],
            [
              89.50395974700012,
              22.80968812000009
            ],
            [
              89.50387413200002,
              22.809954340000047
            ],
            [
              89.50392367600006,
              22.810315829000047
            ],
            [
              89.50446623300007,
              22.81033332700008
            ],
            [
              89.50506013800009,
              22.810129657000118
            ],
            [
              89.50545036300014,
              22.81008570400013
            ],
            [
              89.50568723100002,
              22.81017903200018
            ],
            [
              89.50607751900003,
              22.810117007000144
            ],
            [
              89.50631477200017,
              22.81010419000006
            ],
            [
              89.50663636900003,
              22.810261011000136
            ],
            [
              89.506941762,
              22.810182917000077
            ],
            [
              89.50694277700018,
              22.80990062400008
            ],
            [
              89.50699475700003,
              22.80958687500015
            ],
            [
              89.5072506510001,
              22.809131476
            ],
            [
              89.50747263200009,
              22.808707592000133
            ],
            [
              89.50752421300018,
              22.808504499000094
            ],
            [
              89.50733877400017,
              22.808250989999976
            ],
            [
              89.50739103600006,
              22.80785819800019
            ],
            [
              89.50715437700012,
              22.807622597000147
            ],
            [
              89.50727414300007,
              22.807340673000112
            ],
            [
              89.5073257310001,
              22.80713532200008
            ],
            [
              89.50712312200011,
              22.80691563500011
            ],
            [
              89.50683646599998,
              22.80644275100002
            ],
            [
              89.50682062200013,
              22.806192023999984
            ],
            [
              89.50712685600007,
              22.805876798000043
            ],
            [
              89.50695850200015,
              22.80553075199998
            ],
            [
              89.50677362500005,
              22.805121417000123
            ],
            [
              89.50694441100012,
              22.80479222600019
            ],
            [
              89.50692831700007,
              22.80452568700008
            ],
            [
              89.50672543400003,
              22.804382785000143
            ],
            [
              89.50675996300015,
              22.80417963900004
            ],
            [
              89.5069130220001,
              22.804037836000077
            ],
            [
              89.50688058100019,
              22.803660588000128
            ],
            [
              89.50669483500008,
              22.803409337000062
            ],
            [
              89.50653862900015,
              22.803203223000082
            ],
            [
              89.50649240100006,
              22.80314222300018
            ],
            [
              89.50646721700008,
              22.802931217000094
            ],
            [
              89.50651506300017,
              22.802897961000042
            ],
            [
              89.50660739700015,
              22.80283378600012
            ],
            [
              89.50666324900016,
              22.802794966000135
            ],
            [
              89.50693442700003,
              22.80282742200012
            ],
            [
              89.50708888700018,
              22.802872251000053
            ],
            [
              89.50715464400002,
              22.802891336000073
            ],
            [
              89.50751052599998,
              22.80290824300016
            ],
            [
              89.50779845200003,
              22.802940751
            ],
            [
              89.50796652600008,
              22.803365840000083
            ],
            [
              89.50788086400007,
              22.803647871000067
            ],
            [
              89.5081507270001,
              22.803962616000092
            ],
            [
              89.5086764290001,
              22.80391906900013
            ],
            [
              89.50906664200016,
              22.803872845000058
            ],
            [
              89.50940570100005,
              22.8038264650001
            ],
            [
              89.50964404900003,
              22.803590071000087
            ],
            [
              89.50978851200017,
              22.803466303000164
            ],
            [
              89.50989907400009,
              22.803371793000167
            ],
            [
              89.51022178200014,
              22.8032146970001
            ],
            [
              89.51040778700019,
              22.803310121000038
            ],
            [
              89.51047479100004,
              22.803561004000073
            ],
            [
              89.51045633500013,
              22.803953902000103
            ],
            [
              89.51062441800008,
              22.804378988999986
            ],
            [
              89.51094499000016,
              22.804820354000185
            ],
            [
              89.51128282100012,
              22.805119494000053
            ],
            [
              89.51153691900015,
              22.80524673900004
            ],
            [
              89.51182428900012,
              22.805437320000067
            ],
            [
              89.51219711700008,
              22.80548588700009
            ],
            [
              89.5123153130001,
              22.80564207800012
            ],
            [
              89.51251798100014,
              22.805848208000157
            ],
            [
              89.51261889900019,
              22.80606757800018
            ],
            [
              89.51282173600015,
              22.80622628100008
            ],
            [
              89.51266801600008,
              22.806555533000164
            ],
            [
              89.51254736600004,
              22.80708813800004
            ],
            [
              89.51246143300011,
              22.807449212999984
            ],
            [
              89.5124099090001,
              22.807638755000085
            ],
            [
              89.51262996800011,
              22.807750088000148
            ],
            [
              89.51301982900014,
              22.80771966000009
            ],
            [
              89.51322633100017,
              22.80775350300013
            ],
            [
              89.51351130400019,
              22.807800206000024
            ],
            [
              89.51376506100013,
              22.807940998000106
            ],
            [
              89.51408721200005,
              22.807941981000113
            ],
            [
              89.51429083800019,
              22.807879365000076
            ],
            [
              89.51441023100006,
              22.807613245000084
            ],
            [
              89.51451298800009,
              22.807315453000115
            ],
            [
              89.51464946000004,
              22.80712616599999
            ],
            [
              89.51486997000018,
              22.80711103100009
            ],
            [
              89.51504501699998,
              22.80712323100005
            ],
            [
              89.51510711000009,
              22.807127559000037
            ],
            [
              89.51559864200004,
              22.807192289000056
            ],
            [
              89.51586921800009,
              22.807398619000082
            ],
            [
              89.51615671500014,
              22.80755532100011
            ],
            [
              89.51666527300011,
              22.807541052000033
            ],
            [
              89.51708945900003,
              22.80744748800015
            ],
            [
              89.51737786300009,
              22.807434812000167
            ],
            [
              89.51778406100016,
              22.807607677000135
            ],
            [
              89.51829206400015,
              22.807751486000086
            ],
            [
              89.51841004300007,
              22.807970906000094
            ],
            [
              89.51849397000018,
              22.80817667000008
            ],
            [
              89.51884986800013,
              22.80819355400007
            ],
            [
              89.51915527600016,
              22.808194473000015
            ],
            [
              89.51939247700017,
              22.80819519
            ],
            [
              89.51953047400013,
              22.808177538000166
            ],
            [
              89.51962978900008,
              22.808164289000047
            ],
            [
              89.52000284700006,
              22.80814960300006
            ],
            [
              89.52042648100013,
              22.80821411100004
            ],
            [
              89.52088358999998,
              22.808371314
            ],
            [
              89.52160842700005,
              22.80859481100009
            ],
            [
              89.52208872200003,
              22.80874078500011
            ],
            [
              89.52222616700016,
              22.808782295000185
            ],
            [
              89.52339248300018,
              22.809134532000087
            ],
            [
              89.52347767200007,
              22.80916025900018
            ],
            [
              89.52351706300004,
              22.809166288000085
            ],
            [
              89.52436879500016,
              22.80883116300015
            ],
            [
              89.52516764500018,
              22.80843607300011
            ],
            [
              89.52578140000008,
              22.808381442000154
            ],
            [
              89.526222029,
              22.80811032200006
            ],
            [
              89.52685302700019,
              22.80772206400013
            ],
            [
              89.52688816100004,
              22.807700446000126
            ],
            [
              89.52897463200014,
              22.807593705000045
            ],
            [
              89.52946586100018,
              22.807482237999977
            ],
            [
              89.5302036870001,
              22.807028226000057
            ],
            [
              89.53093596000002,
              22.806129005
            ],
            [
              89.53066868400015,
              22.805607207000037
            ],
            [
              89.53042286400006,
              22.80514753400007
            ],
            [
              89.53044771600014,
              22.804897472000164
            ],
            [
              89.53082662600008,
              22.804863470000043
            ],
            [
              89.5310666370001,
              22.804841931000112
            ],
            [
              89.53201534599998,
              22.804844718000084
            ],
            [
              89.53366553600011,
              22.804773069000078
            ],
            [
              89.5338465530001,
              22.804762144000165
            ],
            [
              89.53510091700014,
              22.804686438000147
            ],
            [
              89.53536522400009,
              22.804769179000118
            ],
            [
              89.53541178000017,
              22.80479090300014
            ],
            [
              89.53610062500007,
              22.80511233100009
            ],
            [
              89.53634420000009,
              22.805566972000122
            ],
            [
              89.53659517000006,
              22.806087127000126
            ],
            [
              89.53638278800008,
              22.806671426000037
            ],
            [
              89.53595793100015,
              22.8077767850001
            ],
            [
              89.5361661340001,
              22.808427803000143
            ],
            [
              89.53665320000005,
              22.80854166000006
            ],
            [
              89.53699766900002,
              22.808622182000136
            ],
            [
              89.53735644000017,
              22.808631492000018
            ],
            [
              89.53755775100018,
              22.808617186000106
            ],
            [
              89.53754690900018,
              22.808664949000047
            ],
            [
              89.5375082380001,
              22.808835307000095
            ],
            [
              89.5374817330001,
              22.808933675000105
            ],
            [
              89.53743953200012,
              22.809090302000186
            ],
            [
              89.53728826500009,
              22.80943087700018
            ],
            [
              89.53695165900012,
              22.81028130300001
            ],
            [
              89.53687114700006,
              22.810497874000077
            ],
            [
              89.53660692000011,
              22.811207910000064
            ],
            [
              89.53622469600015,
              22.81223502100005
            ],
            [
              89.5362104570001,
              22.812273283000025
            ],
            [
              89.53618804500019,
              22.81232982200015
            ],
            [
              89.5360079310002,
              22.812793212000145
            ],
            [
              89.53599050700018,
              22.81320083200012
            ],
            [
              89.53598919100011,
              22.81358926500019
            ],
            [
              89.53603771400009,
              22.814007204
            ],
            [
              89.53642455900007,
              22.814755638000122
            ],
            [
              89.5364715980001,
              22.814846643000124
            ],
            [
              89.53648545800019,
              22.81487345900001
            ],
            [
              89.53689214000008,
              22.8153669620001
            ],
            [
              89.53706548800005,
              22.815577856000118
            ],
            [
              89.53727920300008,
              22.81587234500006
            ],
            [
              89.53737865500011,
              22.816089435000094
            ],
            [
              89.5374277630001,
              22.816335741000046
            ],
            [
              89.53740555200011,
              22.816563089000056
            ],
            [
              89.5372924580002,
              22.816816377
            ],
            [
              89.53709134500014,
              22.81712518800009
            ],
            [
              89.53692379200004,
              22.817325697000058
            ],
            [
              89.53672274200011,
              22.817526105000127
            ],
            [
              89.53638873500012,
              22.817601918000094
            ],
            [
              89.53610487200018,
              22.817616902999987
            ],
            [
              89.53565475400006,
              22.817538806000016
            ],
            [
              89.5355547040001,
              22.817511905
            ],
            [
              89.53508164000004,
              22.817547331000128
            ],
            [
              89.53417250000012,
              22.817634306000116
            ],
            [
              89.53390174200013,
              22.817645465000055
            ],
            [
              89.53368887300019,
              22.81769264500008
            ],
            [
              89.53356620300013,
              22.81775203899997
            ],
            [
              89.53347561700014,
              22.817853354000135
            ],
            [
              89.53317722400004,
              22.818408185000123
            ],
            [
              89.53295755200014,
              22.81888758499997
            ],
            [
              89.53291746000002,
              22.81897507700012
            ],
            [
              89.53270107700018,
              22.819486092000034
            ],
            [
              89.5323654710001,
              22.820623126000157
            ],
            [
              89.53236015200014,
              22.820666034000112
            ],
            [
              89.53227026300004,
              22.821395222999968
            ],
            [
              89.53219204000004,
              22.821594455000138
            ],
            [
              89.53211881300012,
              22.82178095900008
            ],
            [
              89.53205107800011,
              22.821997561000103
            ],
            [
              89.53199991900004,
              22.822354231000133
            ],
            [
              89.5321603920001,
              22.82254878300006
            ],
            [
              89.53246588300004,
              22.822789202000138
            ],
            [
              89.53278220800001,
              22.822991126000147
            ],
            [
              89.5329825340001,
              22.82300752200007
            ],
            [
              89.53329928400018,
              22.823085235
            ],
            [
              89.53358268,
              22.823210273000086
            ],
            [
              89.5336409000002,
              22.823364512000126
            ],
            [
              89.5337361980001,
              22.823406559000148
            ],
            [
              89.53383519200014,
              22.8236688180001
            ],
            [
              89.53367443100007,
              22.823802949000083
            ],
            [
              89.53364127900016,
              22.823808628999984
            ],
            [
              89.533384163,
              22.82385268600018
            ],
            [
              89.53303348900016,
              22.823899083000015
            ],
            [
              89.53273223200017,
              22.824099192000176
            ],
            [
              89.53246458000007,
              22.824267786000064
            ],
            [
              89.53224680000017,
              22.824547182000117
            ],
            [
              89.53206232800017,
              22.82479279900008
            ],
            [
              89.53172787400018,
              22.824992813000108
            ],
            [
              89.53166623700014,
              22.82499867100006
            ],
            [
              89.53124381000009,
              22.825038814000095
            ],
            [
              89.53090995800005,
              22.82497459900003
            ],
            [
              89.53062622000016,
              22.82503699900002
            ],
            [
              89.53037526100013,
              22.825221443000032
            ],
            [
              89.53024082700017,
              22.825437848000092
            ],
            [
              89.53019639300004,
              22.82560709200004
            ],
            [
              89.53013930800006,
              22.825823727000113
            ],
            [
              89.53003862400004,
              22.82605604100013
            ],
            [
              89.52992056600004,
              22.82638089800014
            ],
            [
              89.52975329700018,
              22.826449010999966
            ],
            [
              89.5294102580001,
              22.826568546000033
            ],
            [
              89.52912663100017,
              22.82656770800014
            ],
            [
              89.52875300699998,
              22.826494900000114
            ],
            [
              89.52821116800004,
              22.826600852000013
            ],
            [
              89.52792708700002,
              22.82673146700006
            ],
            [
              89.52786647800008,
              22.82690282600015
            ],
            [
              89.52777085700006,
              22.827173176000144
            ],
            [
              89.52773323000008,
              22.827341899000146
            ],
            [
              89.52766868100014,
              22.82763134000004
            ],
            [
              89.52761595800013,
              22.827867753000135
            ],
            [
              89.52745810300013,
              22.828140246000032
            ],
            [
              89.52718691200016,
              22.828270899000074
            ],
            [
              89.52700979000008,
              22.828306832000123
            ],
            [
              89.52660634700004,
              22.82838868000016
            ],
            [
              89.52624486600001,
              22.828531013000145
            ],
            [
              89.52610511500012,
              22.828612867000118
            ],
            [
              89.52581855200009,
              22.828780707000192
            ],
            [
              89.52527599700005,
              22.829089807000173
            ],
            [
              89.52504314600009,
              22.829316174000155
            ],
            [
              89.52499873100004,
              22.82986223500012
            ],
            [
              89.52502239000012,
              22.830065559000104
            ],
            [
              89.52502197500019,
              22.830330024000034
            ],
            [
              89.52492780500006,
              22.830716942000038
            ],
            [
              89.52474651400007,
              22.830945852000184
            ],
            [
              89.52461568900014,
              22.83105552300009
            ],
            [
              89.52434308800008,
              22.83128404500019
            ],
            [
              89.52407941500019,
              22.831474467000135
            ],
            [
              89.52388714900007,
              22.831579994000037
            ],
            [
              89.52378489900013,
              22.83163611499998
            ],
            [
              89.5234803840001,
              22.831706908000058
            ],
            [
              89.52322775700009,
              22.831687031000115
            ],
            [
              89.52295420400009,
              22.83164895699997
            ],
            [
              89.52249065100017,
              22.831584439000153
            ],
            [
              89.52188084099998,
              22.831502856999975
            ],
            [
              89.5216865210001,
              22.83147686100017
            ],
            [
              89.5212893470001,
              22.831499569000073
            ],
            [
              89.52059271400009,
              22.831621760000132
            ],
            [
              89.52044297500004,
              22.831673892000026
            ],
            [
              89.52027779600013,
              22.83172546000003
            ],
            [
              89.51995767700004,
              22.831825398000092
            ],
            [
              89.51978124900018,
              22.83185675500016
            ],
            [
              89.51965743700009,
              22.83194321600007
            ],
            [
              89.51953197800009,
              22.832026222000025
            ],
            [
              89.51926661600015,
              22.83215380500019
            ],
            [
              89.51899879900009,
              22.832243224000024
            ],
            [
              89.5186798200001,
              22.832344296000088
            ],
            [
              89.51863783700009,
              22.832357599000034
            ],
            [
              89.5179694740001,
              22.832568462000154
            ],
            [
              89.517667776,
              22.83264284500018
            ],
            [
              89.51722658100005,
              22.83274593200008
            ],
            [
              89.51694706000006,
              22.832823975000053
            ],
            [
              89.51691814200018,
              22.83283965200019
            ],
            [
              89.51713580700016,
              22.833079973999986
            ],
            [
              89.51726914800008,
              22.833286364
            ],
            [
              89.51687652200008,
              22.83348279300003
            ],
            [
              89.51681869400011,
              22.833571560000166
            ],
            [
              89.51636161900007,
              22.83372085600007
            ],
            [
              89.51648307500017,
              22.833814040000163
            ],
            [
              89.51680153300003,
              22.83417830400009
            ],
            [
              89.5172221580001,
              22.834820130000082
            ],
            [
              89.5175915550002,
              22.83535098800013
            ],
            [
              89.51785842700008,
              22.835735081000053
            ],
            [
              89.51788898300009,
              22.83584511800018
            ],
            [
              89.5178627890001,
              22.835934140000063
            ],
            [
              89.5178524440002,
              22.835969294000165
            ],
            [
              89.51773285100018,
              22.83624618500005
            ],
            [
              89.51751473300004,
              22.836675745000093
            ],
            [
              89.51744469400006,
              22.836899155000083
            ],
            [
              89.51741093500016,
              22.837006838000036
            ],
            [
              89.51735303800007,
              22.8371915190001
            ],
            [
              89.51723354400013,
              22.83743972900004
            ],
            [
              89.51705762400019,
              22.837601724000024
            ],
            [
              89.5168591870002,
              22.837726165000106
            ],
            [
              89.5166199250001,
              22.83793457400003
            ],
            [
              89.51654834800013,
              22.83812257800014
            ],
            [
              89.51642138300019,
              22.83847772200005
            ],
            [
              89.51639199500005,
              22.838603935000094
            ],
            [
              89.51634283000016,
              22.83881508700017
            ],
            [
              89.51622251100008,
              22.839113486000088
            ],
            [
              89.5160736680001,
              22.83927436600004
            ],
            [
              89.51596397200007,
              22.83935920500005
            ],
            [
              89.51591205800008,
              22.839399355000182
            ],
            [
              89.51572105600007,
              22.839477843999987
            ],
            [
              89.51542467000007,
              22.839586095000186
            ],
            [
              89.51499888200016,
              22.839671440000018
            ],
            [
              89.51478566100019,
              22.83971405
            ],
            [
              89.5143214960001,
              22.839806807000116
            ],
            [
              89.51408265100014,
              22.839895708000142
            ],
            [
              89.51393085700016,
              22.839978899000187
            ],
            [
              89.51388556100017,
              22.840026563000038
            ],
            [
              89.51385949700011,
              22.840104161000056
            ],
            [
              89.51384959400013,
              22.84016986000006
            ],
            [
              89.5138432220001,
              22.840244812000037
            ],
            [
              89.51383613800004,
              22.840328164000027
            ],
            [
              89.513857939,
              22.840417365
            ],
            [
              89.51390921300015,
              22.84062715100015
            ],
            [
              89.51393707700015,
              22.840949901000045
            ],
            [
              89.51391378099999,
              22.841155976000152
            ],
            [
              89.51385185800012,
              22.84134699600014
            ],
            [
              89.51373524300016,
              22.841507973000034
            ],
            [
              89.51370268500011,
              22.84154748200018
            ],
            [
              89.51357722200015,
              22.84169973600018
            ],
            [
              89.51340527400015,
              22.841900378000105
            ],
            [
              89.5133042450002,
              22.84202913500019
            ],
            [
              89.5132676340001,
              22.84217243
            ],
            [
              89.513321319,
              22.84230405000011
            ],
            [
              89.51340852600003,
              22.842480388000126
            ],
            [
              89.51343141300009,
              22.842526666000026
            ],
            [
              89.51350734100015,
              22.842688311000188
            ],
            [
              89.51354732600015,
              22.843046948999984
            ],
            [
              89.5135457450001,
              22.84349150500003
            ],
            [
              89.5135564470001,
              22.843545634000122
            ],
            [
              89.51361667400005,
              22.843850239
            ],
            [
              89.51370800500001,
              22.844190924000088
            ],
            [
              89.51373218300006,
              22.844281116000047
            ],
            [
              89.51377955600003,
              22.84445782400013
            ],
            [
              89.51393723000007,
              22.84507973400008
            ],
            [
              89.51391529200004,
              22.845447744000126
            ],
            [
              89.51386295300006,
              22.845662695000044
            ],
            [
              89.51374863700005,
              22.845901357000116
            ],
            [
              89.51373403300005,
              22.845942996000076
            ],
            [
              89.513683248,
              22.846087790000183
            ],
            [
              89.51360795400018,
              22.846302466000168
            ],
            [
              89.51355517200011,
              22.846641700000134
            ],
            [
              89.51353830500005,
              22.847033626000098
            ],
            [
              89.51351734800016,
              22.847620607000067
            ],
            [
              89.51347717400006,
              22.847750028
            ],
            [
              89.51342632500018,
              22.847907620000115
            ],
            [
              89.51327042300005,
              22.84823697900009
            ],
            [
              89.51321281700012,
              22.84831729500013
            ],
            [
              89.51314213300009,
              22.848415845000147
            ],
            [
              89.51288616500005,
              22.848601490000135
            ],
            [
              89.5125023010001,
              22.84885486200011
            ],
            [
              89.51195555900017,
              22.849222457999986
            ],
            [
              89.51167217700015,
              22.849501232000136
            ],
            [
              89.51151652400017,
              22.849758887000064
            ],
            [
              89.51147828,
              22.849866801000132
            ],
            [
              89.5114458500002,
              22.849958311000023
            ],
            [
              89.51136803000014,
              22.850177895000115
            ],
            [
              89.51124233600007,
              22.850711699000044
            ],
            [
              89.51112066299999,
              22.851202492000027
            ],
            [
              89.51107535500017,
              22.851358490000166
            ],
            [
              89.5110340400002,
              22.85150074200004
            ],
            [
              89.51098749800008,
              22.851660984000148
            ],
            [
              89.51081202500006,
              22.852051227
            ],
            [
              89.51059426800009,
              22.852366052000036
            ],
            [
              89.51034969000006,
              22.852609090999977
            ],
            [
              89.51030092400015,
              22.852654164000057
            ],
            [
              89.5101364090001,
              22.85280622100015
            ],
            [
              89.51006198900018,
              22.852878766000174
            ],
            [
              89.50987108700019,
              22.853075362000084
            ],
            [
              89.50955075600007,
              22.853406003000032
            ],
            [
              89.50927572800003,
              22.853688980000072
            ],
            [
              89.50906202200014,
              22.85395123400008
            ],
            [
              89.50886751799999,
              22.854252385000052
            ],
            [
              89.5087301980002,
              22.854488979999985
            ],
            [
              89.50864141500006,
              22.854794638999977
            ],
            [
              89.5085057280001,
              22.85523399900012
            ],
            [
              89.50831166300014,
              22.855794785000114
            ],
            [
              89.5082718060001,
              22.855833819000168
            ],
            [
              89.5081319740001,
              22.855991135000068
            ],
            [
              89.50791215999999,
              22.856157762000066
            ],
            [
              89.50762765500019,
              22.85638394200015
            ],
            [
              89.50727311200006,
              22.856722240000067
            ],
            [
              89.50698089400004,
              22.856941225000128
            ],
            [
              89.50652332600004,
              22.857240960000183
            ],
            [
              89.50604251100015,
              22.857550183000058
            ],
            [
              89.50583562100007,
              22.857707287000096
            ],
            [
              89.50551888500013,
              22.85800092400018
            ],
            [
              89.50521876900018,
              22.85826290200015
            ],
            [
              89.50490921100015,
              22.85842542300003
            ],
            [
              89.50405649800001,
              22.858874498000148
            ],
            [
              89.50352883700015,
              22.859136403000036
            ],
            [
              89.50333176700019,
              22.859234219000143
            ],
            [
              89.50325629200006,
              22.859282747000066
            ],
            [
              89.50300992100006,
              22.859441153000034
            ],
            [
              89.50268815300007,
              22.859626577000085
            ],
            [
              89.50249743200015,
              22.859727292000173
            ],
            [
              89.50237692300004,
              22.859857265000187
            ],
            [
              89.50220589700012,
              22.86007900900006
            ],
            [
              89.50203457000009,
              22.86038321100017
            ],
            [
              89.50186664,
              22.860816490000047
            ],
            [
              89.50167939300007,
              22.861242536000134
            ],
            [
              89.50153107800014,
              22.8616005880001
            ],
            [
              89.50141501300004,
              22.86168508200018
            ],
            [
              89.50134746600008,
              22.861734256000148
            ],
            [
              89.50132725500009,
              22.86176355200007
            ],
            [
              89.50130612900011,
              22.861792843000103
            ],
            [
              89.50128424200017,
              22.861822134000136
            ],
            [
              89.50126174600007,
              22.861851423000132
            ],
            [
              89.5012384960001,
              22.861878447000095
            ],
            [
              89.50120638200013,
              22.861917454000036
            ],
            [
              89.50119069800007,
              22.86195180700014
            ],
            [
              89.50116828300008,
              22.862024545999986
            ],
            [
              89.50115535400016,
              22.86206650500003
            ],
            [
              89.50099311100013,
              22.862593004000132
            ],
            [
              89.50087452600019,
              22.862977825000087
            ],
            [
              89.50060253800007,
              22.863406574000123
            ],
            [
              89.50048560300007,
              22.86359090400009
            ],
            [
              89.50043872100008,
              22.86366480600003
            ],
            [
              89.50010702100019,
              22.863947735000067
            ],
            [
              89.49937079800009,
              22.86457570100015
            ],
            [
              89.49845286300013,
              22.865388704000168
            ],
            [
              89.49829891800005,
              22.865525032000107
            ],
            [
              89.498119063,
              22.865684304000126
            ],
            [
              89.49804464200014,
              22.865750219000176
            ],
            [
              89.497960101,
              22.865825098000073
            ],
            [
              89.4963781620001,
              22.867226204000133
            ],
            [
              89.49582339400007,
              22.86771757500003
            ],
            [
              89.49572536300019,
              22.867804404000026
            ],
            [
              89.49556779400007,
              22.867943854000032
            ],
            [
              89.49456068300009,
              22.86883514400006
            ],
            [
              89.49386626800015,
              22.869449691
            ],
            [
              89.49260326300015,
              22.87056740400004
            ],
            [
              89.4923385420002,
              22.870813668000153
            ],
            [
              89.49219975000005,
              22.871034093
            ],
            [
              89.49197621400003,
              22.87138910300007
            ],
            [
              89.49182028500002,
              22.87170409700019
            ],
            [
              89.49160761200011,
              22.872863183
            ],
            [
              89.49150508700006,
              22.87345676000018
            ],
            [
              89.4914525160001,
              22.873761118000118
            ],
            [
              89.49142684800006,
              22.873909719999972
            ],
            [
              89.49130596900011,
              22.874609539000062
            ],
            [
              89.49115568100012,
              22.87547962000002
            ],
            [
              89.49102180300002,
              22.876254678000066
            ],
            [
              89.49084220500009,
              22.877298812000106
            ],
            [
              89.49054722300002,
              22.87901371900017
            ],
            [
              89.49053887500008,
              22.879059941000094
            ],
            [
              89.49049700800003,
              22.879291756000157
            ],
            [
              89.49036916500006,
              22.87999960400009
            ],
            [
              89.4903624800001,
              22.880037876000074
            ],
            [
              89.49033115800017,
              22.880010583000058
            ],
            [
              89.49007140700013,
              22.879790934000084
            ],
            [
              89.48992769900013,
              22.879669411000066
            ],
            [
              89.48973515000006,
              22.87979412900006
            ],
            [
              89.48946793700009,
              22.879883603
            ],
            [
              89.48927361800008,
              22.879950731000065
            ],
            [
              89.4888367150001,
              22.880039661000126
            ],
            [
              89.4885209850001,
              22.880149304000042
            ],
            [
              89.48818067000008,
              22.880396625000174
            ],
            [
              89.48776774800018,
              22.88050821200011
            ],
            [
              89.48725723800004,
              22.88088822499998
            ],
            [
              89.48694205300018,
              22.881257575000177
            ],
            [
              89.48701152700005,
              22.88174108100003
            ],
            [
              89.48717893800017,
              22.882349114000192
            ],
            [
              89.48712940200011,
              22.882640278999986
            ],
            [
              89.48707990300005,
              22.882841110000186
            ],
            [
              89.4868604940001,
              22.883179152000082
            ],
            [
              89.48656920500008,
              22.883268544000032
            ],
            [
              89.48598692400009,
              22.883286988000123
            ],
            [
              89.4855747970002,
              22.883265333000054
            ],
            [
              89.48516170100015,
              22.88341981900004
            ],
            [
              89.48477310000004,
              22.883621810000136
            ],
            [
              89.4842373850002,
              22.884137230000135
            ],
            [
              89.48392109200006,
              22.88447269400018
            ],
            [
              89.4838476020002,
              22.884650865000083
            ],
            [
              89.48387090400018,
              22.884854191000045
            ],
            [
              89.48386980200007,
              22.88514551100019
            ],
            [
              89.48372353700017,
              22.885393454000166
            ],
            [
              89.4836016060001,
              22.885571467999966
            ],
            [
              89.48338146100008,
              22.88602015800018
            ],
            [
              89.4832809190001,
              22.8869863970001
            ],
            [
              89.48332578800017,
              22.887930524000126
            ],
            [
              89.48329202900015,
              22.88836316200002
            ],
            [
              89.48327487400007,
              22.888583016000098
            ],
            [
              89.4828845940001,
              22.889144070000157
            ],
            [
              89.48281332600004,
              22.889209450000067
            ],
            [
              89.48256815100012,
              22.889434366000046
            ],
            [
              89.48205763400006,
              22.889724027000113
            ],
            [
              89.48174191700014,
              22.889903667000056
            ],
            [
              89.48159500400016,
              22.89023967900016
            ],
            [
              89.48152132900003,
              22.890465269000174
            ],
            [
              89.48154416600005,
              22.890869584000143
            ],
            [
              89.48171335500007,
              22.89100563700009
            ],
            [
              89.4816218900001,
              22.891423127000166
            ],
            [
              89.48151675900016,
              22.891587643000094
            ],
            [
              89.48023757400011,
              22.893828008000128
            ],
            [
              89.48015028100008,
              22.89398088900009
            ],
            [
              89.47995428500019,
              22.894324148000123
            ],
            [
              89.47951412700019,
              22.89522654000018
            ],
            [
              89.4793186060001,
              22.895627382000157
            ],
            [
              89.4791362430002,
              22.896112471000038
            ],
            [
              89.47892489400004,
              22.89667465600013
            ],
            [
              89.47877930900017,
              22.89706190700008
            ],
            [
              89.47867949300007,
              22.89782715300015
            ],
            [
              89.47872798800006,
              22.898071029999983
            ],
            [
              89.47882239299997,
              22.89854576800019
            ],
            [
              89.479129619,
              22.900182087000132
            ],
            [
              89.47920254000007,
              22.90057047500011
            ],
            [
              89.47945078700013,
              22.90162204400019
            ],
            [
              89.47958455700018,
              22.902188685000056
            ],
            [
              89.47972848700016,
              22.902638562000107
            ],
            [
              89.47977522300016,
              22.903088124000135
            ],
            [
              89.47977436300005,
              22.903313954
            ],
            [
              89.47962820500004,
              22.90344671600019
            ],
            [
              89.47938531400013,
              22.903536252000094
            ],
            [
              89.47899691000015,
              22.90367047900014
            ],
            [
              89.4789503770001,
              22.903854606000152
            ],
            [
              89.4717961090002,
              22.909003444
            ],
            [
              89.47151712400012,
              22.90919743500018
            ],
            [
              89.46775888600001,
              22.91181061100002
            ],
            [
              89.46286406800004,
              22.913824567000063
            ],
            [
              89.46241812400012,
              22.91400803800002
            ],
            [
              89.4594759540002,
              22.915005260000157
            ],
            [
              89.45837935900016,
              22.917117569000027
            ],
            [
              89.45837616400013,
              22.917921515000103
            ],
            [
              89.45858854200014,
              22.91923206299998
            ],
            [
              89.45913000700011,
              22.919938501
            ],
            [
              89.4614072920001,
              22.921960658000103
            ],
            [
              89.46227596000006,
              22.922467204999975
            ],
            [
              89.46249195400014,
              22.922872175000123
            ],
            [
              89.46259148400003,
              22.923057692999976
            ],
            [
              89.46270795800012,
              22.923274885000012
            ],
            [
              89.46264533500016,
              22.923389847000124
            ],
            [
              89.46259837100018,
              22.92347550400018
            ],
            [
              89.46151011500018,
              22.923471817000177
            ],
            [
              89.46062262400005,
              22.92353254200009
            ],
            [
              89.46009507300016,
              22.923568636000084
            ],
            [
              89.45911481500008,
              22.923766291
            ],
            [
              89.45835253900009,
              22.923865315
            ],
            [
              89.45835014200014,
              22.9244682800001
            ],
            [
              89.45769666000007,
              22.92456767300007
            ],
            [
              89.45519575900016,
              22.92405550900014
            ],
            [
              89.4531296520002,
              22.923646428000097
            ],
            [
              89.450955991,
              22.922932074000187
            ],
            [
              89.45008614200009,
              22.922728075000066
            ],
            [
              89.44878234400005,
              22.922219953000138
            ],
            [
              89.44845688200013,
              22.921916211000052
            ],
            [
              89.44704389300017,
              22.921509316000027
            ],
            [
              89.44662733000007,
              22.921577873000103
            ],
            [
              89.44584604900018,
              22.921706131000064
            ],
            [
              89.44497293100005,
              22.922308309000186
            ],
            [
              89.44399718600005,
              22.921397057000092
            ],
            [
              89.44323491600005,
              22.92149600800019
            ],
            [
              89.43988053000015,
              22.921766783000123
            ],
            [
              89.43964258400018,
              22.92178598800001
            ],
            [
              89.438771106,
              22.921983900000043
            ],
            [
              89.43868157800006,
              22.92196777500004
            ],
            [
              89.43703105200012,
              22.92167512499998
            ],
            [
              89.43672919700009,
              22.921514320000085
            ],
            [
              89.43551864,
              22.92086941500014
            ],
            [
              89.43398852900015,
              22.92055774
            ],
            [
              89.4331191440001,
              22.920252028000107
            ],
            [
              89.43235928500019,
              22.919845075000126
            ],
            [
              89.43007669400004,
              22.919132309000076
            ],
            [
              89.4283382640001,
              22.918523096000058
            ],
            [
              89.426056147,
              22.917708649000076
            ],
            [
              89.42522493899997,
              22.91768080300011
            ],
            [
              89.42268318200007,
              22.917594801000064
            ],
            [
              89.42252452900004,
              22.917618719000075
            ],
            [
              89.42072307300003,
              22.917890279000176
            ],
            [
              89.42016587300009,
              22.91756530600003
            ],
            [
              89.41985459400018,
              22.91738350700018
            ],
            [
              89.41811623400008,
              22.91677417800014
            ],
            [
              89.41670180400007,
              22.916667369000095
            ],
            [
              89.4149036550001,
              22.916660755000066
            ],
            [
              89.41474299800018,
              22.916660163000188
            ],
            [
              89.41354601800009,
              22.91665574900003
            ],
            [
              89.41256661600005,
              22.91665213000016
            ],
            [
              89.411370074,
              22.91654607600009
            ],
            [
              89.41082569200006,
              22.916645682000137
            ],
            [
              89.41072515900004,
              22.917450907000045
            ],
            [
              89.41071268100006,
              22.91755084099998
            ],
            [
              89.41068766800004,
              22.917558469000085
            ],
            [
              89.4097322680002,
              22.917849814000135
            ],
            [
              89.40907966700013,
              22.917745762000038
            ],
            [
              89.40788355199999,
              22.91754031800008
            ],
            [
              89.40690414300008,
              22.917536665000057
            ],
            [
              89.40603088800003,
              22.91813862600003
            ],
            [
              89.40593425200018,
              22.91825692700013
            ],
            [
              89.40537432800005,
              22.918942381000022
            ],
            [
              89.40504487900006,
              22.91964573700011
            ],
            [
              89.40439227400014,
              22.919541667000033
            ],
            [
              89.40373776000018,
              22.919943449000073
            ],
            [
              89.40373257300018,
              22.92112929600006
            ],
            [
              89.40373204000008,
              22.92125098300005
            ],
            [
              89.40352466500002,
              22.922189654000192
            ],
            [
              89.40350974000012,
              22.922257347000027
            ],
            [
              89.40252662400013,
              22.923161487000073
            ],
            [
              89.40176343800005,
              22.92346122700019
            ],
            [
              89.4007835500002,
              22.923556897000083
            ],
            [
              89.40034318900007,
              22.924664058000133
            ],
            [
              89.39957896800018,
              22.92526413400003
            ],
            [
              89.39914348200017,
              22.925262488999977
            ],
            [
              89.39816668200018,
              22.924655824000126
            ],
            [
              89.39721119400019,
              22.924006753000185
            ],
            [
              89.3971039810001,
              22.923933921000184
            ],
            [
              89.39697320700014,
              22.92384508400005
            ],
            [
              89.39545156600008,
              22.923437323000144
            ],
            [
              89.3941467780001,
              22.923129737000068
            ],
            [
              89.393607745,
              22.922018857000182
            ],
            [
              89.39352005000012,
              22.92192688400013
            ],
            [
              89.39274113600015,
              22.921109968000053
            ],
            [
              89.3921282180001,
              22.92029250700017
            ],
            [
              89.39198378300011,
              22.920099870000115
            ],
            [
              89.391441633,
              22.919693559000166
            ],
            [
              89.39060325700012,
              22.919204449
            ],
            [
              89.3905624790001,
              22.919181248000143
            ],
            [
              89.38960002400017,
              22.917878828000028
            ],
            [
              89.38916770700018,
              22.91716683300018
            ],
            [
              89.38829709100008,
              22.91716348000017
            ],
            [
              89.38800297799997,
              22.916980776000173
            ],
            [
              89.38732040000019,
              22.916556752000076
            ],
            [
              89.38708500100017,
              22.916336765000096
            ],
            [
              89.38667009200003,
              22.91594902100013
            ],
            [
              89.38558235800008,
              22.915845453000088
            ],
            [
              89.38525327800005,
              22.91644714300014
            ],
            [
              89.38622314300005,
              22.918566916000145
            ],
            [
              89.38675848500014,
              22.920481757
            ],
            [
              89.38697334600005,
              22.921087812000167
            ],
            [
              89.38729323100017,
              22.922599844000047
            ],
            [
              89.38728462900013,
              22.924512583000137
            ],
            [
              89.38738843900006,
              22.925621807000027
            ],
            [
              89.38737679000008,
              22.925817200000154
            ],
            [
              89.3873482090001,
              22.926296516000036
            ],
            [
              89.38701962200014,
              22.93180700700003
            ],
            [
              89.38696786900005,
              22.932674854000027
            ],
            [
              89.38695715600016,
              22.93285451000014
            ],
            [
              89.38695199400007,
              22.932941067000115
            ],
            [
              89.38594666400019,
              22.93279685500005
            ],
            [
              89.38530441000017,
              22.932794370000124
            ],
            [
              89.38465648000005,
              22.932791860000066
            ],
            [
              89.38350921100005,
              22.932908796000163
            ]
          ]
        ]
      }
    }
  ]
}