{
  "type": "FeatureCollection",
  "features": [
    {
      "type": "Feature",
      "properties": {
        "adm3_name": "Kalaroa",
        "adm3_name1": null,
        "adm3_name2": null,
        "adm3_name3": null,
        "adm3_pcode": "BD40870043",
        "adm2_name": "Satkhira",
        "adm2_name1": null,
        "adm2_name2": null,
        "adm2_name3": null,
        "adm2_pcode": "BD4087",
        "adm1_name": "Khulna",
        "adm1_name1": null,
        "adm1_name2": null,
        "adm1_name3": null,
        "adm1_pcode": "BD40",
        "adm0_name": "Bangladesh",
        "adm0_name1": null,
        "adm0_name2": null,
        "adm0_name3": null,
        "adm0_pcode": "BD",
        "valid_on": "2023-05-21",
        "valid_to": null,
        "area_sqkm": 233.44995598,
        "version": "v03",
        "lang": "en",
        "lang1": null,
        "lang2": null,
        "lang3": null,
        "adm3_ref_name": null,
        "center_lat": 22.88034049,
        "center_lon": 89.03019097
      },
      "geometry": {
        "type": "Polygon",
        "coordinates": [
          [
            [
              89.01563643800012,
              22.945093969000027
            ],
            [
              89.01516243200012,
              22.945357489000173
            ],
            [
              89.01486590100018,
              22.945502106000163
            ],
            [
              89.01463436400013,
              22.94561502600004
            ],
            [
              89.01421505000008,
              22.94575355600017
            ],
            [
              89.01403999400014,
              22.94577775600004
            ],
            [
              89.0128630960001,
              22.946052173000112
            ],
            [
              89.01174205400008,
              22.94618729399997
            ],
            [
              89.01116914800014,
              22.94610626800005
            ],
            [
              89.01040041500005,
              22.945997543000033
            ],
            [
              89.00951479300011,
              22.94587228000006
            ],
            [
              89.00908666700002,
              22.945817728000122
            ],
            [
              89.00728156500008,
              22.94558771100003
            ],
            [
              89.00714810100004,
              22.945570703000044
            ],
            [
              89.0047208530001,
              22.94508229900015
            ],
            [
              89.00382061200014,
              22.945040550000158
            ],
            [
              89.00326186500018,
              22.94501463600011
            ],
            [
              89.00304324200016,
              22.945062769000117
            ],
            [
              89.00258325200008,
              22.945156973999985
            ],
            [
              89.00222866900015,
              22.945215716000064
            ],
            [
              89.00219543600014,
              22.945217764000063
            ],
            [
              89.00187443500016,
              22.94522703600012
            ],
            [
              89.0015593500001,
              22.945261186000096
            ],
            [
              89.0011653310001,
              22.945294836000016
            ],
            [
              89.00075859200012,
              22.945317113000044
            ],
            [
              89.00031245700006,
              22.945350432
            ],
            [
              89.00019222100008,
              22.94536070000015
            ],
            [
              88.99922142500003,
              22.945492228000035
            ],
            [
              88.99861693500009,
              22.945581619000052
            ],
            [
              88.99810597100009,
              22.945585564000112
            ],
            [
              88.9975263390001,
              22.94545285000015
            ],
            [
              88.99670784700004,
              22.94516805900014
            ],
            [
              88.99610979900012,
              22.94493468200011
            ],
            [
              88.99569612100004,
              22.944773250000026
            ],
            [
              88.99554996700016,
              22.94471621600013
            ],
            [
              88.99473959500011,
              22.944381281000062
            ],
            [
              88.99409883900017,
              22.944140622000134
            ],
            [
              88.99401067700018,
              22.944111480000174
            ],
            [
              88.9936123230001,
              22.94397980400015
            ],
            [
              88.99294013000014,
              22.943803468000112
            ],
            [
              88.99244545100015,
              22.943699953000134
            ],
            [
              88.9919637810001,
              22.94375250800016
            ],
            [
              88.99162658500012,
              22.943789298000183
            ],
            [
              88.991099631,
              22.94407724700011
            ],
            [
              88.990493142,
              22.944486628000163
            ],
            [
              88.98975918700012,
              22.945085330000097
            ],
            [
              88.9895956250001,
              22.945219323000117
            ],
            [
              88.98938929600018,
              22.945387999000047
            ],
            [
              88.98908171500005,
              22.94479174800017
            ],
            [
              88.98932365800005,
              22.944647931000077
            ],
            [
              88.98976262400015,
              22.94438699700015
            ],
            [
              88.98941340100009,
              22.94371806200013
            ],
            [
              88.98975869300011,
              22.94351280900014
            ],
            [
              88.99049585600005,
              22.94307461
            ],
            [
              88.99007920100013,
              22.94242161600016
            ],
            [
              88.98890320600009,
              22.94302156700013
            ],
            [
              88.98839625000005,
              22.941889271000093
            ],
            [
              88.98783042100007,
              22.94236438400003
            ],
            [
              88.98764267400009,
              22.942406091
            ],
            [
              88.98754943400019,
              22.942362592000052
            ],
            [
              88.98740993000018,
              22.94218782600018
            ],
            [
              88.98741219900012,
              22.941882993000092
            ],
            [
              88.98760187500017,
              22.94158161300004
            ],
            [
              88.98760413900015,
              22.94127677900002
            ],
            [
              88.98760639000011,
              22.940974205000032
            ],
            [
              88.98746784500008,
              22.94071137800006
            ],
            [
              88.98737751400017,
              22.940277239000125
            ],
            [
              88.98736299100011,
              22.94022654700018
            ],
            [
              88.98724026200017,
              22.93979989800016
            ],
            [
              88.98710333400004,
              22.939320300000077
            ],
            [
              88.98698228900003,
              22.93897582900007
            ],
            [
              88.98682816900009,
              22.938537230000122
            ],
            [
              88.9867821970002,
              22.938408222000078
            ],
            [
              88.98579863500015,
              22.9383569740001
            ],
            [
              88.98585091800015,
              22.93762096100005
            ],
            [
              88.98717364000015,
              22.937875176000034
            ],
            [
              88.98772251899999,
              22.937980662000086
            ],
            [
              88.98833044300005,
              22.938113250000015
            ],
            [
              88.98856575100012,
              22.937986038000133
            ],
            [
              88.98866090400014,
              22.937812769000118
            ],
            [
              88.98866251500016,
              22.937595998000063
            ],
            [
              88.98864982600008,
              22.937559754000063
            ],
            [
              88.98861655600018,
              22.937464733000127
            ],
            [
              88.98833625100019,
              22.937331976000053
            ],
            [
              88.98758817599997,
              22.937153328000022
            ],
            [
              88.98744865999998,
              22.93698082100002
            ],
            [
              88.98754478800015,
              22.936676588000182
            ],
            [
              88.98764027500016,
              22.936417509000137
            ],
            [
              88.98890397000014,
              22.93659944000018
            ],
            [
              88.98905617300005,
              22.936376855000162
            ],
            [
              88.98914090000005,
              22.936253198000145
            ],
            [
              88.98924058100005,
              22.936244912000177
            ],
            [
              88.98934277300015,
              22.93623641700009
            ],
            [
              88.98960991300004,
              22.936213281000107
            ],
            [
              88.98970749200004,
              22.93612357500018
            ],
            [
              88.98975137100018,
              22.936083210000106
            ],
            [
              88.98976004900004,
              22.936022294000054
            ],
            [
              88.98980088000013,
              22.935735771000054
            ],
            [
              88.98976172100015,
              22.935509707000165
            ],
            [
              88.98975587400014,
              22.935475799000017
            ],
            [
              88.98966362500005,
              22.935258430999966
            ],
            [
              88.98960716500017,
              22.93520455100014
            ],
            [
              88.98957072200005,
              22.935169773000098
            ],
            [
              88.98924345799998,
              22.93508188000004
            ],
            [
              88.9889158900001,
              22.93499398300014
            ],
            [
              88.98905830900003,
              22.934775852000087
            ],
            [
              88.98914018500005,
              22.93471067100012
            ],
            [
              88.98943538000009,
              22.93447566400016
            ],
            [
              88.99000052000014,
              22.934088604000067
            ],
            [
              88.99028341500014,
              22.93383071700015
            ],
            [
              88.99066339600006,
              22.933137631000022
            ],
            [
              88.991099599,
              22.931760296
            ],
            [
              88.99114301400016,
              22.931623210000055
            ],
            [
              88.99226427100012,
              22.93206389300019
            ],
            [
              88.99245264900003,
              22.931934118000186
            ],
            [
              88.99245488900004,
              22.931631541000115
            ],
            [
              88.992505993,
              22.931067333000158
            ],
            [
              88.99166377300014,
              22.93093101300002
            ],
            [
              88.99143072200013,
              22.930755655000098
            ],
            [
              88.99143264500003,
              22.930495984
            ],
            [
              88.99146466200011,
              22.92965989400011
            ],
            [
              88.99146697200013,
              22.929599566000093
            ],
            [
              88.99147782000011,
              22.929316269000026
            ],
            [
              88.99148549500012,
              22.92911581000004
            ],
            [
              88.99149082600013,
              22.928976628999976
            ],
            [
              88.99177434000018,
              22.92863293300013
            ],
            [
              88.99191707500017,
              22.92832899200016
            ],
            [
              88.99196560600018,
              22.928112517999978
            ],
            [
              88.99168562000011,
              22.927979767000124
            ],
            [
              88.99130920600004,
              22.92819415600019
            ],
            [
              88.99112211700009,
              22.92815006400008
            ],
            [
              88.99112372300004,
              22.927933292999967
            ],
            [
              88.99108032400011,
              22.927456550000045
            ],
            [
              88.99096919200014,
              22.927175598000076
            ],
            [
              88.99094242200005,
              22.927107921000072
            ],
            [
              88.99089936000007,
              22.926586017999966
            ],
            [
              88.99099546400004,
              22.926241152000046
            ],
            [
              88.99112218400018,
              22.92618335500015
            ],
            [
              88.99137156100011,
              22.926069646000087
            ],
            [
              88.99165475800004,
              22.92580950200005
            ],
            [
              88.99161103800014,
              22.92537566100009
            ],
            [
              88.9920334040001,
              22.925292533000174
            ],
            [
              88.99238615300004,
              22.92516363699997
            ],
            [
              88.99236781900015,
              22.924981703000014
            ],
            [
              88.99255747300003,
              22.92467805800004
            ],
            [
              88.99274758500013,
              22.924375898000108
            ],
            [
              88.99298432700016,
              22.923987517
            ],
            [
              88.99303350600007,
              22.923682980000137
            ],
            [
              88.99303581400005,
              22.923371153000176
            ],
            [
              88.99307871400009,
              22.9233029720001
            ],
            [
              88.99324950700009,
              22.92302277900012
            ],
            [
              88.99331592400017,
              22.922913818000097
            ],
            [
              88.99334660300013,
              22.922723837999968
            ],
            [
              88.99336510300003,
              22.92260928000013
            ],
            [
              88.99336767500012,
              22.922261545000026
            ],
            [
              88.99326847100008,
              22.92201295700005
            ],
            [
              88.99322944800014,
              22.921915171000137
            ],
            [
              88.99318589700016,
              22.921603083000093
            ],
            [
              88.9931690040001,
              22.921482030999982
            ],
            [
              88.99309603400008,
              22.920959132000178
            ],
            [
              88.99403332800017,
              22.920922168000118
            ],
            [
              88.99394395200005,
              22.920357069000033
            ],
            [
              88.9932403590002,
              22.92043841800006
            ],
            [
              88.993315167,
              22.919976790000078
            ],
            [
              88.99338990500013,
              22.919823820000033
            ],
            [
              88.99353454500005,
              22.91926020200009
            ],
            [
              88.99353550100011,
              22.91913079200009
            ],
            [
              88.99353839700018,
              22.91873859600014
            ],
            [
              88.99359044200014,
              22.9180456790001
            ],
            [
              88.99302826400015,
              22.91804211400006
            ],
            [
              88.99292543200016,
              22.917772743000057
            ],
            [
              88.99284441100014,
              22.91756222200013
            ],
            [
              88.99308064500013,
              22.917304034000097
            ],
            [
              88.993175791,
              22.91708785700007
            ],
            [
              88.99308384800014,
              22.916870493000033
            ],
            [
              88.99300313000003,
              22.916794361000086
            ],
            [
              88.99294404400013,
              22.9167386310001
            ],
            [
              88.99266343000016,
              22.916693948000045
            ],
            [
              88.98941991400005,
              22.918193070000086
            ],
            [
              88.98728504400015,
              22.919107859
            ],
            [
              88.9866573920001,
              22.919376799000077
            ],
            [
              88.98647251300014,
              22.919456325000112
            ],
            [
              88.98612975700001,
              22.91960376100002
            ],
            [
              88.98556532600014,
              22.91990274600016
            ],
            [
              88.98504909300016,
              22.920030418000067
            ],
            [
              88.98448270400007,
              22.920591333
            ],
            [
              88.98382342300016,
              22.9210635820001
            ],
            [
              88.98356987900013,
              22.921249062000186
            ],
            [
              88.98335218500006,
              22.921408318000033
            ],
            [
              88.98297478400019,
              22.92179656000019
            ],
            [
              88.98241097800008,
              22.922009728000035
            ],
            [
              88.98198925700012,
              22.922007025000084
            ],
            [
              88.98081795400009,
              22.92199951000009
            ],
            [
              88.98019256300012,
              22.921995496000136
            ],
            [
              88.97988097100011,
              22.92199349600014
            ],
            [
              88.97913040300017,
              22.92211964300003
            ],
            [
              88.9786822100001,
              22.92219353900009
            ],
            [
              88.97838015800016,
              22.92224353300014
            ],
            [
              88.97763023200014,
              22.92228386900007
            ],
            [
              88.976880645,
              22.922279039000045
            ],
            [
              88.97650651400005,
              22.922188564000123
            ],
            [
              88.97636668700011,
              22.92210185300013
            ],
            [
              88.97627675500013,
              22.92157964400019
            ],
            [
              88.97629338100012,
              22.919366783000157
            ],
            [
              88.97631325800006,
              22.916720378000093
            ],
            [
              88.97627002700011,
              22.916715585000134
            ],
            [
              88.97576125,
              22.916667813000117
            ],
            [
              88.97546950200007,
              22.916640419000146
            ],
            [
              88.97533005300016,
              22.916625972000134
            ],
            [
              88.97452506200005,
              22.917792747000135
            ],
            [
              88.97390845200005,
              22.918786859000136
            ],
            [
              88.97352974000012,
              22.91930603999998
            ],
            [
              88.97315267800019,
              22.919606189000035
            ],
            [
              88.97244805300005,
              22.919863577000058
            ],
            [
              88.97183666800004,
              22.920162208000136
            ],
            [
              88.97146057100008,
              22.92033365000009
            ],
            [
              88.97131878700009,
              22.92050660800004
            ],
            [
              88.97124773200017,
              22.920617855000103
            ],
            [
              88.97098698600007,
              22.921026087000143
            ],
            [
              88.97079795300016,
              22.92124164000012
            ],
            [
              88.97060924500016,
              22.92141429300011
            ],
            [
              88.97042152600017,
              22.92145598100018
            ],
            [
              88.97032169900018,
              22.921455333000097
            ],
            [
              88.97023413100004,
              22.921454766000124
            ],
            [
              88.9700943270002,
              22.921365792000074
            ],
            [
              88.96921443900004,
              22.920016496000187
            ],
            [
              88.96898143700014,
              22.919841108000014
            ],
            [
              88.96865489300012,
              22.91966511300012
            ],
            [
              88.96851411800009,
              22.91966420000017
            ],
            [
              88.96818531100018,
              22.919722224000168
            ],
            [
              88.96804514000019,
              22.919746960000055
            ],
            [
              88.96757417700002,
              22.920091652000167
            ],
            [
              88.96733854100006,
              22.92026399200006
            ],
            [
              88.96691650600008,
              22.920304154000178
            ],
            [
              88.96630740000012,
              22.920300190000034
            ],
            [
              88.96579279700006,
              22.92021103100018
            ],
            [
              88.96546657900012,
              22.919992127
            ],
            [
              88.9654216450001,
              22.919729890999974
            ],
            [
              88.96537799200013,
              22.919338950000054
            ],
            [
              88.96528511899999,
              22.919209632
            ],
            [
              88.96519289800011,
              22.91903515400014
            ],
            [
              88.96509905000016,
              22.919034544999988
            ],
            [
              88.96486473200014,
              22.91903301700006
            ],
            [
              88.964301907,
              22.91911515800018
            ],
            [
              88.96429594100005,
              22.919077386000083
            ],
            [
              88.96421265400016,
              22.91855004300004
            ],
            [
              88.96369311300009,
              22.91911118400003
            ],
            [
              88.96355264400012,
              22.919110268000168
            ],
            [
              88.96350670100014,
              22.91898125400013
            ],
            [
              88.96350869300011,
              22.918719326000144
            ],
            [
              88.96341616799998,
              22.91854484600009
            ],
            [
              88.96332394799998,
              22.918370368000012
            ],
            [
              88.96313786200005,
              22.918197536000093
            ],
            [
              88.96295179500004,
              22.918022445000133
            ],
            [
              88.96299971600018,
              22.91789178500011
            ],
            [
              88.96360382400007,
              22.917585093000184
            ],
            [
              88.96300730900003,
              22.916893745000152
            ],
            [
              88.96277662300008,
              22.91641577500002
            ],
            [
              88.96268575000016,
              22.916024526000115
            ],
            [
              88.96264210600009,
              22.915633583000158
            ],
            [
              88.96250463700017,
              22.915199125000072
            ],
            [
              88.96189553500005,
              22.91523805100013
            ],
            [
              88.96185556000017,
              22.91432550600001
            ],
            [
              88.96171509800013,
              22.914324586000134
            ],
            [
              88.9611577550001,
              22.91479289200015
            ],
            [
              88.96096190800017,
              22.914798386000086
            ],
            [
              88.96091598400005,
              22.914667114000054
            ],
            [
              88.96087071600004,
              22.91445003800004
            ],
            [
              88.96087204100007,
              22.91427617000005
            ],
            [
              88.96082642200014,
              22.9141449010001
            ],
            [
              88.96077950000017,
              22.914144594000163
            ],
            [
              88.9603568080002,
              22.914272799
            ],
            [
              88.9600273100001,
              22.914487423000026
            ],
            [
              88.95969913300019,
              22.91452817600009
            ],
            [
              88.95904313200003,
              22.91452387900017
            ],
            [
              88.95852855600009,
              22.91443469799998
            ],
            [
              88.95810686400017,
              22.914431931000024
            ],
            [
              88.95792743800007,
              22.91338976000003
            ],
            [
              88.9578345720002,
              22.913301081999975
            ],
            [
              88.95764751799999,
              22.913256951000164
            ],
            [
              88.95741221300017,
              22.91338637700005
            ],
            [
              88.95689300800012,
              22.913902338000184
            ],
            [
              88.95684911100011,
              22.91396021999998
            ],
            [
              88.95646699700012,
              22.914464071000054
            ],
            [
              88.95646364400011,
              22.914901964000137
            ],
            [
              88.95646334900016,
              22.914940511
            ],
            [
              88.95663479300015,
              22.915237327000057
            ],
            [
              88.95674091500007,
              22.91542105600007
            ],
            [
              88.95701885300014,
              22.915813538000066
            ],
            [
              88.95710837900009,
              22.916378656000063
            ],
            [
              88.95720378100015,
              22.916649431
            ],
            [
              88.95729179300014,
              22.916899230000183
            ],
            [
              88.95757172200013,
              22.91703203700007
            ],
            [
              88.95766189200015,
              22.917202441000143
            ],
            [
              88.9575690640001,
              22.91737977100007
            ],
            [
              88.95723954800019,
              22.917594387000065
            ],
            [
              88.95695763200013,
              22.917721248000134
            ],
            [
              88.9553174020001,
              22.917755629000055
            ],
            [
              88.95475521100008,
              22.91779483500011
            ],
            [
              88.95464189800003,
              22.917819988000133
            ],
            [
              88.95460330200018,
              22.91782855500003
            ],
            [
              88.95456749300018,
              22.917836505000025
            ],
            [
              88.95447297100014,
              22.917923949000112
            ],
            [
              88.95442018400013,
              22.918233955
            ],
            [
              88.95413816100017,
              22.91827760000018
            ],
            [
              88.953642613,
              22.918208850000156
            ],
            [
              88.95348282000003,
              22.918185216000154
            ],
            [
              88.95310804100018,
              22.91818274400015
            ],
            [
              88.9530121570001,
              22.918486959000177
            ],
            [
              88.95295812400013,
              22.918887504
            ],
            [
              88.95291263600012,
              22.919224709000105
            ],
            [
              88.95290946200004,
              22.919257229000152
            ],
            [
              88.95277614300011,
              22.91925634900008
            ],
            [
              88.95268025800004,
              22.919560564000108
            ],
            [
              88.95258207600011,
              22.920288365000033
            ],
            [
              88.95247918700005,
              22.92133863700002
            ],
            [
              88.95182282500008,
              22.921377210000117
            ],
            [
              88.95172394700006,
              22.92206980000003
            ],
            [
              88.95116108600013,
              22.922154149
            ],
            [
              88.95115741799998,
              22.922630589
            ],
            [
              88.95115641100017,
              22.92276155200011
            ],
            [
              88.9510618990002,
              22.9228467370001
            ],
            [
              88.95078027800008,
              22.92293294300015
            ],
            [
              88.95059321400004,
              22.922888803000035
            ],
            [
              88.95050338000004,
              22.922366582999985
            ],
            [
              88.95050585100017,
              22.922045949000108
            ],
            [
              88.95050672100007,
              22.921933046000106
            ],
            [
              88.95041385400015,
              22.92184436700012
            ],
            [
              88.95008665200004,
              22.92175639500016
            ],
            [
              88.9499002660001,
              22.921624192000138
            ],
            [
              88.94957240200011,
              22.921622024000158
            ],
            [
              88.94900921100015,
              22.921749267999985
            ],
            [
              88.94882181700012,
              22.921748026000103
            ],
            [
              88.94872996900017,
              22.921487736000017
            ],
            [
              88.94873265300004,
              22.92114000400005
            ],
            [
              88.94873599800019,
              22.920706467000116
            ],
            [
              88.94873868000008,
              22.920358736000082
            ],
            [
              88.9487400210001,
              22.92018487000007
            ],
            [
              88.94874136500005,
              22.92001100200008
            ],
            [
              88.94860122700015,
              22.919967171000053
            ],
            [
              88.94841517600014,
              22.91979206400009
            ],
            [
              88.94804006100009,
              22.919832485000143
            ],
            [
              88.9478985840002,
              22.919962518000148
            ],
            [
              88.94808329200004,
              22.92031149100012
            ],
            [
              88.94808161600008,
              22.92052825900015
            ],
            [
              88.94793980600008,
              22.920701194000173
            ],
            [
              88.94761265300008,
              22.920568055000047
            ],
            [
              88.94714432400013,
              22.920564953000166
            ],
            [
              88.9465569670001,
              22.920637805000126
            ],
            [
              88.94648763400016,
              22.920646405000127
            ],
            [
              88.94616010400006,
              22.920601328000032
            ],
            [
              88.94611483100016,
              22.920427153000105
            ],
            [
              88.9461178520001,
              22.92003651900012
            ],
            [
              88.94602567900006,
              22.919819127000096
            ],
            [
              88.94546081400011,
              22.920163127000137
            ],
            [
              88.94536961300014,
              22.919859936000023
            ],
            [
              88.94541859100008,
              22.919555414
            ],
            [
              88.94551378500012,
              22.919382171000166
            ],
            [
              88.9459361530001,
              22.919299167000077
            ],
            [
              88.9464471780002,
              22.919302558000084
            ],
            [
              88.94668541200019,
              22.919304139000133
            ],
            [
              88.94710947300018,
              22.91900210400007
            ],
            [
              88.94706523600018,
              22.91865406000005
            ],
            [
              88.94711517800005,
              22.918263738000064
            ],
            [
              88.94686676300017,
              22.918229550000092
            ],
            [
              88.946787653,
              22.918218662000072
            ],
            [
              88.94670118900018,
              22.917262905000143
            ],
            [
              88.94632641300007,
              22.917260418000012
            ],
            [
              88.94613898100016,
              22.917304339
            ],
            [
              88.94604312700005,
              22.917563385000165
            ],
            [
              88.94594823900019,
              22.917736629000103
            ],
            [
              88.94575983700008,
              22.917866349000178
            ],
            [
              88.94538472800019,
              22.91790676500011
            ],
            [
              88.94527756200006,
              22.917805513000076
            ],
            [
              88.94510552300011,
              22.917642967000177
            ],
            [
              88.9451085440001,
              22.917252333000135
            ],
            [
              88.94548499700005,
              22.917038054000102
            ],
            [
              88.94614311400005,
              22.916770046000124
            ],
            [
              88.94614435900007,
              22.91660887300003
            ],
            [
              88.9460535340001,
              22.916217616000097
            ],
            [
              88.94596133600015,
              22.916043129000116
            ],
            [
              88.94544036600018,
              22.916195626000047
            ],
            [
              88.9445054910002,
              22.916469275000054
            ],
            [
              88.94432181100012,
              22.91598933500012
            ],
            [
              88.9456378810001,
              22.915433548000067
            ],
            [
              88.94559341700017,
              22.915174404000084
            ],
            [
              88.94483744600007,
              22.915395690000082
            ],
            [
              88.94473573500005,
              22.915129929000045
            ],
            [
              88.9446537660001,
              22.914915750000034
            ],
            [
              88.94470654300017,
              22.914893462000123
            ],
            [
              88.94596982400014,
              22.914359960000013
            ],
            [
              88.94592521600015,
              22.914099979000127
            ],
            [
              88.94592689100006,
              22.91388321200003
            ],
            [
              88.94559942300015,
              22.913792971000078
            ],
            [
              88.94527056599998,
              22.913921758000185
            ],
            [
              88.94508216800006,
              22.914051476999987
            ],
            [
              88.94470640600002,
              22.914177696000024
            ],
            [
              88.94433296700015,
              22.914003597000146
            ],
            [
              88.94438359700007,
              22.91352521400006
            ],
            [
              88.94448115900013,
              22.913006495000047
            ],
            [
              88.9445324510001,
              22.91244230300009
            ],
            [
              88.94453481000005,
              22.91213747600017
            ],
            [
              88.94453615700007,
              22.91196360800018
            ],
            [
              88.94438345200012,
              22.911748669000076
            ],
            [
              88.94435078800012,
              22.911702693000166
            ],
            [
              88.94425786100015,
              22.91170207600004
            ],
            [
              88.94428377100013,
              22.912177068000062
            ],
            [
              88.943736705,
              22.912537048
            ],
            [
              88.94288309000018,
              22.912830103000033
            ],
            [
              88.94194920500007,
              22.913493048000078
            ],
            [
              88.94190401500009,
              22.91353568700015
            ],
            [
              88.94155937200009,
              22.913860879000026
            ],
            [
              88.94140264100014,
              22.914110771000082
            ],
            [
              88.94144823900018,
              22.914509535000036
            ],
            [
              88.94147511400018,
              22.914744567000128
            ],
            [
              88.94154498100005,
              22.915287829000135
            ],
            [
              88.94156356700017,
              22.915446960999986
            ],
            [
              88.94128005400006,
              22.915578436000146
            ],
            [
              88.94115049300007,
              22.915684011000053
            ],
            [
              88.94073123200013,
              22.915719183000135
            ],
            [
              88.94062856600016,
              22.915727796000056
            ],
            [
              88.94043798000018,
              22.915743785000018
            ],
            [
              88.94002768800016,
              22.915755386
            ],
            [
              88.93973178100009,
              22.915704146000053
            ],
            [
              88.93965103099998,
              22.915423072000067
            ],
            [
              88.93947019800004,
              22.91479094000016
            ],
            [
              88.93924337800013,
              22.91410114600012
            ],
            [
              88.9390512550001,
              22.91293121900003
            ],
            [
              88.93886903500015,
              22.912482277000038
            ],
            [
              88.93863402600016,
              22.912480706000167
            ],
            [
              88.93853749300007,
              22.912825553000175
            ],
            [
              88.93806850600009,
              22.91291048500011
            ],
            [
              88.93799717900009,
              22.912199820000183
            ],
            [
              88.93798141800016,
              22.91204278500004
            ],
            [
              88.93769592000012,
              22.91208665000005
            ],
            [
              88.93726950600006,
              22.91215216300003
            ],
            [
              88.93709896800016,
              22.91218686999997
            ],
            [
              88.93700570900018,
              22.91223643300009
            ],
            [
              88.93719393100008,
              22.912911634000125
            ],
            [
              88.93721378900011,
              22.912970979000136
            ],
            [
              88.93736194400003,
              22.91341372500017
            ],
            [
              88.93739894200007,
              22.913609610000094
            ],
            [
              88.9374421120001,
              22.913838171000123
            ],
            [
              88.93743347800012,
              22.913952827000173
            ],
            [
              88.93726277000019,
              22.914009041000043
            ],
            [
              88.93690045000005,
              22.91403392100017
            ],
            [
              88.93684587600018,
              22.914064982000127
            ],
            [
              88.93660622900012,
              22.91420137600005
            ],
            [
              88.93665113800006,
              22.914420715000176
            ],
            [
              88.93683649600007,
              22.914681638
            ],
            [
              88.93725818600018,
              22.914684458000067
            ],
            [
              88.93776162600005,
              22.914649425000107
            ],
            [
              88.93782030300002,
              22.914649367000095
            ],
            [
              88.93776936800003,
              22.915207243000054
            ],
            [
              88.9377681260001,
              22.91536667600019
            ],
            [
              88.9375751120001,
              22.915475319000052
            ],
            [
              88.93724884700003,
              22.91563511000004
            ],
            [
              88.93715889000015,
              22.91542219600018
            ],
            [
              88.93701914300004,
              22.915290292000066
            ],
            [
              88.93664506200008,
              22.91519972300017
            ],
            [
              88.93645834600005,
              22.915112664000162
            ],
            [
              88.93613152,
              22.914979506000122
            ],
            [
              88.93594549400007,
              22.914804383000103
            ],
            [
              88.93585533900017,
              22.91437022100007
            ],
            [
              88.93576352400015,
              22.914109923000012
            ],
            [
              88.9356730340001,
              22.913718663000168
            ],
            [
              88.93548128300012,
              22.91373585200006
            ],
            [
              88.93512669200004,
              22.913767638000024
            ],
            [
              88.9351531480001,
              22.913888126000074
            ],
            [
              88.93524184400013,
              22.914430669000126
            ],
            [
              88.93505357300012,
              22.91450392200005
            ],
            [
              88.93487882200014,
              22.914533244000154
            ],
            [
              88.93430301700016,
              22.91462985900006
            ],
            [
              88.93378575700018,
              22.914886071000126
            ],
            [
              88.93364396500016,
              22.915016090000165
            ],
            [
              88.93359496400012,
              22.915320605000034
            ],
            [
              88.93345250000004,
              22.915536428000053
            ],
            [
              88.93317056799998,
              22.915663246000065
            ],
            [
              88.93298182300009,
              22.91583585500001
            ],
            [
              88.93297978900011,
              22.91609552200009
            ],
            [
              88.932697501,
              22.916267500000117
            ],
            [
              88.93232273000018,
              22.916264980999983
            ],
            [
              88.93185512300016,
              22.9161331250001
            ],
            [
              88.93190546000011,
              22.915697648000048
            ],
            [
              88.93186158100013,
              22.915308958000026
            ],
            [
              88.93176940500013,
              22.91513446500005
            ],
            [
              88.9314412540001,
              22.915132257000096
            ],
            [
              88.93097294600005,
              22.915129105000176
            ],
            [
              88.93059750499998,
              22.91521238500013
            ],
            [
              88.93036250600017,
              22.915298870000072
            ],
            [
              88.9303604690001,
              22.915558540000063
            ],
            [
              88.93040262200014,
              22.916166255000178
            ],
            [
              88.93046890400012,
              22.916240805000143
            ],
            [
              88.93026544000014,
              22.91628593700011
            ],
            [
              88.93003043900018,
              22.916372421000176
            ],
            [
              88.93003018900015,
              22.91640429000006
            ],
            [
              88.93002840200006,
              22.916632091000167
            ],
            [
              88.93007055300012,
              22.91723980600011
            ],
            [
              88.9303028270001,
              22.91750105400007
            ],
            [
              88.93095682800015,
              22.91772223600003
            ],
            [
              88.9317036540001,
              22.918075009
            ],
            [
              88.9321243280001,
              22.918208809000078
            ],
            [
              88.93245354300007,
              22.918037147000064
            ],
            [
              88.93264229400017,
              22.917864540000096
            ],
            [
              88.93278795400016,
              22.91786552000019
            ],
            [
              88.93292352600014,
              22.917866431000164
            ],
            [
              88.93306296600014,
              22.917998337000085
            ],
            [
              88.93301333800014,
              22.918343495000045
            ],
            [
              88.93287048700012,
              22.91864738100014
            ],
            [
              88.93249367600015,
              22.918904531000067
            ],
            [
              88.93230492100002,
              22.919077136000055
            ],
            [
              88.931974007,
              22.919465565000166
            ],
            [
              88.93174997200003,
              22.919738416000087
            ],
            [
              88.93169004300017,
              22.919811403000153
            ],
            [
              88.9312673280001,
              22.919937271000094
            ],
            [
              88.93070546100006,
              22.919933488000027
            ],
            [
              88.93048152100016,
              22.91989133600009
            ],
            [
              88.93023750500004,
              22.919844530000148
            ],
            [
              88.9301018060001,
              22.919236184000056
            ],
            [
              88.9296797680002,
              22.919276243000127
            ],
            [
              88.92930635300013,
              22.91909985200016
            ],
            [
              88.92916826500004,
              22.918796335000025
            ],
            [
              88.92902985900014,
              22.918533462000028
            ],
            [
              88.92893942,
              22.918099295000047
            ],
            [
              88.92880166999998,
              22.917752874000087
            ],
            [
              88.92866292700018,
              22.917532903000108
            ],
            [
              88.92852484200017,
              22.917229386000145
            ],
            [
              88.92819975900005,
              22.91683653900003
            ],
            [
              88.92744783300014,
              22.91713404900014
            ],
            [
              88.92712339600007,
              22.916698301000167
            ],
            [
              88.92712577900016,
              22.916395729000158
            ],
            [
              88.92731487000009,
              22.916180229000076
            ],
            [
              88.92736419100015,
              22.9158757190001
            ],
            [
              88.9272723900001,
              22.915615415000104
            ],
            [
              88.92694762100018,
              22.91522256800016
            ],
            [
              88.92680852500018,
              22.91504775499999
            ],
            [
              88.92633748200006,
              22.915392320000024
            ],
            [
              88.92596271100001,
              22.915389786000162
            ],
            [
              88.92582365200013,
              22.91517206800006
            ],
            [
              88.92577977600007,
              22.91482402200006
            ],
            [
              88.92573494100003,
              22.914792208000108
            ],
            [
              88.92559342600009,
              22.914691792000156
            ],
            [
              88.92550129100005,
              22.91447438900019
            ],
            [
              88.92583084300014,
              22.914259840000113
            ],
            [
              88.92578593600007,
              22.91404275800005
            ],
            [
              88.9258239510001,
              22.913872484000024
            ],
            [
              88.92583426000016,
              22.913826307000022
            ],
            [
              88.92569483100004,
              22.913694394
            ],
            [
              88.92550846400019,
              22.913564420000114
            ],
            [
              88.9252745170001,
              22.913517677000073
            ],
            [
              88.92466438400015,
              22.91368742200018
            ],
            [
              88.92448145600014,
              22.913121657000147
            ],
            [
              88.92408999800006,
              22.913141993000067
            ],
            [
              88.922981714,
              22.913199562000102
            ],
            [
              88.92260695300018,
              22.913197018000062
            ],
            [
              88.92232642600015,
              22.91310704900019
            ],
            [
              88.92223494100017,
              22.912846747000174
            ],
            [
              88.92209619400012,
              22.912629027000094
            ],
            [
              88.9217683550001,
              22.912626801000044
            ],
            [
              88.92153062500012,
              22.913058744000182
            ],
            [
              88.92129528600009,
              22.913188117000175
            ],
            [
              88.920966765,
              22.913271693000127
            ],
            [
              88.92073348500008,
              22.91314139600013
            ],
            [
              88.92073589800003,
              22.912836569000035
            ],
            [
              88.92050193500012,
              22.91279207400015
            ],
            [
              88.92049953999998,
              22.91309464600016
            ],
            [
              88.92040428600012,
              22.913310775000184
            ],
            [
              88.9202172430002,
              22.913266600000156
            ],
            [
              88.91979829800005,
              22.91291826000014
            ],
            [
              88.9196675340001,
              22.91274524
            ],
            [
              88.91960663000003,
              22.912925061000067
            ],
            [
              88.9194454220002,
              22.913019949999978
            ],
            [
              88.91915257400012,
              22.913192323000146
            ],
            [
              88.91927930100019,
              22.913391191000073
            ],
            [
              88.9193707460002,
              22.91369439900012
            ],
            [
              88.91934991500017,
              22.913760225000033
            ],
            [
              88.92007076100015,
              22.913492745000156
            ],
            [
              88.92034686900007,
              22.9141020510001
            ],
            [
              88.92011084800015,
              22.914317226000037
            ],
            [
              88.91962545000013,
              22.914348115000053
            ],
            [
              88.91950174400006,
              22.914355987000135
            ],
            [
              88.91931332400009,
              22.914485675000037
            ],
            [
              88.91925866500009,
              22.914744363000125
            ],
            [
              88.91923316100014,
              22.914865073000158
            ],
            [
              88.91916706000006,
              22.91517791800004
            ],
            [
              88.91916504000005,
              22.915432647000046
            ],
            [
              88.91898117300002,
              22.915559200000132
            ],
            [
              88.91895446100017,
              22.915685622000126
            ],
            [
              88.91883490600009,
              22.916251442000032
            ],
            [
              88.91883076800013,
              22.916773036000052
            ],
            [
              88.91869030700013,
              22.916772079000054
            ],
            [
              88.91845633700012,
              22.916727583000068
            ],
            [
              88.91826450800016,
              22.9164864600001
            ],
            [
              88.9182177420002,
              22.916734063000092
            ],
            [
              88.91754937100006,
              22.91716074800013
            ],
            [
              88.91750926500009,
              22.9171863520001
            ],
            [
              88.91727629500019,
              22.91733507800018
            ],
            [
              88.91741193100006,
              22.91794343100014
            ],
            [
              88.91767002500012,
              22.917945191000115
            ],
            [
              88.91783363100012,
              22.91794630600009
            ],
            [
              88.91811179800015,
              22.918295950000072
            ],
            [
              88.91881236300009,
              22.918560400000104
            ],
            [
              88.91951327400011,
              22.918781950000152
            ],
            [
              88.9195268530001,
              22.918903081000167
            ],
            [
              88.91955710100007,
              22.919172899000102
            ],
            [
              88.91969343300019,
              22.91969544900013
            ],
            [
              88.92011307700011,
              22.919957985000053
            ],
            [
              88.92071873800018,
              22.920395656000096
            ],
            [
              88.92099691800013,
              22.920745296000064
            ],
            [
              88.92116329000004,
              22.92134225400008
            ],
            [
              88.9211791400001,
              22.92139912500005
            ],
            [
              88.92116493600014,
              22.92146545200012
            ],
            [
              88.92098454300009,
              22.922307818000036
            ],
            [
              88.92088790500009,
              22.92269781300007
            ],
            [
              88.92077156300002,
              22.922824835000085
            ],
            [
              88.92065238400005,
              22.923381346000042
            ],
            [
              88.92063902800015,
              22.923435244000075
            ],
            [
              88.92061346500009,
              22.923676352000086
            ],
            [
              88.92059771600015,
              22.92382489400012
            ],
            [
              88.92050725500019,
              22.92382427900003
            ],
            [
              88.91965038000006,
              22.92381845200015
            ],
            [
              88.9196149710001,
              22.923822156000085
            ],
            [
              88.91947748100006,
              22.923295652000036
            ],
            [
              88.91877655000008,
              22.92307410300009
            ],
            [
              88.91826197200015,
              22.92298479200008
            ],
            [
              88.91765356600007,
              22.922892580999985
            ],
            [
              88.91731730300006,
              22.922817824000106
            ],
            [
              88.91704580400005,
              22.92275746600012
            ],
            [
              88.91695367800008,
              22.92254005900014
            ],
            [
              88.91695540200004,
              22.922323293000147
            ],
            [
              88.91601877900007,
              22.922274
            ],
            [
              88.91602429300019,
              22.921580800000072
            ],
            [
              88.91593247200012,
              22.921363395000128
            ],
            [
              88.91518118100004,
              22.921575040000164
            ],
            [
              88.91499932700009,
              22.920878305000144
            ],
            [
              88.91434087800008,
              22.921178648000023
            ],
            [
              88.91415487100005,
              22.92100350100003
            ],
            [
              88.91429773100015,
              22.920742539000116
            ],
            [
              88.9146276570001,
              22.920485113000097
            ],
            [
              88.91467699100008,
              22.92018286600006
            ],
            [
              88.91444303800017,
              22.920136103
            ],
            [
              88.91392743100005,
              22.92017774100009
            ],
            [
              88.91393020200019,
              22.919830012000034
            ],
            [
              88.91356372200005,
              22.918786521000072
            ],
            [
              88.91182928100017,
              22.918903359000183
            ],
            [
              88.91136164800014,
              22.9188143450001
            ],
            [
              88.91098757500015,
              22.918723715000056
            ],
            [
              88.91010440200017,
              22.918509911000115
            ],
            [
              88.91004570500002,
              22.918495960000143
            ],
            [
              88.90834420000004,
              22.918573523000077
            ],
            [
              88.90836913100003,
              22.918460484000036
            ],
            [
              88.90841372099999,
              22.91825756100019
            ],
            [
              88.90841399300001,
              22.91822369200014
            ],
            [
              88.90837172400018,
              22.918060817000082
            ],
            [
              88.90832652900008,
              22.91792050500004
            ],
            [
              88.908308573,
              22.91786959200016
            ],
            [
              88.90822433800008,
              22.91763076700005
            ],
            [
              88.90809742200003,
              22.917383761
            ],
            [
              88.90794942000008,
              22.917068869000104
            ],
            [
              88.90783139200005,
              22.91689192600012
            ],
            [
              88.907683771,
              22.916529614000126
            ],
            [
              88.90757782400004,
              22.91636630400012
            ],
            [
              88.9075429510001,
              22.916307354000025
            ],
            [
              88.90741483500017,
              22.916096467000102
            ],
            [
              88.9072965380002,
              22.915953395000145
            ],
            [
              88.90714243500014,
              22.915753621000135
            ],
            [
              88.90693978000019,
              22.915528676000122
            ],
            [
              88.9067732200001,
              22.91536269000005
            ],
            [
              88.90654592200008,
              22.915171444
            ],
            [
              88.90632837300012,
              22.91498026500011
            ],
            [
              88.90617080600015,
              22.914870792000045
            ],
            [
              88.90612659400006,
              22.91483661600006
            ],
            [
              88.90594883200009,
              22.914699906000067
            ],
            [
              88.90590703800018,
              22.914668004000134
            ],
            [
              88.90582786900012,
              22.914615435000144
            ],
            [
              88.90565275000012,
              22.91449915400017
            ],
            [
              88.90534963400006,
              22.914338996000083
            ],
            [
              88.90509489500005,
              22.914226596
            ],
            [
              88.90483751600016,
              22.914139013000124
            ],
            [
              88.90459183900015,
              22.91407409200019
            ],
            [
              88.90434655900009,
              22.913997884000082
            ],
            [
              88.90410118500006,
              22.91393296300015
            ],
            [
              88.90387015200002,
              22.91386588500012
            ],
            [
              88.90364913800005,
              22.91380339000017
            ],
            [
              88.90340309800013,
              22.913783627000043
            ],
            [
              88.90316720400017,
              22.913752643000123
            ],
            [
              88.90294561100018,
              22.913724017000106
            ],
            [
              88.9026995750001,
              22.91370425100007
            ],
            [
              88.90242702600017,
              22.91368430400007
            ],
            [
              88.90214424400006,
              22.91368686600009
            ],
            [
              88.90183506500017,
              22.913675696000098
            ],
            [
              88.90141336400018,
              22.913675038
            ],
            [
              88.90100406400006,
              22.913685754000028
            ],
            [
              88.90068219100016,
              22.913699334000057
            ],
            [
              88.90057673200005,
              22.913701350000053
            ],
            [
              88.90024853700015,
              22.91370762200006
            ],
            [
              88.8998778400001,
              22.913729897000053
            ],
            [
              88.89945644800008,
              22.91372923600005
            ],
            [
              88.89913466600007,
              22.91373152100016
            ],
            [
              88.89884975000012,
              22.913734061000014
            ],
            [
              88.89850379300003,
              22.913711339000088
            ],
            [
              88.89825553100007,
              22.913702845000103
            ],
            [
              88.89799721500003,
              22.913694278000037
            ],
            [
              88.89772476300004,
              22.91366303400008
            ],
            [
              88.89747870500014,
              22.913645518000067
            ],
            [
              88.89740719800017,
              22.91363373100006
            ],
            [
              88.89722098700014,
              22.913600824000127
            ],
            [
              88.89695084800007,
              22.913547013000027
            ],
            [
              88.89668101700005,
              22.913493202000097
            ],
            [
              88.8964114760002,
              22.913403265
            ],
            [
              88.89620234800014,
              22.913340843000185
            ],
            [
              88.89600826000003,
              22.913264977000097
            ],
            [
              88.89585997800003,
              22.91321426899998
            ],
            [
              88.8957385980001,
              22.913152456000148
            ],
            [
              88.89558134600009,
              22.91304297400012
            ],
            [
              88.89549913000019,
              22.912961110000083
            ],
            [
              88.89541480200018,
              22.912876978999975
            ],
            [
              88.8953692400001,
              22.91278407700014
            ],
            [
              88.89532106000001,
              22.91271374200005
            ],
            [
              88.8952638180001,
              22.912595921
            ],
            [
              88.89524272200015,
              22.912491904000035
            ],
            [
              88.89523384400007,
              22.91242184200007
            ],
            [
              88.89523693600017,
              22.91233288100011
            ],
            [
              88.89524020099998,
              22.912238983000123
            ],
            [
              88.89528604800017,
              22.912033811000015
            ],
            [
              88.89534115300017,
              22.911851289000026
            ],
            [
              88.89544783800005,
              22.911657835000028
            ],
            [
              88.89559113000018,
              22.911421733
            ],
            [
              88.89574936900004,
              22.911183474000097
            ],
            [
              88.89592894500015,
              22.91098149600009
            ],
            [
              88.896084271,
              22.910801925000044
            ],
            [
              88.89623918100006,
              22.910635904000117
            ],
            [
              88.89642751200012,
              22.91042495300013
            ],
            [
              88.8966132590001,
              22.91023204600009
            ],
            [
              88.89683190400018,
              22.910021304000054
            ],
            [
              88.89709998700005,
              22.909763484000052
            ],
            [
              88.89736765500015,
              22.9095192100001
            ],
            [
              88.89762580100006,
              22.909283903000073
            ],
            [
              88.89784191700016,
              22.909084431000053
            ],
            [
              88.89806057600003,
              22.908871430000147
            ],
            [
              88.89834073200012,
              22.908627240000158
            ],
            [
              88.89858374500005,
              22.90841666200015
            ],
            [
              88.89885122500016,
              22.908194967000043
            ],
            [
              88.899030826,
              22.908026855000116
            ],
            [
              88.89927645600011,
              22.90779371400015
            ],
            [
              88.89948030800008,
              22.907603188000166
            ],
            [
              88.89976307500012,
              22.90733643300001
            ],
            [
              88.8999670140002,
              22.907134617000054
            ],
            [
              88.90011014400017,
              22.906954959000075
            ],
            [
              88.9002287740002,
              22.906752552000114
            ],
            [
              88.90034773000008,
              22.906547888999967
            ],
            [
              88.90045437500015,
              22.906320560000097
            ],
            [
              88.9004810620001,
              22.906254186000126
            ],
            [
              88.90053676700018,
              22.906115643000078
            ],
            [
              88.900591572,
              22.905969244000175
            ],
            [
              88.90066205000016,
              22.90573037500019
            ],
            [
              88.90072027100013,
              22.905500453000172
            ],
            [
              88.90076589100016,
              22.905283989000054
            ],
            [
              88.9007967350002,
              22.90512387800004
            ],
            [
              88.9008245660001,
              22.904997617000163
            ],
            [
              88.90084351500019,
              22.904801293000048
            ],
            [
              88.9008615950001,
              22.904674966000186
            ],
            [
              88.90086485000006,
              22.90457337500004
            ],
            [
              88.90087115900013,
              22.904433416000074
            ],
            [
              88.90087432200016,
              22.90434311299998
            ],
            [
              88.90086261000005,
              22.904284323000127
            ],
            [
              88.90086600800015,
              22.90420305400005
            ],
            [
              88.90088145000004,
              22.904101547000096
            ],
            [
              88.90087208200015,
              22.904054063000046
            ],
            [
              88.90039458200005,
              22.901760585000034
            ],
            [
              88.9001555110001,
              22.90061227900003
            ],
            [
              88.90013307800012,
              22.900584838000157
            ],
            [
              88.90010723800009,
              22.900553233000096
            ],
            [
              88.89995625400002,
              22.90027218500012
            ],
            [
              88.89973293500015,
              22.899931926000136
            ],
            [
              88.89952431799998,
              22.89954434400005
            ],
            [
              88.89939834400008,
              22.89933572800004
            ],
            [
              88.89936106000016,
              22.899274501000036
            ],
            [
              88.89924607100016,
              22.89906370100016
            ],
            [
              88.89909219900005,
              22.89883908300004
            ],
            [
              88.89899829200016,
              22.898734559000104
            ],
            [
              88.89886840900016,
              22.898557529000186
            ],
            [
              88.89871396000012,
              22.898366777000035
            ],
            [
              88.89856007300006,
              22.898144418000015
            ],
            [
              88.89843272100018,
              22.897956112000088
            ],
            [
              88.89836067400017,
              22.897860773000104
            ],
            [
              88.898351199,
              22.89782683800007
            ],
            [
              88.89846340700007,
              22.89774518200005
            ],
            [
              88.8997066870001,
              22.89684040700007
            ],
            [
              88.90023996100012,
              22.89645194200017
            ],
            [
              88.90048357000012,
              22.896274483000127
            ],
            [
              88.90075110500015,
              22.896079880000116
            ],
            [
              88.90093098900013,
              22.895950154000047
            ],
            [
              88.90121044000006,
              22.895751115000166
            ],
            [
              88.90146339000006,
              22.895551893
            ],
            [
              88.90161791100013,
              22.895431022000082
            ],
            [
              88.90176974100007,
              22.895341748000135
            ],
            [
              88.90187799300014,
              22.89521604300012
            ],
            [
              88.90202809300013,
              22.895038691000025
            ],
            [
              88.90218075500013,
              22.8948839360001
            ],
            [
              88.90220765300006,
              22.894872831000157
            ],
            [
              88.90225676000011,
              22.89482800899998
            ],
            [
              88.90233258400019,
              22.894794660000173
            ],
            [
              88.90238383600018,
              22.894785982000144
            ],
            [
              88.90247506900016,
              22.894768546000137
            ],
            [
              88.90261755000012,
              22.894780820999983
            ],
            [
              88.90282681600007,
              22.89482291100012
            ],
            [
              88.9031448880001,
              22.89493575400013
            ],
            [
              88.90334187800005,
              22.894989050000106
            ],
            [
              88.90349949600011,
              22.89505110600004
            ],
            [
              88.9036938660002,
              22.895126963000052
            ],
            [
              88.90397547300012,
              22.895228263999968
            ],
            [
              88.90418079300008,
              22.895306454000036
            ],
            [
              88.90428127000013,
              22.895352307000053
            ],
            [
              88.90432992200004,
              22.89536393500009
            ],
            [
              88.90439074200015,
              22.8953779040001
            ],
            [
              88.9045029200002,
              22.89536964400014
            ],
            [
              88.9046030090002,
              22.89535001000013
            ],
            [
              88.90464825800012,
              22.895329999000126
            ],
            [
              88.90472743300018,
              22.89529667300002
            ],
            [
              88.90478803300005,
              22.895219251000015
            ],
            [
              88.90480654100014,
              22.895195605000026
            ],
            [
              88.90486135400016,
              22.895046948000072
            ],
            [
              88.9049075550002,
              22.89479435900006
            ],
            [
              88.9049295710002,
              22.89451902200011
            ],
            [
              88.90495140200017,
              22.894266263000077
            ],
            [
              88.90497359400001,
              22.893968347999987
            ],
            [
              88.90503129800004,
              22.89376325699999
            ],
            [
              88.90507374300006,
              22.893637096000134
            ],
            [
              88.90508650700008,
              22.893603311000106
            ],
            [
              88.90517487600016,
              22.89352488800006
            ],
            [
              88.90525858200016,
              22.893496108000022
            ],
            [
              88.90532641200008,
              22.893471737000027
            ],
            [
              88.90551156100003,
              22.893443656000102
            ],
            [
              88.9055478520001,
              22.89343939000014
            ],
            [
              88.90579945000013,
              22.893407252000145
            ],
            [
              88.90607000400018,
              22.893404598000075
            ],
            [
              88.90620606700014,
              22.893419082000037
            ],
            [
              88.90637897700003,
              22.893436080000185
            ],
            [
              88.90651532900017,
              22.893452821999972
            ],
            [
              88.90663960300014,
              22.89345593700017
            ],
            [
              88.90677332000007,
              22.893459116000145
            ],
            [
              88.90686094800003,
              22.89347326400008
            ],
            [
              88.90698276900008,
              22.893478619000064
            ],
            [
              88.90705839000003,
              22.8934701070001
            ],
            [
              88.90720721900004,
              22.893450809000058
            ],
            [
              88.90728303700007,
              22.89341745700017
            ],
            [
              88.90739530700012,
              22.89339790700012
            ],
            [
              88.90747509000005,
              22.893364582000117
            ],
            [
              88.90752003500012,
              22.89334456900019
            ],
            [
              88.90754605700016,
              22.893290553000156
            ],
            [
              88.90758692100019,
              22.893209541000033
            ],
            [
              88.9076169990002,
              22.89310587600005
            ],
            [
              88.9075933810002,
              22.893049261999977
            ],
            [
              88.90749947600011,
              22.892906356000083
            ],
            [
              88.907458357,
              22.89284272900005
            ],
            [
              88.90726360200017,
              22.89261118000013
            ],
            [
              88.9070967610001,
              22.892445191000036
            ],
            [
              88.90697148700008,
              22.892281748000073
            ],
            [
              88.90690650800008,
              22.892197750000037
            ],
            [
              88.90672798700018,
              22.892006844000093
            ],
            [
              88.90656463200003,
              22.89174829300009
            ],
            [
              88.90643501600016,
              22.891537399000015
            ],
            [
              88.90629592600004,
              22.891292568000097
            ],
            [
              88.90619059200003,
              22.891093131000048
            ],
            [
              88.90606332400012,
              22.890893541000082
            ],
            [
              88.90593353200006,
              22.890705224000044
            ],
            [
              88.90585490800015,
              22.89059403600004
            ],
            [
              88.90579164300016,
              22.890505535000102
            ],
            [
              88.90560373900001,
              22.890269398000044
            ],
            [
              88.90548613200019,
              22.890081167000176
            ],
            [
              88.90540439500006,
              22.88994060000016
            ],
            [
              88.90532316399998,
              22.889775199999974
            ],
            [
              88.905220252,
              22.88957803599999
            ],
            [
              88.90515090100007,
              22.889412717000084
            ],
            [
              88.9051332430002,
              22.88929743200009
            ],
            [
              88.9051210990001,
              22.88921605700017
            ],
            [
              88.90511847100004,
              22.889170896000053
            ],
            [
              88.90510637200003,
              22.88896304900004
            ],
            [
              88.90512210000009,
              22.888825412000074
            ],
            [
              88.90516765000012,
              22.888654110000118
            ],
            [
              88.90522612100006,
              22.888390314000162
            ],
            [
              88.90523315100012,
              22.888349717000096
            ],
            [
              88.90524147100007,
              22.888300095000034
            ],
            [
              88.905293282,
              22.888221418000057
            ],
            [
              88.90533263500015,
              22.888176527000155
            ],
            [
              88.90542100200008,
              22.88809810200013
            ],
            [
              88.90551211100012,
              22.888019696000015
            ],
            [
              88.90570046400012,
              22.887932927000065
            ],
            [
              88.90586425200019,
              22.887870827000086
            ],
            [
              88.90609804500008,
              22.887854370000014
            ],
            [
              88.90639549000008,
              22.88784060900008
            ],
            [
              88.90654683600019,
              22.88781003800011
            ],
            [
              88.90665910000007,
              22.887790488000064
            ],
            [
              88.90674464900013,
              22.88775946200019
            ],
            [
              88.90685922699998,
              22.887717346000045
            ],
            [
              88.90698403800013,
              22.88765271900013
            ],
            [
              88.9071117920002,
              22.887563274000115
            ],
            [
              88.90730285300009,
              22.887442646000068
            ],
            [
              88.90747920400003,
              22.88733321400008
            ],
            [
              88.90755520200014,
              22.887277283000174
            ],
            [
              88.90761901500014,
              22.887221268000076
            ],
            [
              88.90770950300004,
              22.88710971200004
            ],
            [
              88.90775337500008,
              22.886915089000013
            ],
            [
              88.90781116000016,
              22.886698709000086
            ],
            [
              88.90783928700012,
              22.886572447000106
            ],
            [
              88.90784109600014,
              22.886536329000137
            ],
            [
              88.90784517200012,
              22.88644603300014
            ],
            [
              88.90783616300018,
              22.88635339000018
            ],
            [
              88.90778838000006,
              22.886271770000178
            ],
            [
              88.907725702,
              22.886222195000073
            ],
            [
              88.90768182000011,
              22.88618748700003
            ],
            [
              88.90752186400005,
              22.886114130000124
            ],
            [
              88.90737595100012,
              22.886074738000048
            ],
            [
              88.90711555400014,
              22.886066176000043
            ],
            [
              88.90685709000007,
              22.886082463000093
            ],
            [
              88.90660857200015,
              22.88607397900006
            ],
            [
              88.90636027,
              22.886076788000025
            ],
            [
              88.90605353500013,
              22.886034031000122
            ],
            [
              88.90588094200012,
              22.88601703700016
            ],
            [
              88.90579631700018,
              22.885932904000015
            ],
            [
              88.90576257900005,
              22.885885253000083
            ],
            [
              88.90574604199998,
              22.885858040000073
            ],
            [
              88.90571479699997,
              22.885803631999977
            ],
            [
              88.90572793500019,
              22.885760818
            ],
            [
              88.90576577200005,
              22.885639143000162
            ],
            [
              88.90577563900007,
              22.88560719100019
            ],
            [
              88.90587711100011,
              22.885278612000093
            ],
            [
              88.90596561800004,
              22.88499244000002
            ],
            [
              88.90601066200003,
              22.884845972000164
            ],
            [
              88.90606434600005,
              22.88483731100007
            ],
            [
              88.9061153450001,
              22.884821853000062
            ],
            [
              88.90619628500002,
              22.884795313000154
            ],
            [
              88.9063206400001,
              22.88478713699999
            ],
            [
              88.90650854200004,
              22.88475681600005
            ],
            [
              88.90668170900005,
              22.884739944000103
            ],
            [
              88.90683011300007,
              22.88473418700005
            ],
            [
              88.90704218200011,
              22.884728871000164
            ],
            [
              88.90720309400012,
              22.88472094600013
            ],
            [
              88.90737344500008,
              22.88475146999997
            ],
            [
              88.9075851180001,
              22.884757443000012
            ],
            [
              88.90778220600009,
              22.884797184000035
            ],
            [
              88.907868629,
              22.884809068000152
            ],
            [
              88.9080034260001,
              22.884828058000096
            ],
            [
              88.90816161400005,
              22.884856241000023
            ],
            [
              88.90826142100019,
              22.884870477000163
            ],
            [
              88.90838316100013,
              22.884884861000103
            ],
            [
              88.9084826630002,
              22.884899093000058
            ],
            [
              88.90854347800018,
              22.884913059000098
            ],
            [
              88.90858012199999,
              22.884902020000027
            ],
            [
              88.90864185300006,
              22.884877605000042
            ],
            [
              88.90875888800008,
              22.88479485800019
            ],
            [
              88.90883506500006,
              22.884716348000097
            ],
            [
              88.90887442000019,
              22.884671456000092
            ],
            [
              88.908902088,
              22.88460164300011
            ],
            [
              88.90891734200005,
              22.88452271400007
            ],
            [
              88.90893306500016,
              22.884385078000037
            ],
            [
              88.90892753600014,
              22.884199875000093
            ],
            [
              88.90891262600019,
              22.883969446000094
            ],
            [
              88.9088980890001,
              22.88369159800004
            ],
            [
              88.90885655000017,
              22.88343840600004
            ],
            [
              88.90881783000015,
              22.883137811000154
            ],
            [
              88.9088026120001,
              22.88290738100011
            ],
            [
              88.90879764400006,
              22.882652181000083
            ],
            [
              88.90880719200015,
              22.882410628000116
            ],
            [
              88.90880832200008,
              22.882383539000102
            ],
            [
              88.90881374300005,
              22.882239058000096
            ],
            [
              88.908859446,
              22.882009044000085
            ],
            [
              88.90890246100014,
              22.88184901300008
            ],
            [
              88.90894488100008,
              22.88172510800007
            ],
            [
              88.90895733500003,
              22.88169132200011
            ],
            [
              88.90898536700007,
              22.881576352000025
            ],
            [
              88.90900016900002,
              22.881553872000097
            ],
            [
              88.9090126230002,
              22.881520086000137
            ],
            [
              88.9090579760001,
              22.881486526
            ],
            [
              88.91128992400007,
              22.881533435000108
            ],
            [
              88.91136582900003,
              22.88148879300013
            ],
            [
              88.91146626200009,
              22.88142399700007
            ],
            [
              88.9115666260002,
              22.881368231000124
            ],
            [
              88.9116546950001,
              22.881325929000127
            ],
            [
              88.91174269200019,
              22.881292659000053
            ],
            [
              88.91180630400015,
              22.881261481000138
            ],
            [
              88.91185784100003,
              22.881216672000107
            ],
            [
              88.91189719000005,
              22.881171778000123
            ],
            [
              88.91190067000014,
              22.88107922000006
            ],
            [
              88.91187763000016,
              22.880988738000042
            ],
            [
              88.91179212400004,
              22.88093847500005
            ],
            [
              88.91163397000008,
              22.880880601000058
            ],
            [
              88.91142535900013,
              22.880823058000033
            ],
            [
              88.91119213600012,
              22.88076952500012
            ],
            [
              88.91110333500018,
              22.880750852000062
            ],
            [
              88.91094642600007,
              22.880715906000034
            ],
            [
              88.91073728500004,
              22.880698667000104
            ],
            [
              88.91040687500009,
              22.880608338
            ],
            [
              88.91012472000011,
              22.880540918000122
            ],
            [
              88.90984296000005,
              22.880462212
            ],
            [
              88.90963670400004,
              22.880388537000044
            ],
            [
              88.90958816800008,
              22.880363365000107
            ],
            [
              88.90951552900003,
              22.88030415600008
            ],
            [
              88.90945518300003,
              22.880231482000113
            ],
            [
              88.90939774400016,
              22.88013850700014
            ],
            [
              88.90933761800017,
              22.88000035000016
            ],
            [
              88.9093166740002,
              22.879952785000057
            ],
            [
              88.9092953010001,
              22.879882636
            ],
            [
              88.90927448899998,
              22.87974249200016
            ],
            [
              88.90928198000017,
              22.879699303000052
            ],
            [
              88.90929013600015,
              22.879652276000115
            ],
            [
              88.90934764600013,
              22.879469764000135
            ],
            [
              88.90941444800012,
              22.879343768000183
            ],
            [
              88.90953054800013,
              22.87918649600016
            ],
            [
              88.90965805800005,
              22.87908801200018
            ],
            [
              88.90982204900018,
              22.87899881300018
            ],
            [
              88.9100225570001,
              22.878914380000026
            ],
            [
              88.910210807,
              22.878838894000182
            ],
            [
              88.91041104300007,
              22.878788329000145
            ],
            [
              88.91056265100019,
              22.878723883000134
            ],
            [
              88.91072653100008,
              22.878648229000135
            ],
            [
              88.9109544910001,
              22.87848269000017
            ],
            [
              88.91115799200014,
              22.878328275000115
            ],
            [
              88.91134912700005,
              22.878196355
            ],
            [
              88.91148620500002,
              22.878120517000127
            ],
            [
              88.9115620130001,
              22.878087166000114
            ],
            [
              88.91169872800015,
              22.87805648699998
            ],
            [
              88.91183515700016,
              22.878061936
            ],
            [
              88.91195933400019,
              22.878112358000067
            ],
            [
              88.91203870100009,
              22.878169459000105
            ],
            [
              88.91213317900008,
              22.878240107000067
            ],
            [
              88.91235301100016,
              22.878444839000167
            ],
            [
              88.91255850600004,
              22.87861334600018
            ],
            [
              88.91267667200003,
              22.878731577000053
            ],
            [
              88.91285799900004,
              22.878875079000068
            ],
            [
              88.91295685000011,
              22.87893220700016
            ],
            [
              88.91305208400019,
              22.878984794000132
            ],
            [
              88.91327032300006,
              22.879083385000058
            ],
            [
              88.9135627870001,
              22.87917570700006
            ],
            [
              88.91378551900004,
              22.879226905000053
            ],
            [
              88.914006465,
              22.879291643000045
            ],
            [
              88.91428853100007,
              22.879370344000108
            ],
            [
              88.91451933300016,
              22.879421600000057
            ],
            [
              88.91469475400004,
              22.879427311000086
            ],
            [
              88.91490416300002,
              22.879410678000056
            ],
            [
              88.91512876800005,
              22.879360272000156
            ],
            [
              88.91538044500004,
              22.87927618000009
            ],
            [
              88.91559313400012,
              22.87919182400003
            ],
            [
              88.9157326620001,
              22.879113739000104
            ],
            [
              88.91586982400008,
              22.87902661000004
            ],
            [
              88.91600951400011,
              22.878928202999987
            ],
            [
              88.91619176000006,
              22.878726217000178
            ],
            [
              88.91637443600013,
              22.87843164800006
            ],
            [
              88.91648364600007,
              22.87825851800011
            ],
            [
              88.91654503100011,
              22.878161837
            ],
            [
              88.9167157350002,
              22.877878478000127
            ],
            [
              88.91688576000013,
              22.877642535
            ],
            [
              88.91700475100009,
              22.87742656500012
            ],
            [
              88.91704637600009,
              22.877363623000065
            ],
            [
              88.9171749520001,
              22.877168042000108
            ],
            [
              88.9171925120001,
              22.877143323000098
            ],
            [
              88.91733047600013,
              22.876954580000017
            ],
            [
              88.91750031700008,
              22.876741214000162
            ],
            [
              88.91763170800004,
              22.87653662000008
            ],
            [
              88.91770787500019,
              22.876458104000164
            ],
            [
              88.91777176800008,
              22.876390796000123
            ],
            [
              88.91782328300019,
              22.876348244000155
            ],
            [
              88.91785026600019,
              22.876325845000167
            ],
            [
              88.91789909200014,
              22.87631488700015
            ],
            [
              88.91799889400005,
              22.876329115999965
            ],
            [
              88.91803349300017,
              22.876345157000173
            ],
            [
              88.91808389700003,
              22.87636582300007
            ],
            [
              88.91813222100012,
              22.87637970100019
            ],
            [
              88.91821684600012,
              22.876463827
            ],
            [
              88.91824345700013,
              22.87648884600003
            ],
            [
              88.91833501500003,
              22.876582052000117
            ],
            [
              88.9185255390002,
              22.876795612000024
            ],
            [
              88.91872527300018,
              22.877076975000136
            ],
            [
              88.91891579700012,
              22.877290533000064
            ],
            [
              88.91909134400004,
              22.87754915200003
            ],
            [
              88.91923324300012,
              22.877748829000097
            ],
            [
              88.91931774800008,
              22.87785205300014
            ],
            [
              88.91941727900007,
              22.877973632000135
            ],
            [
              88.919447758,
              22.878009970000164
            ],
            [
              88.91964785500016,
              22.878246175000072
            ],
            [
              88.9198458910002,
              22.87843494300006
            ],
            [
              88.91997135300011,
              22.878555474000166
            ],
            [
              88.92021088900003,
              22.878735493000022
            ],
            [
              88.92029694900003,
              22.878792529000123
            ],
            [
              88.92046513200017,
              22.87890431800008
            ],
            [
              88.92068357500006,
              22.87901644800013
            ],
            [
              88.92085580700007,
              22.879078587000038
            ],
            [
              88.92091352000017,
              22.879099302000043
            ],
            [
              88.9209894400002,
              22.879129173000138
            ],
            [
              88.92116202800008,
              22.87914615
            ],
            [
              88.9213347430001,
              22.879185709000183
            ],
            [
              88.92156526200006,
              22.87927308100012
            ],
            [
              88.92178625200006,
              22.87937167800004
            ],
            [
              88.92204076500008,
              22.879506633000062
            ],
            [
              88.92221018700008,
              22.87961617200017
            ],
            [
              88.92227082400018,
              22.879652712000166
            ],
            [
              88.922319383,
              22.879675621000047
            ],
            [
              88.92241664500006,
              22.879703379000034
            ],
            [
              88.922506075,
              22.87971979200006
            ],
            [
              88.92255260900015,
              22.87972914000011
            ],
            [
              88.92272567900005,
              22.879723537000075
            ],
            [
              88.92288683400017,
              22.879683982000074
            ],
            [
              88.92291345800004,
              22.879668356000025
            ],
            [
              88.92305081600006,
              22.879594769000107
            ],
            [
              88.92317840800013,
              22.87948498700007
            ],
            [
              88.92332099300012,
              22.87932788300003
            ],
            [
              88.9233731830002,
              22.879237911000075
            ],
            [
              88.92339132900008,
              22.87910028800013
            ],
            [
              88.92342233700015,
              22.878915334000112
            ],
            [
              88.92343181800015,
              22.878639906000046
            ],
            [
              88.92344489800018,
              22.878294505000156
            ],
            [
              88.92350938200019,
              22.87788170600004
            ],
            [
              88.92355833900007,
              22.877583965000156
            ],
            [
              88.9236682830001,
              22.8772776080001
            ],
            [
              88.92376305400018,
              22.877002756000138
            ],
            [
              88.92387308600007,
              22.876685107000014
            ],
            [
              88.92397068700006,
              22.876398986000083
            ],
            [
              88.92408027600015,
              22.87613778600013
            ],
            [
              88.92417502799998,
              22.875865195000074
            ],
            [
              88.924260247,
              22.875603829000113
            ],
            [
              88.92435793300012,
              22.875306419000026
            ],
            [
              88.92442488200004,
              22.875160093000147
            ],
            [
              88.92448945400008,
              22.875045367000098
            ],
            [
              88.92459538800011,
              22.874899305999975
            ],
            [
              88.92472018200016,
              22.87483466300006
            ],
            [
              88.92484470800014,
              22.87480389100017
            ],
            [
              88.92488527300003,
              22.874797392000062
            ],
            [
              88.92498132700018,
              22.874784493000163
            ],
            [
              88.92524179600014,
              22.874781736000045
            ],
            [
              88.92547839400004,
              22.87475398100014
            ],
            [
              88.92573936200012,
              22.874726388000056
            ],
            [
              88.92596101800018,
              22.874700787000165
            ],
            [
              88.92613671700002,
              22.874670361000142
            ],
            [
              88.92626115300004,
              22.8746508750001
            ],
            [
              88.92638576500002,
              22.874608813
            ],
            [
              88.92650089900013,
              22.874532815000123
            ],
            [
              88.92662876500009,
              22.874386899000115
            ],
            [
              88.92674727500008,
              22.874229631000105
            ],
            [
              88.926838503,
              22.874094760000048
            ],
            [
              88.92686052000016,
              22.874045229000103
            ],
            [
              88.92689058100007,
              22.873979948000112
            ],
            [
              88.9269609070002,
              22.87375235200011
            ],
            [
              88.92702221200005,
              22.87343211100017
            ],
            [
              88.92706827800009,
              22.873190803000114
            ],
            [
              88.92712629200014,
              22.872940542000094
            ],
            [
              88.92719654500013,
              22.872721980000108
            ],
            [
              88.92727846600008,
              22.87253059200009
            ],
            [
              88.9273580970002,
              22.872359512000173
            ],
            [
              88.92743722400007,
              22.872213267000063
            ],
            [
              88.92755281500013,
              22.872078560000034
            ],
            [
              88.92761700600005,
              22.872011250000128
            ],
            [
              88.92771159000006,
              22.871991563
            ],
            [
              88.92776802800012,
              22.87198065299998
            ],
            [
              88.92800471100003,
              22.87194160400003
            ],
            [
              88.92827522400012,
              22.871938908000175
            ],
            [
              88.92844305500006,
              22.871952260000057
            ],
            [
              88.92852332700016,
              22.871958646000053
            ],
            [
              88.92870569100012,
              22.872009553000055
            ],
            [
              88.9289144510002,
              22.872074187000067
            ],
            [
              88.92911133100012,
              22.872138739000093
            ],
            [
              88.92936594900004,
              22.8722601340001
            ],
            [
              88.92962316000012,
              22.87236122200011
            ],
            [
              88.93006282800008,
              22.87250192500011
            ],
            [
              88.9303929670001,
              22.87262608700013
            ],
            [
              88.93070855800005,
              22.872741113000018
            ],
            [
              88.93102669200005,
              22.872842607000052
            ],
            [
              88.93127213300005,
              22.872930067000027
            ],
            [
              88.93152490800009,
              22.87302700200013
            ],
            [
              88.93156581000011,
              22.873042687000122
            ],
            [
              88.93182050000019,
              22.873155044999976
            ],
            [
              88.93208728700017,
              22.87327877500013
            ],
            [
              88.93232015400014,
              22.873377440000183
            ],
            [
              88.93252651900008,
              22.87347592100008
            ],
            [
              88.93276894100006,
              22.87359948800008
            ],
            [
              88.93301408000019,
              22.873686940000027
            ],
            [
              88.93319636100011,
              22.873749133000103
            ],
            [
              88.9334808260001,
              22.873793945000102
            ],
            [
              88.93372681700009,
              22.873811401000125
            ],
            [
              88.93389940200007,
              22.87382836400019
            ],
            [
              88.93412091800013,
              22.873859206000077
            ],
            [
              88.93436698000005,
              22.873867627000152
            ],
            [
              88.93459091099999,
              22.873862354000153
            ],
            [
              88.93466335300013,
              22.873851371000057
            ],
            [
              88.9347763350001,
              22.873834241000054
            ],
            [
              88.93501293400004,
              22.873806469000044
            ],
            [
              88.93522533900011,
              22.87375595500015
            ],
            [
              88.93546189500012,
              22.873694310000133
            ],
            [
              88.93563794200003,
              22.873618712000052
            ],
            [
              88.9357649860001,
              22.87357665800016
            ],
            [
              88.93591396400012,
              22.873534751000136
            ],
            [
              88.93600193400016,
              22.87350372400016
            ],
            [
              88.93612636700004,
              22.87348423400016
            ],
            [
              88.93628726700001,
              22.873476278
            ],
            [
              88.93638714000002,
              22.87348146300019
            ],
            [
              88.93655721700014,
              22.873507438000104
            ],
            [
              88.93669320100003,
              22.873569316999976
            ],
            [
              88.93686280300005,
              22.87365626000019
            ],
            [
              88.93700836100004,
              22.87374078300013
            ],
            [
              88.93712942000019,
              22.873802563000083
            ],
            [
              88.93721442500004,
              22.87383926000001
            ],
            [
              88.93738731500008,
              22.87385622200003
            ],
            [
              88.93764814900004,
              22.873806027000057
            ],
            [
              88.9378604650002,
              22.873766798000077
            ],
            [
              88.93913473700007,
              22.87396392200003
            ],
            [
              88.93926396200004,
              22.87398391300019
            ],
            [
              88.93933391100006,
              22.87407696300005
            ],
            [
              88.93946417500018,
              22.874208801000123
            ],
            [
              88.93958199300016,
              22.87437443200008
            ],
            [
              88.93966367000007,
              22.87452626800001
            ],
            [
              88.93972076199998,
              22.874666655
            ],
            [
              88.9398355300001,
              22.874911296000107
            ],
            [
              88.93992904100008,
              22.87510837600007
            ],
            [
              88.9400291730002,
              22.875355180000042
            ],
            [
              88.9402041890001,
              22.875647644000082
            ],
            [
              88.94040638500013,
              22.875931259000026
            ],
            [
              88.94058223700011,
              22.87615598300016
            ],
            [
              88.94070007500011,
              22.876319353000156
            ],
            [
              88.94079392000015,
              22.876473530000055
            ],
            [
              88.94088739300014,
              22.87663673800006
            ],
            [
              88.94096597800018,
              22.876833719000103
            ],
            [
              88.94105917000007,
              22.877033053000048
            ],
            [
              88.94116167300012,
              22.877288905000057
            ],
            [
              88.94124082800016,
              22.877452018000156
            ],
            [
              88.94133410800009,
              22.87764006200007
            ],
            [
              88.94141539400005,
              22.87780318900019
            ],
            [
              88.9414824540001,
              22.87795492900011
            ],
            [
              88.94153928700007,
              22.878129184000045
            ],
            [
              88.94160576000019,
              22.878317050000135
            ],
            [
              88.94166316100006,
              22.87845743600002
            ],
            [
              88.94169608100009,
              22.878572819000112
            ],
            [
              88.94174157600003,
              22.87867699600008
            ],
            [
              88.94184704000008,
              22.878865122000036
            ],
            [
              88.9418807030001,
              22.87892405800011
            ],
            [
              88.94192894000008,
              22.878988735000064
            ],
            [
              88.94200124400004,
              22.87905357300008
            ],
            [
              88.94206188600009,
              22.87909010700008
            ],
            [
              88.94215916800016,
              22.87911559300005
            ],
            [
              88.94233187300011,
              22.879157388000067
            ],
            [
              88.94248975400012,
              22.879185535000147
            ],
            [
              88.94272592400011,
              22.87921420300006
            ],
            [
              88.94298361400013,
              22.879256563000183
            ],
            [
              88.94305887700006,
              22.879261821000057
            ],
            [
              88.94330512500017,
              22.87927902399997
            ],
            [
              88.94372353700015,
              22.879337125000063
            ],
            [
              88.9440664070001,
              22.879394727000033
            ],
            [
              88.94427518400005,
              22.879459341000086
            ],
            [
              88.94443293600017,
              22.879543939000143
            ],
            [
              88.94469966100013,
              22.879678939000144
            ],
            [
              88.944881285,
              22.879788536000035
            ],
            [
              88.945039038,
              22.87987313100001
            ],
            [
              88.94512692300009,
              22.879853390000108
            ],
            [
              88.9452274470001,
              22.87977502399997
            ],
            [
              88.94532144500005,
              22.879594996000037
            ],
            [
              88.94540392700009,
              22.879367472000013
            ],
            [
              88.94547196300005,
              22.879196306999972
            ],
            [
              88.94549868200005,
              22.879128739000066
            ],
            [
              88.94559872800016,
              22.87891488000008
            ],
            [
              88.9457904100002,
              22.878629369000123
            ],
            [
              88.94603662400016,
              22.878303572000107
            ],
            [
              88.94625599000017,
              22.878022760000135
            ],
            [
              88.94653838900018,
              22.87774462400006
            ],
            [
              88.94676967500016,
              22.877497761000143
            ],
            [
              88.94703684100006,
              22.877298556000085
            ],
            [
              88.94733229300016,
              22.877105185000175
            ],
            [
              88.94764374000005,
              22.87697063000013
            ],
            [
              88.94795692500014,
              22.876807859000053
            ],
            [
              88.94817194000007,
              22.87673476300006
            ],
            [
              88.94839679300014,
              22.876650439
            ],
            [
              88.94864872500017,
              22.876530166000123
            ],
            [
              88.94885209400002,
              22.87638699100006
            ],
            [
              88.94901639000011,
              22.87625484600005
            ],
            [
              88.94914667100016,
              22.876108930000044
            ],
            [
              88.94924766900016,
              22.876007981000157
            ],
            [
              88.94930214600015,
              22.875895433000096
            ],
            [
              88.94940851100017,
              22.87569064500019
            ],
            [
              88.94949098700005,
              22.875463119000187
            ],
            [
              88.94953701000003,
              22.875221804000034
            ],
            [
              88.94954980700015,
              22.874865103000104
            ],
            [
              88.94959618100006,
              22.874578627000176
            ],
            [
              88.94962088100016,
              22.874258138000073
            ],
            [
              88.94964099200013,
              22.874099121000143
            ],
            [
              88.94967310100003,
              22.873845243000062
            ],
            [
              88.94972830700016,
              22.873637859000155
            ],
            [
              88.94977133800006,
              22.873444852999967
            ],
            [
              88.94985269100016,
              22.87321849800003
            ],
            [
              88.94996315000014,
              22.87296648600011
            ],
            [
              88.95010921900007,
              22.872707767000122
            ],
            [
              88.9502791970001,
              22.87246952600003
            ],
            [
              88.95049871500015,
              22.87216612700007
            ],
            [
              88.95069565200015,
              22.871907739000164
            ],
            [
              88.95086358200001,
              22.87165819700016
            ],
            [
              88.95090181900008,
              22.87159747700008
            ],
            [
              88.95106125500013,
              22.871343360000083
            ],
            [
              88.95123112500016,
              22.871118667000076
            ],
            [
              88.95137729300018,
              22.870846397000093
            ],
            [
              88.95147172800006,
              22.870607658000154
            ],
            [
              88.95153299400016,
              22.87042878200009
            ],
            [
              88.95155429900007,
              22.87036658100004
            ],
            [
              88.95159729900007,
              22.870161375000123
            ],
            [
              88.95164593100003,
              22.86989749300011
            ],
            [
              88.95171638400006,
              22.869647305
            ],
            [
              88.95178332000012,
              22.869498710000073
            ],
            [
              88.95190249600017,
              22.869251099999985
            ],
            [
              88.95208782000009,
              22.86895650600013
            ],
            [
              88.95220834300017,
              22.868731486000172
            ],
            [
              88.95224604000003,
              22.86866173100003
            ],
            [
              88.95245590500008,
              22.86834471700007
            ],
            [
              88.95260205300008,
              22.868074703000104
            ],
            [
              88.95270849200011,
              22.867858624000064
            ],
            [
              88.95288232600006,
              22.867473627000095
            ],
            [
              88.95302848800009,
              22.867201355000134
            ],
            [
              88.9531508180001,
              22.866858923000052
            ],
            [
              88.9532477690002,
              22.86660890700017
            ],
            [
              88.95330579600011,
              22.86639025000011
            ],
            [
              88.95335224300015,
              22.866092483000045
            ],
            [
              88.95336157700001,
              22.865828342000157
            ],
            [
              88.95337112800019,
              22.865575493999984
            ],
            [
              88.95336588900005,
              22.865345129000048
            ],
            [
              88.95335098800012,
              22.86510341100012
            ],
            [
              88.95336088400006,
              22.86480540300016
            ],
            [
              88.95336995700018,
              22.864575133000073
            ],
            [
              88.95337942400016,
              22.864333574000113
            ],
            [
              88.95342552300019,
              22.864080968000167
            ],
            [
              88.95349616400006,
              22.863805937000052
            ],
            [
              88.95355089400016,
              22.863659518000077
            ],
            [
              88.95360277200018,
              22.863567279
            ],
            [
              88.95368126200009,
              22.86350004900015
            ],
            [
              88.9538304670001,
              22.863426512
            ],
            [
              88.95390600700011,
              22.863386361000153
            ],
            [
              88.95412161500002,
              22.86327261400004
            ],
            [
              88.95436140600009,
              22.86314321700013
            ],
            [
              88.95440758700005,
              22.863118682000106
            ],
            [
              88.95447547900017,
              22.863082997000106
            ],
            [
              88.95450392700008,
              22.86306737700005
            ],
            [
              88.95458924700017,
              22.863022777000083
            ],
            [
              88.95481293700004,
              22.862927145000185
            ],
            [
              88.95491440400019,
              22.862882651000064
            ],
            [
              88.9552053610002,
              22.86275358800009
            ],
            [
              88.95552111400008,
              22.862568234000037
            ],
            [
              88.95577318900007,
              22.86242536900005
            ],
            [
              88.9559494670001,
              22.862315877000015
            ],
            [
              88.95616538300004,
              22.86216148300008
            ],
            [
              88.95624204600006,
              22.862094241000023
            ],
            [
              88.95628508500016,
              22.86205761000008
            ],
            [
              88.95634444500013,
              22.86200684400012
            ],
            [
              88.95652352100018,
              22.86184995100001
            ],
            [
              88.9566634430002,
              22.86171537900009
            ],
            [
              88.95674227500018,
              22.861602989
            ],
            [
              88.95693722200019,
              22.861322001000076
            ],
            [
              88.95711942600019,
              22.86107479900005
            ],
            [
              88.95723816700013,
              22.860881379000034
            ],
            [
              88.95730490200009,
              22.86075761800015
            ],
            [
              88.95779095300009,
              22.859688184000163
            ],
            [
              88.95793270800016,
              22.85937612700019
            ],
            [
              88.95821845300009,
              22.858747082000093
            ],
            [
              88.95823737900002,
              22.85854171800014
            ],
            [
              88.9582313090001,
              22.858379091000074
            ],
            [
              88.95823787799998,
              22.85819622300005
            ],
            [
              88.95820836800004,
              22.85795215100012
            ],
            [
              88.9581808000001,
              22.857732932000033
            ],
            [
              88.95812404100008,
              22.85754739200013
            ],
            [
              88.95808839400007,
              22.85740091000008
            ],
            [
              88.95806999100006,
              22.85732574100018
            ],
            [
              88.95800365600019,
              22.857117558000084
            ],
            [
              88.95794885700013,
              22.856954612000095
            ],
            [
              88.95785565300008,
              22.856755287000055
            ],
            [
              88.95774095100018,
              22.85649936500016
            ],
            [
              88.95770089700005,
              22.856399746000022
            ],
            [
              88.95767429200009,
              22.856334084000082
            ],
            [
              88.9576081310002,
              22.85610331999999
            ],
            [
              88.95753025300019,
              22.855811511000127
            ],
            [
              88.95750884100016,
              22.855743626000105
            ],
            [
              88.95752713600018,
              22.855581160000156
            ],
            [
              88.95755467200013,
              22.855524887
            ],
            [
              88.95763097900016,
              22.855423770000073
            ],
            [
              88.95767362200002,
              22.855383405000055
            ],
            [
              88.95775862400012,
              22.855300408000176
            ],
            [
              88.95791044000009,
              22.855202044
            ],
            [
              88.9581649180002,
              22.85506144800013
            ],
            [
              88.95839297000003,
              22.854870998000024
            ],
            [
              88.9585963830001,
              22.854716518000032
            ],
            [
              88.95882000800003,
              22.85454563400009
            ],
            [
              88.95887346800004,
              22.854509280000116
            ],
            [
              88.95892748600005,
              22.854472546000068
            ],
            [
              88.95906720400006,
              22.854362811000158
            ],
            [
              88.95921893600018,
              22.854275735000044
            ],
            [
              88.95925548500009,
              22.854275975000064
            ],
            [
              88.95930419500002,
              22.85427855400019
            ],
            [
              88.95934317900009,
              22.854278807000128
            ],
            [
              88.95947632900004,
              22.854351937000104
            ],
            [
              88.959643143,
              22.85448399800015
            ],
            [
              88.95973075100017,
              22.854498123000155
            ],
            [
              88.95986769200005,
              22.854433533000133
            ],
            [
              88.96003328700016,
              22.854289975000142
            ],
            [
              88.96005900500012,
              22.85426767900009
            ],
            [
              88.96029257700008,
              22.854032099000108
            ],
            [
              88.96047232800015,
              22.853784878
            ],
            [
              88.96074548000018,
              22.85347052100002
            ],
            [
              88.96098891700018,
              22.85317855300002
            ],
            [
              88.96130173800003,
              22.85277412800008
            ],
            [
              88.96159978300005,
              22.852389931000175
            ],
            [
              88.96185826400006,
              22.85204160300009
            ],
            [
              88.96217403000009,
              22.851569455000117
            ],
            [
              88.9624998110001,
              22.85106123700018
            ],
            [
              88.96274937900017,
              22.850642849
            ],
            [
              88.9628517970001,
              22.850486511000042
            ],
            [
              88.96303809600016,
              22.85020213500013
            ],
            [
              88.96332420600004,
              22.84978398100003
            ],
            [
              88.9635857610001,
              22.849390510000035
            ],
            [
              88.96384733300005,
              22.84899478000017
            ],
            [
              88.96409932900013,
              22.848576406000177
            ],
            [
              88.96438560299998,
              22.848135671000023
            ],
            [
              88.9644597260002,
              22.84803594600004
            ],
            [
              88.96461944800006,
              22.84782105200003
            ],
            [
              88.96484133200016,
              22.847517645000096
            ],
            [
              88.96503578400007,
              22.84725696400011
            ],
            [
              88.96526967600005,
              22.84697621500004
            ],
            [
              88.96552805400012,
              22.84663917400013
            ],
            [
              88.9658136160001,
              22.84629101500019
            ],
            [
              88.96604784700003,
              22.84596510500006
            ],
            [
              88.96620314400019,
              22.845726753000065
            ],
            [
              88.96637343200007,
              22.845479460000092
            ],
            [
              88.96650417500013,
              22.845265785000095
            ],
            [
              88.96666229700008,
              22.845016157000032
            ],
            [
              88.96679575100012,
              22.844766369000183
            ],
            [
              88.96689935400008,
              22.844597680000163
            ],
            [
              88.96700317600016,
              22.844440282999983
            ],
            [
              88.9670969660001,
              22.84428056400003
            ],
            [
              88.96717659500018,
              22.844100428000047
            ],
            [
              88.96727055500014,
              22.843918127000165
            ],
            [
              88.96732544600013,
              22.843746865000185
            ],
            [
              88.96738359400018,
              22.84350788000006
            ],
            [
              88.96742949100013,
              22.843277844
            ],
            [
              88.96746288200018,
              22.843049987000086
            ],
            [
              88.96745736100013,
              22.842853492000074
            ],
            [
              88.96744914900017,
              22.842690855
            ],
            [
              88.96742460900009,
              22.842552947000172
            ],
            [
              88.96719810700017,
              22.84161434600003
            ],
            [
              88.96691503500006,
              22.840424722000023
            ],
            [
              88.966773059,
              22.839827651000064
            ],
            [
              88.96666767200009,
              22.8393847640001
            ],
            [
              88.96594482800015,
              22.836346983000055
            ],
            [
              88.965842394,
              22.836079858000062
            ],
            [
              88.96577989700006,
              22.835846866000168
            ],
            [
              88.96575501700016,
              22.835754115000043
            ],
            [
              88.96560105300006,
              22.835254066000118
            ],
            [
              88.96548078500001,
              22.83476778200003
            ],
            [
              88.96536022700019,
              22.834360532000062
            ],
            [
              88.96523966700016,
              22.833953283000028
            ],
            [
              88.96512784800007,
              22.833638674000042
            ],
            [
              88.96500158500015,
              22.83330138700012
            ],
            [
              88.96484736800011,
              22.832835206000027
            ],
            [
              88.96470901200001,
              22.83248655200009
            ],
            [
              88.96451581600002,
              22.832020119000163
            ],
            [
              88.96433594900014,
              22.831644095000115
            ],
            [
              88.96414992600012,
              22.83123641800006
            ],
            [
              88.96399014400004,
              22.830862784000033
            ],
            [
              88.96382996700004,
              22.830500437000183
            ],
            [
              88.96370354100009,
              22.8301857350001
            ],
            [
              88.96359211700008,
              22.829859835000093
            ],
            [
              88.96345637400015,
              22.829488614000013
            ],
            [
              88.96332064600011,
              22.829115139000123
            ],
            [
              88.96319991000007,
              22.828732723000087
            ],
            [
              88.96310072400018,
              22.828359482000053
            ],
            [
              88.96308015200009,
              22.82827555800003
            ],
            [
              88.96299261300004,
              22.827918440000133
            ],
            [
              88.96295647400018,
              22.827583999000126
            ],
            [
              88.9628970650001,
              22.827145531000042
            ],
            [
              88.962873296,
              22.826786330000118
            ],
            [
              88.96286463700011,
              22.826361743000064
            ],
            [
              88.96285321600016,
              22.825980038000182
            ],
            [
              88.96286274500011,
              22.825727189000133
            ],
            [
              88.96287631400008,
              22.82530274600009
            ],
            [
              88.96288880700013,
              22.824979910000025
            ],
            [
              88.96287736800019,
              22.82464111200005
            ],
            [
              88.96287121,
              22.824449130000176
            ],
            [
              88.96286312900014,
              22.82398841400004
            ],
            [
              88.96286700900015,
              22.823516487000177
            ],
            [
              88.96284361100015,
              22.823148255999968
            ],
            [
              88.96284131700014,
              22.822847906
            ],
            [
              88.962820583,
              22.822409688000164
            ],
            [
              88.96279705300003,
              22.822018876000186
            ],
            [
              88.9627711500001,
              22.821659661000183
            ],
            [
              88.96272686200018,
              22.821406087000184
            ],
            [
              88.96271073800006,
              22.82131377200011
            ],
            [
              88.96269340300017,
              22.82106977800015
            ],
            [
              88.96265457300012,
              22.820769191000068
            ],
            [
              88.96261834900014,
              22.82044603900016
            ],
            [
              88.96258890700005,
              22.820192933000158
            ],
            [
              88.9625499890002,
              22.81990363800014
            ],
            [
              88.96249824900019,
              22.819659420000164
            ],
            [
              88.96244454800006,
              22.819392609000033
            ],
            [
              88.962378393,
              22.819161846000043
            ],
            [
              88.96231217400015,
              22.818940116000135
            ],
            [
              88.96221246600004,
              22.81863687500004
            ],
            [
              88.9621343230001,
              22.818381193
            ],
            [
              88.96204363900006,
              22.818172854000068
            ],
            [
              88.96194079600014,
              22.817962176000037
            ],
            [
              88.96186818500007,
              22.817900731000066
            ],
            [
              88.96054784300009,
              22.815662725000152
            ],
            [
              88.9605268030001,
              22.815627062000146
            ],
            [
              88.96032420000012,
              22.81540218300006
            ],
            [
              88.96013638300013,
              22.815154820000146
            ],
            [
              88.95987660500015,
              22.814800853000065
            ],
            [
              88.95962564900015,
              22.81452823600017
            ],
            [
              88.95940170900013,
              22.814267088000065
            ],
            [
              88.95917466600008,
              22.814053336000143
            ],
            [
              88.95888735000011,
              22.813757901000088
            ],
            [
              88.95859699800008,
              22.81354148100013
            ],
            [
              88.95840615000009,
              22.81337312900007
            ],
            [
              88.95822485500008,
              22.81322968100011
            ],
            [
              88.95805818000008,
              22.813086329000157
            ],
            [
              88.95787671400012,
              22.812965459000054
            ],
            [
              88.95775520300015,
              22.812928535000026
            ],
            [
              88.95754929800006,
              22.812818797000034
            ],
            [
              88.95735266000014,
              22.81273170200018
            ],
            [
              88.95713450599999,
              22.812630915000113
            ],
            [
              88.957091746,
              22.81260805300019
            ],
            [
              88.95695285400006,
              22.81253488400006
            ],
            [
              88.95678292100013,
              22.812459252000053
            ],
            [
              88.95662554100011,
              22.812374671000043
            ],
            [
              88.95640471800004,
              22.812264835
            ],
            [
              88.95619842400004,
              22.812166382000157
            ],
            [
              88.95604106200011,
              22.81207954200005
            ],
            [
              88.9558473370002,
              22.811969882000028
            ],
            [
              88.95568973900009,
              22.811874006000096
            ],
            [
              88.95560485200008,
              22.81182603000002
            ],
            [
              88.95556280500011,
              22.811789624000028
            ],
            [
              88.9555115940002,
              22.8116379920001
            ],
            [
              88.95546168800018,
              22.811378200000092
            ],
            [
              88.95543715300016,
              22.81097812400003
            ],
            [
              88.95543783000016,
              22.81061005200013
            ],
            [
              88.95543263500014,
              22.810372908999966
            ],
            [
              88.95542902100004,
              22.810208040000077
            ],
            [
              88.95540264400006,
              22.80987366100004
            ],
            [
              88.95537592600016,
              22.80958444300012
            ],
            [
              88.95538837900006,
              22.809249190000173
            ],
            [
              88.95538605500019,
              22.80897480900012
            ],
            [
              88.95538029400018,
              22.808812183000157
            ],
            [
              88.95537455200008,
              22.80860665400013
            ],
            [
              88.95537521900019,
              22.8085592380001
            ],
            [
              88.9553002020001,
              22.807935496000027
            ],
            [
              88.95539696200012,
              22.807983552000053
            ],
            [
              88.95572443200007,
              22.80812118900019
            ],
            [
              88.95600648400011,
              22.80818626300004
            ],
            [
              88.95625581100006,
              22.808230801000036
            ],
            [
              88.95632727200018,
              22.808242558000188
            ],
            [
              88.9566094760001,
              22.80828730999997
            ],
            [
              88.95697923200015,
              22.808310053000184
            ],
            [
              88.95731277700008,
              22.808330302000172
            ],
            [
              88.95768234600007,
              22.808377880000023
            ],
            [
              88.95793991100015,
              22.808420212000158
            ],
            [
              88.95819769100012,
              22.808473834000154
            ],
            [
              88.95843369800002,
              22.80846860100013
            ],
            [
              88.95847055300015,
              22.80846658500019
            ],
            [
              88.95860676400014,
              22.80845167100017
            ],
            [
              88.95865710200007,
              22.80843844800006
            ],
            [
              88.9587702770001,
              22.808409830000187
            ],
            [
              88.95891926100018,
              22.808356608000054
            ],
            [
              88.95908284500018,
              22.808305739
            ],
            [
              88.95923144100004,
              22.80826380200017
            ],
            [
              88.95931945000012,
              22.80822147600003
            ],
            [
              88.95937094000016,
              22.80817664600005
            ],
            [
              88.95943508700003,
              22.808109320000028
            ],
            [
              88.95947554900016,
              22.80802281900003
            ],
            [
              88.95965456600015,
              22.808081542000025
            ],
            [
              88.9599221040001,
              22.808173614000168
            ],
            [
              88.96033862000007,
              22.80813342600004
            ],
            [
              88.9606567400001,
              22.808862625000074
            ],
            [
              88.96111497800018,
              22.809423377000087
            ],
            [
              88.96120524300011,
              22.809423966000054
            ],
            [
              88.96157744499999,
              22.809426390999988
            ],
            [
              88.96245645600015,
              22.809346305000133
            ],
            [
              88.96291892700015,
              22.80934931300004
            ],
            [
              88.96356847300007,
              22.80905320300002
            ],
            [
              88.96486721500008,
              22.808546783000054
            ],
            [
              88.96644298400014,
              22.808044407000068
            ],
            [
              88.96797279000009,
              22.807539456000086
            ],
            [
              88.96826613200017,
              22.807925243000113
            ],
            [
              88.96846356500009,
              22.80785210800002
            ],
            [
              88.96862825900001,
              22.808068827000113
            ],
            [
              88.9689962330001,
              22.808328638000035
            ],
            [
              88.96908816000018,
              22.808372138000095
            ],
            [
              88.96950435100007,
              22.808374828000126
            ],
            [
              88.969595292,
              22.808589941000093
            ],
            [
              88.96991505900013,
              22.80910686800013
            ],
            [
              88.97023289200018,
              22.809881211000175
            ],
            [
              88.97064796000006,
              22.81042059500004
            ],
            [
              88.97082841200012,
              22.810655090000125
            ],
            [
              88.97137573200007,
              22.811645438000028
            ],
            [
              88.9713525840001,
              22.811807913000052
            ],
            [
              88.9713268770002,
              22.81198836400017
            ],
            [
              88.97136928900017,
              22.812503497000023
            ],
            [
              88.97155343700013,
              22.81263340000004
            ],
            [
              88.97159229800008,
              22.812629147000166
            ],
            [
              88.97192368300006,
              22.812592884000082
            ],
            [
              88.97215187500007,
              22.812980501000084
            ],
            [
              88.97274293300012,
              22.81431211000006
            ],
            [
              88.97328865200006,
              22.815559871000175
            ],
            [
              88.97370390300006,
              22.81569126100004
            ],
            [
              88.97425768500005,
              22.815823542000032
            ],
            [
              88.97430173400005,
              22.81612190200002
            ],
            [
              88.9741153130002,
              22.816335227000025
            ],
            [
              88.974066321,
              22.816391243
            ],
            [
              88.97374216000014,
              22.816761874000065
            ],
            [
              88.9735538270001,
              22.817189712000072
            ],
            [
              88.97364413600019,
              22.817490628000144
            ],
            [
              88.97381571500006,
              22.81786213700002
            ],
            [
              88.97390461400005,
              22.818166260000055
            ],
            [
              88.97408653700012,
              22.81855357800015
            ],
            [
              88.97445648000007,
              22.818555957000058
            ],
            [
              88.9746904540001,
              22.818214226000123
            ],
            [
              88.97552644000012,
              22.81770474100017
            ],
            [
              88.9761753470001,
              22.817537290000075
            ],
            [
              88.97635695600013,
              22.817967506000173
            ],
            [
              88.97672369100019,
              22.818398912000134
            ],
            [
              88.97687000100018,
              22.818350264
            ],
            [
              88.9768535840002,
              22.81829033400004
            ],
            [
              88.9768096580001,
              22.817608086000064
            ],
            [
              88.97697326200012,
              22.817554940000093
            ],
            [
              88.9769742250001,
              22.817426232000116
            ],
            [
              88.97674762900004,
              22.816781200000037
            ],
            [
              88.97693467300002,
              22.816524971999968
            ],
            [
              88.97725896800011,
              22.816441242000167
            ],
            [
              88.97744056800008,
              22.81691436400007
            ],
            [
              88.97750705500016,
              22.817120072000023
            ],
            [
              88.97762121900018,
              22.81747328900019
            ],
            [
              88.97765635600018,
              22.81747351400014
            ],
            [
              88.97776006000004,
              22.817474178
            ],
            [
              88.97817627900008,
              22.81747684800007
            ],
            [
              88.97795000200011,
              22.816788916000178
            ],
            [
              88.97822833700013,
              22.816661985000053
            ],
            [
              88.97864583500007,
              22.816493041000115
            ],
            [
              88.97896949000011,
              22.816495115000066
            ],
            [
              88.97937963200008,
              22.817312939999965
            ],
            [
              88.97960719800011,
              22.81782925699997
            ],
            [
              88.9803930540001,
              22.81783428700004
            ],
            [
              88.980256752,
              22.81753308000009
            ],
            [
              88.98016802700005,
              22.817017650000082
            ],
            [
              88.98003302000018,
              22.816501927000104
            ],
            [
              88.9801265390002,
              22.816373810000073
            ],
            [
              88.98068159600018,
              22.816377362000026
            ],
            [
              88.98100429200008,
              22.81650813900012
            ],
            [
              88.98106510600013,
              22.81668152900005
            ],
            [
              88.9811852810002,
              22.817024158000095
            ],
            [
              88.98123275200015,
              22.817170770000132
            ],
            [
              88.98136625400014,
              22.81758307900003
            ],
            [
              88.98140495000018,
              22.817583326000147
            ],
            [
              88.98187473000013,
              22.817586329000164
            ],
            [
              88.98229158700008,
              22.817503182999985
            ],
            [
              88.98238638000004,
              22.81720345200017
            ],
            [
              88.98243616800005,
              22.816731814000036
            ],
            [
              88.9824862710002,
              22.816217273
            ],
            [
              88.98258010800004,
              22.81604625199998
            ],
            [
              88.98308889700013,
              22.816006593000168
            ],
            [
              88.98317922600006,
              22.81630750400012
            ],
            [
              88.98317731499998,
              22.81656492400009
            ],
            [
              88.98321565400005,
              22.816692637000074
            ],
            [
              88.983267647,
              22.816865837000023
            ],
            [
              88.98341671500009,
              22.81690638800012
            ],
            [
              88.98359066799998,
              22.81695370700004
            ],
            [
              88.98373079500016,
              22.81674007600003
            ],
            [
              88.98377930300006,
              22.81644004800006
            ],
            [
              88.98391814400009,
              22.816440936000163
            ],
            [
              88.98424275700006,
              22.816314288000115
            ],
            [
              88.98433658700014,
              22.81614326600004
            ],
            [
              88.98443199600018,
              22.815759985
            ],
            [
              88.98429665300006,
              22.815287169000158
            ],
            [
              88.98443644700006,
              22.81515934300006
            ],
            [
              88.9849461880001,
              22.814990970000053
            ],
            [
              88.98512454300015,
              22.814971437000167
            ],
            [
              88.98531644100007,
              22.814950421
            ],
            [
              88.98540868100008,
              22.814993913000023
            ],
            [
              88.98545241700015,
              22.815337433000025
            ],
            [
              88.98551369300003,
              22.81563296500019
            ],
            [
              88.98554149600011,
              22.815767052000183
            ],
            [
              88.9854479710001,
              22.8159380780001
            ],
            [
              88.9851696570002,
              22.81606276600013
            ],
            [
              88.98521404100012,
              22.816277570000125
            ],
            [
              88.98549045300007,
              22.81645095099998
            ],
            [
              88.98577580000017,
              22.816490633000058
            ],
            [
              88.9858137920001,
              22.816495916000065
            ],
            [
              88.98618531500017,
              22.816283753
            ],
            [
              88.98641736600013,
              22.816156512000077
            ],
            [
              88.98660058100006,
              22.816415108000115
            ],
            [
              88.98673657700016,
              22.81675921400017
            ],
            [
              88.98705896600006,
              22.816932887000064
            ],
            [
              88.98724440400014,
              22.816891156999986
            ],
            [
              88.98733918500011,
              22.816591426000173
            ],
            [
              88.987388652,
              22.81611978100011
            ],
            [
              88.98739180700017,
              22.815693008999972
            ],
            [
              88.98771608300018,
              22.815652163000152
            ],
            [
              88.98790058100019,
              22.815696242000172
            ],
            [
              88.98803751800006,
              22.81595454100011
            ],
            [
              88.98810141000018,
              22.81635758599998
            ],
            [
              88.98812566900017,
              22.816510611000126
            ],
            [
              88.98812250100008,
              22.816939639999987
            ],
            [
              88.98826007400015,
              22.81711213600005
            ],
            [
              88.98838096100013,
              22.817153065000184
            ],
            [
              88.98890580900002,
              22.81733076000006
            ],
            [
              88.98941395500015,
              22.817419792000123
            ],
            [
              88.9898719300001,
              22.817385767000076
            ],
            [
              88.99047812700013,
              22.817340728000147
            ],
            [
              88.99098730500015,
              22.817108477000033
            ],
            [
              88.99103478100017,
              22.817086821000032
            ],
            [
              88.99078574900017,
              22.81655813500015
            ],
            [
              88.9908892110002,
              22.81643205400013
            ],
            [
              88.99172292200018,
              22.81622280600004
            ],
            [
              88.99190520100007,
              22.81661010400012
            ],
            [
              88.99208938600009,
              22.816697081000086
            ],
            [
              88.99226110500018,
              22.816657518000113
            ],
            [
              88.99226264900017,
              22.816447518000132
            ],
            [
              88.99221385100003,
              22.81596170600011
            ],
            [
              88.99242443800011,
              22.815771092000148
            ],
            [
              88.99273804700005,
              22.815773074000106
            ],
            [
              88.99320603000012,
              22.816065076000143
            ],
            [
              88.99409128500008,
              22.816506493000134
            ],
            [
              88.99455991000008,
              22.816753333000122
            ],
            [
              88.99471351800014,
              22.81719012900004
            ],
            [
              88.99534080100011,
              22.81714440400009
            ],
            [
              88.99549901300003,
              22.816953459
            ],
            [
              88.99508418099998,
              22.816512757000112
            ],
            [
              88.9956615160001,
              22.81617767
            ],
            [
              88.9958918100001,
              22.815759300000025
            ],
            [
              88.99592660200017,
              22.815696093000042
            ],
            [
              88.99618713200005,
              22.815794839000034
            ],
            [
              88.99617824200004,
              22.815893063000033
            ],
            [
              88.99628619500015,
              22.81594347600003
            ],
            [
              88.99680897700006,
              22.81594677100003
            ],
            [
              88.99712405200012,
              22.81570712700011
            ],
            [
              88.9971272470001,
              22.815270689000045
            ],
            [
              88.9971283000001,
              22.8151268040001
            ],
            [
              88.99702580700006,
              22.81463565399997
            ],
            [
              88.99708446500011,
              22.81458784700004
            ],
            [
              88.99771137600004,
              22.814591790000065
            ],
            [
              88.99789505400014,
              22.81463664800009
            ],
            [
              88.9979148110001,
              22.814790768000023
            ],
            [
              88.99769642000007,
              22.816049452000073
            ],
            [
              88.99805944500014,
              22.816148243000157
            ],
            [
              88.99889601300009,
              22.816395718000138
            ],
            [
              88.99924438000005,
              22.816533749000087
            ],
            [
              88.99952145100013,
              22.816643530000192
            ],
            [
              89.00035612600004,
              22.816842968000174
            ],
            [
              89.00129560400012,
              22.81699338200019
            ],
            [
              89.0013131610001,
              22.817630060000113
            ],
            [
              89.00131659800007,
              22.81775467700004
            ],
            [
              89.00133702400018,
              22.81849532700005
            ],
            [
              89.00100150200012,
              22.819148203000054
            ],
            [
              88.99929364600007,
              22.82247132600014
            ],
            [
              88.9982776270001,
              22.82444819200009
            ],
            [
              88.9962737140001,
              22.82834700700016
            ],
            [
              88.99592505300012,
              22.82884971300001
            ],
            [
              88.99598649200016,
              22.8288728820001
            ],
            [
              88.99668001000015,
              22.82906242100006
            ],
            [
              88.99694221800019,
              22.829143109000142
            ],
            [
              88.99812366200007,
              22.829362810000134
            ],
            [
              88.99996932400018,
              22.82978313600006
            ],
            [
              89.00133728700013,
              22.82978711000004
            ],
            [
              89.00198033200013,
              22.829788974
            ],
            [
              89.00452704900005,
              22.828698405000125
            ],
            [
              89.00476297600017,
              22.82859739300011
            ],
            [
              89.00659597600009,
              22.82781257099998
            ],
            [
              89.0092902340001,
              22.82744771700004
            ],
            [
              89.01097364000009,
              22.827525922000177
            ],
            [
              89.01476148100011,
              22.82723324800014
            ],
            [
              89.01485581100007,
              22.827214155000036
            ],
            [
              89.01489139600011,
              22.827206952000097
            ],
            [
              89.016214177,
              22.826948159999972
            ],
            [
              89.01652497900017,
              22.82688735300019
            ],
            [
              89.01655530400006,
              22.826862699000117
            ],
            [
              89.01735395499998,
              22.826535677000038
            ],
            [
              89.01815260500018,
              22.826208648999966
            ],
            [
              89.01878077800018,
              22.82566152100003
            ],
            [
              89.01886490000004,
              22.825650751000182
            ],
            [
              89.01909304600008,
              22.825623768000185
            ],
            [
              89.01936238700011,
              22.82559191400003
            ],
            [
              89.01939123700015,
              22.82558850200013
            ],
            [
              89.01948035599997,
              22.82563110899997
            ],
            [
              89.01980274700009,
              22.825785240000016
            ],
            [
              89.02034486600013,
              22.82581567200009
            ],
            [
              89.02106165600009,
              22.825820077000174
            ],
            [
              89.02169945700018,
              22.825713345000054
            ],
            [
              89.02205780800011,
              22.82567941500008
            ],
            [
              89.02257624800018,
              22.825571945999968
            ],
            [
              89.02258454200017,
              22.825689419000184
            ],
            [
              89.02270967800018,
              22.825649541000075
            ],
            [
              89.02272588900001,
              22.825789749000137
            ],
            [
              89.02277134100007,
              22.82618284900019
            ],
            [
              89.02405318100006,
              22.825906176000103
            ],
            [
              89.0248049650001,
              22.82565786300006
            ],
            [
              89.02536380600009,
              22.82547837000004
            ],
            [
              89.02584721400012,
              22.82561594400005
            ],
            [
              89.02615188500016,
              22.825702650000153
            ],
            [
              89.0261618770001,
              22.82578111100014
            ],
            [
              89.02617786400009,
              22.826143089000084
            ],
            [
              89.02618393500018,
              22.82628052399997
            ],
            [
              89.02688525100012,
              22.826020602000142
            ],
            [
              89.02814977600019,
              22.825608299000066
            ],
            [
              89.02909489600006,
              22.825274682999975
            ],
            [
              89.02918741300016,
              22.825242025000136
            ],
            [
              89.02928544600019,
              22.825169339000126
            ],
            [
              89.02982781500003,
              22.82476719100009
            ],
            [
              89.03018800100017,
              22.82447356100016
            ],
            [
              89.03102440400016,
              22.82444251900006
            ],
            [
              89.03170130200004,
              22.824446635000015
            ],
            [
              89.03176803200006,
              22.82448317000012
            ],
            [
              89.03232554600004,
              22.824791417000142
            ],
            [
              89.03238756399998,
              22.824911888000088
            ],
            [
              89.03265206700013,
              22.825425689000042
            ],
            [
              89.0326379980001,
              22.82603757100003
            ],
            [
              89.03283341000014,
              22.82656717200007
            ],
            [
              89.03280274000008,
              22.826710204
            ],
            [
              89.03272508400005,
              22.827072348000115
            ],
            [
              89.03275428700005,
              22.827077042000155
            ],
            [
              89.0338312560001,
              22.827264233000108
            ],
            [
              89.0345081320001,
              22.827229945000113
            ],
            [
              89.03490589799998,
              22.827306879000105
            ],
            [
              89.03530102000019,
              22.827715744000102
            ],
            [
              89.03561797200013,
              22.827938964000055
            ],
            [
              89.03625369400015,
              22.828127983000172
            ],
            [
              89.0369712440002,
              22.827983284000027
            ],
            [
              89.03772841400013,
              22.827877206000096
            ],
            [
              89.03856483600003,
              22.82784612500012
            ],
            [
              89.03941434900008,
              22.827763864000133
            ],
            [
              89.03963578700012,
              22.82774242100004
            ],
            [
              89.04087287100015,
              22.82800681900011
            ],
            [
              89.0419052310001,
              22.828392407000024
            ],
            [
              89.04266392900018,
              22.828515626000183
            ],
            [
              89.04298481100011,
              22.828195364000123
            ],
            [
              89.04315434400019,
              22.828223292000132
            ],
            [
              89.04321518100016,
              22.828232694000064
            ],
            [
              89.04340497400011,
              22.828265444000067
            ],
            [
              89.0437061040002,
              22.828314675000172
            ],
            [
              89.04432654400017,
              22.827509966000093
            ],
            [
              89.04474876100005,
              22.827225709000118
            ],
            [
              89.04499119299999,
              22.827177483000014
            ],
            [
              89.04519902900017,
              22.82737293300005
            ],
            [
              89.04530144300008,
              22.82766485200011
            ],
            [
              89.04540420400019,
              22.827907093000192
            ],
            [
              89.04550696400014,
              22.82814933600008
            ],
            [
              89.04561036200016,
              22.828344159000096
            ],
            [
              89.04566140700007,
              22.828491250000127
            ],
            [
              89.0456855340002,
              22.828629868000064
            ],
            [
              89.04571176900015,
              22.82878059899997
            ],
            [
              89.04576777200003,
              22.828807013000016
            ],
            [
              89.04579656600015,
              22.82888998500016
            ],
            [
              89.04584066500013,
              22.82914334800006
            ],
            [
              89.045846928,
              22.829179333000127
            ],
            [
              89.04605545000004,
              22.8292776830001
            ],
            [
              89.04621196500011,
              22.829278623000164
            ],
            [
              89.04704642400014,
              22.8295749240001
            ],
            [
              89.04788293700017,
              22.829532503000053
            ],
            [
              89.04882491700016,
              22.82934392600015
            ],
            [
              89.04966443100017,
              22.828913104000037
            ],
            [
              89.05003317000018,
              22.82847947300013
            ],
            [
              89.0506117760001,
              22.827949989
            ],
            [
              89.05124107800015,
              22.827662431000192
            ],
            [
              89.05155743400019,
              22.827228484000102
            ],
            [
              89.05208161400003,
              22.827037398000073
            ],
            [
              89.05224077900016,
              22.82669961800019
            ],
            [
              89.05245302800006,
              22.826215368000078
            ],
            [
              89.05271496500012,
              22.82611982200018
            ],
            [
              89.05313402100018,
              22.826025213000094
            ],
            [
              89.05371293500008,
              22.825448296000047
            ],
            [
              89.05408065300014,
              22.82515917000012
            ],
            [
              89.05418877900001,
              22.82462688100003
            ],
            [
              89.05404737400016,
              22.82425879900012
            ],
            [
              89.05398357500013,
              22.824092729000085
            ],
            [
              89.05398389300012,
              22.82404670500017
            ],
            [
              89.05384839600003,
              22.823694
            ],
            [
              89.05385307700016,
              22.823016567000025
            ],
            [
              89.0538910410001,
              22.822533271000168
            ],
            [
              89.05391016900006,
              22.82228976800019
            ],
            [
              89.05391477800003,
              22.82162273299997
            ],
            [
              89.05391552100014,
              22.821515237000142
            ],
            [
              89.05433627200006,
              22.821129327
            ],
            [
              89.05491383200007,
              22.820744343000115
            ],
            [
              89.0553341980002,
              22.820457787000066
            ],
            [
              89.05546949200004,
              22.820170077000057
            ],
            [
              89.05549304100015,
              22.820119999000156
            ],
            [
              89.05549944,
              22.819191985000145
            ],
            [
              89.05550006300018,
              22.819101594000188
            ],
            [
              89.05576462500005,
              22.818667330000153
            ],
            [
              89.05582789100009,
              22.818663601000083
            ],
            [
              89.0561199870001,
              22.81864638100012
            ],
            [
              89.05628674800016,
              22.818636550000065
            ],
            [
              89.05654871600018,
              22.818622294000136
            ],
            [
              89.05769977400018,
              22.81843715600013
            ],
            [
              89.05848516300006,
              22.818247595000116
            ],
            [
              89.05984411700007,
              22.81820593599997
            ],
            [
              89.06125474100008,
              22.81831135599998
            ],
            [
              89.06250892100013,
              22.818318736000094
            ],
            [
              89.06350018100005,
              22.81856845300007
            ],
            [
              89.06418861000009,
              22.818972110000118
            ],
            [
              89.06424322700008,
              22.819004134000124
            ],
            [
              89.06431021700013,
              22.819043283999974
            ],
            [
              89.06437843200018,
              22.819402855000135
            ],
            [
              89.06446820600013,
              22.819455320000145
            ],
            [
              89.06454399100011,
              22.81963868100013
            ],
            [
              89.06480290400009,
              22.820264103
            ],
            [
              89.06493102400003,
              22.820573587000013
            ],
            [
              89.06500289800016,
              22.821478566000053
            ],
            [
              89.0650271990001,
              22.82178454700005
            ],
            [
              89.06511014600011,
              22.821853906
            ],
            [
              89.06531191900001,
              22.822022625000045
            ],
            [
              89.0654949920002,
              22.822175705000063
            ],
            [
              89.06557832800013,
              22.822234904000084
            ],
            [
              89.06611927900002,
              22.82261519600013
            ],
            [
              89.06690238900018,
              22.822716889000105
            ],
            [
              89.06705043400007,
              22.822972266000022
            ],
            [
              89.06721238900008,
              22.823251637000112
            ],
            [
              89.06729804300005,
              22.823594362000108
            ],
            [
              89.06746672800006,
              22.824269316000027
            ],
            [
              89.0677279890001,
              22.824270845000058
            ],
            [
              89.0687265090001,
              22.824446051000166
            ],
            [
              89.06897893600012,
              22.824458984000103
            ],
            [
              89.06952253100008,
              22.824486832000105
            ],
            [
              89.06960158400011,
              22.824487294000107
            ],
            [
              89.07055752800017,
              22.824492872000064
            ],
            [
              89.07166127600004,
              22.82464383300004
            ],
            [
              89.07286631100015,
              22.824542456000074
            ],
            [
              89.07370271500008,
              22.824511189000077
            ],
            [
              89.07414780300013,
              22.824436998000067
            ],
            [
              89.07434047700008,
              22.824404245999972
            ],
            [
              89.07440781200006,
              22.824375284000098
            ],
            [
              89.0750190780002,
              22.824112361000118
            ],
            [
              89.07527818100004,
              22.823711904000106
            ],
            [
              89.07537609300016,
              22.823597305000135
            ],
            [
              89.07566890300006,
              22.82330092000018
            ],
            [
              89.07573674900016,
              22.822858706000034
            ],
            [
              89.07572320400004,
              22.822294077000095
            ],
            [
              89.07553795000013,
              22.82208524800012
            ],
            [
              89.07547001600005,
              22.82194399100007
            ],
            [
              89.07538330000017,
              22.82176368400019
            ],
            [
              89.07504635300006,
              22.821156530000053
            ],
            [
              89.0750179640001,
              22.82092659
            ],
            [
              89.07501377000011,
              22.820892620000052
            ],
            [
              89.07478536500014,
              22.82048104600011
            ],
            [
              89.07464419000007,
              22.819337573000098
            ],
            [
              89.07447751600017,
              22.818182667000087
            ],
            [
              89.07452037200017,
              22.81738350900008
            ],
            [
              89.07492063600006,
              22.817090006
            ],
            [
              89.07571779100005,
              22.816911716
            ],
            [
              89.07667177200017,
              22.81713855200013
            ],
            [
              89.07762575200007,
              22.81736538000007
            ],
            [
              89.07857850800019,
              22.817775110000014
            ],
            [
              89.0792804670001,
              22.818440823000117
            ],
            [
              89.08017434700014,
              22.81950282600019
            ],
            [
              89.0804988640001,
              22.820126374999973
            ],
            [
              89.08115289600005,
              22.821608606000154
            ],
            [
              89.08125829100015,
              22.821931028000165
            ],
            [
              89.08153303600005,
              22.82277151500017
            ],
            [
              89.08158828900008,
              22.822817505000046
            ],
            [
              89.08179406200014,
              22.823446988
            ],
            [
              89.08216287100004,
              22.82375396900011
            ],
            [
              89.08242514400013,
              22.823972272000162
            ],
            [
              89.08313817900006,
              22.824037347000115
            ],
            [
              89.08374886000007,
              22.824108605000163
            ],
            [
              89.08430126200011,
              22.82442084200011
            ],
            [
              89.08540372400006,
              22.82504398200018
            ],
            [
              89.08698677100017,
              22.824788848000026
            ],
            [
              89.08782539700013,
              22.824585779000188
            ],
            [
              89.08970643300017,
              22.824130276000062
            ],
            [
              89.09129033800019,
              22.82374670500002
            ],
            [
              89.09158745700017,
              22.82367475
            ],
            [
              89.09702008300007,
              22.822433789000115
            ],
            [
              89.0969613810002,
              22.82411275200002
            ],
            [
              89.09716348500007,
              22.825281395
            ],
            [
              89.09723235700005,
              22.826130529000125
            ],
            [
              89.09739547100003,
              22.826418250000188
            ],
            [
              89.09774446600005,
              22.82666878300006
            ],
            [
              89.09893810400007,
              22.827077053000096
            ],
            [
              89.09914385600001,
              22.827154696000036
            ],
            [
              89.10062437900007,
              22.827851371
            ],
            [
              89.10185941300011,
              22.82824073400019
            ],
            [
              89.10418800200011,
              22.82857888100017
            ],
            [
              89.1063924720001,
              22.828973657000176
            ],
            [
              89.10642522700005,
              22.828973841000163
            ],
            [
              89.10678796600013,
              22.82897587499997
            ],
            [
              89.1073000130001,
              22.82897874500003
            ],
            [
              89.10789631500006,
              22.829013683000085
            ],
            [
              89.10802167100013,
              22.82902102700018
            ],
            [
              89.1086813280001,
              22.82908207800017
            ],
            [
              89.10962937600004,
              22.82920209800011
            ],
            [
              89.11074255800014,
              22.82930391500014
            ],
            [
              89.111392841,
              22.82938907000016
            ],
            [
              89.11150509900006,
              22.82940376900001
            ],
            [
              89.11242828500008,
              22.82950772600003
            ],
            [
              89.1125769090001,
              22.829524462000165
            ],
            [
              89.11311256700003,
              22.829623043000083
            ],
            [
              89.11377309500011,
              22.82955024100005
            ],
            [
              89.1144750000002,
              22.829458545000136
            ],
            [
              89.11507241400011,
              22.82957658300012
            ],
            [
              89.11604134500004,
              22.82965844200004
            ],
            [
              89.11647375200005,
              22.82977555900004
            ],
            [
              89.11667768800004,
              22.829764879000095
            ],
            [
              89.11680389300011,
              22.82975827100006
            ],
            [
              89.11686354000011,
              22.829468363000046
            ],
            [
              89.11693591900018,
              22.82911657600016
            ],
            [
              89.1170157050002,
              22.828899053000043
            ],
            [
              89.11707762100019,
              22.828396307000162
            ],
            [
              89.11708528700012,
              22.828334067000185
            ],
            [
              89.11710277100013,
              22.82819210200006
            ],
            [
              89.11711624499998,
              22.827379886000188
            ],
            [
              89.11736589700007,
              22.827178851000156
            ],
            [
              89.117454566,
              22.827170308000063
            ],
            [
              89.117825073,
              22.827138488000116
            ],
            [
              89.11848098500013,
              22.82714212000002
            ],
            [
              89.11867974900002,
              22.82677738600006
            ],
            [
              89.11986002700019,
              22.82678391400009
            ],
            [
              89.1213028840001,
              22.8267309040001
            ],
            [
              89.12209167700007,
              22.82643265000013
            ],
            [
              89.12254902500007,
              22.826676798999983
            ],
            [
              89.12333703600018,
              22.826500479000174
            ],
            [
              89.12458473100014,
              22.8262024820001
            ],
            [
              89.12543705100012,
              22.82620716100007
            ],
            [
              89.12583279800009,
              22.825845759000174
            ],
            [
              89.12609536800016,
              22.825786229000016
            ],
            [
              89.12609887100018,
              22.825237497000103
            ],
            [
              89.12649422600009,
              22.824937063000107
            ],
            [
              89.12660448300011,
              22.82479293500012
            ],
            [
              89.12732215600005,
              22.824587740000084
            ],
            [
              89.12736878300007,
              22.824586645000068
            ],
            [
              89.12773474000005,
              22.82457804900008
            ],
            [
              89.12849613800017,
              22.82445076700003
            ],
            [
              89.12899850100013,
              22.82451326300003
            ],
            [
              89.12943889400003,
              22.824599275000082
            ],
            [
              89.12956501500008,
              22.824623908000035
            ],
            [
              89.13058180100018,
              22.824880408000126
            ],
            [
              89.131558933,
              22.825292034000086
            ],
            [
              89.13249694300004,
              22.82577514100018
            ],
            [
              89.13325652800006,
              22.825934624000126
            ],
            [
              89.13404242600006,
              22.826010597000106
            ],
            [
              89.13454925400009,
              22.82617267000012
            ],
            [
              89.13527536100003,
              22.826746239000045
            ],
            [
              89.136006156,
              22.827383549000047
            ],
            [
              89.13641903400008,
              22.827563911000027
            ],
            [
              89.1365169550001,
              22.827676253999982
            ],
            [
              89.13682501099998,
              22.8280296800001
            ],
            [
              89.13631334800004,
              22.82833594600004
            ],
            [
              89.13565440900015,
              22.828761437000026
            ],
            [
              89.1351117160001,
              22.82915142400003
            ],
            [
              89.13456870200008,
              22.829543666000177
            ],
            [
              89.13398698700018,
              22.829987632000098
            ],
            [
              89.13370172800012,
              22.830241913000123
            ],
            [
              89.13324921300011,
              22.83064528300008
            ],
            [
              89.13270616300008,
              22.83108945500004
            ],
            [
              89.1320065910001,
              22.831819568000185
            ],
            [
              89.13142372600015,
              22.832441919000075
            ],
            [
              89.13103440800006,
              22.832941121000147
            ],
            [
              89.13090533500014,
              22.833129764000034
            ],
            [
              89.13064494500009,
              22.83351032700017
            ],
            [
              89.130215814,
              22.834187711000084
            ],
            [
              89.12980672499998,
              22.83477713600007
            ],
            [
              89.12937754500018,
              22.83550871100016
            ],
            [
              89.12875289800013,
              22.83661408200004
            ],
            [
              89.12825992100011,
              22.837637053000037
            ],
            [
              89.12813025100019,
              22.837882054000147
            ],
            [
              89.12769744200017,
              22.8387016800001
            ],
            [
              89.12711160000003,
              22.839734993000036
            ],
            [
              89.12642870700012,
              22.840894232000153
            ],
            [
              89.12557076500019,
              22.84223090800009
            ],
            [
              89.12482872700008,
              22.843586280000125
            ],
            [
              89.124642542,
              22.843930660000012
            ],
            [
              89.12423983899998,
              22.844675521000113
            ],
            [
              89.12422617800001,
              22.844700788000125
            ],
            [
              89.12398885300018,
              22.845139832000086
            ],
            [
              89.12351845300003,
              22.846209900000133
            ],
            [
              89.12326041800009,
              22.846885943000018
            ],
            [
              89.1231848340002,
              22.847084250000023
            ],
            [
              89.12292894000018,
              22.847852895000074
            ],
            [
              89.12280919600005,
              22.848477762000186
            ],
            [
              89.12272724500008,
              22.849193166000077
            ],
            [
              89.12266364900017,
              22.849723787000187
            ],
            [
              89.12264583199999,
              22.849872440000127
            ],
            [
              89.12258302400016,
              22.85064214500011
            ],
            [
              89.1225976180001,
              22.85135808400014
            ],
            [
              89.12266993500015,
              22.852144340000166
            ],
            [
              89.122760889,
              22.852969092000023
            ],
            [
              89.12289175700005,
              22.853649535000102
            ],
            [
              89.12304204600014,
              22.85429395600005
            ],
            [
              89.12321194300006,
              22.854920418000177
            ],
            [
              89.12323569100005,
              22.855003292000106
            ],
            [
              89.12338175600013,
              22.855513006000024
            ],
            [
              89.1236656750001,
              22.85640882200005
            ],
            [
              89.12394998299999,
              22.857196247000104
            ],
            [
              89.12434827700008,
              22.858307225000033
            ],
            [
              89.12438431800012,
              22.85838646100018
            ],
            [
              89.12446702700015,
              22.858570818000032
            ],
            [
              89.12476720600006,
              22.859239913000067
            ],
            [
              89.12522496800005,
              22.860102811000047
            ],
            [
              89.12560584800013,
              22.860890763999976
            ],
            [
              89.12602547700016,
              22.86171731800016
            ],
            [
              89.12618035700018,
              22.862017386000105
            ],
            [
              89.12633055900017,
              22.86230838800003
            ],
            [
              89.12655826600007,
              22.86290129200006
            ],
            [
              89.12695423600013,
              22.8638090070001
            ],
            [
              89.12699596800007,
              22.863904083000023
            ],
            [
              89.12703045600006,
              22.863994301
            ],
            [
              89.12731863700003,
              22.864748167000016
            ],
            [
              89.12758351999997,
              22.865625810000097
            ],
            [
              89.12773418900014,
              22.866216029000157
            ],
            [
              89.1278113670001,
              22.86653260200012
            ],
            [
              89.12792208600013,
              22.866987112000118
            ],
            [
              89.12809225000018,
              22.86757743800007
            ],
            [
              89.12830066700008,
              22.868188298000177
            ],
            [
              89.12839795400004,
              22.868529599999988
            ],
            [
              89.12848956400018,
              22.868850989
            ],
            [
              89.12886922000013,
              22.869837651000125
            ],
            [
              89.12894608200014,
              22.870027963999974
            ],
            [
              89.12907853800004,
              22.870355929000027
            ],
            [
              89.12915298500008,
              22.870767330000035
            ],
            [
              89.12920857100005,
              22.871126692000132
            ],
            [
              89.12920651100006,
              22.871449605000123
            ],
            [
              89.12918458700005,
              22.871878545000072
            ],
            [
              89.129124203,
              22.87227114500007
            ],
            [
              89.12904432700014,
              22.872663636000084
            ],
            [
              89.12882858600017,
              22.873199912000075
            ],
            [
              89.12853592900018,
              22.873663501000124
            ],
            [
              89.12822442499998,
              22.874072787999978
            ],
            [
              89.12783585300019,
              22.874481652000043
            ],
            [
              89.12713443200016,
              22.87517559200012
            ],
            [
              89.12709734200007,
              22.875211521000153
            ],
            [
              89.12641735000017,
              22.87588750900011
            ],
            [
              89.12592134300007,
              22.876353347000133
            ],
            [
              89.12564044400017,
              22.87661715900009
            ],
            [
              89.12504274700018,
              22.877164666
            ],
            [
              89.12484402800015,
              22.87734669600013
            ],
            [
              89.12404814200005,
              22.878040101000067
            ],
            [
              89.1234067800001,
              22.87865386900006
            ],
            [
              89.12321288100014,
              22.878839426000013
            ],
            [
              89.12262741500018,
              22.87935332400008
            ],
            [
              89.12230021800019,
              22.87964057000005
            ],
            [
              89.12146554600008,
              22.880297617000167
            ],
            [
              89.12070969400003,
              22.880776694000076
            ],
            [
              89.1195658800001,
              22.881468154000117
            ],
            [
              89.11949216000005,
              22.881505154000138
            ],
            [
              89.11844236500013,
              22.882033254000135
            ],
            [
              89.11708813400008,
              22.882704704000105
            ],
            [
              89.1170487240002,
              22.88272551800003
            ],
            [
              89.11625085500015,
              22.88314793600017
            ],
            [
              89.11609791400019,
              22.883229217000064
            ],
            [
              89.11514911500012,
              22.883733457000062
            ],
            [
              89.1140250970002,
              22.884370789
            ],
            [
              89.1133134280002,
              22.884869207000065
            ],
            [
              89.11311340100008,
              22.88500929500009
            ],
            [
              89.11229826700014,
              22.885648333
            ],
            [
              89.11181233800016,
              22.886165008000035
            ],
            [
              89.11142325900005,
              22.886591891000137
            ],
            [
              89.11103424800012,
              22.887054906000174
            ],
            [
              89.11052834000014,
              22.887643727000125
            ],
            [
              89.11021570600008,
              22.888213302000054
            ],
            [
              89.10998107199998,
              22.88864104600009
            ],
            [
              89.10978949800011,
              22.889094240000134
            ],
            [
              89.10964689700018,
              22.889569556000026
            ],
            [
              89.10956682300008,
              22.889982356000075
            ],
            [
              89.10948590000004,
              22.89057129500003
            ],
            [
              89.109444644,
              22.890963990000103
            ],
            [
              89.10948041700004,
              22.891411315000084
            ],
            [
              89.1095550340001,
              22.891788853000037
            ],
            [
              89.10962961400003,
              22.892218328000183
            ],
            [
              89.1097345780002,
              22.89266152400006
            ],
            [
              89.10976095500018,
              22.892774581000083
            ],
            [
              89.10979348400014,
              22.892857159000187
            ],
            [
              89.11000791000009,
              22.893401486000187
            ],
            [
              89.11027484000016,
              22.893956239000147
            ],
            [
              89.1103319980001,
              22.894046893
            ],
            [
              89.110376224,
              22.89413880700016
            ],
            [
              89.11043066700017,
              22.894225156000118
            ],
            [
              89.11067568900017,
              22.894613766000134
            ],
            [
              89.1108497400001,
              22.89492894100016
            ],
            [
              89.11119204800019,
              22.895429201000184
            ],
            [
              89.11157443800005,
              22.895986856000036
            ],
            [
              89.11203411200006,
              22.896560752000084
            ],
            [
              89.11247424400005,
              22.897188731000085
            ],
            [
              89.11285718400012,
              22.897710254000174
            ],
            [
              89.11316274100011,
              22.898231346000102
            ],
            [
              89.11346854200008,
              22.89872483099998
            ],
            [
              89.11350677100012,
              22.898786523000126
            ],
            [
              89.11355420600006,
              22.898882017000062
            ],
            [
              89.11379248200006,
              22.899361700000043
            ],
            [
              89.1138511170002,
              22.89945819000019
            ],
            [
              89.1138938740001,
              22.89954426600002
            ],
            [
              89.11419955700006,
              22.90004729100019
            ],
            [
              89.11451102500007,
              22.90048595500008
            ],
            [
              89.11454405100017,
              22.900532468000108
            ],
            [
              89.1148125200001,
              22.900854625000022
            ],
            [
              89.11509986500016,
              22.901179150000132
            ],
            [
              89.11536879200008,
              22.90143130700011
            ],
            [
              89.11571461200009,
              22.90166582700016
            ],
            [
              89.11634956700016,
              22.90204422100004
            ],
            [
              89.11717656900004,
              22.902550137000162
            ],
            [
              89.11786883500008,
              22.903019170000164
            ],
            [
              89.11834867400012,
              22.90345089300007
            ],
            [
              89.1187340250001,
              22.903746596000133
            ],
            [
              89.11877161600012,
              22.903776160000064
            ],
            [
              89.11900213900009,
              22.903937771000017
            ],
            [
              89.11927215700001,
              22.903975402000015
            ],
            [
              89.11948505800012,
              22.90394044900006
            ],
            [
              89.11973649599997,
              22.9038357070001
            ],
            [
              89.12004691400011,
              22.903656768000133
            ],
            [
              89.12029893500005,
              22.903461702000186
            ],
            [
              89.12084320700018,
              22.902927263000095
            ],
            [
              89.1213676100001,
              22.902449164000075
            ],
            [
              89.12208669000012,
              22.90173728900004
            ],
            [
              89.12294230100014,
              22.9008296990001
            ],
            [
              89.12308845000007,
              22.900675823000142
            ],
            [
              89.12399203300009,
              22.89972445300009
            ],
            [
              89.12498322500005,
              22.898765660000095
            ],
            [
              89.12582843700017,
              22.898035867000033
            ],
            [
              89.1260123420002,
              22.897877072000142
            ],
            [
              89.12636890400006,
              22.897598103000064
            ],
            [
              89.12694384100007,
              22.897148274000017
            ],
            [
              89.12730512600007,
              22.896867859
            ],
            [
              89.12770076200013,
              22.896560780000073
            ],
            [
              89.1285540520002,
              22.895958003000032
            ],
            [
              89.12923288700011,
              22.895469568000067
            ],
            [
              89.12973766400006,
              22.895106367000096
            ],
            [
              89.13060271200004,
              22.894434502000024
            ],
            [
              89.13127074500017,
              22.893915645000163
            ],
            [
              89.131435398,
              22.893807992000063
            ],
            [
              89.1323565350001,
              22.893205727000066
            ],
            [
              89.13332564400008,
              22.892637427000125
            ],
            [
              89.13440913700015,
              22.892286532000128
            ],
            [
              89.1355282090002,
              22.892016049
            ],
            [
              89.13556956200011,
              22.892006053999978
            ],
            [
              89.1364774990002,
              22.89190485100005
            ],
            [
              89.13688160300006,
              22.89184579300013
            ],
            [
              89.13719260400012,
              22.891800341000135
            ],
            [
              89.1380527340001,
              22.891791459000103
            ],
            [
              89.13825474800007,
              22.891788038000072
            ],
            [
              89.13845047000012,
              22.891778329999966
            ],
            [
              89.13891151100017,
              22.891755463000152
            ],
            [
              89.1396450850001,
              22.89181363299997
            ],
            [
              89.14018531800014,
              22.89185268700004
            ],
            [
              89.14068705000005,
              22.891909599000087
            ],
            [
              89.1411110730001,
              22.89201802600013
            ],
            [
              89.14140012100017,
              22.892127982000147
            ],
            [
              89.1416311820002,
              22.892253432000018
            ],
            [
              89.14175716100004,
              22.892387605000067
            ],
            [
              89.1417782330002,
              22.892431279000107
            ],
            [
              89.14181557300009,
              22.892646012
            ],
            [
              89.1418141100001,
              22.892878600000074
            ],
            [
              89.1418122090002,
              22.893181193000146
            ],
            [
              89.14177114600005,
              22.893558089000067
            ],
            [
              89.14167160500011,
              22.894076942000083
            ],
            [
              89.14141449400006,
              22.895039811000117
            ],
            [
              89.14123658000005,
              22.895666633000076
            ],
            [
              89.14122444400016,
              22.895708239000157
            ],
            [
              89.14096037300004,
              22.89661358900014
            ],
            [
              89.14086160800014,
              22.896965216000183
            ],
            [
              89.14064434300019,
              22.897738728000036
            ],
            [
              89.14017136200005,
              22.89925594800019
            ],
            [
              89.13981582600013,
              22.90050733200013
            ],
            [
              89.13945995700004,
              22.901810651000062
            ],
            [
              89.1390665880001,
              22.90297149700018
            ],
            [
              89.13843810400016,
              22.904596260000062
            ],
            [
              89.13816435300015,
              22.90514803800005
            ],
            [
              89.13777367500018,
              22.905879836000054
            ],
            [
              89.13733942300013,
              22.906611398000166
            ],
            [
              89.13714877800004,
              22.90693328599997
            ],
            [
              89.13583999300005,
              22.90930406800004
            ],
            [
              89.13565566900007,
              22.909623552000028
            ],
            [
              89.13527372000016,
              22.91028556200007
            ],
            [
              89.1343560360001,
              22.91185453300011
            ],
            [
              89.13361480900016,
              22.913031536000062
            ],
            [
              89.13282315800012,
              22.914195196000094
            ],
            [
              89.13271787600007,
              22.914349950000087
            ],
            [
              89.1321703710002,
              22.915439929000115
            ],
            [
              89.13166126300013,
              22.916527857000062
            ],
            [
              89.13117156000004,
              22.917668243000094
            ],
            [
              89.13099469200017,
              22.91808011600017
            ],
            [
              89.13094671200008,
              22.91819472600008
            ],
            [
              89.13052403000012,
              22.919204384000125
            ],
            [
              89.13038542300012,
              22.91972301000004
            ],
            [
              89.13014877000018,
              22.92045090100015
            ],
            [
              89.13015872300019,
              22.920508315000063
            ],
            [
              89.13029239500003,
              22.920585525000092
            ],
            [
              89.1303530200002,
              22.920599438000067
            ],
            [
              89.12894338900014,
              22.923573532000148
            ],
            [
              89.12876346300004,
              22.92388410400008
            ],
            [
              89.12815309400003,
              22.92497598000017
            ],
            [
              89.12785466900016,
              22.92567600500007
            ],
            [
              89.12682762500009,
              22.927318120000166
            ],
            [
              89.12624030200004,
              22.92799488500009
            ],
            [
              89.12577485800011,
              22.92853120200016
            ],
            [
              89.12438908500008,
              22.929072291000068
            ],
            [
              89.12398130600019,
              22.92913068400003
            ],
            [
              89.12278702200013,
              22.929244905000132
            ],
            [
              89.12276012300015,
              22.929246163000073
            ],
            [
              89.12138307400016,
              22.92931053200016
            ],
            [
              89.12043836700008,
              22.929354981000017
            ],
            [
              89.12010306900004,
              22.92942067500013
            ],
            [
              89.11959771900013,
              22.92951968600005
            ],
            [
              89.11828407700017,
              22.92982854400003
            ],
            [
              89.11744263200006,
              22.930115175000026
            ],
            [
              89.1167064670002,
              22.93037980600019
            ],
            [
              89.11594317000004,
              22.93073912600005
            ],
            [
              89.11517367300019,
              22.931152643000075
            ],
            [
              89.1147452030001,
              22.931465943999967
            ],
            [
              89.11452089100004,
              22.931629960000066
            ],
            [
              89.11429695900011,
              22.931843130000118
            ],
            [
              89.11403291900012,
              22.932094480000103
            ],
            [
              89.11383460000019,
              22.932283265000024
            ],
            [
              89.11309543500005,
              22.93295885200007
            ],
            [
              89.11230272000006,
              22.933853180000142
            ],
            [
              89.11156289200017,
              22.93462811800015
            ],
            [
              89.1109280460002,
              22.935426220000124
            ],
            [
              89.1106626460001,
              22.935885406000068
            ],
            [
              89.11029065500014,
              22.936612716000013
            ],
            [
              89.10997219700005,
              22.93716870300011
            ],
            [
              89.10973267400004,
              22.93767771000006
            ],
            [
              89.10965134700018,
              22.93809050200008
            ],
            [
              89.10962755500015,
              22.938336874000072
            ],
            [
              89.10962323100017,
              22.9383816510001
            ],
            [
              89.10969993999998,
              22.938675646000036
            ],
            [
              89.10972944200012,
              22.938742204
            ],
            [
              89.10972508600014,
              22.938787317000106
            ],
            [
              89.10980179500018,
              22.939081311999985
            ],
            [
              89.10993124000015,
              22.939373343000113
            ],
            [
              89.11013948500005,
              22.939593554000112
            ],
            [
              89.11050528200019,
              22.939862070000117
            ],
            [
              89.1108444100002,
              22.940155279000123
            ],
            [
              89.11141972600018,
              22.940449808999972
            ],
            [
              89.11210052000001,
              22.940647821000027
            ],
            [
              89.11296396800009,
              22.94101847700017
            ],
            [
              89.11356597500003,
              22.941240883999967
            ],
            [
              89.11401074400015,
              22.941412733999982
            ],
            [
              89.11437656000004,
              22.941633818000184
            ],
            [
              89.11489867900019,
              22.94204998000015
            ],
            [
              89.11528961100004,
              22.94244056900004
            ],
            [
              89.11548528300006,
              22.94259767600016
            ],
            [
              89.11563428900013,
              22.942717314000106
            ],
            [
              89.11565496000014,
              22.942733911000175
            ],
            [
              89.11579157700015,
              22.94292567800011
            ],
            [
              89.1158582990002,
              22.943019333000166
            ],
            [
              89.11591500500009,
              22.943098930000076
            ],
            [
              89.11604461600007,
              22.94336837700007
            ],
            [
              89.11606381700011,
              22.943404486000134
            ],
            [
              89.11607032700016,
              22.943496358000118
            ],
            [
              89.11612069700004,
              22.94381278500009
            ],
            [
              89.115987431,
              22.944153029000177
            ],
            [
              89.11574901700004,
              22.944492687000036
            ],
            [
              89.11545913600008,
              22.94468527400005
            ],
            [
              89.1148279050002,
              22.944923382000013
            ],
            [
              89.11422333700011,
              22.945091631000025
            ],
            [
              89.11412751000006,
              22.945107270000165
            ],
            [
              89.1137639760002,
              22.945166600999983
            ],
            [
              89.11351426600015,
              22.94520735499998
            ],
            [
              89.11288411800001,
              22.945278355000028
            ],
            [
              89.11222824400011,
              22.945274685000072
            ],
            [
              89.11175600800016,
              22.94524720200019
            ],
            [
              89.1111535170001,
              22.945097045000125
            ],
            [
              89.11023713800006,
              22.944800601999987
            ],
            [
              89.1096208130001,
              22.944533514000113
            ],
            [
              89.10931063500004,
              22.944399095000108
            ],
            [
              89.10874687200004,
              22.94399058400012
            ],
            [
              89.10775522300014,
              22.94318335500003
            ],
            [
              89.10734395700001,
              22.9428332760001
            ],
            [
              89.10605945900016,
              22.94173986500016
            ],
            [
              89.10517140600012,
              22.941127407000124
            ],
            [
              89.10454384400009,
              22.940807721000112
            ],
            [
              89.10376865000006,
              22.940492436000056
            ],
            [
              89.10357542600008,
              22.94041384700006
            ],
            [
              89.10336596500002,
              22.940333627000143
            ],
            [
              89.10274304500018,
              22.94009482700011
            ],
            [
              89.10203154900012,
              22.93979766700005
            ],
            [
              89.1009849880001,
              22.93937849499997
            ],
            [
              89.10033123500011,
              22.93905864300018
            ],
            [
              89.09991317900017,
              22.938814647000072
            ],
            [
              89.09970433600006,
              22.938641844000074
            ],
            [
              89.09965514500016,
              22.938549960000103
            ],
            [
              89.09957458500003,
              22.938399478000065
            ],
            [
              89.09956258900013,
              22.938255509000157
            ],
            [
              89.09955030100019,
              22.938108037000063
            ],
            [
              89.09955158500009,
              22.937913839000146
            ],
            [
              89.09955303400011,
              22.937694802000067
            ],
            [
              89.09973872600006,
              22.937404552000032
            ],
            [
              89.1002919770001,
              22.937066702000095
            ],
            [
              89.10108125300019,
              22.936707606000084
            ],
            [
              89.1021859650001,
              22.93630061200014
            ],
            [
              89.10336978800012,
              22.93581953600011
            ],
            [
              89.104922091,
              22.935148580000032
            ],
            [
              89.1064751770001,
              22.934355674000187
            ],
            [
              89.10700236000008,
              22.93394539500008
            ],
            [
              89.10742517200009,
              22.93350968400017
            ],
            [
              89.10774204800003,
              22.933195320000095
            ],
            [
              89.10795439999998,
              22.932832944000097
            ],
            [
              89.10808734800014,
              22.932542387000126
            ],
            [
              89.1081154630001,
              22.93225123700006
            ],
            [
              89.10819663200016,
              22.931863283000098
            ],
            [
              89.10820013700015,
              22.931328110000152
            ],
            [
              89.10807546900014,
              22.930354132
            ],
            [
              89.10764999400004,
              22.92802506300012
            ],
            [
              89.10764476200012,
              22.927996419000067
            ],
            [
              89.1074726700001,
              22.927324812
            ],
            [
              89.10738921500007,
              22.926999123000144
            ],
            [
              89.10705174800012,
              22.92641235200017
            ],
            [
              89.10685317600019,
              22.926201535000075
            ],
            [
              89.10672672000004,
              22.926067279000165
            ],
            [
              89.10666105100017,
              22.925996907000183
            ],
            [
              89.10598225000007,
              22.925507573
            ],
            [
              89.10509461300006,
              22.924847698000065
            ],
            [
              89.10424180000012,
              22.924192315000084
            ],
            [
              89.10350120800013,
              22.923818009
            ],
            [
              89.1028729250001,
              22.923620256999982
            ],
            [
              89.10224416700015,
              22.923494759999983
            ],
            [
              89.10145755800016,
              22.92341579100014
            ],
            [
              89.10069663900015,
              22.923461163000184
            ],
            [
              89.09977786400009,
              22.92355306100012
            ],
            [
              89.09838628900013,
              22.923714529000165
            ],
            [
              89.09757247800002,
              22.92383184800019
            ],
            [
              89.09693399300005,
              22.923979516000145
            ],
            [
              89.09665289100008,
              22.924045663000015
            ],
            [
              89.09575869900016,
              22.92438156000003
            ],
            [
              89.09504827800009,
              22.924668817000054
            ],
            [
              89.0944161330001,
              22.92505362300011
            ],
            [
              89.09359972600015,
              22.925559313
            ],
            [
              89.09307288100018,
              22.925872451000032
            ],
            [
              89.09291921100004,
              22.925965514000154
            ],
            [
              89.09279515800017,
              22.926040641000043
            ],
            [
              89.09104486800015,
              22.927100599000028
            ],
            [
              89.08934646800014,
              22.92811394600011
            ],
            [
              89.08906926200012,
              22.92827933700005
            ],
            [
              89.08851662500012,
              22.928613587000143
            ],
            [
              89.08712013600012,
              22.929458204000127
            ],
            [
              89.08661024400004,
              22.929751744999976
            ],
            [
              89.08519766800003,
              22.930564936000053
            ],
            [
              89.08419582700003,
              22.931263711000042
            ],
            [
              89.08335199900017,
              22.931938554
            ],
            [
              89.0827702260001,
              22.93261716300009
            ],
            [
              89.08229510900014,
              22.933220179999978
            ],
            [
              89.08187054299998,
              22.933754599000054
            ],
            [
              89.0815259380002,
              22.93428553600006
            ],
            [
              89.08096889100017,
              22.935181065000165
            ],
            [
              89.08054382500018,
              22.935982516000138
            ],
            [
              89.08003951700005,
              22.936828667000043
            ],
            [
              89.07959522400012,
              22.93772258500013
            ],
            [
              89.07953404300014,
              22.937846431000082
            ],
            [
              89.07941666500017,
              22.938053279000144
            ],
            [
              89.0796969880002,
              22.938128268000014
            ],
            [
              89.07963580600011,
              22.938252113000033
            ],
            [
              89.07946907900009,
              22.93854592800011
            ],
            [
              89.07944677000012,
              22.938585241999988
            ],
            [
              89.07926413500019,
              22.938907085999972
            ],
            [
              89.07925326700018,
              22.93893638100019
            ],
            [
              89.07916067500014,
              22.939177363000056
            ],
            [
              89.0787283630001,
              22.93910242400017
            ],
            [
              89.07824930700002,
              22.939013928000122
            ],
            [
              89.07738030100006,
              22.9387604800001
            ],
            [
              89.07503661200008,
              22.937751767000066
            ],
            [
              89.07480857900009,
              22.93765362
            ],
            [
              89.07376446400013,
              22.93751608399998
            ],
            [
              89.07340493400005,
              22.93726304400019
            ],
            [
              89.07258722600005,
              22.93608720499998
            ],
            [
              89.07197236600018,
              22.935438332000047
            ],
            [
              89.07175165500013,
              22.934229382000183
            ],
            [
              89.07168787100017,
              22.933795439999983
            ],
            [
              89.07170961300005,
              22.933537145
            ],
            [
              89.07171628900005,
              22.93345782900002
            ],
            [
              89.07172434800009,
              22.933362083000134
            ],
            [
              89.07172549500012,
              22.933193856000116
            ],
            [
              89.07172636100017,
              22.93306681300004
            ],
            [
              89.07175572300014,
              22.932717985000124
            ],
            [
              89.07175826200006,
              22.932345402000124
            ],
            [
              89.07159256400018,
              22.932064418000095
            ],
            [
              89.0715267830002,
              22.931878864000055
            ],
            [
              89.07109246000005,
              22.931752123000138
            ],
            [
              89.07045701300012,
              22.931624203000013
            ],
            [
              89.06879465200018,
              22.93206157800006
            ],
            [
              89.06861207800017,
              22.93211018700009
            ],
            [
              89.068160563,
              22.932358195000177
            ],
            [
              89.06794355500017,
              22.932476564000126
            ],
            [
              89.06743559100005,
              22.93275363300006
            ],
            [
              89.06736726300011,
              22.932940660000156
            ],
            [
              89.06729882600001,
              22.933188658000063
            ],
            [
              89.06713038000015,
              22.933309609000048
            ],
            [
              89.066896235,
              22.933278876000088
            ],
            [
              89.06669584400004,
              22.933214470000053
            ],
            [
              89.06656387800012,
              22.932904325000095
            ],
            [
              89.06646573800003,
              22.932594379000022
            ],
            [
              89.06619852000011,
              22.932497964000106
            ],
            [
              89.06593085400016,
              22.932467032000034
            ],
            [
              89.06586254100012,
              22.93265180000003
            ],
            [
              89.06576027200009,
              22.932899597000016
            ],
            [
              89.06562542000012,
              22.933054617000096
            ],
            [
              89.06535713400012,
              22.93311401000011
            ],
            [
              89.06495517899998,
              22.933111642000085
            ],
            [
              89.0647221050001,
              22.932925098999988
            ],
            [
              89.0647246630001,
              22.932552515999987
            ],
            [
              89.06432314400018,
              22.932486918999984
            ],
            [
              89.06406356200006,
              22.932521523
            ],
            [
              89.06387492500016,
              22.932547384000088
            ],
            [
              89.06365297700006,
              22.93257781300008
            ],
            [
              89.06348815000001,
              22.93217262600018
            ],
            [
              89.06164382100013,
              22.932565947000114
            ],
            [
              89.06100582400018,
              22.932808316000035
            ],
            [
              89.06100261700016,
              22.93327348000014
            ],
            [
              89.05966070200009,
              22.933638132000112
            ],
            [
              89.0593582360001,
              22.933792156000095
            ],
            [
              89.05935652000011,
              22.934040546
            ],
            [
              89.0593399710001,
              22.93414206200009
            ],
            [
              89.05932680300009,
              22.93443625000009
            ],
            [
              89.059325086,
              22.93468464
            ],
            [
              89.05930853700016,
              22.934786156000087
            ],
            [
              89.05925504600009,
              22.93511779199997
            ],
            [
              89.0592201140002,
              22.935365982000064
            ],
            [
              89.05908494900012,
              22.93552099600015
            ],
            [
              89.05891678400019,
              22.935644198000034
            ],
            [
              89.0581799040001,
              22.935639826
            ],
            [
              89.05791225000019,
              22.935606624000116
            ],
            [
              89.05775360200005,
              22.93549954800011
            ],
            [
              89.05767897900017,
              22.93544942400007
            ],
            [
              89.05761451300015,
              22.935076444000117
            ],
            [
              89.05755055600008,
              22.93467411200004
            ],
            [
              89.05714859500017,
              22.934671724
            ],
            [
              89.05698473000018,
              22.93417395500012
            ],
            [
              89.05698709300009,
              22.93383298499998
            ],
            [
              89.05688866800006,
              22.93352303200004
            ],
            [
              89.05685600700008,
              22.93339863900013
            ],
            [
              89.0562882540001,
              22.933178480000095
            ],
            [
              89.05531734500016,
              22.933172706000164
            ],
            [
              89.05488359300017,
              22.932921723999982
            ],
            [
              89.05458220400016,
              22.932919930000025
            ],
            [
              89.05357584800004,
              22.93319168900007
            ],
            [
              89.05337502600014,
              22.933190490000015
            ],
            [
              89.05314037300013,
              22.93318909100003
            ],
            [
              89.0529070950002,
              22.933034145000136
            ],
            [
              89.05274152100003,
              22.932784758000025
            ],
            [
              89.052611754,
              22.932162987000027
            ],
            [
              89.05245114500013,
              22.931200051000076
            ],
            [
              89.05202137100014,
              22.93042293500008
            ],
            [
              89.05185527700007,
              22.930205160000128
            ],
            [
              89.05165554100006,
              22.93004815300003
            ],
            [
              89.0515271590001,
              22.930002906000084
            ],
            [
              89.05138832600005,
              22.92995397300001
            ],
            [
              89.0501499240001,
              22.9298539830001
            ],
            [
              89.05009373100012,
              22.929853647000073
            ],
            [
              89.04958068000008,
              22.929850576000092
            ],
            [
              89.04917028400018,
              22.929937524000024
            ],
            [
              89.04901057000012,
              22.929971362000117
            ],
            [
              89.04882517000004,
              22.930031220000103
            ],
            [
              89.04854081700006,
              22.93012210100011
            ],
            [
              89.0483726510002,
              22.930245295000134
            ],
            [
              89.04823618300009,
              22.930585458000166
            ],
            [
              89.04816609600005,
              22.931020863000185
            ],
            [
              89.0481641560001,
              22.931298604000176
            ],
            [
              89.04809633200017,
              22.93145401100014
            ],
            [
              89.04796137599999,
              22.931577399000048
            ],
            [
              89.04755886400011,
              22.931699186000117
            ],
            [
              89.04722308900011,
              22.931821371000183
            ],
            [
              89.04695435800016,
              22.93194395500018
            ],
            [
              89.04681875300008,
              22.932159923000142
            ],
            [
              89.04674910400007,
              22.932532102000096
            ],
            [
              89.04668042000009,
              22.9328094440001
            ],
            [
              89.04651172500007,
              22.932964244000118
            ],
            [
              89.045605255,
              22.933331394000163
            ],
            [
              89.04520200000013,
              22.93351413800019
            ],
            [
              89.04511455500011,
              22.933607296000048
            ],
            [
              89.04499965700018,
              22.933729703000154
            ],
            [
              89.0449976930002,
              22.934009703000072
            ],
            [
              89.04509600500018,
              22.934288050000077
            ],
            [
              89.0453606160001,
              22.934754822000173
            ],
            [
              89.0456929180001,
              22.935129417000155
            ],
            [
              89.045799686,
              22.935382302
            ],
            [
              89.04570961500013,
              22.935481700000082
            ],
            [
              89.0456837110001,
              22.935510286000124
            ],
            [
              89.04531470400002,
              22.93563226499998
            ],
            [
              89.04497936100012,
              22.935691223000106
            ],
            [
              89.04487770200012,
              22.935846420000075
            ],
            [
              89.04480739399997,
              22.93631117900003
            ],
            [
              89.04482951000006,
              22.936600829000042
            ],
            [
              89.04477589100014,
              22.936955268000133
            ],
            [
              89.04480659500018,
              22.937357405000114
            ],
            [
              89.04490454800003,
              22.937730593000083
            ],
            [
              89.04507155300007,
              22.93797354500009
            ],
            [
              89.04511810200012,
              22.93808090100009
            ],
            [
              89.04524421000008,
              22.938300182000035
            ],
            [
              89.0461556090001,
              22.93988492200009
            ],
            [
              89.04628548900018,
              22.940443467000023
            ],
            [
              89.04634992700016,
              22.940816450000057
            ],
            [
              89.04631401200015,
              22.941157217000068
            ],
            [
              89.04627958900005,
              22.941235727
            ],
            [
              89.04631842900005,
              22.94146053900016
            ],
            [
              89.04628251399998,
              22.941801306000173
            ],
            [
              89.04621437600008,
              22.94195670900018
            ],
            [
              89.0458781480001,
              22.94213985700003
            ],
            [
              89.04413356000003,
              22.942626153000106
            ],
            [
              89.04283913300014,
              22.940942799000084
            ],
            [
              89.04223370000005,
              22.941311741000106
            ],
            [
              89.0417033870001,
              22.940533994000134
            ],
            [
              89.04160705100014,
              22.939975646000107
            ],
            [
              89.04147580300014,
              22.93957064500006
            ],
            [
              89.04136493900018,
              22.939344158999972
            ],
            [
              89.04127779800018,
              22.93916749400006
            ],
            [
              89.0411459030002,
              22.938855076000095
            ],
            [
              89.04111443400012,
              22.93860648400016
            ],
            [
              89.04126621100016,
              22.938421297000048
            ],
            [
              89.04117742500011,
              22.938210989000027
            ],
            [
              89.04114595500016,
              22.93796239600016
            ],
            [
              89.04134853400018,
              22.937715224000158
            ],
            [
              89.04184981600008,
              22.93753791200004
            ],
            [
              89.04179462300004,
              22.93741142900012
            ],
            [
              89.0407049370001,
              22.934914181000124
            ],
            [
              89.03963302800014,
              22.93496867099998
            ],
            [
              89.03884035100003,
              22.933414775000017
            ],
            [
              89.03880069100012,
              22.9333289220001
            ],
            [
              89.03827964300018,
              22.932201004000035
            ],
            [
              89.03795087800006,
              22.931329622000078
            ],
            [
              89.0381554280001,
              22.931144114000176
            ],
            [
              89.03798728800007,
              22.930681113000162
            ],
            [
              89.03755930400018,
              22.92990235100001
            ],
            [
              89.03739412800019,
              22.929558110000073
            ],
            [
              89.03719439500009,
              22.92940334500014
            ],
            [
              89.03695424200004,
              22.929189623000013
            ],
            [
              89.036731148,
              22.928980546000048
            ],
            [
              89.03652011900004,
              22.928782776000048
            ],
            [
              89.03599459500009,
              22.92910476000003
            ],
            [
              89.03595937600011,
              22.929121408000128
            ],
            [
              89.03580593700013,
              22.92919394000012
            ],
            [
              89.03524669600012,
              22.92945700500013
            ],
            [
              89.03455930900003,
              22.92978477800017
            ],
            [
              89.03443845700014,
              22.92985178600003
            ],
            [
              89.03435891000004,
              22.929882063000093
            ],
            [
              89.03428078600012,
              22.92991179900008
            ],
            [
              89.03420251900013,
              22.92994745300001
            ],
            [
              89.03407013600014,
              22.930007618000104
            ],
            [
              89.03383320000006,
              22.93011456800008
            ],
            [
              89.03356996000014,
              22.93023490500019
            ],
            [
              89.0333590850002,
              22.930405241000074
            ],
            [
              89.0331346430001,
              22.930598076000138
            ],
            [
              89.03276554600018,
              22.930862288000128
            ],
            [
              89.03235647800011,
              22.931175938000138
            ],
            [
              89.03169705900012,
              22.931682260000116
            ],
            [
              89.03127304700007,
              22.93204241899997
            ],
            [
              89.03111635600015,
              22.93217551200007
            ],
            [
              89.030707845,
              22.932453029000044
            ],
            [
              89.03044390600013,
              22.932670459000065
            ],
            [
              89.03012703799999,
              22.93295982500007
            ],
            [
              89.02969239200013,
              22.93322589000013
            ],
            [
              89.02925753900007,
              22.93347840200005
            ],
            [
              89.0287701540002,
              22.933789304000186
            ],
            [
              89.0279928110001,
              22.934247466999977
            ],
            [
              89.02738698500002,
              22.934584737000023
            ],
            [
              89.0265836640001,
              22.935051767000118
            ],
            [
              89.02566156300009,
              22.935592582000027
            ],
            [
              89.02488385700008,
              22.936098147
            ],
            [
              89.0248480250001,
              22.936122765999983
            ],
            [
              89.02422465000012,
              22.93656830800012
            ],
            [
              89.02377429799998,
              22.936866662000114
            ],
            [
              89.02340736000019,
              22.93710975400012
            ],
            [
              89.02264304800019,
              22.93761539000002
            ],
            [
              89.02259698600011,
              22.93765532600014
            ],
            [
              89.02214133300015,
              22.93805038100004
            ],
            [
              89.02173182600012,
              22.93846109700013
            ],
            [
              89.02120390000016,
              22.938895925000054
            ],
            [
              89.02054380200008,
              22.939485742999977
            ],
            [
              89.02017377800018,
              22.939871862000075
            ],
            [
              89.0199751400001,
              22.940074315
            ],
            [
              89.01983022500008,
              22.94022201200005
            ],
            [
              89.01946027900004,
              22.940596836000168
            ],
            [
              89.01915567500004,
              22.94099690400003
            ],
            [
              89.01881159500016,
              22.941419311000118
            ],
            [
              89.018543519,
              22.941823231000114
            ],
            [
              89.01846681100005,
              22.941938809000078
            ],
            [
              89.01803221700015,
              22.942551580999975
            ],
            [
              89.01800279900004,
              22.942593058000114
            ],
            [
              89.01787741600003,
              22.942736805000038
            ],
            [
              89.01748680500015,
              22.94318601300006
            ],
            [
              89.01743810300002,
              22.943248798000013
            ],
            [
              89.01726192500018,
              22.943475922000175
            ],
            [
              89.01691782900014,
              22.94389832300004
            ],
            [
              89.01660036800007,
              22.944262174000016
            ],
            [
              89.01625632200006,
              22.94463489400016
            ],
            [
              89.01607179600006,
              22.944780529000013
            ],
            [
              89.01593947600014,
              22.944912938000073
            ],
            [
              89.01563643800012,
              22.945093969000027
            ]
          ]
        ]
      }
    }
  ]
}