{
  "type": "FeatureCollection",
  "features": [
    {
      "type": "Feature",
      "properties": {
        "adm3_name": "Mirpur",
        "adm3_name1": null,
        "adm3_name2": null,
        "adm3_name3": null,
        "adm3_pcode": "BD40500094",
        "adm2_name": "Kushtia",
        "adm2_name1": null,
        "adm2_name2": null,
        "adm2_name3": null,
        "adm2_pcode": "BD4050",
        "adm1_name": "Khulna",
        "adm1_name1": null,
        "adm1_name2": null,
        "adm1_name3": null,
        "adm1_pcode": "BD40",
        "adm0_name": "Bangladesh",
        "adm0_name1": null,
        "adm0_name2": null,
        "adm0_name3": null,
        "adm0_pcode": "BD",
        "valid_on": "2023-05-21",
        "valid_to": null,
        "area_sqkm": 310.13618057,
        "version": "v03",
        "lang": "en",
        "lang1": null,
        "lang2": null,
        "lang3": null,
        "adm3_ref_name": null,
        "center_lat": 23.89715846,
        "center_lon": 88.98617202
      },
      "geometry": {
        "type": "Polygon",
        "coordinates": [
          [
            [
              88.96696730700012,
              24.00940994700011
            ],
            [
              88.96697657600009,
              24.00943612800006
            ],
            [
              88.96653373600003,
              24.009495079000033
            ],
            [
              88.9662525080002,
              24.009470604000057
            ],
            [
              88.96593936600004,
              24.009441397000046
            ],
            [
              88.96477746,
              24.009359046000043
            ],
            [
              88.96380440300004,
              24.009327634000158
            ],
            [
              88.96359096100014,
              24.009355543000027
            ],
            [
              88.96353994500004,
              24.009319074000132
            ],
            [
              88.96301124500013,
              24.009016081000027
            ],
            [
              88.96299926500006,
              24.008998514999973
            ],
            [
              88.96297972300005,
              24.008746257999974
            ],
            [
              88.96298690800018,
              24.007849952000072
            ],
            [
              88.96305197600009,
              24.007091765000155
            ],
            [
              88.96311660500015,
              24.006387762000088
            ],
            [
              88.96371251900007,
              24.005633163000084
            ],
            [
              88.96336773700017,
              24.004492890000165
            ],
            [
              88.96331309599998,
              24.00395064300011
            ],
            [
              88.96341893500016,
              24.00354332500018
            ],
            [
              88.96351280100009,
              24.00318207600003
            ],
            [
              88.9636782770001,
              24.002544232000048
            ],
            [
              88.96351044500005,
              24.00140515400011
            ],
            [
              88.96340203300014,
              24.000212291000082
            ],
            [
              88.9637021440002,
              23.999564067000108
            ],
            [
              88.96400268800005,
              23.998861657000077
            ],
            [
              88.96436047400016,
              23.99837638300005
            ],
            [
              88.96451894000012,
              23.997709237000095
            ],
            [
              88.96460463300019,
              23.997348465000073
            ],
            [
              88.96531585400015,
              23.99691976400004
            ],
            [
              88.96532105100016,
              23.99626954500019
            ],
            [
              88.96568055700004,
              23.99556752899997
            ],
            [
              88.96650626200005,
              23.99557309700009
            ],
            [
              88.96768843600017,
              23.995255933000124
            ],
            [
              88.96975442100012,
              23.995053076000147
            ],
            [
              88.97004974500004,
              23.99500087000007
            ],
            [
              88.97000197700004,
              23.99359166700009
            ],
            [
              88.97010798600019,
              23.99333761800017
            ],
            [
              88.97013068600012,
              23.993283218999977
            ],
            [
              88.97012357700015,
              23.993256793000114
            ],
            [
              88.97034481300011,
              23.99272660100013
            ],
            [
              88.9703453680001,
              23.99265661100003
            ],
            [
              88.97034998500004,
              23.99207638000007
            ],
            [
              88.97030091900007,
              23.99082972900004
            ],
            [
              88.97025997100002,
              23.99066109200004
            ],
            [
              88.96995826600005,
              23.989418544000046
            ],
            [
              88.96995953700008,
              23.989258713000083
            ],
            [
              88.96996732000008,
              23.988280658000065
            ],
            [
              88.96981634600019,
              23.98776676300008
            ],
            [
              88.96968020300005,
              23.9873033450001
            ],
            [
              88.96931474500019,
              23.986713855000175
            ],
            [
              88.96903967100013,
              23.986269473
            ],
            [
              88.96871497100011,
              23.98576390700009
            ],
            [
              88.96834061000015,
              23.985181015000023
            ],
            [
              88.96763810300018,
              23.98452603300018
            ],
            [
              88.96668039000008,
              23.984519584999987
            ],
            [
              88.9665765700002,
              23.984518885000114
            ],
            [
              88.96545303800013,
              23.984890626000038
            ],
            [
              88.96427653700005,
              23.985313829000177
            ],
            [
              88.96362657500009,
              23.984661546000098
            ],
            [
              88.96310448600013,
              23.98357426000001
            ],
            [
              88.96246524300011,
              23.9825423260001
            ],
            [
              88.96177128500005,
              23.982694515000162
            ],
            [
              88.96171991500006,
              23.982570445000192
            ],
            [
              88.96149988100018,
              23.982039023000084
            ],
            [
              88.96138935200014,
              23.981772074000105
            ],
            [
              88.96136799300007,
              23.98172048700002
            ],
            [
              88.96024045400014,
              23.981604623000067
            ],
            [
              88.95905800600019,
              23.981757513000105
            ],
            [
              88.95870152400016,
              23.98105179600003
            ],
            [
              88.95958784900006,
              23.98084105600003
            ],
            [
              88.95964769300019,
              23.980733087000033
            ],
            [
              88.95954047500004,
              23.980020515000092
            ],
            [
              88.95821645799998,
              23.978820389000077
            ],
            [
              88.95767975799998,
              23.978335828000013
            ],
            [
              88.95650927200018,
              23.977213104000043
            ],
            [
              88.9556315050001,
              23.976371137000115
            ],
            [
              88.95323343700011,
              23.97391634300004
            ],
            [
              88.95159573300015,
              23.971854704000066
            ],
            [
              88.95072322600015,
              23.970756307000045
            ],
            [
              88.94997716600005,
              23.96987697300011
            ],
            [
              88.94927968300016,
              23.969054882000023
            ],
            [
              88.94907338500013,
              23.96881172500008
            ],
            [
              88.9485035730001,
              23.96814010100013
            ],
            [
              88.94721908200012,
              23.966559849000078
            ],
            [
              88.9465203090001,
              23.965471298000182
            ],
            [
              88.94652175700003,
              23.965292939999983
            ],
            [
              88.9465242710001,
              23.964983635000067
            ],
            [
              88.94699724100013,
              23.964609028999973
            ],
            [
              88.9471103800002,
              23.96463396400003
            ],
            [
              88.94714099700013,
              23.964547900000184
            ],
            [
              88.94716429300013,
              23.964482418000102
            ],
            [
              88.94718742800018,
              23.96441738900012
            ],
            [
              88.94725227800018,
              23.964227787000084
            ],
            [
              88.94734547899998,
              23.96395529200015
            ],
            [
              88.9474747480001,
              23.963577341000075
            ],
            [
              88.9476474870001,
              23.963072290000127
            ],
            [
              88.94766707900015,
              23.96301525700011
            ],
            [
              88.94771745400016,
              23.962928
            ],
            [
              88.94798034900015,
              23.962472627000125
            ],
            [
              88.948281925,
              23.961946076000174
            ],
            [
              88.94852120000019,
              23.961517930000127
            ],
            [
              88.949142747,
              23.96131872500007
            ],
            [
              88.94997451100011,
              23.961268316000087
            ],
            [
              88.95000910100009,
              23.961028534000093
            ],
            [
              88.95003698500011,
              23.960835240000108
            ],
            [
              88.94986404800011,
              23.960346367000056
            ],
            [
              88.94998592300016,
              23.959859509000125
            ],
            [
              88.9502235270001,
              23.959644383000068
            ],
            [
              88.95063670000008,
              23.95959301800019
            ],
            [
              88.95064842700009,
              23.959502187000055
            ],
            [
              88.95069961000013,
              23.959105759000124
            ],
            [
              88.95082367300017,
              23.958347976000027
            ],
            [
              88.9509449570001,
              23.958304351000038
            ],
            [
              88.95141504300011,
              23.958135265000067
            ],
            [
              88.95147532100009,
              23.95797311299998
            ],
            [
              88.95165614600006,
              23.95748665700006
            ],
            [
              88.9518981240002,
              23.956729678000045
            ],
            [
              88.95225626900009,
              23.956190244000027
            ],
            [
              88.95279610500012,
              23.95505598000011
            ],
            [
              88.95303763400017,
              23.954353185000173
            ],
            [
              88.9531433730001,
              23.953885387000184
            ],
            [
              88.95315993000014,
              23.95381213900015
            ],
            [
              88.95316255199998,
              23.953487028000154
            ],
            [
              88.95257995900005,
              23.952616047000106
            ],
            [
              88.95247079300003,
              23.951531544000034
            ],
            [
              88.95247599700014,
              23.951463918000115
            ],
            [
              88.95263674300008,
              23.950665307
            ],
            [
              88.95340932200014,
              23.94991194400012
            ],
            [
              88.95416058700005,
              23.94911840000003
            ],
            [
              88.95447973699999,
              23.948781287000088
            ],
            [
              88.95578727300017,
              23.94748967099997
            ],
            [
              88.95595964600017,
              23.947230008000076
            ],
            [
              88.95668252000007,
              23.946141053000133
            ],
            [
              88.9568028440001,
              23.94597364200007
            ],
            [
              88.95745766300018,
              23.945062559000064
            ],
            [
              88.95788340900009,
              23.943439806000185
            ],
            [
              88.95866461000014,
              23.941602709000165
            ],
            [
              88.95891986800012,
              23.940619318000074
            ],
            [
              88.95902963700007,
              23.94019629100012
            ],
            [
              88.95911282300017,
              23.939664006000044
            ],
            [
              88.959216061,
              23.939005417000033
            ],
            [
              88.95928891900019,
              23.937271890000034
            ],
            [
              88.95918622400012,
              23.935374608000075
            ],
            [
              88.95897277700016,
              23.934141483000076
            ],
            [
              88.95882235400006,
              23.93327244700015
            ],
            [
              88.95873547600013,
              23.93277052300016
            ],
            [
              88.9584975410001,
              23.93168055400014
            ],
            [
              88.95816684800019,
              23.930165636000027
            ],
            [
              88.95718386200019,
              23.92777468900016
            ],
            [
              88.95610075600013,
              23.925904353000135
            ],
            [
              88.95595500900004,
              23.925652668
            ],
            [
              88.95583444300019,
              23.925444465999988
            ],
            [
              88.955568459,
              23.924967918
            ],
            [
              88.95553891900005,
              23.924933909000117
            ],
            [
              88.95549562900004,
              23.92495434500006
            ],
            [
              88.95530059300006,
              23.925046417000033
            ],
            [
              88.95518634300004,
              23.925100351000026
            ],
            [
              88.95462360300019,
              23.925366003000192
            ],
            [
              88.95450732700016,
              23.92523286500017
            ],
            [
              88.95387465400012,
              23.92513658600012
            ],
            [
              88.95362665100009,
              23.924943732000145
            ],
            [
              88.9527601870002,
              23.924077584000088
            ],
            [
              88.9518734020001,
              23.923153944000035
            ],
            [
              88.95139270100003,
              23.92259150600006
            ],
            [
              88.9510092110001,
              23.922081702000128
            ],
            [
              88.95073079800005,
              23.921793053000158
            ],
            [
              88.95006702,
              23.92120509100016
            ],
            [
              88.94991520100018,
              23.921070612000165
            ],
            [
              88.94894458400006,
              23.92023240800006
            ],
            [
              88.9487391620001,
              23.920004790000064
            ],
            [
              88.94847076900004,
              23.919763997000132
            ],
            [
              88.94843072800018,
              23.919572558000027
            ],
            [
              88.94849481400013,
              23.919362714000044
            ],
            [
              88.94843335900015,
              23.919247594000126
            ],
            [
              88.94817544200004,
              23.918997314000023
            ],
            [
              88.94767785100015,
              23.91881230100006
            ],
            [
              88.946973404,
              23.918492053000023
            ],
            [
              88.94619711100017,
              23.918056611000054
            ],
            [
              88.94505223100015,
              23.917506127000024
            ],
            [
              88.94470576300006,
              23.91744524100011
            ],
            [
              88.94437064600015,
              23.91738635000013
            ],
            [
              88.94357845900004,
              23.91730922100004
            ],
            [
              88.9428263160001,
              23.917043798
            ],
            [
              88.94163817700013,
              23.916463761000102
            ],
            [
              88.94068055500009,
              23.91595535600004
            ],
            [
              88.93884350300016,
              23.914915173000054
            ],
            [
              88.93526914900019,
              23.91336113800014
            ],
            [
              88.9329735460002,
              23.912858840000126
            ],
            [
              88.93148870900018,
              23.912533925
            ],
            [
              88.92972228000014,
              23.912304888000165
            ],
            [
              88.92902345200008,
              23.912098769000067
            ],
            [
              88.92879708200013,
              23.912032001000057
            ],
            [
              88.92784065900014,
              23.911749897000163
            ],
            [
              88.92664089200008,
              23.91128046900002
            ],
            [
              88.92643057200013,
              23.91119817700013
            ],
            [
              88.92546337800019,
              23.910968692999973
            ],
            [
              88.92489561600013,
              23.91071425399997
            ],
            [
              88.9246100260001,
              23.91061592900013
            ],
            [
              88.92457096400005,
              23.910531285000047
            ],
            [
              88.92457810700006,
              23.910231499000076
            ],
            [
              88.92463521400003,
              23.909903162000035
            ],
            [
              88.92465663200005,
              23.90962478900019
            ],
            [
              88.92466057000019,
              23.90954607100008
            ],
            [
              88.9245552650001,
              23.909455423
            ],
            [
              88.92438428900016,
              23.909386124000036
            ],
            [
              88.92408873700003,
              23.909294449000186
            ],
            [
              88.92375380500005,
              23.90923429600008
            ],
            [
              88.92372456200019,
              23.909226008000132
            ],
            [
              88.92344263000012,
              23.909146094000107
            ],
            [
              88.92314399000014,
              23.90913444500012
            ],
            [
              88.922437361,
              23.90909126100007
            ],
            [
              88.92175644600007,
              23.90908170900019
            ],
            [
              88.9214134880001,
              23.90906496600013
            ],
            [
              88.92089980300017,
              23.90900162300011
            ],
            [
              88.92028912300009,
              23.908985388000133
            ],
            [
              88.92019775900019,
              23.90903253700003
            ],
            [
              88.92005431400008,
              23.9090912690001
            ],
            [
              88.919871983,
              23.909137780000094
            ],
            [
              88.91923600700017,
              23.909037727999987
            ],
            [
              88.91837672700012,
              23.909222851000152
            ],
            [
              88.91785492400004,
              23.90945813500008
            ],
            [
              88.91722647000006,
              23.910015256000065
            ],
            [
              88.91710171400007,
              23.910209507000047
            ],
            [
              88.91703091300013,
              23.910127996000142
            ],
            [
              88.91700879600018,
              23.910102530000188
            ],
            [
              88.916976798,
              23.910004255000104
            ],
            [
              88.9169343860001,
              23.909873995
            ],
            [
              88.9169264050002,
              23.909849482000027
            ],
            [
              88.91691316499998,
              23.909808819000148
            ],
            [
              88.9168959920001,
              23.90975607300004
            ],
            [
              88.91686667500005,
              23.909666032000132
            ],
            [
              88.91685278500017,
              23.909623370000133
            ],
            [
              88.91680949600004,
              23.909490414000174
            ],
            [
              88.91680042200016,
              23.909462545000054
            ],
            [
              88.91677890900007,
              23.909396470000047
            ],
            [
              88.91675261500006,
              23.909384633
            ],
            [
              88.91654644400012,
              23.90929182100018
            ],
            [
              88.91641542000013,
              23.909378565000054
            ],
            [
              88.91628030800013,
              23.909476513000186
            ],
            [
              88.91577202700006,
              23.90984497900007
            ],
            [
              88.91560417500006,
              23.90996665900002
            ],
            [
              88.91535804400019,
              23.91014508300003
            ],
            [
              88.91517150700014,
              23.91017231400008
            ],
            [
              88.91501154300005,
              23.910195665000174
            ],
            [
              88.91442881400008,
              23.910105725000165
            ],
            [
              88.9137448240001,
              23.910000155000148
            ],
            [
              88.91360163500008,
              23.90997805400019
            ],
            [
              88.91356996500014,
              23.909973166000157
            ],
            [
              88.91328622200018,
              23.909929370000043
            ],
            [
              88.91317072000004,
              23.90991154200003
            ],
            [
              88.91207855200008,
              23.909742959000027
            ],
            [
              88.912020761,
              23.909732511000016
            ],
            [
              88.91177758600008,
              23.909688545000108
            ],
            [
              88.91047137400017,
              23.909452376000047
            ],
            [
              88.91026634700017,
              23.90941530599997
            ],
            [
              88.91001974400012,
              23.909370717000115
            ],
            [
              88.90965386100015,
              23.90930456100017
            ],
            [
              88.90895934100001,
              23.90917898000015
            ],
            [
              88.90855953699997,
              23.909125637999978
            ],
            [
              88.90819429500016,
              23.90907690500012
            ],
            [
              88.90674379200016,
              23.90888336400019
            ],
            [
              88.90595666500013,
              23.90877833100012
            ],
            [
              88.905829854,
              23.908754534000025
            ],
            [
              88.90404760200016,
              23.90842005700017
            ],
            [
              88.90295538600003,
              23.90821506900005
            ],
            [
              88.90265794200013,
              23.908127871000147
            ],
            [
              88.89954524200016,
              23.907215323000116
            ],
            [
              88.89770454900014,
              23.906749906000073
            ],
            [
              88.89689857399998,
              23.9065461080001
            ],
            [
              88.89681559900015,
              23.906533925000076
            ],
            [
              88.89664710300008,
              23.90650915200007
            ],
            [
              88.89644710500005,
              23.90647900600004
            ],
            [
              88.8942496310001,
              23.90614777000019
            ],
            [
              88.89348560400003,
              23.905965491000075
            ],
            [
              88.89306892000019,
              23.90586607900002
            ],
            [
              88.89292033400017,
              23.905831142000068
            ],
            [
              88.89248752000009,
              23.90568352500003
            ],
            [
              88.89209678800006,
              23.905244953000135
            ],
            [
              88.89178679500009,
              23.904590209000162
            ],
            [
              88.89100132200019,
              23.904148789000033
            ],
            [
              88.89091323700012,
              23.90385767100014
            ],
            [
              88.89043272700013,
              23.903927576000115
            ],
            [
              88.89018181700015,
              23.905594289000135
            ],
            [
              88.89017747900016,
              23.906102265000015
            ],
            [
              88.88860699600014,
              23.906090923000193
            ],
            [
              88.88733810900004,
              23.90586273700012
            ],
            [
              88.88710579100018,
              23.90535305100002
            ],
            [
              88.88727162900005,
              23.904412742000147
            ],
            [
              88.88735797600003,
              23.903541852000046
            ],
            [
              88.88799123900009,
              23.90332968200005
            ],
            [
              88.88846612800006,
              23.903186359000188
            ],
            [
              88.88878476600013,
              23.902827409000167
            ],
            [
              88.88871051900009,
              23.902543813000136
            ],
            [
              88.88831703900007,
              23.902169264000122
            ],
            [
              88.88721869000005,
              23.90165438600019
            ],
            [
              88.88666351400013,
              23.90172380200005
            ],
            [
              88.88619865700008,
              23.90172043700005
            ],
            [
              88.88611164000008,
              23.90164529800012
            ],
            [
              88.88627126900008,
              23.901429704000066
            ],
            [
              88.88643277400018,
              23.900995115000057
            ],
            [
              88.88667221500003,
              23.90070785
            ],
            [
              88.88589358600018,
              23.90061867200012
            ],
            [
              88.88605694800003,
              23.89996734600004
            ],
            [
              88.88771531900016,
              23.899843881000038
            ],
            [
              88.88918466200016,
              23.89974838200004
            ],
            [
              88.88983299200015,
              23.899315048000062
            ],
            [
              88.88973663100012,
              23.898880851000115
            ],
            [
              88.88902324200012,
              23.89827060500005
            ],
            [
              88.88919095800014,
              23.897646403000124
            ],
            [
              88.88848974000007,
              23.896897101000093
            ],
            [
              88.8884520520001,
              23.89685682900017
            ],
            [
              88.8882060150001,
              23.896593917000075
            ],
            [
              88.88656704100003,
              23.895281562000093
            ],
            [
              88.88569997400015,
              23.89386056500001
            ],
            [
              88.88563713400009,
              23.893757578000134
            ],
            [
              88.8850533960001,
              23.89310309700005
            ],
            [
              88.88446501900017,
              23.892990455000188
            ],
            [
              88.88328919500009,
              23.892656799000065
            ],
            [
              88.88293840400007,
              23.892329127000153
            ],
            [
              88.88305998700014,
              23.89189651000015
            ],
            [
              88.88353515100016,
              23.891466460000117
            ],
            [
              88.88401030900008,
              23.891036407000115
            ],
            [
              88.88401402900018,
              23.89060293300014
            ],
            [
              88.88319832000008,
              23.88951326400013
            ],
            [
              88.88249861800011,
              23.88864118200013
            ],
            [
              88.88254523800009,
              23.88839594900014
            ],
            [
              88.88262206200005,
              23.88799182700012
            ],
            [
              88.88309907100017,
              23.887345040000127
            ],
            [
              88.88333943500015,
              23.886804909000148
            ],
            [
              88.88334594700012,
              23.886046331000102
            ],
            [
              88.88332538500003,
              23.885997962999966
            ],
            [
              88.88314051100019,
              23.885563056000137
            ],
            [
              88.88310826000009,
              23.885501715000146
            ],
            [
              88.88240869000015,
              23.885389274000147
            ],
            [
              88.8819391360002,
              23.88516911300013
            ],
            [
              88.88191126700008,
              23.885150501000055
            ],
            [
              88.88170218500005,
              23.885010870000087
            ],
            [
              88.88138161200004,
              23.884497842000144
            ],
            [
              88.88138736400003,
              23.883828811000114
            ],
            [
              88.8813176450002,
              23.88347465200019
            ],
            [
              88.88122787900005,
              23.88303432300006
            ],
            [
              88.88121843200008,
              23.88291671600001
            ],
            [
              88.88136043600008,
              23.882897924000076
            ],
            [
              88.88141438600013,
              23.88289078400004
            ],
            [
              88.88191634700019,
              23.882824353000103
            ],
            [
              88.88278812800007,
              23.88287289600015
            ],
            [
              88.88285704200013,
              23.882927736000056
            ],
            [
              88.88288096800011,
              23.882867501000135
            ],
            [
              88.88323526500005,
              23.881975526000133
            ],
            [
              88.88288981000017,
              23.88147268400013
            ],
            [
              88.88273161900014,
              23.881242421000138
            ],
            [
              88.8826734050001,
              23.880845345000182
            ],
            [
              88.8819662370002,
              23.880934147000062
            ],
            [
              88.8818790700002,
              23.880672151000056
            ],
            [
              88.88177202800006,
              23.880427640000164
            ],
            [
              88.88171311500003,
              23.88002576800011
            ],
            [
              88.88148972900007,
              23.878805476000025
            ],
            [
              88.88110658300013,
              23.87820760000011
            ],
            [
              88.8808900840001,
              23.87788112100003
            ],
            [
              88.88118031200008,
              23.877468963000013
            ],
            [
              88.88147370700011,
              23.876849875000175
            ],
            [
              88.88187502700015,
              23.87605610200012
            ],
            [
              88.88209949200012,
              23.87589968600014
            ],
            [
              88.88284138000006,
              23.875281914000027
            ],
            [
              88.88331903500006,
              23.874553848000176
            ],
            [
              88.88337242800014,
              23.87442919400013
            ],
            [
              88.88350432200019,
              23.87412126600009
            ],
            [
              88.8835157100001,
              23.874094679999985
            ],
            [
              88.88361968900006,
              23.873851589000026
            ],
            [
              88.88368465500008,
              23.873147620000168
            ],
            [
              88.88380876800016,
              23.87241698800011
            ],
            [
              88.8838669750001,
              23.87199971300015
            ],
            [
              88.88390295700003,
              23.871740323000154
            ],
            [
              88.88385216500012,
              23.87079167200011
            ],
            [
              88.88359561800013,
              23.86978734000013
            ],
            [
              88.8827805000002,
              23.868643485000064
            ],
            [
              88.88263219300006,
              23.86846460200013
            ],
            [
              88.88187655100006,
              23.86755316800003
            ],
            [
              88.88175859000017,
              23.867423617000043
            ],
            [
              88.88107457600006,
              23.866674398000157
            ],
            [
              88.88103013800014,
              23.866625828
            ],
            [
              88.88012458600014,
              23.865725149000184
            ],
            [
              88.87921718300015,
              23.865041199000075
            ],
            [
              88.87863197000013,
              23.86457634499999
            ],
            [
              88.87804885800017,
              23.863867657000185
            ],
            [
              88.87729204099998,
              23.862805482000113
            ],
            [
              88.87656469300003,
              23.861743517000093
            ],
            [
              88.87647341900015,
              23.86157224700014
            ],
            [
              88.87624579600003,
              23.86114512500012
            ],
            [
              88.87583735700008,
              23.860681550000038
            ],
            [
              88.87519326000017,
              23.86021624900019
            ],
            [
              88.87495699700008,
              23.860106150000036
            ],
            [
              88.87493387900008,
              23.86009532100013
            ],
            [
              88.8744478100001,
              23.859867617000134
            ],
            [
              88.87431303600016,
              23.859803412000076
            ],
            [
              88.87360956300012,
              23.85939186200011
            ],
            [
              88.87173436400013,
              23.858213101
            ],
            [
              88.86970932800011,
              23.85733125000013
            ],
            [
              88.86925481800017,
              23.857175455000117
            ],
            [
              88.86841697800008,
              23.856888260000062
            ],
            [
              88.86729902300004,
              23.856717478000178
            ],
            [
              88.86671224000008,
              23.856442222000112
            ],
            [
              88.86624422900019,
              23.85605946600009
            ],
            [
              88.86571778200005,
              23.855622089000065
            ],
            [
              88.86489865900006,
              23.854965804000187
            ],
            [
              88.86457644900003,
              23.854664106000087
            ],
            [
              88.86431424900019,
              23.854419619
            ],
            [
              88.86378994100016,
              23.85373840900013
            ],
            [
              88.86338606100014,
              23.852760053
            ],
            [
              88.8630976450001,
              23.852053486000102
            ],
            [
              88.862692358,
              23.85123768200009
            ],
            [
              88.862637517,
              23.850985447000085
            ],
            [
              88.86255075400004,
              23.8505863850001
            ],
            [
              88.86249775500016,
              23.84990865100019
            ],
            [
              88.86241530100011,
              23.849230695000017
            ],
            [
              88.86221431899997,
              23.848633148999966
            ],
            [
              88.86187316000013,
              23.847221753999975
            ],
            [
              88.86179638700008,
              23.84589359000006
            ],
            [
              88.86145760599999,
              23.84421127300004
            ],
            [
              88.86132180100003,
              23.843675646000065
            ],
            [
              88.8610402610002,
              23.842566757000043
            ],
            [
              88.86103047200004,
              23.842528301000073
            ],
            [
              88.86093423500012,
              23.842232163000062
            ],
            [
              88.86082704300014,
              23.841902314000038
            ],
            [
              88.86081575600019,
              23.84186758200019
            ],
            [
              88.86071767700014,
              23.84156577400006
            ],
            [
              88.86045678900007,
              23.8407629620001
            ],
            [
              88.86040846800006,
              23.840625959000022
            ],
            [
              88.86028496900008,
              23.840275803
            ],
            [
              88.85996816500011,
              23.83937756500012
            ],
            [
              88.85969390800011,
              23.838708668000095
            ],
            [
              88.85947789200014,
              23.83818180900016
            ],
            [
              88.85923246200008,
              23.837627012000155
            ],
            [
              88.85916374400011,
              23.837471958000094
            ],
            [
              88.85904463600019,
              23.8372032260001
            ],
            [
              88.85886705600007,
              23.836699709000072
            ],
            [
              88.85864032700005,
              23.83605682400008
            ],
            [
              88.85858477900007,
              23.8358993170001
            ],
            [
              88.85846655500006,
              23.835296336000056
            ],
            [
              88.85830282699999,
              23.834461258000033
            ],
            [
              88.858251515,
              23.833593875000133
            ],
            [
              88.85826955600004,
              23.833260195000037
            ],
            [
              88.8582866590001,
              23.832943886000066
            ],
            [
              88.85855741200004,
              23.832295640000098
            ],
            [
              88.85859529400017,
              23.832171608000124
            ],
            [
              88.85862810800018,
              23.83198045100005
            ],
            [
              88.85863674500013,
              23.83192999300013
            ],
            [
              88.85878180100019,
              23.83108509500005
            ],
            [
              88.85917925500007,
              23.830191956000135
            ],
            [
              88.85925192400009,
              23.830135157000143
            ],
            [
              88.85989851000016,
              23.82962976000016
            ],
            [
              88.86009636000017,
              23.829477555999972
            ],
            [
              88.86055230200009,
              23.829126815
            ],
            [
              88.86120608700008,
              23.828623867000147
            ],
            [
              88.86157454900018,
              23.828245880000054
            ],
            [
              88.86169753100006,
              23.828119717000163
            ],
            [
              88.86205701800003,
              23.82785354700019
            ],
            [
              88.86234319099998,
              23.827839136000136
            ],
            [
              88.86243969700018,
              23.827838779000047
            ],
            [
              88.86259688000013,
              23.827824101000033
            ],
            [
              88.86307241800006,
              23.827999202000058
            ],
            [
              88.86507166600006,
              23.829637309000134
            ],
            [
              88.86615879700003,
              23.830257506000066
            ],
            [
              88.86721379000005,
              23.83085935500003
            ],
            [
              88.86728107300019,
              23.830897738999965
            ],
            [
              88.8673570470001,
              23.830941080000116
            ],
            [
              88.86877238000005,
              23.831748483000013
            ],
            [
              88.87060439500016,
              23.83262440800013
            ],
            [
              88.87097156200008,
              23.832757316000084
            ],
            [
              88.87187764600009,
              23.83308529699997
            ],
            [
              88.87461578500006,
              23.833455278000145
            ],
            [
              88.87626524000007,
              23.833443636000027
            ],
            [
              88.87634598700004,
              23.83344306600003
            ],
            [
              88.87736671400006,
              23.833307577000085
            ],
            [
              88.87823256400009,
              23.833192642000085
            ],
            [
              88.87994754900018,
              23.83287998900005
            ],
            [
              88.88145887900015,
              23.83252293600009
            ],
            [
              88.88353886800002,
              23.831646176
            ],
            [
              88.88363121000003,
              23.83160977
            ],
            [
              88.88518813300016,
              23.830978507999987
            ],
            [
              88.88668295800011,
              23.83021487400009
            ],
            [
              88.88885091499998,
              23.828943552000055
            ],
            [
              88.89026462900006,
              23.828224454000065
            ],
            [
              88.89166008300009,
              23.82779651200019
            ],
            [
              88.8917537160001,
              23.827767797000035
            ],
            [
              88.89196503000016,
              23.82770383800016
            ],
            [
              88.89199271700005,
              23.827695004000134
            ],
            [
              88.892076928,
              23.82767754800011
            ],
            [
              88.89370992200014,
              23.827325764000136
            ],
            [
              88.89395024600014,
              23.827306419000024
            ],
            [
              88.89498226200004,
              23.82722334000016
            ],
            [
              88.89521590100014,
              23.827239437000173
            ],
            [
              88.89582715000017,
              23.82728154800003
            ],
            [
              88.89660531900017,
              23.827483552000047
            ],
            [
              88.8972015720002,
              23.827792628
            ],
            [
              88.89767256800008,
              23.82811209500005
            ],
            [
              88.89770231300014,
              23.82813232100017
            ],
            [
              88.89795778600006,
              23.828306050000037
            ],
            [
              88.8983319840001,
              23.828724079999972
            ],
            [
              88.898374779,
              23.82877188700013
            ],
            [
              88.89842119600002,
              23.828857586000026
            ],
            [
              88.89858538200014,
              23.829160714000068
            ],
            [
              88.89874442600012,
              23.829460099000073
            ],
            [
              88.89876412200016,
              23.8294971790001
            ],
            [
              88.89887294800013,
              23.82976212200009
            ],
            [
              88.89913190200002,
              23.830341979000025
            ],
            [
              88.89917773000008,
              23.830434656000136
            ],
            [
              88.89933582200001,
              23.830754360000128
            ],
            [
              88.89954033400011,
              23.83109675500009
            ],
            [
              88.89977636600008,
              23.83141228
            ],
            [
              88.89983769999998,
              23.8314848870001
            ],
            [
              88.90000662700004,
              23.83168486400018
            ],
            [
              88.90054807000013,
              23.832311892
            ],
            [
              88.90122679799998,
              23.83306859200013
            ],
            [
              88.90184862600012,
              23.833842947000164
            ],
            [
              88.90192877200019,
              23.833958514000187
            ],
            [
              88.90203624800017,
              23.83411349000005
            ],
            [
              88.90220268200011,
              23.834353483000086
            ],
            [
              88.90268104700016,
              23.835004889000174
            ],
            [
              88.90284871100016,
              23.83524315699998
            ],
            [
              88.90300423500008,
              23.83542940800004
            ],
            [
              88.90315146900019,
              23.83561560200019
            ],
            [
              88.90320943500018,
              23.83569052300004
            ],
            [
              88.90349318400013,
              23.835984580000172
            ],
            [
              88.90355882600005,
              23.836052604000088
            ],
            [
              88.90360211300015,
              23.836097470000084
            ],
            [
              88.90398804500012,
              23.83650436700009
            ],
            [
              88.9043057670001,
              23.836849819000065
            ],
            [
              88.90462409800006,
              23.837123024
            ],
            [
              88.90491755300013,
              23.837362182000106
            ],
            [
              88.905148499,
              23.83751961300004
            ],
            [
              88.90532962100008,
              23.837654110000074
            ],
            [
              88.90554268800003,
              23.837748200000078
            ],
            [
              88.90573047700002,
              23.83781952400011
            ],
            [
              88.90591258400008,
              23.837836622999987
            ],
            [
              88.90611384700014,
              23.837838050000016
            ],
            [
              88.9061734230001,
              23.837834649
            ],
            [
              88.90628974000003,
              23.83782800900019
            ],
            [
              88.90656691000004,
              23.837778045000107
            ],
            [
              88.9067055970001,
              23.83770452300007
            ],
            [
              88.90691407600019,
              23.837577306000128
            ],
            [
              88.90721764800008,
              23.837342383000134
            ],
            [
              88.90767400300007,
              23.836889535000125
            ],
            [
              88.90788366900006,
              23.83662008000016
            ],
            [
              88.90819498700006,
              23.836229422000144
            ],
            [
              88.90856362400007,
              23.83573530700005
            ],
            [
              88.90861028200004,
              23.83566472400014
            ],
            [
              88.90887561500006,
              23.83526337300009
            ],
            [
              88.90919423300011,
              23.834732774000145
            ],
            [
              88.90944293200016,
              23.83430780100008
            ],
            [
              88.90966692600006,
              23.83382846500018
            ],
            [
              88.90983400800019,
              23.83336679000007
            ],
            [
              88.90993157200012,
              23.832963327000186
            ],
            [
              88.91002165700019,
              23.832720115000143
            ],
            [
              88.91011863500006,
              23.83238663999998
            ],
            [
              88.91019004800017,
              23.832138781000026
            ],
            [
              88.910216032,
              23.83206738800004
            ],
            [
              88.91030560500008,
              23.831821243000036
            ],
            [
              88.91043898200019,
              23.83146374200004
            ],
            [
              88.91049304400019,
              23.831199404000188
            ],
            [
              88.91056053500017,
              23.830648967
            ],
            [
              88.91062129000017,
              23.83017073200017
            ],
            [
              88.91074401999998,
              23.82932061300005
            ],
            [
              88.91076131300008,
              23.829200848000028
            ],
            [
              88.91082716400012,
              23.82884683200001
            ],
            [
              88.91086059100013,
              23.828763891
            ],
            [
              88.91088165100012,
              23.828712614000096
            ],
            [
              88.91093243200015,
              23.82860400700008
            ],
            [
              88.91099954200018,
              23.82840985500019
            ],
            [
              88.9110028950002,
              23.828203737000024
            ],
            [
              88.91108074500005,
              23.828072666000082
            ],
            [
              88.91113543100016,
              23.828017325000076
            ],
            [
              88.91125891700005,
              23.827892309
            ],
            [
              88.91148860700008,
              23.82776011400017
            ],
            [
              88.91183306300013,
              23.82757137900012
            ],
            [
              88.91215903,
              23.82741011800016
            ],
            [
              88.91256313000008,
              23.827241990000118
            ],
            [
              88.91298974500012,
              23.827168532000087
            ],
            [
              88.91317193200018,
              23.82713330900009
            ],
            [
              88.9135621330002,
              23.827057867000065
            ],
            [
              88.91370634700007,
              23.827024930999983
            ],
            [
              88.91396812600016,
              23.82696514500003
            ],
            [
              88.91431170200013,
              23.82688154000016
            ],
            [
              88.91469715200003,
              23.82675999500009
            ],
            [
              88.91482653800011,
              23.826688665000063
            ],
            [
              88.91496441100003,
              23.826639052000132
            ],
            [
              88.9151767460001,
              23.82656264800005
            ],
            [
              88.91572851000012,
              23.826432711000052
            ],
            [
              88.91649980300008,
              23.82614182700013
            ],
            [
              88.9168647890001,
              23.8259819000001
            ],
            [
              88.91729078700018,
              23.825767250000126
            ],
            [
              88.9174073480001,
              23.82570851900016
            ],
            [
              88.91802358400014,
              23.825320954000176
            ],
            [
              88.918765044,
              23.824867356000084
            ],
            [
              88.91931861800015,
              23.82451757900003
            ],
            [
              88.919634466,
              23.824338843000135
            ],
            [
              88.91981662700005,
              23.824235759000146
            ],
            [
              88.9199168620001,
              23.824178773000085
            ],
            [
              88.92006448300015,
              23.82408453900007
            ],
            [
              88.92035435200006,
              23.82386755800013
            ],
            [
              88.92073812300009,
              23.823425447999966
            ],
            [
              88.92075304100013,
              23.823402975000192
            ],
            [
              88.92101658600012,
              23.822993887000052
            ],
            [
              88.92138766400012,
              23.82249072400009
            ],
            [
              88.92174724500012,
              23.8217820160001
            ],
            [
              88.92208014900012,
              23.821145371000057
            ],
            [
              88.92257100800015,
              23.820401452000056
            ],
            [
              88.92294367700015,
              23.81970412100003
            ],
            [
              88.9229962930001,
              23.819578466
            ],
            [
              88.923250989,
              23.818970207000064
            ],
            [
              88.92334637900007,
              23.81852607500008
            ],
            [
              88.92344128500014,
              23.818140645000142
            ],
            [
              88.923442137,
              23.818037353000136
            ],
            [
              88.9234450670001,
              23.81768232800016
            ],
            [
              88.923448437,
              23.817273680000085
            ],
            [
              88.92329684600014,
              23.81657268600003
            ],
            [
              88.92322554500004,
              23.816429218000053
            ],
            [
              88.92294891100005,
              23.815872578000153
            ],
            [
              88.9222636020001,
              23.81479305
            ],
            [
              88.92190100000016,
              23.814273467000078
            ],
            [
              88.92170706700017,
              23.81398310700007
            ],
            [
              88.92144760100018,
              23.81367874
            ],
            [
              88.92108440800007,
              23.813231401000053
            ],
            [
              88.92070714800013,
              23.812890084000117
            ],
            [
              88.92066903600016,
              23.812845896
            ],
            [
              88.92063575500015,
              23.812807308
            ],
            [
              88.92033098200011,
              23.812453942000104
            ],
            [
              88.91992933500018,
              23.811909245000038
            ],
            [
              88.91970528500008,
              23.811533729000075
            ],
            [
              88.9194382720001,
              23.811086203000173
            ],
            [
              88.91894592500017,
              23.81041894300006
            ],
            [
              88.91857147400015,
              23.80977734700008
            ],
            [
              88.91843168300005,
              23.80924802800007
            ],
            [
              88.9183193950002,
              23.808583432000148
            ],
            [
              88.91827393600005,
              23.807738674000063
            ],
            [
              88.918125176,
              23.806737400000145
            ],
            [
              88.91817421100006,
              23.80644327800013
            ],
            [
              88.91814097300016,
              23.806145740000034
            ],
            [
              88.91797970500016,
              23.80386422200013
            ],
            [
              88.91777011800013,
              23.802764728000056
            ],
            [
              88.91770715400008,
              23.802434414000118
            ],
            [
              88.9177001110001,
              23.80239746400008
            ],
            [
              88.91761307000007,
              23.802101382000103
            ],
            [
              88.91724344900013,
              23.80084405300005
            ],
            [
              88.91706752400006,
              23.80029975000008
            ],
            [
              88.91659321200007,
              23.79883223300004
            ],
            [
              88.91632118000012,
              23.798145717000068
            ],
            [
              88.91609870700012,
              23.7975842620001
            ],
            [
              88.91558061400013,
              23.796175543000118
            ],
            [
              88.9155347910002,
              23.79608525200007
            ],
            [
              88.91453479800015,
              23.794114835000187
            ],
            [
              88.91426919300011,
              23.79354350700015
            ],
            [
              88.91402576200011,
              23.79310756600006
            ],
            [
              88.91379924000017,
              23.792701903000136
            ],
            [
              88.913156345,
              23.791550569000094
            ],
            [
              88.91299021900011,
              23.791253058999985
            ],
            [
              88.91278302700005,
              23.790844624000044
            ],
            [
              88.91263732700008,
              23.79055740600006
            ],
            [
              88.91141776300003,
              23.78815322500003
            ],
            [
              88.91103464200006,
              23.786870319000116
            ],
            [
              88.91091485900017,
              23.78610040899997
            ],
            [
              88.91085880800006,
              23.785740148000116
            ],
            [
              88.91083977300019,
              23.785227480000174
            ],
            [
              88.91100680400007,
              23.784652905000144
            ],
            [
              88.91159060600006,
              23.784081267999966
            ],
            [
              88.91209870000017,
              23.78387093900011
            ],
            [
              88.91249694600009,
              23.783706079000126
            ],
            [
              88.9127726430001,
              23.78367189500011
            ],
            [
              88.91276399300006,
              23.783642481000186
            ],
            [
              88.91389323000016,
              23.783422387000087
            ],
            [
              88.91395785200018,
              23.78342610900006
            ],
            [
              88.9151433350001,
              23.783494396000094
            ],
            [
              88.91556133900008,
              23.78355134200001
            ],
            [
              88.91678597400005,
              23.783718171000032
            ],
            [
              88.91714409600019,
              23.783804225999972
            ],
            [
              88.91879696000018,
              23.78420190500009
            ],
            [
              88.9211538020001,
              23.784922849000054
            ],
            [
              88.92330008700014,
              23.785852270000134
            ],
            [
              88.92449969600005,
              23.786436387000094
            ],
            [
              88.92569754900012,
              23.787234980000164
            ],
            [
              88.92682403300006,
              23.78828595200008
            ],
            [
              88.92804988000017,
              23.789416173000063
            ],
            [
              88.92864012000013,
              23.789960359000133
            ],
            [
              88.92996894200013,
              23.791739745000143
            ],
            [
              88.93106590900004,
              23.79355815400004
            ],
            [
              88.9321379180002,
              23.795359238
            ],
            [
              88.93224945500009,
              23.795546625000156
            ],
            [
              88.93245044899999,
              23.795884310000133
            ],
            [
              88.93261114900014,
              23.796075081000026
            ],
            [
              88.93296292600007,
              23.796492962
            ],
            [
              88.93354239500013,
              23.796785171000124
            ],
            [
              88.93418891700014,
              23.796905592000087
            ],
            [
              88.93459063400007,
              23.796917397000072
            ],
            [
              88.93462590200016,
              23.796912367000175
            ],
            [
              88.93469038400013,
              23.796914262000087
            ],
            [
              88.93503769600011,
              23.796864727000127
            ],
            [
              88.93549409200006,
              23.79679111100012
            ],
            [
              88.93619199100016,
              23.796628840999972
            ],
            [
              88.93886367700003,
              23.79548443400006
            ],
            [
              88.9397412940001,
              23.794902082000192
            ],
            [
              88.93974921200004,
              23.795596360000104
            ],
            [
              88.93975814300018,
              23.796379492000028
            ],
            [
              88.93963794700016,
              23.796676704000106
            ],
            [
              88.93940041500002,
              23.79691892200009
            ],
            [
              88.93933844900005,
              23.797297818000175
            ],
            [
              88.93927647800018,
              23.79767671400009
            ],
            [
              88.93903982300003,
              23.79781056000013
            ],
            [
              88.93880206900008,
              23.79807986800006
            ],
            [
              88.93865242300018,
              23.798376878000113
            ],
            [
              88.93861923600014,
              23.79883725500008
            ],
            [
              88.93891368300012,
              23.798839282000188
            ],
            [
              88.93897147200016,
              23.798975148000068
            ],
            [
              88.93885193200003,
              23.799191082000164
            ],
            [
              88.93861219300004,
              23.799704227000063
            ],
            [
              88.93843001800013,
              23.800380334000124
            ],
            [
              88.93824850300012,
              23.800975162000157
            ],
            [
              88.93801051900016,
              23.801271565000093
            ],
            [
              88.9378885550002,
              23.801785516000052
            ],
            [
              88.93794479800016,
              23.80211103800019
            ],
            [
              88.93791183100018,
              23.802544321000028
            ],
            [
              88.93764329300012,
              23.80297598100009
            ],
            [
              88.93766899500014,
              23.80343676299998
            ],
            [
              88.9380250910001,
              23.80367839900009
            ],
            [
              88.93805692000018,
              23.80362916900009
            ],
            [
              88.93831856000014,
              23.803224480000097
            ],
            [
              88.938821336,
              23.80295699400017
            ],
            [
              88.93955945600015,
              23.802718220000145
            ],
            [
              88.94018089100013,
              23.802343171000132
            ],
            [
              88.94082957100017,
              23.802239246000113
            ],
            [
              88.94183334700011,
              23.801921000999982
            ],
            [
              88.94230579100008,
              23.801761675000137
            ],
            [
              88.94289710900017,
              23.80146768800006
            ],
            [
              88.94360511000002,
              23.80130997100008
            ],
            [
              88.9443733170001,
              23.800990097000067
            ],
            [
              88.94496462500018,
              23.800696102000188
            ],
            [
              88.94552692700017,
              23.800347718000125
            ],
            [
              88.94591211700003,
              23.800052311000115
            ],
            [
              88.94656471300004,
              23.799460690000103
            ],
            [
              88.94697803200006,
              23.799328038000112
            ],
            [
              88.94733421000007,
              23.79897824000011
            ],
            [
              88.94735053000016,
              23.798856428000192
            ],
            [
              88.94743879100008,
              23.798939055000176
            ],
            [
              88.94759833900014,
              23.79908842200018
            ],
            [
              88.94777151600016,
              23.799523114000124
            ],
            [
              88.9480297550001,
              23.800364803000036
            ],
            [
              88.9481000510001,
              23.8005773000001
            ],
            [
              88.94817349000004,
              23.800799295000104
            ],
            [
              88.94852334300009,
              23.801235191000103
            ],
            [
              88.948756291,
              23.80156191200001
            ],
            [
              88.94880117300016,
              23.801663824000116
            ],
            [
              88.94890090000018,
              23.801888030000043
            ],
            [
              88.94910241200017,
              23.802196545000072
            ],
            [
              88.9492208760002,
              23.802377912000054
            ],
            [
              88.94956986400013,
              23.80292217800013
            ],
            [
              88.94977336900013,
              23.803248695000093
            ],
            [
              88.94985667200001,
              23.8034336610001
            ],
            [
              88.95003485,
              23.803829289000134
            ],
            [
              88.95009161000013,
              23.80395531700009
            ],
            [
              88.9502675920001,
              23.804209661000186
            ],
            [
              88.95041181600016,
              23.80441810299999
            ],
            [
              88.95084915100017,
              23.804962966000062
            ],
            [
              88.9510510950002,
              23.805254828000045
            ],
            [
              88.95116935900018,
              23.805425750000154
            ],
            [
              88.95143111200008,
              23.805833947999986
            ],
            [
              88.95178098800011,
              23.806269836000183
            ],
            [
              88.95209449700019,
              23.806642588000102
            ],
            [
              88.95253855500016,
              23.807277477000184
            ],
            [
              88.95315215600004,
              23.807877723000104
            ],
            [
              88.9539420110001,
              23.808533348000083
            ],
            [
              88.95420638200005,
              23.808616424000036
            ],
            [
              88.95470801000016,
              23.808759812000176
            ],
            [
              88.95488214600016,
              23.80881066500018
            ],
            [
              88.9552944030001,
              23.808813457000042
            ],
            [
              88.95564668800017,
              23.808951315000115
            ],
            [
              88.95585259799998,
              23.80897980500015
            ],
            [
              88.95641187700016,
              23.80901068200012
            ],
            [
              88.95688303200018,
              23.809013871000104
            ],
            [
              88.95694956000017,
              23.80901049700003
            ],
            [
              88.95698279200008,
              23.809010722000153
            ],
            [
              88.95745416199998,
              23.808986814000093
            ],
            [
              88.9577567130001,
              23.808967455000186
            ],
            [
              88.95829649400008,
              23.809023423000042
            ],
            [
              88.95879709400009,
              23.80902680300011
            ],
            [
              88.96000442700006,
              23.80903494900008
            ],
            [
              88.96068063400014,
              23.809174979000147
            ],
            [
              88.96118058700006,
              23.80925963100003
            ],
            [
              88.96123635000009,
              23.80924903000016
            ],
            [
              88.9615934950001,
              23.8091811270001
            ],
            [
              88.96164254000013,
              23.80918761600003
            ],
            [
              88.96224068700019,
              23.809266766000178
            ],
            [
              88.96289980700016,
              23.809294777000105
            ],
            [
              88.96324254000018,
              23.809192220000057
            ],
            [
              88.96357818700017,
              23.809078979
            ],
            [
              88.9637149830001,
              23.80903282600019
            ],
            [
              88.96462870800013,
              23.808930586000088
            ],
            [
              88.96525010300013,
              23.808555432000105
            ],
            [
              88.96560518400008,
              23.808341058000167
            ],
            [
              88.96589986800018,
              23.808315939000124
            ],
            [
              88.96625580900019,
              23.80799319000016
            ],
            [
              88.96658272800016,
              23.807616057000132
            ],
            [
              88.96697901800007,
              23.807304674000022
            ],
            [
              88.96702721600019,
              23.807266803000175
            ],
            [
              88.96753123700006,
              23.806836666000038
            ],
            [
              88.96794734600007,
              23.806351748000054
            ],
            [
              88.96839311400004,
              23.805839934000176
            ],
            [
              88.96874839700001,
              23.805598458000077
            ],
            [
              88.96913333900011,
              23.80533008500015
            ],
            [
              88.96969794900008,
              23.804683588000046
            ],
            [
              88.97005194500008,
              23.804604669000184
            ],
            [
              88.97058518200004,
              23.80420180800013
            ],
            [
              88.97111752100011,
              23.803799621000167
            ],
            [
              88.97171245300012,
              23.80315263600005
            ],
            [
              88.971816193,
              23.803080734000105
            ],
            [
              88.97221580700005,
              23.802803759000028
            ],
            [
              88.97260222500006,
              23.802345726000055
            ],
            [
              88.97298800200008,
              23.801968970000132
            ],
            [
              88.97322612500017,
              23.80164542
            ],
            [
              88.97334880800008,
              23.801023060000034
            ],
            [
              88.97349794800016,
              23.800780201000123
            ],
            [
              88.97361429500012,
              23.80054393900008
            ],
            [
              88.97388328000005,
              23.800457631000086
            ],
            [
              88.97418092700008,
              23.800053194999975
            ],
            [
              88.97418497000018,
              23.799538422000126
            ],
            [
              88.97427798600006,
              23.798942957000122
            ],
            [
              88.9743438660002,
              23.79856706000004
            ],
            [
              88.97440129700004,
              23.798239317000025
            ],
            [
              88.97461612800015,
              23.797129866000148
            ],
            [
              88.97473624600013,
              23.796832621000135
            ],
            [
              88.97485572400007,
              23.79661665900005
            ],
            [
              88.97486516200013,
              23.796528176000095
            ],
            [
              88.97488750800005,
              23.796318827999983
            ],
            [
              88.97490652599998,
              23.796026516000154
            ],
            [
              88.97492099300007,
              23.795804253000142
            ],
            [
              88.97492630800002,
              23.79512692200018
            ],
            [
              88.97487188300005,
              23.794557574000123
            ],
            [
              88.97487342100004,
              23.7943618380001
            ],
            [
              88.97487699300012,
              23.793907334000153
            ],
            [
              88.97485095100012,
              23.79347364700004
            ],
            [
              88.97488379700019,
              23.793040350000183
            ],
            [
              88.97494629400012,
              23.79258015700003
            ],
            [
              88.97503824000006,
              23.792120158000046
            ],
            [
              88.97513039200004,
              23.791633066000088
            ],
            [
              88.97530981500006,
              23.79128202700008
            ],
            [
              88.9754892360001,
              23.790930986999967
            ],
            [
              88.97572520700015,
              23.79087836399998
            ],
            [
              88.97576073400018,
              23.790889524000193
            ],
            [
              88.97607767800008,
              23.79098908100019
            ],
            [
              88.97634139200005,
              23.79115339900011
            ],
            [
              88.97648606100006,
              23.791479494000157
            ],
            [
              88.9765824800001,
              23.791468829999985
            ],
            [
              88.97692904000019,
              23.791430501000093
            ],
            [
              88.97695757800005,
              23.7914284310001
            ],
            [
              88.97684553300013,
              23.79069613400003
            ],
            [
              88.97684977600005,
              23.790154267000048
            ],
            [
              88.97700335300004,
              23.78934244600009
            ],
            [
              88.97709528600012,
              23.78888244600006
            ],
            [
              88.97719132400005,
              23.788897830000053
            ],
            [
              88.97744817600017,
              23.78893897300003
            ],
            [
              88.97774196900002,
              23.789022203000172
            ],
            [
              88.97783977200004,
              23.789018489
            ],
            [
              88.97837189400019,
              23.788995457000055
            ],
            [
              88.97856849200014,
              23.788972111000078
            ],
            [
              88.97902027100014,
              23.788918462000026
            ],
            [
              88.97940429800019,
              23.78875843300017
            ],
            [
              88.97964110800007,
              23.788597432000074
            ],
            [
              88.97993582200013,
              23.788545215000113
            ],
            [
              88.98025068100014,
              23.788535288000105
            ],
            [
              88.98029304900007,
              23.788533933000053
            ],
            [
              88.98035042500004,
              23.788532123000095
            ],
            [
              88.98064279400018,
              23.788522766000142
            ],
            [
              88.9812913770001,
              23.78841867100016
            ],
            [
              88.98175685700005,
              23.78828818000011
            ],
            [
              88.98208738600016,
              23.788288447000184
            ],
            [
              88.98220262500018,
              23.788614343000177
            ],
            [
              88.98271999000008,
              23.788634762000186
            ],
            [
              88.98302681300015,
              23.788646871000026
            ],
            [
              88.98337788100008,
              23.788649185
            ],
            [
              88.98369363300009,
              23.78851961400005
            ],
            [
              88.98410941200012,
              23.788061741000092
            ],
            [
              88.9846124610001,
              23.787739914000042
            ],
            [
              88.98523243700004,
              23.787527233000105
            ],
            [
              88.98547134199998,
              23.787095289000035
            ],
            [
              88.98535715100007,
              23.786633927000082
            ],
            [
              88.98541960900008,
              23.786173727
            ],
            [
              88.9856290680001,
              23.785741589000168
            ],
            [
              88.98598363600013,
              23.78558134900004
            ],
            [
              88.98624945500018,
              23.78547471600018
            ],
            [
              88.986399188,
              23.78515056100008
            ],
            [
              88.9867539600001,
              23.784963229000027
            ],
            [
              88.9868501250001,
              23.784961949000092
            ],
            [
              88.98729533000011,
              23.784962958000108
            ],
            [
              88.98752581600019,
              23.785259008000082
            ],
            [
              88.98776430400017,
              23.785236980000036
            ],
            [
              88.98811340800012,
              23.785196474000088
            ],
            [
              88.9882525640001,
              23.78535238600017
            ],
            [
              88.98830830300017,
              23.7857591720001
            ],
            [
              88.98861373500006,
              23.78620798600008
            ],
            [
              88.9886112260001,
              23.786454453000147
            ],
            [
              88.9886082660002,
              23.786551401000168
            ],
            [
              88.98891876500005,
              23.78713145600011
            ],
            [
              88.98922926800009,
              23.78771151000018
            ],
            [
              88.989592603,
              23.788242237000077
            ],
            [
              88.98978103400009,
              23.78841888500017
            ],
            [
              88.98980118900005,
              23.788437780000038
            ],
            [
              88.98974614500014,
              23.78877384900005
            ],
            [
              88.98958665200013,
              23.789012142000104
            ],
            [
              88.98921736100004,
              23.789251317000094
            ],
            [
              88.98879570100019,
              23.78944047900012
            ],
            [
              88.98837359300006,
              23.78972672300017
            ],
            [
              88.9882884490001,
              23.79003002800016
            ],
            [
              88.98862522000019,
              23.79038662199997
            ],
            [
              88.98919938400007,
              23.790823897
            ],
            [
              88.98972147000012,
              23.791213415000072
            ],
            [
              88.99034698800017,
              23.791793272
            ],
            [
              88.99064171800006,
              23.7921461360001
            ],
            [
              88.99071107200012,
              23.79222917000004
            ],
            [
              88.99086648600019,
              23.792519196000057
            ],
            [
              88.99086857200018,
              23.792625573000066
            ],
            [
              88.99086891700011,
              23.792957189000106
            ],
            [
              88.99086808900006,
              23.79306441600005
            ],
            [
              88.99118121300017,
              23.793308059000026
            ],
            [
              88.99154753400006,
              23.793454959000087
            ],
            [
              88.99212098700013,
              23.7939870510001
            ],
            [
              88.99232810600012,
              23.794374502999972
            ],
            [
              88.9925356660001,
              23.794664870000133
            ],
            [
              88.99331477600009,
              23.795776323000155
            ],
            [
              88.99354966700002,
              23.7967556480001
            ],
            [
              88.99356916400018,
              23.79683693600009
            ],
            [
              88.99340892000004,
              23.797172315000182
            ],
            [
              88.99266957300006,
              23.79774551200012
            ],
            [
              88.9920894280001,
              23.798078149
            ],
            [
              88.99182687500013,
              23.79807643500004
            ],
            [
              88.99180242200015,
              23.79818465400001
            ],
            [
              88.99173590599997,
              23.798478682
            ],
            [
              88.99197288800008,
              23.79883272600017
            ],
            [
              88.99218045400016,
              23.799123093000105
            ],
            [
              88.99249397500012,
              23.799317062000114
            ],
            [
              88.99301760400016,
              23.799512400000083
            ],
            [
              88.9933828290001,
              23.79980379400007
            ],
            [
              88.99364240900007,
              23.80019158800019
            ],
            [
              88.99416011400018,
              23.80115682700017
            ],
            [
              88.9942330770001,
              23.801418424000076
            ],
            [
              88.99467115300013,
              23.80298905300009
            ],
            [
              88.99513234000017,
              23.804484524000088
            ],
            [
              88.9955179000001,
              23.806151236000176
            ],
            [
              88.99558953600018,
              23.806460902000026
            ],
            [
              88.995919421,
              23.80803018900008
            ],
            [
              88.99599495900003,
              23.808389524000063
            ],
            [
              88.99665896700009,
              23.81080075699998
            ],
            [
              88.99667164400017,
              23.810827935000134
            ],
            [
              88.9973824180002,
              23.812345345000097
            ],
            [
              88.99745728200014,
              23.81320489100017
            ],
            [
              88.99747883400016,
              23.813452339000037
            ],
            [
              88.99757633900015,
              23.81441709400019
            ],
            [
              88.9976239340001,
              23.815090253
            ],
            [
              88.99762364600008,
              23.815127786000176
            ],
            [
              88.99762889200014,
              23.81520197800012
            ],
            [
              88.99762530700013,
              23.815668929000083
            ],
            [
              88.99762481900007,
              23.81573255800015
            ],
            [
              88.99767394400016,
              23.81616639000015
            ],
            [
              88.99788155300018,
              23.81645674900011
            ],
            [
              88.99824788500013,
              23.81665105200011
            ],
            [
              88.9985214240001,
              23.816611869000155
            ],
            [
              88.9989810560001,
              23.816895148000015
            ],
            [
              88.99913391800015,
              23.81752383600019
            ],
            [
              88.99974705400007,
              23.819740547000038
            ],
            [
              89.00005399300017,
              23.82080148900002
            ],
            [
              89.00124848500008,
              23.822543291000102
            ],
            [
              89.0016108010002,
              23.82326590600013
            ],
            [
              89.00185906800004,
              23.823697146000086
            ],
            [
              89.0019735210002,
              23.823895949000132
            ],
            [
              89.00249800300003,
              23.823994174000177
            ],
            [
              89.00340699700013,
              23.824000052000088
            ],
            [
              89.00407332100019,
              23.82400435800008
            ],
            [
              89.00543806000002,
              23.824110260000168
            ],
            [
              89.00627651000013,
              23.82435500100007
            ],
            [
              89.00711458500012,
              23.82464941100011
            ],
            [
              89.00805794500019,
              23.82489707800005
            ],
            [
              89.00942088100015,
              23.825242267000135
            ],
            [
              89.010260787,
              23.825297335000073
            ],
            [
              89.01104794100013,
              23.825349802000062
            ],
            [
              89.01170960100018,
              23.825354045000154
            ],
            [
              89.01151244200008,
              23.825674605000188
            ],
            [
              89.01087501300003,
              23.82663238000015
            ],
            [
              89.01039276800003,
              23.827880157000095
            ],
            [
              89.01001865300003,
              23.828744787
            ],
            [
              89.01001565300015,
              23.829523363000135
            ],
            [
              89.01001777900018,
              23.82962641500012
            ],
            [
              89.0101144200001,
              23.829921297
            ],
            [
              89.01022318700012,
              23.83025317300013
            ],
            [
              89.01026457600005,
              23.830795952000187
            ],
            [
              89.01027090200006,
              23.830878914000095
            ],
            [
              89.01010443500007,
              23.832033887000023
            ],
            [
              89.0101041800001,
              23.83206749500016
            ],
            [
              89.01010373300016,
              23.832126457000072
            ],
            [
              89.01009859200019,
              23.83280378900014
            ],
            [
              89.01000357900006,
              23.83346361000008
            ],
            [
              89.01045495400018,
              23.83351400300012
            ],
            [
              89.01182127099997,
              23.833425679000072
            ],
            [
              89.01250312200017,
              23.833574552000073
            ],
            [
              89.01344058800015,
              23.833825744000023
            ],
            [
              89.01397073200013,
              23.83396779100019
            ],
            [
              89.01491635600019,
              23.833926422000047
            ],
            [
              89.016124962,
              23.833839312000123
            ],
            [
              89.01743808600014,
              23.833847687000173
            ],
            [
              89.01771482500004,
              23.833890094000026
            ],
            [
              89.01775309700014,
              23.83390171900004
            ],
            [
              89.01779948199999,
              23.834667350000075
            ],
            [
              89.01804907000007,
              23.836400746000095
            ],
            [
              89.01804851800017,
              23.83647408300004
            ],
            [
              89.01804181000017,
              23.837364819000015
            ],
            [
              89.01798281500015,
              23.83823147600009
            ],
            [
              89.01750603200009,
              23.8387567850001
            ],
            [
              89.01731429800003,
              23.839102482000044
            ],
            [
              89.01718657499998,
              23.839332767000144
            ],
            [
              89.01707687900017,
              23.840092667000135
            ],
            [
              89.01701617200001,
              23.841016068999977
            ],
            [
              89.01702551699998,
              23.841060479000134
            ],
            [
              89.01716843200018,
              23.84173956700016
            ],
            [
              89.01727185300012,
              23.84207950700005
            ],
            [
              89.01737353500005,
              23.842413729000157
            ],
            [
              89.01737567200013,
              23.842516124000042
            ],
            [
              89.01737557600012,
              23.84291448400012
            ],
            [
              89.01737488400005,
              23.84300636000006
            ],
            [
              89.01793957600006,
              23.84498400400014
            ],
            [
              89.01809117800013,
              23.84551492999998
            ],
            [
              89.01829700600013,
              23.846094264000158
            ],
            [
              89.01850574200017,
              23.84628751300005
            ],
            [
              89.01871308400013,
              23.84662526
            ],
            [
              89.01881224600015,
              23.84704742800011
            ],
            [
              89.01881071300011,
              23.84763741800009
            ],
            [
              89.0188042760002,
              23.84849265800017
            ],
            [
              89.01880387200015,
              23.84854636500006
            ],
            [
              89.01884697200018,
              23.849018422000142
            ],
            [
              89.01884415400013,
              23.849044782000192
            ],
            [
              89.01885194800002,
              23.849130146000164
            ],
            [
              89.01880502900013,
              23.849569003000113
            ],
            [
              89.01879550000018,
              23.84965813400015
            ],
            [
              89.01910698900008,
              23.850143305000074
            ],
            [
              89.01931325300012,
              23.850625551000178
            ],
            [
              89.01947553300005,
              23.850927873000103
            ],
            [
              89.01957229200013,
              23.851108130000057
            ],
            [
              89.01972639500019,
              23.85159004200011
            ],
            [
              89.01993441100018,
              23.851880376000167
            ],
            [
              89.01996035600007,
              23.85188054100007
            ],
            [
              89.02024954300015,
              23.851882381000053
            ],
            [
              89.02082806900006,
              23.85178897000003
            ],
            [
              89.02140586200017,
              23.85179264200019
            ],
            [
              89.02187876,
              23.851748228000076
            ],
            [
              89.02235269700009,
              23.851606733000153
            ],
            [
              89.02240516800003,
              23.851607065
            ],
            [
              89.02308929400016,
              23.851466900000048
            ],
            [
              89.02371920100018,
              23.851518310000017
            ],
            [
              89.02403433300009,
              23.851520309000136
            ],
            [
              89.02440300100005,
              23.851380395000092
            ],
            [
              89.02477133000008,
              23.851285637000046
            ],
            [
              89.02480534100016,
              23.85130078500009
            ],
            [
              89.0255927070001,
              23.851689015000034
            ],
            [
              89.02569440600007,
              23.85212317600019
            ],
            [
              89.02579317400006,
              23.852990831000113
            ],
            [
              89.02594770300016,
              23.853377909000187
            ],
            [
              89.02619047300016,
              23.853602169000055
            ],
            [
              89.02638884700008,
              23.85357860199997
            ],
            [
              89.02654058299998,
              23.853559240000152
            ],
            [
              89.0266489870001,
              23.853548635000095
            ],
            [
              89.02696101800007,
              23.853514481000104
            ],
            [
              89.02698998500006,
              23.853529847000118
            ],
            [
              89.02716859700007,
              23.853624590000038
            ],
            [
              89.02732719300008,
              23.853708714999982
            ],
            [
              89.02753523000013,
              23.85399903900003
            ],
            [
              89.02769008900009,
              23.854383857000073
            ],
            [
              89.02779287600015,
              23.85467351500006
            ],
            [
              89.02800853400004,
              23.85481854200009
            ],
            [
              89.02803826000019,
              23.854833909000035
            ],
            [
              89.02840622700018,
              23.85478881400013
            ],
            [
              89.02873683000007,
              23.85487634700013
            ],
            [
              89.02877023000019,
              23.854885191000164
            ],
            [
              89.02876982000015,
              23.855330160000108
            ],
            [
              89.02876917600008,
              23.855416540000192
            ],
            [
              89.02897255800008,
              23.856332270999985
            ],
            [
              89.02928268900007,
              23.857007079000084
            ],
            [
              89.02948929000019,
              23.857491570000093
            ],
            [
              89.02969595400003,
              23.85792638600003
            ],
            [
              89.02995719900008,
              23.85811995500012
            ],
            [
              89.03024748100012,
              23.858299366000153
            ],
            [
              89.03081247500012,
              23.85830292100019
            ],
            [
              89.03129209400015,
              23.858454456000175
            ],
            [
              89.03135162300015,
              23.858485359000156
            ],
            [
              89.03175535900016,
              23.85869495300011
            ],
            [
              89.03233140800012,
              23.858937909000133
            ],
            [
              89.03247662700016,
              23.859039241000175
            ],
            [
              89.03274936000008,
              23.859229547000098
            ],
            [
              89.03282927900005,
              23.859271035000177
            ],
            [
              89.03322044900005,
              23.859474101000103
            ],
            [
              89.03324884600005,
              23.859484580000128
            ],
            [
              89.03388559700005,
              23.859684531000084
            ],
            [
              89.03433226500005,
              23.859799244000044
            ],
            [
              89.03446235600006,
              23.859832654000172
            ],
            [
              89.03503914100008,
              23.85983627200011
            ],
            [
              89.03547616600008,
              23.860016699000028
            ],
            [
              89.03584264200003,
              23.86006855900007
            ],
            [
              89.03622332600008,
              23.860200166000027
            ],
            [
              89.03626538300011,
              23.860215719000166
            ],
            [
              89.03629796000007,
              23.860227995000116
            ],
            [
              89.03651009200001,
              23.86035955900013
            ],
            [
              89.03676870800012,
              23.860519952
            ],
            [
              89.03692286800009,
              23.861004107000042
            ],
            [
              89.03712763000016,
              23.861337514000184
            ],
            [
              89.03752584300014,
              23.86157044400005
            ],
            [
              89.03764172200005,
              23.861581205000164
            ],
            [
              89.03767497000013,
              23.861584293000078
            ],
            [
              89.03782546500008,
              23.861598269000126
            ],
            [
              89.03809012800019,
              23.86162249900019
            ],
            [
              89.03877150400007,
              23.861818677000088
            ],
            [
              89.03908052800006,
              23.861891573000094
            ],
            [
              89.0394007540001,
              23.86196710900009
            ],
            [
              89.03982116900016,
              23.86196973100016
            ],
            [
              89.04024340900008,
              23.861683353000103
            ],
            [
              89.04055963200005,
              23.861540817
            ],
            [
              89.04113747000008,
              23.86154441800005
            ],
            [
              89.04171459900016,
              23.8616450990001
            ],
            [
              89.04223926700007,
              23.861743193000052
            ],
            [
              89.04282137200016,
              23.861895280000113
            ],
            [
              89.0430773020002,
              23.862087089000113
            ],
            [
              89.04320528900001,
              23.86236521500018
            ],
            [
              89.04323256300017,
              23.86242448200005
            ],
            [
              89.04327980300019,
              23.86245367200013
            ],
            [
              89.04354631400008,
              23.862618350000105
            ],
            [
              89.04368342700019,
              23.86283202400017
            ],
            [
              89.04364202300013,
              23.863085277000096
            ],
            [
              89.04365514800003,
              23.863147290000143
            ],
            [
              89.0436470210002,
              23.863197001000117
            ],
            [
              89.0436977400002,
              23.863436652000132
            ],
            [
              89.04379945300019,
              23.8639204750001
            ],
            [
              89.04390193200004,
              23.86425753700007
            ],
            [
              89.04411002500012,
              23.864547840000057
            ],
            [
              89.04431781000017,
              23.864838142000053
            ],
            [
              89.04457943800014,
              23.864984271000026
            ],
            [
              89.04494669300004,
              23.865081380000106
            ],
            [
              89.04515729600018,
              23.86498785400005
            ],
            [
              89.04526398000013,
              23.864794335000113
            ],
            [
              89.04526427900004,
              23.864753357000097
            ],
            [
              89.04526503700009,
              23.86464983700006
            ],
            [
              89.04529579899997,
              23.864622415999975
            ],
            [
              89.04537068700017,
              23.86455566300009
            ],
            [
              89.04558124500016,
              23.86450955099997
            ],
            [
              89.04600136500011,
              23.864512156000103
            ],
            [
              89.04642179000018,
              23.86451475700005
            ],
            [
              89.04673837700017,
              23.864322540000046
            ],
            [
              89.04726450400005,
              23.864181288999987
            ],
            [
              89.04731638200013,
              23.864181610000117
            ],
            [
              89.04760882200014,
              23.864183421000178
            ],
            [
              89.04768492800002,
              23.864183890000106
            ],
            [
              89.04815677300007,
              23.86433131300015
            ],
            [
              89.0489963,
              23.864433589999976
            ],
            [
              89.04946954600007,
              23.864389097000128
            ],
            [
              89.0497854210002,
              23.864293955999983
            ],
            [
              89.04978606300006,
              23.864206018000175
            ],
            [
              89.04978718500018,
              23.864052374000096
            ],
            [
              89.04978167800016,
              23.86400978600011
            ],
            [
              89.049782182,
              23.863940650000075
            ],
            [
              89.04973801200009,
              23.863599087000125
            ],
            [
              89.04973250500007,
              23.863556501000176
            ],
            [
              89.04973461400016,
              23.863267501000053
            ],
            [
              89.0497356680001,
              23.863123002000123
            ],
            [
              89.04989445700016,
              23.86297947500003
            ],
            [
              89.05031491700015,
              23.86293465200015
            ],
            [
              89.05110402800017,
              23.862795012000163
            ],
            [
              89.05149643300018,
              23.86275593700003
            ],
            [
              89.05174587300007,
              23.862731099000086
            ],
            [
              89.05186592500002,
              23.863197098
            ],
            [
              89.05185092700003,
              23.863375876000077
            ],
            [
              89.05182324700007,
              23.86370582799998
            ],
            [
              89.05187156500017,
              23.86392579699998
            ],
            [
              89.05216396200012,
              23.864057020000132
            ],
            [
              89.05228069300006,
              23.864109407000115
            ],
            [
              89.05321529200006,
              23.864508468000167
            ],
            [
              89.0536861920001,
              23.86470953200012
            ],
            [
              89.05431030800003,
              23.866154369000185
            ],
            [
              89.0550567860002,
              23.8677701470001
            ],
            [
              89.05515447800008,
              23.868631016
            ],
            [
              89.05526232500006,
              23.869893568
            ],
            [
              89.05536524300004,
              23.871098415000176
            ],
            [
              89.05537727700016,
              23.87155695399997
            ],
            [
              89.05540411300007,
              23.872579486000063
            ],
            [
              89.05539895100014,
              23.872608226000125
            ],
            [
              89.05539716200008,
              23.8728547500001
            ],
            [
              89.05539511699999,
              23.873136551000016
            ],
            [
              89.05539057800007,
              23.873761962000174
            ],
            [
              89.05528041100013,
              23.87443640100014
            ],
            [
              89.05485188400007,
              23.875587556000085
            ],
            [
              89.05469019000003,
              23.876163676000147
            ],
            [
              89.054730716,
              23.87701726500012
            ],
            [
              89.05477637400008,
              23.877934268000104
            ],
            [
              89.05471884299999,
              23.878651912000123
            ],
            [
              89.05472630200018,
              23.87873304200008
            ],
            [
              89.05472385000019,
              23.87876363500004
            ],
            [
              89.05476850900004,
              23.87924935799998
            ],
            [
              89.0547724770002,
              23.87929453999999
            ],
            [
              89.05508384400008,
              23.879824801000098
            ],
            [
              89.05571493700018,
              23.8797338440001
            ],
            [
              89.05634569000006,
              23.87969029500016
            ],
            [
              89.05651916000005,
              23.879674970000053
            ],
            [
              89.05687149200003,
              23.879643845000032
            ],
            [
              89.05729335600012,
              23.879454508000094
            ],
            [
              89.05787302600015,
              23.8792164620001
            ],
            [
              89.05834636300011,
              23.879124527000045
            ],
            [
              89.05908308300013,
              23.878984528000103
            ],
            [
              89.05915788800002,
              23.87901888700003
            ],
            [
              89.05929232700004,
              23.879080637000186
            ],
            [
              89.05939655400005,
              23.87922577900008
            ],
            [
              89.05960504600012,
              23.879468649000103
            ],
            [
              89.05981427500006,
              23.879567019000092
            ],
            [
              89.06013742500016,
              23.87937033600008
            ],
            [
              89.06034216300009,
              23.87923155600015
            ],
            [
              89.06072971300017,
              23.879146657000092
            ],
            [
              89.06076332100008,
              23.879139295000016
            ],
            [
              89.06105692200015,
              23.879073356
            ],
            [
              89.0611841880002,
              23.879044774000135
            ],
            [
              89.0618145910002,
              23.87904861600009
            ],
            [
              89.06202739600013,
              23.879089288000102
            ],
            [
              89.06233933100009,
              23.879148907000115
            ],
            [
              89.06265315100012,
              23.879342737000172
            ],
            [
              89.06275603500012,
              23.879632378000053
            ],
            [
              89.06290998800017,
              23.88016166300008
            ],
            [
              89.0630464850002,
              23.880209555000135
            ],
            [
              89.06317368000015,
              23.88025418300009
            ],
            [
              89.06333246600013,
              23.880309093
            ],
            [
              89.06380172100012,
              23.88036127000015
            ],
            [
              89.06386162100011,
              23.88032489600016
            ],
            [
              89.06411832200013,
              23.880169017000128
            ],
            [
              89.0646441080001,
              23.88012479500003
            ],
            [
              89.06503582600004,
              23.880156655
            ],
            [
              89.0652741770001,
              23.880176039000048
            ],
            [
              89.06568929600007,
              23.880254769000146
            ],
            [
              89.06606130600011,
              23.880325323000136
            ],
            [
              89.06663646500004,
              23.8807149160001
            ],
            [
              89.0671588030001,
              23.88115160000018
            ],
            [
              89.0675720860001,
              23.88211597300011
            ],
            [
              89.06787460000004,
              23.882047807000163
            ],
            [
              89.06799326500004,
              23.882021434000023
            ],
            [
              89.06830949600015,
              23.881881100000157
            ],
            [
              89.06841598000011,
              23.881736686000124
            ],
            [
              89.06873380700017,
              23.881305644000122
            ],
            [
              89.0690517770002,
              23.880921467000064
            ],
            [
              89.06936973100005,
              23.88053954500009
            ],
            [
              89.06963487400003,
              23.88020246399998
            ],
            [
              89.06979503500008,
              23.87986700400012
            ],
            [
              89.0701119490002,
              23.879629580000028
            ],
            [
              89.07036760800008,
              23.879491055000187
            ],
            [
              89.07040168900016,
              23.879486824000082
            ],
            [
              89.07046157800005,
              23.87948718600012
            ],
            [
              89.07063842300005,
              23.879488253000147
            ],
            [
              89.07066440900007,
              23.87948841000008
            ],
            [
              89.070978582,
              23.87963481500003
            ],
            [
              89.07123354300006,
              23.879792272000145
            ],
            [
              89.07129173700008,
              23.879820850000044
            ],
            [
              89.07158233000007,
              23.87973328900017
            ],
            [
              89.07200420600014,
              23.879496496
            ],
            [
              89.07258385400013,
              23.879258394000033
            ],
            [
              89.07290073100017,
              23.879068381000025
            ],
            [
              89.07326944600004,
              23.878926094000064
            ],
            [
              89.07370059700008,
              23.878879297000026
            ],
            [
              89.07445127700004,
              23.878933207000046
            ],
            [
              89.07476580500014,
              23.879029930000115
            ],
            [
              89.07517403600008,
              23.87917312600007
            ],
            [
              89.07573791300007,
              23.87903577300017
            ],
            [
              89.07626369100007,
              23.878991514000177
            ],
            [
              89.07700072800003,
              23.878804011
            ],
            [
              89.07763182100013,
              23.878710704000184
            ],
            [
              89.07765780600005,
              23.878710860000012
            ],
            [
              89.07820974500015,
              23.878714167000055
            ],
            [
              89.07823573000007,
              23.87871432200012
            ],
            [
              89.07849445400018,
              23.878905856000188
            ],
            [
              89.07865316500005,
              23.879102926000144
            ],
            [
              89.0789423830002,
              23.879104656000095
            ],
            [
              89.07904596300006,
              23.87934461300017
            ],
            [
              89.07909571300007,
              23.879731015000175
            ],
            [
              89.07946238100004,
              23.879877714000145
            ],
            [
              89.07988649600009,
              23.87997312100009
            ],
            [
              89.08030371700005,
              23.879785655000035
            ],
            [
              89.08077770000006,
              23.879643979000036
            ],
            [
              89.08114674200004,
              23.879454260999978
            ],
            [
              89.08156724600002,
              23.879409353000028
            ],
            [
              89.08198874300018,
              23.879267364000043
            ],
            [
              89.08231826399998,
              23.878980969999986
            ],
            [
              89.08272990500006,
              23.879027712000152
            ],
            [
              89.08304268500018,
              23.87884012700016
            ],
            [
              89.08332061000016,
              23.878778303
            ],
            [
              89.0833522420001,
              23.878771975
            ],
            [
              89.08346902400018,
              23.878747404000023
            ],
            [
              89.08404010999999,
              23.878940900000032
            ],
            [
              89.08493154100012,
              23.879187798000032
            ],
            [
              89.085507769,
              23.87943282000009
            ],
            [
              89.08592588300019,
              23.87977173200005
            ],
            [
              89.08624040700005,
              23.87987069100018
            ],
            [
              89.08626639300007,
              23.87987084499997
            ],
            [
              89.08687081800008,
              23.879874432
            ],
            [
              89.0868968040001,
              23.879874586000028
            ],
            [
              89.0869650200001,
              23.879880590000027
            ],
            [
              89.08747440200011,
              23.87992542600017
            ],
            [
              89.08765999000019,
              23.880236481000054
            ],
            [
              89.08772764900004,
              23.880349966000097
            ],
            [
              89.08793696000004,
              23.881371262000073
            ],
            [
              89.087986178,
              23.881686611000134
            ],
            [
              89.08800214299998,
              23.881788950000157
            ],
            [
              89.08797585900015,
              23.881786679000072
            ],
            [
              89.08799022700009,
              23.881877083000063
            ],
            [
              89.08805462599997,
              23.882289283999967
            ],
            [
              89.08806190300015,
              23.88233586400014
            ],
            [
              89.08810860900013,
              23.883152586
            ],
            [
              89.08799997200009,
              23.883683469000175
            ],
            [
              89.08778467700012,
              23.884402467000143
            ],
            [
              89.08746641700009,
              23.88483409900016
            ],
            [
              89.0872023230001,
              23.885026713000116
            ],
            [
              89.08688575800011,
              23.88521675600009
            ],
            [
              89.08672664700015,
              23.885407736000104
            ],
            [
              89.08635691400019,
              23.885694554
            ],
            [
              89.08588152100003,
              23.886077834000105
            ],
            [
              89.0854583260001,
              23.886459163000154
            ],
            [
              89.08503373300005,
              23.887082080000084
            ],
            [
              89.08471376000017,
              23.88775529200018
            ],
            [
              89.08444730100001,
              23.88828205700014
            ],
            [
              89.08427287500018,
              23.8886734780001
            ],
            [
              89.08422655300006,
              23.888777467000125
            ],
            [
              89.0838629390002,
              23.88932623300002
            ],
            [
              89.0837478950001,
              23.88950271500005
            ],
            [
              89.0828597250001,
              23.889367672000162
            ],
            [
              89.08283899600008,
              23.889042411000162
            ],
            [
              89.08273571000007,
              23.88880245600012
            ],
            [
              89.08273741400006,
              23.88856087000005
            ],
            [
              89.08241128200007,
              23.888414911000098
            ],
            [
              89.08183759700012,
              23.88846179799998
            ],
            [
              89.081239579,
              23.88864902500012
            ],
            [
              89.08029223400007,
              23.888835286000187
            ],
            [
              89.07960724800006,
              23.88912020200013
            ],
            [
              89.07924771600017,
              23.889258950000055
            ],
            [
              89.07923622500016,
              23.88958491400001
            ],
            [
              89.07923579000004,
              23.88964633000012
            ],
            [
              89.0791291380001,
              23.88983987100005
            ],
            [
              89.07870791000005,
              23.889981853999984
            ],
            [
              89.07851269500014,
              23.890246434000062
            ],
            [
              89.07849560699998,
              23.89026959500012
            ],
            [
              89.07848205600004,
              23.89077082400007
            ],
            [
              89.07848052000008,
              23.890827639000065
            ],
            [
              89.0784798000002,
              23.890854299000182
            ],
            [
              89.07851361600018,
              23.890890627000147
            ],
            [
              89.07875051700012,
              23.891377498
            ],
            [
              89.07879375800007,
              23.891757102000156
            ],
            [
              89.07879993300014,
              23.891811310000037
            ],
            [
              89.07853411500014,
              23.892243237000173
            ],
            [
              89.0780607430001,
              23.89233523200005
            ],
            [
              89.07748173300013,
              23.8924762690001
            ],
            [
              89.07648117800005,
              23.892759276000106
            ],
            [
              89.07595076900009,
              23.892937981000102
            ],
            [
              89.07563839200009,
              23.893043225999975
            ],
            [
              89.07490157700016,
              23.893230720000076
            ],
            [
              89.07437538800008,
              23.89332464500012
            ],
            [
              89.07409095400016,
              23.893517785000085
            ],
            [
              89.07405182200011,
              23.89354397200003
            ],
            [
              89.07395311500005,
              23.89361111500017
            ],
            [
              89.0738885250002,
              23.893736301000047
            ],
            [
              89.07382601600006,
              23.893857451000144
            ],
            [
              89.07375328000012,
              23.893998424000188
            ],
            [
              89.07373710000019,
              23.89402978400011
            ],
            [
              89.07369797600012,
              23.894904457000052
            ],
            [
              89.0736962090001,
              23.89494398800008
            ],
            [
              89.07351995400018,
              23.89551192000016
            ],
            [
              89.07327630700019,
              23.895887521000077
            ],
            [
              89.07306747200005,
              23.89620236899998
            ],
            [
              89.0727215710001,
              23.89645317000003
            ],
            [
              89.07251365200005,
              23.8966393230001
            ],
            [
              89.07227088600018,
              23.896890743000085
            ],
            [
              89.07224760200006,
              23.896960234000062
            ],
            [
              89.0721839420001,
              23.89715023399998
            ],
            [
              89.07216518600018,
              23.897206212000185
            ],
            [
              89.07216249300018,
              23.897583265000037
            ],
            [
              89.07226413600017,
              23.897836763000043
            ],
            [
              89.0724693680001,
              23.898027664000097
            ],
            [
              89.07281211800006,
              23.89821939500007
            ],
            [
              89.07349839600016,
              23.898537378000185
            ],
            [
              89.07421791800016,
              23.899015871000074
            ],
            [
              89.07445685800008,
              23.899301804
            ],
            [
              89.0745995040001,
              23.89944491000017
            ],
            [
              89.07483296800007,
              23.89968113600014
            ],
            [
              89.0750382080002,
              23.899872036000147
            ],
            [
              89.07524358900002,
              23.899999713000113
            ],
            [
              89.07538186500011,
              23.899937322000028
            ],
            [
              89.07583121900018,
              23.899687138000104
            ],
            [
              89.07611890800007,
              23.89959403500012
            ],
            [
              89.07627212700004,
              23.899545282000076
            ],
            [
              89.07631427899997,
              23.899531986000056
            ],
            [
              89.07679576600015,
              23.89959810000005
            ],
            [
              89.07696617700009,
              23.89985200600006
            ],
            [
              89.07710212600006,
              23.900074097000072
            ],
            [
              89.07751217800006,
              23.900516848
            ],
            [
              89.07778044900016,
              23.90073527900006
            ],
            [
              89.07805974000007,
              23.900962681000067
            ],
            [
              89.07824312100007,
              23.901100526000164
            ],
            [
              89.080046089,
              23.902455760000066
            ],
            [
              89.08103745100016,
              23.903439359000174
            ],
            [
              89.08196073699997,
              23.904327714000033
            ],
            [
              89.08288602400006,
              23.904933836999987
            ],
            [
              89.08350240100003,
              23.905377803000135
            ],
            [
              89.08401540099999,
              23.905855019
            ],
            [
              89.08435806600005,
              23.906107687000144
            ],
            [
              89.08477126200012,
              23.906110148000096
            ],
            [
              89.08490923400018,
              23.906047747000173
            ],
            [
              89.0851504380002,
              23.906017572000053
            ],
            [
              89.08594156000015,
              23.90614872000009
            ],
            [
              89.08714048400003,
              23.907007072000056
            ],
            [
              89.08779302700009,
              23.90720060800004
            ],
            [
              89.08830804399997,
              23.907393326000033
            ],
            [
              89.08875518300016,
              23.907459197000037
            ],
            [
              89.08899527900013,
              23.90758706400004
            ],
            [
              89.08913156700004,
              23.907809146000147
            ],
            [
              89.08916308500011,
              23.908218013000123
            ],
            [
              89.08922699200019,
              23.90891156900011
            ],
            [
              89.08936261700012,
              23.909228479999967
            ],
            [
              89.0896370980002,
              23.90935654800012
            ],
            [
              89.0900500840001,
              23.909390603000134
            ],
            [
              89.09046373500013,
              23.90932983
            ],
            [
              89.0910144730002,
              23.909333086000117
            ],
            [
              89.09142768000004,
              23.909335528000156
            ],
            [
              89.09177159500013,
              23.909369170000048
            ],
            [
              89.09180778000018,
              23.90941905800014
            ],
            [
              89.09190810800015,
              23.90955964
            ],
            [
              89.09194029800017,
              23.909873681000136
            ],
            [
              89.09197247300006,
              23.910189977000016
            ],
            [
              89.09209748300009,
              23.910751636000043
            ],
            [
              89.09202016300009,
              23.910914596000055
            ],
            [
              89.09181355700008,
              23.910913377000043
            ],
            [
              89.09164133500019,
              23.910912359000122
            ],
            [
              89.09156934200018,
              23.911194254000065
            ],
            [
              89.09146449800005,
              23.911615099000187
            ],
            [
              89.09146191800016,
              23.911983804000045
            ],
            [
              89.09144319600006,
              23.912034206000158
            ],
            [
              89.09135647200014,
              23.91226767699999
            ],
            [
              89.09114964200012,
              23.912298065000016
            ],
            [
              89.09077045100008,
              23.91239065400015
            ],
            [
              89.09066699400012,
              23.912390044000063
            ],
            [
              89.09032263000006,
              23.912419616000022
            ],
            [
              89.09021816400013,
              23.912606405000133
            ],
            [
              89.09022394500016,
              23.91265720399997
            ],
            [
              89.09025055800015,
              23.912891092000166
            ],
            [
              89.09038610300007,
              23.913176391000036
            ],
            [
              89.09036693600018,
              23.913271285000064
            ],
            [
              89.09036084200005,
              23.913301457999978
            ],
            [
              89.0902909460001,
              23.913647516000026
            ],
            [
              89.09020802900011,
              23.914058505000014
            ],
            [
              89.0901889650001,
              23.914153348000127
            ],
            [
              89.09022071000015,
              23.91453060499998
            ],
            [
              89.09035559100005,
              23.91491073100019
            ],
            [
              89.09032799900007,
              23.915191504000063
            ],
            [
              89.09016404300019,
              23.91538104900002
            ],
            [
              89.0896802760002,
              23.915631070000188
            ],
            [
              89.0888514680002,
              23.91600549000009
            ],
            [
              89.08826361300015,
              23.9162119880001
            ],
            [
              89.0878850470001,
              23.91634521600014
            ],
            [
              89.08705503300013,
              23.916846061000115
            ],
            [
              89.08632715600004,
              23.91753491200018
            ],
            [
              89.08515843800018,
              23.91842017100015
            ],
            [
              89.08504649000014,
              23.918504966000114
            ],
            [
              89.08331974600009,
              23.919251072000066
            ],
            [
              89.08149018800003,
              23.919901716000084
            ],
            [
              89.08121899100007,
              23.91999944300005
            ],
            [
              89.08045470800016,
              23.920274852000034
            ],
            [
              89.08046698900006,
              23.92035873700013
            ],
            [
              89.08043567300012,
              23.9203700220001
            ],
            [
              89.08045353800009,
              23.920492056000057
            ],
            [
              89.08069834499997,
              23.922168881000175
            ],
            [
              89.0813083930002,
              23.923561135000057
            ],
            [
              89.08146738900001,
              23.925390983000113
            ],
            [
              89.08146293500005,
              23.926020911000023
            ],
            [
              89.08099096500007,
              23.929454608000185
            ],
            [
              89.0809166730001,
              23.93052514200008
            ],
            [
              89.08091437400003,
              23.930558261999977
            ],
            [
              89.08072496900007,
              23.931260427000097
            ],
            [
              89.08070215700013,
              23.931344997000167
            ],
            [
              89.08076447800005,
              23.931519923000053
            ],
            [
              89.08097221500009,
              23.93210300800007
            ],
            [
              89.081164639,
              23.932491566000067
            ],
            [
              89.08158343000014,
              23.933337216000098
            ],
            [
              89.08222436700015,
              23.935233162000088
            ],
            [
              89.08239130100009,
              23.935848063000094
            ],
            [
              89.08259336700013,
              23.936592360000134
            ],
            [
              89.08279444500005,
              23.937381569000138
            ],
            [
              89.08292195900015,
              23.93813628500004
            ],
            [
              89.08295979400015,
              23.938360223000075
            ],
            [
              89.08293956100016,
              23.93925316200017
            ],
            [
              89.082909815,
              23.94056588600006
            ],
            [
              89.08297524700009,
              23.941040436000094
            ],
            [
              89.08324934300003,
              23.94123173500003
            ],
            [
              89.0836280370001,
              23.94126560700016
            ],
            [
              89.08400487800009,
              23.941518481000116
            ],
            [
              89.08413895900009,
              23.94205665700008
            ],
            [
              89.08417731300005,
              23.942257194000035
            ],
            [
              89.08433826700008,
              23.94309873500015
            ],
            [
              89.08433592000017,
              23.943431139000097
            ],
            [
              89.08433560500004,
              23.943475787000068
            ],
            [
              89.08430872800005,
              23.94354832400012
            ],
            [
              89.08426548500012,
              23.94366503300006
            ],
            [
              89.08418886000004,
              23.943825985000103
            ],
            [
              89.08416044000018,
              23.943885680000108
            ],
            [
              89.08422743900013,
              23.944138964000103
            ],
            [
              89.0843302670001,
              23.944232151000108
            ],
            [
              89.08460526500016,
              23.94429701000007
            ],
            [
              89.08477731000005,
              23.944329646000085
            ],
            [
              89.08477418800015,
              23.94477217600013
            ],
            [
              89.08480391300003,
              23.94543391500008
            ],
            [
              89.08487180600008,
              23.94556076300006
            ],
            [
              89.08514150700012,
              23.945654038999976
            ],
            [
              89.08549178800001,
              23.94556445500001
            ],
            [
              89.08546931800015,
              23.945479900000066
            ],
            [
              89.08542448000014,
              23.94531117000014
            ],
            [
              89.08544880300013,
              23.945235900000114
            ],
            [
              89.08549511600012,
              23.945092573000068
            ],
            [
              89.0858400140001,
              23.944999796000104
            ],
            [
              89.08652900100014,
              23.944972285000063
            ],
            [
              89.08697715900013,
              23.944911728000136
            ],
            [
              89.08728721900019,
              23.94488196100008
            ],
            [
              89.08759602600009,
              23.945073457000092
            ],
            [
              89.08776556100014,
              23.945419923000145
            ],
            [
              89.08779418800009,
              23.946239711000146
            ],
            [
              89.08789456200009,
              23.946682853000027
            ],
            [
              89.08802859400015,
              23.94718715700003
            ],
            [
              89.08823259300004,
              23.947567698000114
            ],
            [
              89.08843747800006,
              23.947821798
            ],
            [
              89.08884971500015,
              23.947980039000072
            ],
            [
              89.08912450100013,
              23.948076500000127
            ],
            [
              89.08960748900012,
              23.94795518100011
            ],
            [
              89.08995292100013,
              23.947830784000075
            ],
            [
              89.09032876200001,
              23.947587714
            ],
            [
              89.09043725100003,
              23.9475175500001
            ],
            [
              89.09126625800013,
              23.947143129000096
            ],
            [
              89.09226685600015,
              23.946866810000074
            ],
            [
              89.09231261100012,
              23.946867081000164
            ],
            [
              89.09346256600014,
              23.946661630000108
            ],
            [
              89.09482666100013,
              23.946529689000158
            ],
            [
              89.09500796100002,
              23.94651269100018
            ],
            [
              89.09525088000015,
              23.946506667
            ],
            [
              89.09603781100014,
              23.94648714699997
            ],
            [
              89.09651751000013,
              23.946616413000015
            ],
            [
              89.09665301200016,
              23.946870092000154
            ],
            [
              89.09689116600015,
              23.947155989000066
            ],
            [
              89.09699227700008,
              23.94740946799999
            ],
            [
              89.09712758000018,
              23.947692500000187
            ],
            [
              89.09733318900004,
              23.947756932000175
            ],
            [
              89.09753968200016,
              23.94769492500012
            ],
            [
              89.09785026000009,
              23.947414510999977
            ],
            [
              89.09816116000007,
              23.947131841000044
            ],
            [
              89.09843788500012,
              23.946817362000047
            ],
            [
              89.09874812500004,
              23.946629518000123
            ],
            [
              89.09912583100004,
              23.946631736000143
            ],
            [
              89.09960566300015,
              23.946697771
            ],
            [
              89.09994788000012,
              23.94685782800019
            ],
            [
              89.1003923090002,
              23.947113316000014
            ],
            [
              89.10104105900007,
              23.947620627000163
            ],
            [
              89.10141583400008,
              23.948002146000192
            ],
            [
              89.10145192900012,
              23.948065583000016
            ],
            [
              89.10168707200012,
              23.948477895000053
            ],
            [
              89.10171200900015,
              23.948912905000157
            ],
            [
              89.10171775800018,
              23.949013197000113
            ],
            [
              89.10167898800017,
              23.949645182000097
            ],
            [
              89.10143601800013,
              23.95005244400005
            ],
            [
              89.10115863200014,
              23.95046175300007
            ],
            [
              89.10113172800004,
              23.95057674500015
            ],
            [
              89.10098172500011,
              23.951217116000123
            ],
            [
              89.10100771600008,
              23.95210050100013
            ],
            [
              89.10105010000018,
              23.952748283000062
            ],
            [
              89.1010664420001,
              23.952998038000032
            ],
            [
              89.10112975400006,
              23.953788674000066
            ],
            [
              89.10122547600014,
              23.954290499000138
            ],
            [
              89.10126222300005,
              23.954482623000047
            ],
            [
              89.10126165200012,
              23.95456497100008
            ],
            [
              89.10126727000005,
              23.954594345000032
            ],
            [
              89.101262904,
              23.955224273000113
            ],
            [
              89.10119016900012,
              23.955792837000104
            ],
            [
              89.10111074500014,
              23.956191117000174
            ],
            [
              89.10108358000014,
              23.95632733700006
            ],
            [
              89.10108336200011,
              23.9563589440001
            ],
            [
              89.10080552200003,
              23.956831477000037
            ],
            [
              89.10028941800016,
              23.956986504000156
            ],
            [
              89.0980220460001,
              23.95728705000016
            ],
            [
              89.09675151200014,
              23.957374413000025
            ],
            [
              89.09655289600005,
              23.9573935520001
            ],
            [
              89.09582401400013,
              23.95746378500013
            ],
            [
              89.09561772800015,
              23.95749417600007
            ],
            [
              89.09530922300007,
              23.957429140000045
            ],
            [
              89.09496684800013,
              23.95733229500007
            ],
            [
              89.09472727000019,
              23.957204436000097
            ],
            [
              89.09445403000012,
              23.95701542000006
            ],
            [
              89.09424937100016,
              23.95685615800005
            ],
            [
              89.09420383800006,
              23.95685911400011
            ],
            [
              89.09414304800015,
              23.956863060000103
            ],
            [
              89.09380293700019,
              23.95688513700003
            ],
            [
              89.09371379700008,
              23.957124348000036
            ],
            [
              89.0936980620001,
              23.957166760000177
            ],
            [
              89.09379873400007,
              23.95748345800007
            ],
            [
              89.09393335800002,
              23.95786357900016
            ],
            [
              89.09415100000012,
              23.95824645500005
            ],
            [
              89.09423856700016,
              23.95840050100003
            ],
            [
              89.09444123500003,
              23.958844244000034
            ],
            [
              89.09464379000019,
              23.95934894800007
            ],
            [
              89.09467399100009,
              23.959949727000094
            ],
            [
              89.09471600900002,
              23.960178022000093
            ],
            [
              89.0947276710001,
              23.960220106
            ],
            [
              89.09569347100012,
              23.963654955000095
            ],
            [
              89.09571099300013,
              23.963764893000132
            ],
            [
              89.09484263100006,
              23.963868152000032
            ],
            [
              89.09435041400008,
              23.96394699000018
            ],
            [
              89.09432201100014,
              23.964055983000037
            ],
            [
              89.09411717600017,
              23.964835705000098
            ],
            [
              89.09408369300013,
              23.965417110000146
            ],
            [
              89.09416914200017,
              23.966302322000047
            ],
            [
              89.09422442700003,
              23.967133082000032
            ],
            [
              89.09422095400004,
              23.967741788000126
            ],
            [
              89.09430765600007,
              23.968407505000016
            ],
            [
              89.0942725970001,
              23.969264979000116
            ],
            [
              89.09447604500008,
              23.97056487000009
            ],
            [
              89.0945011660001,
              23.971395484000084
            ],
            [
              89.09461709800013,
              23.972226532000093
            ],
            [
              89.09464348500006,
              23.972835382000028
            ],
            [
              89.09456497000008,
              23.97300019700009
            ],
            [
              89.09455219100016,
              23.97302729300003
            ],
            [
              89.09412966300005,
              23.973219864000043
            ],
            [
              89.09331526700015,
              23.97346485900016
            ],
            [
              89.09238035000016,
              23.97373642100007
            ],
            [
              89.0919323,
              23.973896258000025
            ],
            [
              89.09153545600003,
              23.974037828000064
            ],
            [
              89.0900277930001,
              23.974390334000077
            ],
            [
              89.08894249000008,
              23.974633991000076
            ],
            [
              89.08797690700004,
              23.974989102000052
            ],
            [
              89.08701292500007,
              23.975065879000113
            ],
            [
              89.08604940700008,
              23.975061191000066
            ],
            [
              89.08448264900011,
              23.97524815600019
            ],
            [
              89.0836096380001,
              23.975243894000187
            ],
            [
              89.08274906600013,
              23.975217054000098
            ],
            [
              89.08255577400013,
              23.97521158300009
            ],
            [
              89.08162211200016,
              23.975261319000083
            ],
            [
              89.08071748500015,
              23.975505800000178
            ],
            [
              89.07978284300009,
              23.975722978000192
            ],
            [
              89.07875689700012,
              23.97607773200008
            ],
            [
              89.07803295999997,
              23.976323092000143
            ],
            [
              89.0767656220001,
              23.97678752799999
            ],
            [
              89.07574046200006,
              23.977004229999977
            ],
            [
              89.07477564100003,
              23.977221229000065
            ],
            [
              89.07399071400005,
              23.977574880000134
            ],
            [
              89.07193791500009,
              23.978478917000075
            ],
            [
              89.07073039700003,
              23.979025065000144
            ],
            [
              89.06988313800014,
              23.979713296000114
            ],
            [
              89.06909604700013,
              23.980428979000123
            ],
            [
              89.06830862800007,
              23.981198963000054
            ],
            [
              89.06782390800015,
              23.981694382000114
            ],
            [
              89.06742693300004,
              23.982135928000048
            ],
            [
              89.06727818500019,
              23.98230037800016
            ],
            [
              89.06658189600006,
              23.982962187999988
            ],
            [
              89.06576443700015,
              23.983704854000166
            ],
            [
              89.06497680300004,
              23.984504237000124
            ],
            [
              89.06430986599997,
              23.985247651
            ],
            [
              89.06367293200003,
              23.986018362000095
            ],
            [
              89.06329298800006,
              23.986557886000185
            ],
            [
              89.0631870150001,
              23.986708366000187
            ],
            [
              89.06282131800009,
              23.987423872000022
            ],
            [
              89.06236606100003,
              23.988030301000038
            ],
            [
              89.06197083299998,
              23.988637033000145
            ],
            [
              89.06151408500006,
              23.98949237100004
            ],
            [
              89.06102401200008,
              23.990874795000025
            ],
            [
              89.0607182940002,
              23.991647163000152
            ],
            [
              89.06071326700004,
              23.992399100000114
            ],
            [
              89.06065032700013,
              23.99297513800019
            ],
            [
              89.06034329300013,
              23.993914954000104
            ],
            [
              89.06015990300006,
              23.99441186500013
            ],
            [
              89.0599153610001,
              23.994992192999973
            ],
            [
              89.05988984200019,
              23.995037324000066
            ],
            [
              89.0595501090001,
              23.995626223000045
            ],
            [
              89.05915466300002,
              23.996314408000046
            ],
            [
              89.05851629800009,
              23.997309117000043
            ],
            [
              89.05826452600019,
              23.99774489700002
            ],
            [
              89.05687916600016,
              23.99737717800008
            ],
            [
              89.05609104000013,
              23.99769068700016
            ],
            [
              89.0559296460001,
              23.99773201400012
            ],
            [
              89.05575481700009,
              23.997776780000095
            ],
            [
              89.05561507700008,
              23.997827530000052
            ],
            [
              89.05515929200016,
              23.99794477100005
            ],
            [
              89.05506080800018,
              23.997970066999983
            ],
            [
              89.0549883270001,
              23.997988684000063
            ],
            [
              89.05429611100004,
              23.99807023900013
            ],
            [
              89.05342106400019,
              23.997371674000135
            ],
            [
              89.05317370100005,
              23.996792134000145
            ],
            [
              89.05198433300006,
              23.995976470000187
            ],
            [
              89.049104913,
              23.994427809
            ],
            [
              89.04728833900003,
              23.993522420000147
            ],
            [
              89.04708333100012,
              23.99345219300011
            ],
            [
              89.0442469730001,
              23.992590851000102
            ],
            [
              89.04110987400014,
              23.99176295400008
            ],
            [
              89.03847501300015,
              23.99102620000002
            ],
            [
              89.03621462100017,
              23.990664301000038
            ],
            [
              89.03414197300009,
              23.99042096000005
            ],
            [
              89.0340046,
              23.990426958
            ],
            [
              89.03124941300007,
              23.990547227000093
            ],
            [
              89.03090671200005,
              23.99056768200012
            ],
            [
              89.03036893100005,
              23.990598111000054
            ],
            [
              89.02901605099999,
              23.990763406000156
            ],
            [
              89.02681271100016,
              23.991153596000117
            ],
            [
              89.02648869600006,
              23.99124190600014
            ],
            [
              89.0254735810002,
              23.991519305000054
            ],
            [
              89.02502298600012,
              23.99164243500013
            ],
            [
              89.02495470500008,
              23.99166109300006
            ],
            [
              89.02363183000011,
              23.992000385999972
            ],
            [
              89.02215177500011,
              23.99236576000004
            ],
            [
              89.02067149000015,
              23.992760470000178
            ],
            [
              89.02058055400005,
              23.99276839700002
            ],
            [
              89.02010521900007,
              23.992815556000096
            ],
            [
              89.01982623900011,
              23.992294469000058
            ],
            [
              89.01979521300018,
              23.992255895000085
            ],
            [
              89.0187054050001,
              23.990900978000127
            ],
            [
              89.01792842000003,
              23.98973998700012
            ],
            [
              89.01667794900004,
              23.98883786500005
            ],
            [
              89.01592990600005,
              23.987995403000184
            ],
            [
              89.01493061000014,
              23.987151327000163
            ],
            [
              89.01485057700017,
              23.987092107000024
            ],
            [
              89.01433677600005,
              23.986714004000135
            ],
            [
              89.01301755600014,
              23.98661746400012
            ],
            [
              89.0128209930001,
              23.986616199000082
            ],
            [
              89.01198025899998,
              23.98661078700019
            ],
            [
              89.01135002100006,
              23.986839283999984
            ],
            [
              89.01099996500005,
              23.987385685000163
            ],
            [
              89.01069461300006,
              23.987551946000167
            ],
            [
              89.00882673500018,
              23.98797676000015
            ],
            [
              89.00846900500011,
              23.98800480000017
            ],
            [
              89.00744296400018,
              23.988085220000073
            ],
            [
              89.00632691100014,
              23.98813545300004
            ],
            [
              89.00577653400018,
              23.988160223000136
            ],
            [
              89.00548464500008,
              23.988212515000043
            ],
            [
              89.0051627470001,
              23.988269167000112
            ],
            [
              89.00513566200004,
              23.988273934000063
            ],
            [
              89.00498968600004,
              23.98829962500014
            ],
            [
              89.00448884600019,
              23.988036722000118
            ],
            [
              89.00348717600008,
              23.98751091300005
            ],
            [
              89.0030292290001,
              23.987486544999967
            ],
            [
              89.00238952500013,
              23.98745250200011
            ],
            [
              89.0016021620001,
              23.9874105990001
            ],
            [
              89.0002414700001,
              23.987352850000036
            ],
            [
              88.9992139950001,
              23.987309236000158
            ],
            [
              88.9986726350001,
              23.987329924000107
            ],
            [
              88.99729630900009,
              23.987382511000078
            ],
            [
              88.99581958700008,
              23.987316403000136
            ],
            [
              88.99550295400013,
              23.98730885300006
            ],
            [
              88.99474941100004,
              23.98729088400006
            ],
            [
              88.99412242099999,
              23.987275929000134
            ],
            [
              88.99277053400016,
              23.987352855000097
            ],
            [
              88.99197361400013,
              23.98734762000015
            ],
            [
              88.99176456900017,
              23.98734624700012
            ],
            [
              88.99123754300007,
              23.987412776000042
            ],
            [
              88.99109567200014,
              23.98746721200007
            ],
            [
              88.99103172400015,
              23.987492704000033
            ],
            [
              88.99063512400005,
              23.987772324000105
            ],
            [
              88.99044291300004,
              23.988233915000023
            ],
            [
              88.98996444000016,
              23.98912486800009
            ],
            [
              88.98904765600014,
              23.98981198600012
            ],
            [
              88.9879137800001,
              23.990093512000158
            ],
            [
              88.98722097900009,
              23.990262790000088
            ],
            [
              88.98643093700008,
              23.99080622500003
            ],
            [
              88.9859544320002,
              23.991242639000063
            ],
            [
              88.98569708600019,
              23.992214780000154
            ],
            [
              88.98522081000004,
              23.99281898600003
            ],
            [
              88.98491658700004,
              23.99298856700011
            ],
            [
              88.98474089700005,
              23.99331443300008
            ],
            [
              88.98485670400015,
              23.994408612000143
            ],
            [
              88.98480338600018,
              23.994567212000106
            ],
            [
              88.98466442300014,
              23.994980568000187
            ],
            [
              88.98456762100011,
              23.99529828100009
            ],
            [
              88.98399748000008,
              23.995843158000127
            ],
            [
              88.98361618100006,
              23.99635993400011
            ],
            [
              88.98317198200016,
              23.996905642000115
            ],
            [
              88.98275841900016,
              23.99753960700008
            ],
            [
              88.98240730400016,
              23.998201079000125
            ],
            [
              88.9822111970002,
              23.99915258500016
            ],
            [
              88.98202209400006,
              24.00003573500004
            ],
            [
              88.981982846,
              24.000219023000113
            ],
            [
              88.98157267700009,
              24.00041950300016
            ],
            [
              88.98063209700007,
              24.000094898000043
            ],
            [
              88.98022034200005,
              24.000496312000053
            ],
            [
              88.97999857700006,
              24.00072513300006
            ],
            [
              88.97991645600013,
              24.00097030600017
            ],
            [
              88.97990346800009,
              24.001016448000087
            ],
            [
              88.98003166800004,
              24.001272352000115
            ],
            [
              88.98014939500013,
              24.00150734900012
            ],
            [
              88.98061652600012,
              24.00195415100012
            ],
            [
              88.98055141200007,
              24.002334546999975
            ],
            [
              88.97998259500014,
              24.00270556300012
            ],
            [
              88.97906838700004,
              24.003047185000185
            ],
            [
              88.97824659500003,
              24.00359036000009
            ],
            [
              88.97727123600009,
              24.003699008000183
            ],
            [
              88.97629702600011,
              24.003663154000037
            ],
            [
              88.97579710200017,
              24.003285016
            ],
            [
              88.9754950860002,
              24.00320144900013
            ],
            [
              88.9754067680002,
              24.003177011000048
            ],
            [
              88.97504453200008,
              24.003076780000015
            ],
            [
              88.9743530230001,
              24.003072155000098
            ],
            [
              88.97398019900004,
              24.003442202000087
            ],
            [
              88.97371915100007,
              24.003702363
            ],
            [
              88.97317896000004,
              24.004450601000087
            ],
            [
              88.97303515000004,
              24.00485340700004
            ],
            [
              88.9729216250002,
              24.005171381000082
            ],
            [
              88.97269524500012,
              24.00597816600009
            ],
            [
              88.97231455100007,
              24.006409116000043
            ],
            [
              88.97155798400007,
              24.006663693000064
            ],
            [
              88.97086462500016,
              24.006889338000178
            ],
            [
              88.97017126500015,
              24.00711498000004
            ],
            [
              88.96995428500014,
              24.006738721999966
            ],
            [
              88.96961511100017,
              24.006777084000134
            ],
            [
              88.96946855800019,
              24.007356360000074
            ],
            [
              88.96899227600005,
              24.007760884000163
            ],
            [
              88.96892260600015,
              24.007820057000174
            ],
            [
              88.96845360700013,
              24.007956887000148
            ],
            [
              88.96816041200015,
              24.007738162000066
            ],
            [
              88.96722378200008,
              24.007892966999975
            ],
            [
              88.96738774300007,
              24.00821124000015
            ],
            [
              88.96685745600018,
              24.008541474000083
            ],
            [
              88.9669245070001,
              24.009075498000072
            ],
            [
              88.96696730700012,
              24.00940994700011
            ]
          ]
        ]
      }
    }
  ]
}