{
  "type": "FeatureCollection",
  "features": [
    {
      "type": "Feature",
      "properties": {
        "adm3_name": "Chuadanga Sadar",
        "adm3_name1": null,
        "adm3_name2": null,
        "adm3_name3": null,
        "adm3_pcode": "BD40180023",
        "adm2_name": "Chuadanga",
        "adm2_name1": null,
        "adm2_name2": null,
        "adm2_name3": null,
        "adm2_pcode": "BD4018",
        "adm1_name": "Khulna",
        "adm1_name1": null,
        "adm1_name2": null,
        "adm1_name3": null,
        "adm1_pcode": "BD40",
        "adm0_name": "Bangladesh",
        "adm0_name1": null,
        "adm0_name2": null,
        "adm0_name3": null,
        "adm0_pcode": "BD",
        "valid_on": "2023-05-21",
        "valid_to": null,
        "area_sqkm": 296.38808784,
        "version": "v03",
        "lang": "en",
        "lang1": null,
        "lang2": null,
        "lang3": null,
        "adm3_ref_name": null,
        "center_lat": 23.58945721,
        "center_lon": 88.88544829
      },
      "geometry": {
        "type": "Polygon",
        "coordinates": [
          [
            [
              89.00580709600018,
              23.622380605000046
            ],
            [
              89.00574542200007,
              23.622405235000144
            ],
            [
              89.00502574100011,
              23.622692721000135
            ],
            [
              89.00489500100014,
              23.62277194
            ],
            [
              89.00410252600005,
              23.62325274900013
            ],
            [
              89.00293479800007,
              23.62386021100008
            ],
            [
              89.00284486200007,
              23.623918133000075
            ],
            [
              89.00280347900008,
              23.623939661000122
            ],
            [
              89.00254083600015,
              23.624108812000145
            ],
            [
              89.00232648100007,
              23.624156930000026
            ],
            [
              89.00056272200004,
              23.62455284800012
            ],
            [
              88.99962168700011,
              23.62467097900003
            ],
            [
              88.9991494160002,
              23.624977271000148
            ],
            [
              88.99800655700005,
              23.62521826200009
            ],
            [
              88.99781622100011,
              23.625172988000088
            ],
            [
              88.9974701650001,
              23.62509062300012
            ],
            [
              88.99693649600005,
              23.624653649000038
            ],
            [
              88.9962026890002,
              23.62403022600006
            ],
            [
              88.99513017100008,
              23.62383813300005
            ],
            [
              88.99452959300015,
              23.623339752000106
            ],
            [
              88.99183733800004,
              23.620875057000035
            ],
            [
              88.99041551300007,
              23.61957335700015
            ],
            [
              88.98832913700011,
              23.617731363000132
            ],
            [
              88.98727090600005,
              23.6170504210001
            ],
            [
              88.98619155400007,
              23.61635587500001
            ],
            [
              88.98338171800015,
              23.61510242800017
            ],
            [
              88.98323209600017,
              23.61527112400006
            ],
            [
              88.9829722230001,
              23.615123495000034
            ],
            [
              88.98288253200019,
              23.615090048000184
            ],
            [
              88.98263351800006,
              23.61508390000006
            ],
            [
              88.98263279700006,
              23.615166523000028
            ],
            [
              88.98263085000019,
              23.61538980100005
            ],
            [
              88.98270225800002,
              23.615821534000133
            ],
            [
              88.98252051100019,
              23.61606421000016
            ],
            [
              88.9824499720001,
              23.61606247399999
            ],
            [
              88.98238915300016,
              23.61614364800016
            ],
            [
              88.9817752620001,
              23.61612835000011
            ],
            [
              88.98174203000019,
              23.616116839000142
            ],
            [
              88.98138988600016,
              23.615994861
            ],
            [
              88.98108733700008,
              23.615988357000163
            ],
            [
              88.98077047500016,
              23.61616464000008
            ],
            [
              88.98035793900016,
              23.616152911000086
            ],
            [
              88.979847753,
              23.616263572000094
            ],
            [
              88.97951141600015,
              23.616402137000136
            ],
            [
              88.97942424800004,
              23.61643805000017
            ],
            [
              88.97918071300006,
              23.616678048000153
            ],
            [
              88.97893656100013,
              23.616918042000066
            ],
            [
              88.97881157100011,
              23.617042106000042
            ],
            [
              88.97851371100012,
              23.61713074100004
            ],
            [
              88.97826490500017,
              23.617258123000056
            ],
            [
              88.97815301400004,
              23.617738026000097
            ],
            [
              88.97816330100011,
              23.618228066000142
            ],
            [
              88.97829685500011,
              23.61866246599999
            ],
            [
              88.97848806400003,
              23.61885113600016
            ],
            [
              88.97867066900017,
              23.61892459200004
            ],
            [
              88.97893646,
              23.6188931100001
            ],
            [
              88.97904088900003,
              23.61888073200015
            ],
            [
              88.97916691500018,
              23.618566586000043
            ],
            [
              88.97928615199999,
              23.61831899900011
            ],
            [
              88.97927964700011,
              23.61801187700007
            ],
            [
              88.97932034800016,
              23.617971488000023
            ],
            [
              88.97950147100016,
              23.617976214000066
            ],
            [
              88.97975482400005,
              23.618169804000104
            ],
            [
              88.98007744700004,
              23.618634805000113
            ],
            [
              88.98002528500012,
              23.61908153400003
            ],
            [
              88.97972524800008,
              23.619576309000024
            ],
            [
              88.97967308400007,
              23.62002303500003
            ],
            [
              88.9798023530002,
              23.620220326000094
            ],
            [
              88.97981296300014,
              23.620669725000084
            ],
            [
              88.97981895200002,
              23.620924912000135
            ],
            [
              88.9797693810001,
              23.621146535000094
            ],
            [
              88.97976247100007,
              23.62117742900017
            ],
            [
              88.97932986500018,
              23.62134619
            ],
            [
              88.97914942800008,
              23.621444040000142
            ],
            [
              88.97903561100014,
              23.62179457500008
            ],
            [
              88.97891587200007,
              23.622028595000074
            ],
            [
              88.97882714100012,
              23.622024766000038
            ],
            [
              88.97836329200004,
              23.622004652000157
            ],
            [
              88.97831387000019,
              23.62200658300003
            ],
            [
              88.97755399600004,
              23.622082866000028
            ],
            [
              88.97747077300016,
              23.62207538600012
            ],
            [
              88.97611712800017,
              23.621953722
            ],
            [
              88.97575244100011,
              23.621994215000086
            ],
            [
              88.97498815200004,
              23.621780310000076
            ],
            [
              88.97432444800017,
              23.62171157300014
            ],
            [
              88.9742140370002,
              23.621753926000167
            ],
            [
              88.9738471730002,
              23.621894682000118
            ],
            [
              88.97337619200005,
              23.621950287000175
            ],
            [
              88.97291626700007,
              23.621948374999988
            ],
            [
              88.97251588800009,
              23.621636386000034
            ],
            [
              88.97227814300004,
              23.62152417100009
            ],
            [
              88.9721223030001,
              23.62144991499997
            ],
            [
              88.97198322900016,
              23.62138109600005
            ],
            [
              88.97187723500008,
              23.62133738000017
            ],
            [
              88.97178663400013,
              23.621315272000118
            ],
            [
              88.97173221000008,
              23.621310132000076
            ],
            [
              88.9714261370001,
              23.62133912000013
            ],
            [
              88.97090108800006,
              23.621335641000144
            ],
            [
              88.97036442700016,
              23.621334338999986
            ],
            [
              88.96996146000015,
              23.621393757000135
            ],
            [
              88.9693560250002,
              23.621510535000027
            ],
            [
              88.96894952500014,
              23.621688470000095
            ],
            [
              88.96855931200008,
              23.621566207
            ],
            [
              88.96849320300004,
              23.62144158100017
            ],
            [
              88.96834961100006,
              23.62135729100015
            ],
            [
              88.96762328200009,
              23.621423846000027
            ],
            [
              88.9675064560002,
              23.621434549000128
            ],
            [
              88.96730070000007,
              23.621479062000162
            ],
            [
              88.96720079800014,
              23.62151854300015
            ],
            [
              88.96704416100005,
              23.621649410000032
            ],
            [
              88.96692468800006,
              23.621803466000188
            ],
            [
              88.96686765600009,
              23.62185300700014
            ],
            [
              88.96678054300008,
              23.621928681000156
            ],
            [
              88.9667119140002,
              23.62193950200009
            ],
            [
              88.96660604000016,
              23.62195619500011
            ],
            [
              88.96643203400015,
              23.62192062500003
            ],
            [
              88.96630204700011,
              23.621827996000093
            ],
            [
              88.96609768399998,
              23.621694724000065
            ],
            [
              88.96515931000016,
              23.621753467000076
            ],
            [
              88.96483984100013,
              23.622079819000078
            ],
            [
              88.96443440900015,
              23.622451929000135
            ],
            [
              88.96438369800012,
              23.622457345000043
            ],
            [
              88.96390709400009,
              23.62250824300014
            ],
            [
              88.96335797300009,
              23.622688599000128
            ],
            [
              88.96303250500011,
              23.62268868100017
            ],
            [
              88.96256185300012,
              23.622745370000132
            ],
            [
              88.96209148100007,
              23.622805446000143
            ],
            [
              88.96121845000005,
              23.622923790000186
            ],
            [
              88.95972680200009,
              23.623468117000186
            ],
            [
              88.95859175500004,
              23.623831935000055
            ],
            [
              88.95765052300015,
              23.62394791800017
            ],
            [
              88.95677836300013,
              23.623884103000137
            ],
            [
              88.95617986000008,
              23.624060713000176
            ],
            [
              88.955567304,
              23.62418077600006
            ],
            [
              88.9550316700001,
              23.624119593000046
            ],
            [
              88.95456229500007,
              23.624053207000088
            ],
            [
              88.95421889400018,
              23.623803650000127
            ],
            [
              88.95349115800019,
              23.623676816000113
            ],
            [
              88.95295422000015,
              23.6236709370001
            ],
            [
              88.95247553000019,
              23.623543520000112
            ],
            [
              88.95208253800018,
              23.623540867000145
            ],
            [
              88.95167974500015,
              23.62353814500011
            ],
            [
              88.95133832400006,
              23.623656637000124
            ],
            [
              88.95086435600007,
              23.62353263400007
            ],
            [
              88.95047136699998,
              23.623529977000146
            ],
            [
              88.949788969,
              23.623710508000045
            ],
            [
              88.94925003200012,
              23.62395523200007
            ],
            [
              88.94857712800001,
              23.62413582099998
            ],
            [
              88.94818413600018,
              23.62413315900011
            ],
            [
              88.94744595400005,
              23.624068319000116
            ],
            [
              88.94739285200012,
              23.624062314000014
            ],
            [
              88.94684241100009,
              23.62400213
            ],
            [
              88.94651667000005,
              23.62399765900011
            ],
            [
              88.94590447500013,
              23.623807225000178
            ],
            [
              88.9453674130001,
              23.62368277500019
            ],
            [
              88.94529412700007,
              23.623309720000123
            ],
            [
              88.94522903500001,
              23.623060907000024
            ],
            [
              88.94496237600009,
              23.62281298300013
            ],
            [
              88.94476460700014,
              23.622378114000128
            ],
            [
              88.94476641300014,
              23.622190720000106
            ],
            [
              88.94391018500016,
              23.622065225000085
            ],
            [
              88.94343875500005,
              23.622180556000103
            ],
            [
              88.94317553800005,
              23.622057966000114
            ],
            [
              88.94273540500012,
              23.62193755600009
            ],
            [
              88.94270450400012,
              23.62193283000005
            ],
            [
              88.94261020500005,
              23.622018637000167
            ],
            [
              88.94243604300004,
              23.62217711400001
            ],
            [
              88.94229842200014,
              23.622607438000102
            ],
            [
              88.94229691800018,
              23.62279483400016
            ],
            [
              88.94209388400009,
              23.62297860100017
            ],
            [
              88.94189066300004,
              23.623223327000176
            ],
            [
              88.94188767200006,
              23.623595871000077
            ],
            [
              88.9421461730002,
              23.62359763000012
            ],
            [
              88.94254808800014,
              23.62348070100012
            ],
            [
              88.94280781200018,
              23.62360213400018
            ],
            [
              88.94273774300012,
              23.62397196400019
            ],
            [
              88.94260811300006,
              23.624042256000166
            ],
            [
              88.9424005410001,
              23.624154809000117
            ],
            [
              88.942209236,
              23.62415577200011
            ],
            [
              88.94167118700017,
              23.624211933000083
            ],
            [
              88.94140300499998,
              23.624211237
            ],
            [
              88.9411270400002,
              23.623900021
            ],
            [
              88.94106144500017,
              23.623714423000138
            ],
            [
              88.94092897400014,
              23.623465149000083
            ],
            [
              88.9409304620001,
              23.623280010000144
            ],
            [
              88.94079730100015,
              23.62315491600009
            ],
            [
              88.94047171000011,
              23.623093984000036
            ],
            [
              88.93999320600017,
              23.62296427400014
            ],
            [
              88.93999569800019,
              23.622654956000133
            ],
            [
              88.93986302700011,
              23.622468895999987
            ],
            [
              88.93940297900008,
              23.622465755000178
            ],
            [
              88.93892477700012,
              23.622277338000117
            ],
            [
              88.93853981900008,
              23.622155037000084
            ],
            [
              88.93848277600006,
              23.62225804500008
            ],
            [
              88.93833806600014,
              23.622519440000076
            ],
            [
              88.93826699700008,
              23.623013437000054
            ],
            [
              88.93819691700014,
              23.623385511000095
            ],
            [
              88.93799387300004,
              23.62356927400009
            ],
            [
              88.93772256300014,
              23.62393771400002
            ],
            [
              88.93772056200004,
              23.624186069000075
            ],
            [
              88.93778565900004,
              23.62443262900001
            ],
            [
              88.93778265400005,
              23.624805163000133
            ],
            [
              88.93751103500006,
              23.625173603000064
            ],
            [
              88.93757361800016,
              23.62573173700008
            ],
            [
              88.93757163200019,
              23.62597783600006
            ],
            [
              88.93735698100011,
              23.626226087000077
            ],
            [
              88.9372855420001,
              23.626236202000143
            ],
            [
              88.93695531100008,
              23.626282946000117
            ],
            [
              88.93661907400002,
              23.626039051000078
            ],
            [
              88.93636206600007,
              23.626154690000135
            ],
            [
              88.93632879900008,
              23.626189944000032
            ],
            [
              88.93595574500011,
              23.626585430999967
            ],
            [
              88.93568561400008,
              23.626768726000137
            ],
            [
              88.93532542600013,
              23.627014620000068
            ],
            [
              88.93493530500007,
              23.627011947000085
            ],
            [
              88.93465834300008,
              23.626824899999974
            ],
            [
              88.93452668000009,
              23.626514660999987
            ],
            [
              88.93439734600008,
              23.626333140000156
            ],
            [
              88.93400034700016,
              23.626448949000064
            ],
            [
              88.93391689200013,
              23.626465308000093
            ],
            [
              88.93365848500014,
              23.626524499000084
            ],
            [
              88.93353002800006,
              23.62660322100004
            ],
            [
              88.93313899500015,
              23.62652671100011
            ],
            [
              88.93294020400015,
              23.626335678000032
            ],
            [
              88.93274115999998,
              23.626024976000053
            ],
            [
              88.93254291400012,
              23.625653315000136
            ],
            [
              88.93261350900019,
              23.62522027900019
            ],
            [
              88.93261751500017,
              23.624725825000155
            ],
            [
              88.93248505800011,
              23.624476544
            ],
            [
              88.93241997300015,
              23.624229983000134
            ],
            [
              88.93262353500012,
              23.623983012000053
            ],
            [
              88.93269312000012,
              23.62367415900019
            ],
            [
              88.93222625000004,
              23.623300644999972
            ],
            [
              88.93196214500011,
              23.62274112500006
            ],
            [
              88.9317525690002,
              23.6225891790001
            ],
            [
              88.93136161200005,
              23.622305729000118
            ],
            [
              88.93082738600009,
              23.621929494000142
            ],
            [
              88.93036254100008,
              23.62130762300012
            ],
            [
              88.92949240900003,
              23.620992286000046
            ],
            [
              88.9289488570002,
              23.620597896000106
            ],
            [
              88.92888853500017,
              23.620559110999977
            ],
            [
              88.92848462500012,
              23.621109507000085
            ],
            [
              88.92813113400013,
              23.621484226000064
            ],
            [
              88.92807831100009,
              23.621540218000064
            ],
            [
              88.92736731400015,
              23.621751987000096
            ],
            [
              88.92727074300007,
              23.621780752000063
            ],
            [
              88.92693099000013,
              23.622275144000128
            ],
            [
              88.92660847100018,
              23.62255515800001
            ],
            [
              88.92657314900009,
              23.622579754000128
            ],
            [
              88.92656860400018,
              23.62313742400005
            ],
            [
              88.92649871800006,
              23.62350750300004
            ],
            [
              88.92669171000006,
              23.62374907500015
            ],
            [
              88.92635598100009,
              23.62392707100014
            ],
            [
              88.92621899900007,
              23.624416231999987
            ],
            [
              88.92621598100004,
              23.62478650899999
            ],
            [
              88.9259335980002,
              23.624973380000085
            ],
            [
              88.92581476900006,
              23.625051427000074
            ],
            [
              88.92541580600016,
              23.62509386900001
            ],
            [
              88.92528668100005,
              23.625107605000096
            ],
            [
              88.92527398300007,
              23.625478949000126
            ],
            [
              88.92527195600019,
              23.625727304000122
            ],
            [
              88.92524678800004,
              23.625794752000047
            ],
            [
              88.92520556900007,
              23.6259052100001
            ],
            [
              88.92467771400004,
              23.625723183000048
            ],
            [
              88.92436057000009,
              23.62572099000016
            ],
            [
              88.92401080000008,
              23.625947590000067
            ],
            [
              88.92373914300009,
              23.626316008000174
            ],
            [
              88.9241389170001,
              23.62668907800014
            ],
            [
              88.92406829200007,
              23.62712210600006
            ],
            [
              88.92379561600006,
              23.62761469500009
            ],
            [
              88.92352475600018,
              23.62792215100012
            ],
            [
              88.92345363400017,
              23.628416138000034
            ],
            [
              88.92345008900014,
              23.62884963300013
            ],
            [
              88.9233042840001,
              23.62903377100008
            ],
            [
              88.92323613600013,
              23.629033302000096
            ],
            [
              88.92296855799998,
              23.629031442000155
            ],
            [
              88.9224986690001,
              23.629028185000152
            ],
            [
              88.92194986200008,
              23.629272741000136
            ],
            [
              88.92187614900013,
              23.62932642000004
            ],
            [
              88.92161208600004,
              23.62951876600016
            ],
            [
              88.92120676000008,
              23.629825276000076
            ],
            [
              88.92111354200017,
              23.629875807000076
            ],
            [
              88.92107538800002,
              23.62990465500019
            ],
            [
              88.92073814700012,
              23.630087450000133
            ],
            [
              88.92061378400001,
              23.630086594000034
            ],
            [
              88.92013558600007,
              23.629898121000167
            ],
            [
              88.91980088000008,
              23.62977160700018
            ],
            [
              88.91920698700005,
              23.62970649900012
            ],
            [
              88.91907659100013,
              23.62970509500019
            ],
            [
              88.91887082600005,
              23.62970287899998
            ],
            [
              88.918668508,
              23.629700700000114
            ],
            [
              88.91861259800004,
              23.629700100000036
            ],
            [
              88.91820620800013,
              23.630130790000123
            ],
            [
              88.91820214700004,
              23.630625241000132
            ],
            [
              88.91819960600014,
              23.630934558000035
            ],
            [
              88.91792720500007,
              23.631427137
            ],
            [
              88.91772056100018,
              23.63204436300009
            ],
            [
              88.91744580700004,
              23.632785298000044
            ],
            [
              88.91710122800004,
              23.633896037
            ],
            [
              88.91697213400016,
              23.63432728900017
            ],
            [
              88.91628106700011,
              23.63442596699997
            ],
            [
              88.91574062000007,
              23.63442490500006
            ],
            [
              88.91519177800012,
              23.634669433000056
            ],
            [
              88.91485424500019,
              23.634855084000037
            ],
            [
              88.91478078100016,
              23.635655524000015
            ],
            [
              88.91471064400008,
              23.636025330000052
            ],
            [
              88.91450653200008,
              23.63633322400017
            ],
            [
              88.91442814700008,
              23.636332678000088
            ],
            [
              88.91385498000017,
              23.636328670000125
            ],
            [
              88.91326193500004,
              23.636596676000124
            ],
            [
              88.91318094100012,
              23.636633277000044
            ],
            [
              88.91316826000019,
              23.636659006000116
            ],
            [
              88.91304957600016,
              23.636712642000077
            ],
            [
              88.91303639800014,
              23.636739406000174
            ],
            [
              88.91261732200007,
              23.637590547000173
            ],
            [
              88.91250338000009,
              23.637821960000053
            ],
            [
              88.91242707600014,
              23.63893682700018
            ],
            [
              88.91248394300015,
              23.6401745550001
            ],
            [
              88.91248140600004,
              23.64048160900012
            ],
            [
              88.91248639899999,
              23.641201240000044
            ],
            [
              88.91236245100004,
              23.642174607000015
            ],
            [
              88.91205100600013,
              23.643664291
            ],
            [
              88.91202621200006,
              23.644438774000037
            ],
            [
              88.91240239500019,
              23.645100878000108
            ],
            [
              88.91255557700003,
              23.64537048400007
            ],
            [
              88.91321229800013,
              23.64716785899998
            ],
            [
              88.9141952990002,
              23.650082920000045
            ],
            [
              88.91391910700008,
              23.65100846500013
            ],
            [
              88.91366766900006,
              23.651159533000055
            ],
            [
              88.91364544900017,
              23.651172883000072
            ],
            [
              88.91356851500018,
              23.651213438000127
            ],
            [
              88.91309607700003,
              23.651438460000122
            ],
            [
              88.91249962400013,
              23.651722547000077
            ],
            [
              88.91248699500005,
              23.651745349
            ],
            [
              88.91222684700006,
              23.65221511200008
            ],
            [
              88.91255801800014,
              23.65277514100012
            ],
            [
              88.91201585000005,
              23.653387740000085
            ],
            [
              88.91191368100004,
              23.653434084000025
            ],
            [
              88.91120701000011,
              23.653754615000025
            ],
            [
              88.91118901200002,
              23.653782545000183
            ],
            [
              88.91073057300002,
              23.654494109000098
            ],
            [
              88.91032133900012,
              23.655295050000177
            ],
            [
              88.90977729000014,
              23.65609503200011
            ],
            [
              88.90924018499999,
              23.656537991000107
            ],
            [
              88.90903348500012,
              23.656708458000082
            ],
            [
              88.90876048600018,
              23.657261981000147
            ],
            [
              88.90888748900011,
              23.658129904000077
            ],
            [
              88.9092862810001,
              23.65862719200004
            ],
            [
              88.90955241400019,
              23.658938396
            ],
            [
              88.90941380700013,
              23.659431900000186
            ],
            [
              88.90929143900019,
              23.65947908700008
            ],
            [
              88.90894227900003,
              23.659613728000124
            ],
            [
              88.90887214300011,
              23.659669466000082
            ],
            [
              88.90840158500009,
              23.660043433000055
            ],
            [
              88.90806115300018,
              23.660598736000054
            ],
            [
              88.90798790400004,
              23.661338809000085
            ],
            [
              88.90818457100005,
              23.661897893000173
            ],
            [
              88.90844864800016,
              23.662457450000034
            ],
            [
              88.90831137200018,
              23.662826777000134
            ],
            [
              88.907899724,
              23.663876054000184
            ],
            [
              88.90776038500013,
              23.664493735
            ],
            [
              88.907689392,
              23.664924494000047
            ],
            [
              88.90728719300006,
              23.66516971200008
            ],
            [
              88.90642039,
              23.66528922400005
            ],
            [
              88.90574822800016,
              23.66534321000006
            ],
            [
              88.90519813800012,
              23.665653060000125
            ],
            [
              88.90505617200012,
              23.666637709000156
            ],
            [
              88.90520866600014,
              23.667107943000133
            ],
            [
              88.90531817600015,
              23.66744562800011
            ],
            [
              88.90497918200015,
              23.667813527000078
            ],
            [
              88.90492104800012,
              23.66781343300005
            ],
            [
              88.90484776300019,
              23.66789289000019
            ],
            [
              88.90438776500014,
              23.66789189499997
            ],
            [
              88.90385221000014,
              23.667939046000072
            ],
            [
              88.90378242200006,
              23.667945212000063
            ],
            [
              88.90336571300014,
              23.668440107000038
            ],
            [
              88.90296351300009,
              23.66885886700004
            ],
            [
              88.90289175200007,
              23.668933493
            ],
            [
              88.90226701100016,
              23.66898308900005
            ],
            [
              88.90223899900019,
              23.668985336000162
            ],
            [
              88.90202196700017,
              23.669147095000085
            ],
            [
              88.90208403600008,
              23.66917631900003
            ],
            [
              88.90216415700019,
              23.669213819000106
            ],
            [
              88.90209210500012,
              23.66926744600005
            ],
            [
              88.90208647000009,
              23.66940679700008
            ],
            [
              88.90202967600015,
              23.671047704000046
            ],
            [
              88.90201526800007,
              23.67146398400007
            ],
            [
              88.90204155900017,
              23.67175220600012
            ],
            [
              88.90205707000013,
              23.671920809000085
            ],
            [
              88.90206886900012,
              23.672051248000173
            ],
            [
              88.90206774700005,
              23.672185556000045
            ],
            [
              88.9020672010002,
              23.67222034000008
            ],
            [
              88.90206282600008,
              23.672499276999986
            ],
            [
              88.90206207500012,
              23.67254714600017
            ],
            [
              88.90189319000007,
              23.67270112099999
            ],
            [
              88.9017260660001,
              23.672852696
            ],
            [
              88.90149830899998,
              23.673110753000174
            ],
            [
              88.901455795,
              23.673159014000134
            ],
            [
              88.90138247500016,
              23.673778251000158
            ],
            [
              88.9015835900002,
              23.67384063900016
            ],
            [
              88.90212074200008,
              23.67384444700008
            ],
            [
              88.90257176600011,
              23.673810451000122
            ],
            [
              88.90285931800008,
              23.673788776000038
            ],
            [
              88.90326038600006,
              23.67410088700018
            ],
            [
              88.90352519200007,
              23.674536276000083
            ],
            [
              88.9033848000002,
              23.675275869000075
            ],
            [
              88.90337860100016,
              23.67601866900003
            ],
            [
              88.9032387150001,
              23.67669730200015
            ],
            [
              88.90323251300015,
              23.677440102000162
            ],
            [
              88.90289545800005,
              23.677847132000068
            ],
            [
              88.90282543300003,
              23.67793169500004
            ],
            [
              88.90277215500004,
              23.6780161210001
            ],
            [
              88.90255307400014,
              23.678363279000052
            ],
            [
              88.90268366500004,
              23.678735300000028
            ],
            [
              88.9027329130002,
              23.67873710900011
            ],
            [
              88.90322165700013,
              23.678740570000116
            ],
            [
              88.90342322700008,
              23.678741995000166
            ],
            [
              88.90349007800006,
              23.67874246800011
            ],
            [
              88.90449092100016,
              23.67955335800002
            ],
            [
              88.90475419900008,
              23.68017388000004
            ],
            [
              88.90522169100007,
              23.680486516000144
            ],
            [
              88.90574531200014,
              23.68073172700008
            ],
            [
              88.90602453000014,
              23.680862479000098
            ],
            [
              88.90612652700014,
              23.68097670000003
            ],
            [
              88.90635730100001,
              23.681235125
            ],
            [
              88.90641976900008,
              23.681793264000078
            ],
            [
              88.90655068600012,
              23.682227702000148
            ],
            [
              88.9064130770002,
              23.6825970270001
            ],
            [
              88.90617295200013,
              23.682869556000128
            ],
            [
              88.90614226700018,
              23.68290438700012
            ],
            [
              88.90611296300006,
              23.68291539100011
            ],
            [
              88.90533356400016,
              23.68320805100018
            ],
            [
              88.90430388000004,
              23.683483932000172
            ],
            [
              88.90398722400016,
              23.68356877000008
            ],
            [
              88.90344744900017,
              23.683874279000065
            ],
            [
              88.90331062900003,
              23.68454569100004
            ],
            [
              88.90323887700015,
              23.68473982900008
            ],
            [
              88.90303558000011,
              23.6849235360001
            ],
            [
              88.90284189200003,
              23.684922161000088
            ],
            [
              88.90250105700017,
              23.684610425000017
            ],
            [
              88.90226982300004,
              23.684679856
            ],
            [
              88.90209710400006,
              23.68473172500012
            ],
            [
              88.90209630300006,
              23.684827531000053
            ],
            [
              88.90209451900012,
              23.68504103900017
            ],
            [
              88.90209193300007,
              23.68535035000008
            ],
            [
              88.90155163700013,
              23.685716811000077
            ],
            [
              88.90168068800006,
              23.686336386000107
            ],
            [
              88.90134215100005,
              23.686643315000026
            ],
            [
              88.90110593700001,
              23.686641670000142
            ],
            [
              88.90107373000012,
              23.686669896000183
            ],
            [
              88.90087081200005,
              23.68666852300015
            ],
            [
              88.90019781500001,
              23.686944520000168
            ],
            [
              88.89985656000016,
              23.68762171800006
            ],
            [
              88.9000547780002,
              23.687995677000174
            ],
            [
              88.90038806900014,
              23.68820263599997
            ],
            [
              88.90078825500007,
              23.688259506000065
            ],
            [
              88.90145965300019,
              23.688324104000117
            ],
            [
              88.90171829700006,
              23.688325940000084
            ],
            [
              88.9018303150001,
              23.688378397000065
            ],
            [
              88.90186495700016,
              23.688378817000114
            ],
            [
              88.90226639500014,
              23.68856681000011
            ],
            [
              88.90239730500014,
              23.68900125300007
            ],
            [
              88.90199327900007,
              23.689122572000088
            ],
            [
              88.90158931100007,
              23.689243871000087
            ],
            [
              88.9014751580001,
              23.689240826000116
            ],
            [
              88.90145897500014,
              23.68919125499997
            ],
            [
              88.90104894000001,
              23.689188345000105
            ],
            [
              88.90064663400011,
              23.689122269000165
            ],
            [
              88.9001675950002,
              23.688996941000084
            ],
            [
              88.8997744620001,
              23.6889941500001
            ],
            [
              88.89942771400018,
              23.689113616000043
            ],
            [
              88.89902803500007,
              23.68923376400005
            ],
            [
              88.89849730800012,
              23.689108124000143
            ],
            [
              88.89834540000015,
              23.689045711
            ],
            [
              88.8982792560002,
              23.68901853500006
            ],
            [
              88.89800097800008,
              23.68890413000014
            ],
            [
              88.89788514800011,
              23.688856472999987
            ],
            [
              88.89753294700017,
              23.688798358999975
            ],
            [
              88.8974828210001,
              23.688787505000164
            ],
            [
              88.89741921000007,
              23.688758784000186
            ],
            [
              88.89721505700015,
              23.688666611000087
            ],
            [
              88.89679626300017,
              23.68846936600005
            ],
            [
              88.89608811100015,
              23.688461955000037
            ],
            [
              88.89554901200006,
              23.688643257000138
            ],
            [
              88.89521053900006,
              23.688950175000116
            ],
            [
              88.89460488800012,
              23.68913092700012
            ],
            [
              88.89419981100008,
              23.689376404000143
            ],
            [
              88.89408788700007,
              23.68957769800005
            ],
            [
              88.89406351200006,
              23.689621538000154
            ],
            [
              88.89365738400005,
              23.689991185999986
            ],
            [
              88.89357773600005,
              23.690026944000124
            ],
            [
              88.89311769200015,
              23.69023345100004
            ],
            [
              88.8929754620001,
              23.690178489000118
            ],
            [
              88.89243539900008,
              23.68993077500005
            ],
            [
              88.89226827600004,
              23.689773756000136
            ],
            [
              88.89216966800007,
              23.68968033400006
            ],
            [
              88.89203825900012,
              23.68930910000006
            ],
            [
              88.89190820500016,
              23.688813696000125
            ],
            [
              88.89184579800008,
              23.688255553000033
            ],
            [
              88.89184840700005,
              23.68794624300017
            ],
            [
              88.89164884000013,
              23.687698705000116
            ],
            [
              88.89118892500016,
              23.687633323000057
            ],
            [
              88.89071075000015,
              23.68744362300015
            ],
            [
              88.89044355600004,
              23.68725656400005
            ],
            [
              88.88997764400006,
              23.68675874900015
            ],
            [
              88.88971181100015,
              23.6864475160001
            ],
            [
              88.88945022900003,
              23.686201915000083
            ],
            [
              88.88878023400008,
              23.686439757000073
            ],
            [
              88.88845090500013,
              23.68649604500007
            ],
            [
              88.88825373600008,
              23.68643705300019
            ],
            [
              88.88805502000014,
              23.68612629900008
            ],
            [
              88.88784844300017,
              23.685693091000076
            ],
            [
              88.8877054990001,
              23.68567533000015
            ],
            [
              88.88753010500011,
              23.68565152600013
            ],
            [
              88.88737710599997,
              23.68604909900006
            ],
            [
              88.88703756700005,
              23.686480167000013
            ],
            [
              88.88684855400015,
              23.686543726000025
            ],
            [
              88.88649849300003,
              23.68666143900009
            ],
            [
              88.88616136200011,
              23.686844156
            ],
            [
              88.88562490500004,
              23.686716117000174
            ],
            [
              88.88488636800014,
              23.686710801000117
            ],
            [
              88.88434729100004,
              23.686892064000062
            ],
            [
              88.88398676600013,
              23.687382599999978
            ],
            [
              88.88393278700005,
              23.687434800000062
            ],
            [
              88.88364227000005,
              23.687715742000023
            ],
            [
              88.88312783100002,
              23.688120582000124
            ],
            [
              88.88312414199999,
              23.6885540720001
            ],
            [
              88.88244744300005,
              23.689167842000074
            ],
            [
              88.88184018000015,
              23.689472788000103
            ],
            [
              88.88148891500015,
              23.68971095699999
            ],
            [
              88.88141598000004,
              23.689760410000076
            ],
            [
              88.88069285000012,
              23.69014411700016
            ],
            [
              88.88035273600019,
              23.69063838500017
            ],
            [
              88.87988211900006,
              23.69069594500013
            ],
            [
              88.87981951500007,
              23.690637461999984
            ],
            [
              88.8797447840002,
              23.690644985000176
            ],
            [
              88.87920377200015,
              23.69014633200004
            ],
            [
              88.87873958800014,
              23.68940033100006
            ],
            [
              88.87827428200018,
              23.68902796300017
            ],
            [
              88.87780789000016,
              23.688591073000055
            ],
            [
              88.87747360100008,
              23.688403505000167
            ],
            [
              88.87686914000011,
              23.688211939000155
            ],
            [
              88.87666858200004,
              23.687961042999973
            ],
            [
              88.87660676100012,
              23.687341939000078
            ],
            [
              88.8762112070001,
              23.686662205000175
            ],
            [
              88.8758251210001,
              23.686540094000122
            ],
            [
              88.87569637100012,
              23.686480152000115
            ],
            [
              88.87535760000009,
              23.686649743000032
            ],
            [
              88.87465903900011,
              23.68689136200004
            ],
            [
              88.8741951070001,
              23.686064015000056
            ],
            [
              88.87350414600019,
              23.684830165000108
            ],
            [
              88.87328082000005,
              23.684858884000107
            ],
            [
              88.87329701800013,
              23.68489512000008
            ],
            [
              88.87292048600006,
              23.68489238100011
            ],
            [
              88.872679694,
              23.684911624
            ],
            [
              88.87264483700005,
              23.684914466000066
            ],
            [
              88.87233930600013,
              23.685136628000123
            ],
            [
              88.87166649400001,
              23.68565103600008
            ],
            [
              88.87136404500012,
              23.68583842400011
            ],
            [
              88.8712004960002,
              23.685862023000027
            ],
            [
              88.87117412300006,
              23.685781548000023
            ],
            [
              88.87096695100013,
              23.685149098000124
            ],
            [
              88.87063450400007,
              23.684286427000075
            ],
            [
              88.87015811200013,
              23.683734291
            ],
            [
              88.86976449600007,
              23.683392739
            ],
            [
              88.86886835800016,
              23.682607551000046
            ],
            [
              88.8681606770001,
              23.68223403000013
            ],
            [
              88.86747924200017,
              23.681997679000062
            ],
            [
              88.86677749799998,
              23.681754280000064
            ],
            [
              88.86588959500017,
              23.68139586100017
            ],
            [
              88.86559259199998,
              23.681275969000183
            ],
            [
              88.86480119800007,
              23.681114378000075
            ],
            [
              88.86367164700016,
              23.680792251000128
            ],
            [
              88.8628842220001,
              23.680726254000092
            ],
            [
              88.86231352500005,
              23.680678419000117
            ],
            [
              88.86121248200016,
              23.680749142000025
            ],
            [
              88.86065798600009,
              23.680777099000125
            ],
            [
              88.85969354100013,
              23.680976594000015
            ],
            [
              88.85900219300015,
              23.68110491300007
            ],
            [
              88.85875751200007,
              23.681150327000125
            ],
            [
              88.857595468,
              23.681271589000175
            ],
            [
              88.8573195370002,
              23.68131301600016
            ],
            [
              88.85694325500015,
              23.681369508000046
            ],
            [
              88.856122846,
              23.68133861400014
            ],
            [
              88.85541673800003,
              23.681252542000095
            ],
            [
              88.85501865000015,
              23.681204015000105
            ],
            [
              88.85504151499998,
              23.681179191000183
            ],
            [
              88.85500080000008,
              23.68118225900008
            ],
            [
              88.85441960400016,
              23.68109786800011
            ],
            [
              88.85407087700014,
              23.681041508000078
            ],
            [
              88.85352482500008,
              23.680931349000105
            ],
            [
              88.85307959900001,
              23.68079645200004
            ],
            [
              88.85255472200004,
              23.68063742000004
            ],
            [
              88.85206266799997,
              23.680414758000097
            ],
            [
              88.85168145700015,
              23.680028096000058
            ],
            [
              88.85148585800005,
              23.679511855000044
            ],
            [
              88.85168982100015,
              23.679070824000064
            ],
            [
              88.85209358500015,
              23.678595158000178
            ],
            [
              88.85251920200011,
              23.677862247000178
            ],
            [
              88.85254004700016,
              23.677826274000154
            ],
            [
              88.85268640400011,
              23.67759480300009
            ],
            [
              88.85298235300013,
              23.677041559000145
            ],
            [
              88.8532696600002,
              23.67636633000012
            ],
            [
              88.85323173600011,
              23.67584340800005
            ],
            [
              88.85322689900016,
              23.675776712000186
            ],
            [
              88.85315380200007,
              23.675620378000076
            ],
            [
              88.85302805000009,
              23.675493009000093
            ],
            [
              88.85236406200005,
              23.67509973700004
            ],
            [
              88.85202404300009,
              23.674964648000127
            ],
            [
              88.8518892030001,
              23.67491107600017
            ],
            [
              88.85116301400018,
              23.67476344700009
            ],
            [
              88.85069165800007,
              23.674722710000026
            ],
            [
              88.84972275600018,
              23.674839249000172
            ],
            [
              88.84951214000017,
              23.67495509200006
            ],
            [
              88.84927721800011,
              23.675082044000078
            ],
            [
              88.8485644610002,
              23.675675081000065
            ],
            [
              88.84813380700007,
              23.676351493000084
            ],
            [
              88.84767612900004,
              23.676894489000063
            ],
            [
              88.84730308500008,
              23.67746520600008
            ],
            [
              88.84692958300008,
              23.678087855
            ],
            [
              88.84683633500003,
              23.678338793000023
            ],
            [
              88.84658151700006,
              23.679024531000096
            ],
            [
              88.84628971100011,
              23.67983518400007
            ],
            [
              88.8463452530001,
              23.679896561000078
            ],
            [
              88.84632569800016,
              23.679987620000077
            ],
            [
              88.84618625900004,
              23.680636988000174
            ],
            [
              88.84616699600014,
              23.680726696000136
            ],
            [
              88.8460538490001,
              23.681253617000095
            ],
            [
              88.84615992100004,
              23.68281909800004
            ],
            [
              88.84619117900013,
              23.683830850000106
            ],
            [
              88.8464045880001,
              23.684550435000062
            ],
            [
              88.84650009300009,
              23.684965334000026
            ],
            [
              88.84637027200012,
              23.686189382
            ],
            [
              88.84634932000012,
              23.686376627000186
            ],
            [
              88.84622577800002,
              23.687287879000053
            ],
            [
              88.84610674900006,
              23.68796434500007
            ],
            [
              88.84608331100009,
              23.688126358999966
            ],
            [
              88.8459860230002,
              23.688798853000037
            ],
            [
              88.84560835200011,
              23.689891094000075
            ],
            [
              88.84529104300009,
              23.69056608600016
            ],
            [
              88.8449181850001,
              23.69110970300011
            ],
            [
              88.84485308000018,
              23.69119501200015
            ],
            [
              88.84485558900008,
              23.691258259000108
            ],
            [
              88.84442313000011,
              23.691679498999974
            ],
            [
              88.84394161200004,
              23.691858789000094
            ],
            [
              88.84375016900009,
              23.691882198000144
            ],
            [
              88.84369433100011,
              23.69188855300007
            ],
            [
              88.84309876000015,
              23.691933777000088
            ],
            [
              88.84304700000013,
              23.691933218000088
            ],
            [
              88.84299908900016,
              23.69193685600004
            ],
            [
              88.84231970000013,
              23.69192951900004
            ],
            [
              88.84033763800011,
              23.691939521
            ],
            [
              88.83937552499998,
              23.69188038300007
            ],
            [
              88.83888100500013,
              23.691865385000085
            ],
            [
              88.83822555400013,
              23.69181982500004
            ],
            [
              88.83797444200013,
              23.69179762200008
            ],
            [
              88.83694282600004,
              23.691627309000125
            ],
            [
              88.83654649300007,
              23.691599496000038
            ],
            [
              88.83626782300007,
              23.691574823000053
            ],
            [
              88.8360555430001,
              23.691528070000174
            ],
            [
              88.83572688700008,
              23.691437543000063
            ],
            [
              88.83538536900005,
              23.6912839310001
            ],
            [
              88.83513469200005,
              23.691171177
            ],
            [
              88.83489491000006,
              23.691081317000055
            ],
            [
              88.83433757100005,
              23.690686515000095
            ],
            [
              88.83368576800007,
              23.68981685300008
            ],
            [
              88.83389048600009,
              23.68926522200013
            ],
            [
              88.83417516200007,
              23.688716453000154
            ],
            [
              88.834862052,
              23.68791105600019
            ],
            [
              88.83509721100006,
              23.68741609900019
            ],
            [
              88.83522868800014,
              23.68713937400014
            ],
            [
              88.8354332130001,
              23.68660806200006
            ],
            [
              88.83562565900007,
              23.685848614000065
            ],
            [
              88.83581264800017,
              23.68494462400008
            ],
            [
              88.83587297399998,
              23.68405096900011
            ],
            [
              88.83587807300017,
              23.683972351000023
            ],
            [
              88.83585258300019,
              23.683963391000134
            ],
            [
              88.83570443899998,
              23.683948795
            ],
            [
              88.83544282800011,
              23.683971664000012
            ],
            [
              88.83431943500017,
              23.684308660000056
            ],
            [
              88.83418771900011,
              23.684318474000122
            ],
            [
              88.8335900460001,
              23.68436300100018
            ],
            [
              88.83305308100017,
              23.684300255000153
            ],
            [
              88.83278298400012,
              23.684053243000108
            ],
            [
              88.83198814200011,
              23.684352057000183
            ],
            [
              88.83194861800018,
              23.684396784000057
            ],
            [
              88.83185666400004,
              23.68443135600006
            ],
            [
              88.83132186800003,
              23.685036628000034
            ],
            [
              88.83050388000004,
              23.685473299000023
            ],
            [
              88.828484399,
              23.68601346600002
            ],
            [
              88.82767570300007,
              23.68631666699997
            ],
            [
              88.82741958700018,
              23.686413201000164
            ],
            [
              88.82719416500004,
              23.686498165000103
            ],
            [
              88.8261938760001,
              23.686429626
            ],
            [
              88.82504142300007,
              23.686790040000176
            ],
            [
              88.82426462900008,
              23.686877201000186
            ],
            [
              88.82396711500019,
              23.686910582
            ],
            [
              88.82268645600016,
              23.68716539800016
            ],
            [
              88.82248610100004,
              23.687205262000077
            ],
            [
              88.82049559000006,
              23.687432020000188
            ],
            [
              88.81993157500006,
              23.68749626800019
            ],
            [
              88.81851879800013,
              23.687732727000082
            ],
            [
              88.81806029800003,
              23.687792889000093
            ],
            [
              88.81781461900005,
              23.687825124000028
            ],
            [
              88.81775449500003,
              23.687833011000066
            ],
            [
              88.81765384000016,
              23.68784804800015
            ],
            [
              88.8168394760001,
              23.687722163000103
            ],
            [
              88.81643683100009,
              23.687716825000052
            ],
            [
              88.81609228200006,
              23.687590011
            ],
            [
              88.81575754500017,
              23.687463274000095
            ],
            [
              88.81562722700005,
              23.687028771000143
            ],
            [
              88.81509954199998,
              23.687024734000033
            ],
            [
              88.81484090700019,
              23.687022754000054
            ],
            [
              88.8144396080001,
              23.68683454000012
            ],
            [
              88.8142396400001,
              23.686647866000158
            ],
            [
              88.81397511600005,
              23.686212337000086
            ],
            [
              88.81384393400003,
              23.685841047000054
            ],
            [
              88.81378016800011,
              23.685470273000135
            ],
            [
              88.81371642300007,
              23.685097241000165
            ],
            [
              88.81371864600015,
              23.684851153000068
            ],
            [
              88.8138545590001,
              23.684664799000075
            ],
            [
              88.81394831500006,
              23.68463724300011
            ],
            [
              88.81398604800006,
              23.684585516000027
            ],
            [
              88.8141882320001,
              23.68452609899998
            ],
            [
              88.81432639500008,
              23.684463580000056
            ],
            [
              88.81432142400013,
              23.683987631000036
            ],
            [
              88.81426970100017,
              23.68398046700014
            ],
            [
              88.81391225800019,
              23.683891930000186
            ],
            [
              88.81350682200019,
              23.683738680000147
            ],
            [
              88.81345092400005,
              23.683693152000103
            ],
            [
              88.81326755300006,
              23.68354379600015
            ],
            [
              88.81273551800018,
              23.68347989
            ],
            [
              88.8123422320001,
              23.683474614000147
            ],
            [
              88.81204184900008,
              23.683430540000018
            ],
            [
              88.81167774700015,
              23.683366790000093
            ],
            [
              88.81135990200005,
              23.683447367999975
            ],
            [
              88.81128749600009,
              23.68346652600019
            ],
            [
              88.81100756100011,
              23.68371950900007
            ],
            [
              88.81079648600013,
              23.684015919000046
            ],
            [
              88.81042071300004,
              23.684631684000124
            ],
            [
              88.80993354900005,
              23.68521885800004
            ],
            [
              88.80951595100015,
              23.685462246999975
            ],
            [
              88.80891335500019,
              23.685541153000145
            ],
            [
              88.80849674500018,
              23.685539077000158
            ],
            [
              88.8082522110002,
              23.685537196999974
            ],
            [
              88.8079310940002,
              23.685193791000188
            ],
            [
              88.8079345770002,
              23.68480998700005
            ],
            [
              88.80797391599998,
              23.68470394800005
            ],
            [
              88.80800557700007,
              23.684618617000183
            ],
            [
              88.80838935100019,
              23.68464189200006
            ],
            [
              88.80846672900003,
              23.684661074000076
            ],
            [
              88.80854221900006,
              23.684647582000025
            ],
            [
              88.80865832100005,
              23.68451752500016
            ],
            [
              88.8087293750001,
              23.684221631000014
            ],
            [
              88.80903275100013,
              23.684050775000117
            ],
            [
              88.80923291400006,
              23.68398699000005
            ],
            [
              88.80927539900011,
              23.68372877799999
            ],
            [
              88.80927656700004,
              23.683600090000027
            ],
            [
              88.8092806210002,
              23.68315307100005
            ],
            [
              88.80916904500003,
              23.682682584000133
            ],
            [
              88.80891614300009,
              23.68248872099997
            ],
            [
              88.80875494100007,
              23.682487483000045
            ],
            [
              88.80850951300016,
              23.682485598000028
            ],
            [
              88.80803437800006,
              23.682737072
            ],
            [
              88.8076400610002,
              23.682862732000103
            ],
            [
              88.80679395100015,
              23.682795257000123
            ],
            [
              88.80670142700012,
              23.682792286000165
            ],
            [
              88.80628605700008,
              23.682722479000176
            ],
            [
              88.80604150700009,
              23.68263818400004
            ],
            [
              88.805905425,
              23.68233684100005
            ],
            [
              88.80576045700008,
              23.681950762000156
            ],
            [
              88.80572264700015,
              23.681947084000058
            ],
            [
              88.80524896100007,
              23.681873622000182
            ],
            [
              88.80524345900011,
              23.68175844600006
            ],
            [
              88.80525669900015,
              23.6813155750001
            ],
            [
              88.80526384500001,
              23.68107653900006
            ],
            [
              88.8053512460001,
              23.68042921600005
            ],
            [
              88.80542401900016,
              23.678896711000164
            ],
            [
              88.80558423000019,
              23.676894388000107
            ],
            [
              88.80566014400006,
              23.67621152600009
            ],
            [
              88.80570396000013,
              23.675817385000073
            ],
            [
              88.80571943600017,
              23.67548487800002
            ],
            [
              88.80567866600018,
              23.675174876000142
            ],
            [
              88.80555920600005,
              23.67445227900015
            ],
            [
              88.80553987000008,
              23.67411526100011
            ],
            [
              88.80554196900016,
              23.67399903400019
            ],
            [
              88.8055426840001,
              23.673959389
            ],
            [
              88.80558393600012,
              23.673609701000032
            ],
            [
              88.80576186600013,
              23.672767555000178
            ],
            [
              88.80595152400019,
              23.67186988800006
            ],
            [
              88.80594230900005,
              23.67028707500009
            ],
            [
              88.80550984700017,
              23.668652588000157
            ],
            [
              88.80542091800015,
              23.668316481000147
            ],
            [
              88.8053642700001,
              23.66746935800012
            ],
            [
              88.8049286550002,
              23.66570488600013
            ],
            [
              88.80484208300015,
              23.665352735000056
            ],
            [
              88.80458184300011,
              23.664294248000147
            ],
            [
              88.80395290100012,
              23.662818632999972
            ],
            [
              88.8034533340001,
              23.661654249000094
            ],
            [
              88.80340523000018,
              23.6614943940001
            ],
            [
              88.80244949800016,
              23.659172376000186
            ],
            [
              88.80202351900016,
              23.65832136900019
            ],
            [
              88.80193534400007,
              23.658185775000163
            ],
            [
              88.80188838900017,
              23.65804356600006
            ],
            [
              88.80152324500017,
              23.65693771700012
            ],
            [
              88.8015033310001,
              23.656877405000102
            ],
            [
              88.80131663700013,
              23.65649617200006
            ],
            [
              88.80085746000003,
              23.65555851200014
            ],
            [
              88.80034369900011,
              23.654456576000086
            ],
            [
              88.80021928800016,
              23.654207639
            ],
            [
              88.79938783600011,
              23.65254393200013
            ],
            [
              88.79867873100017,
              23.651125003
            ],
            [
              88.79768608400019,
              23.649494720000064
            ],
            [
              88.79653406900019,
              23.647938521000185
            ],
            [
              88.79608513400007,
              23.647383254000147
            ],
            [
              88.7941478510001,
              23.644987054000126
            ],
            [
              88.79410465900008,
              23.644933308000134
            ],
            [
              88.7940821200001,
              23.644905260000087
            ],
            [
              88.7940000430001,
              23.644797096000048
            ],
            [
              88.79172204500009,
              23.642004696000072
            ],
            [
              88.79096440900014,
              23.641127078000125
            ],
            [
              88.79082229400018,
              23.64101127100008
            ],
            [
              88.79066182200006,
              23.64086091000013
            ],
            [
              88.79053869900008,
              23.640710841000043
            ],
            [
              88.7904155760001,
              23.640560772000185
            ],
            [
              88.79021258500012,
              23.640295381000158
            ],
            [
              88.7900773830001,
              23.64010507300003
            ],
            [
              88.78987434200008,
              23.639845415000025
            ],
            [
              88.78972004400009,
              23.63970083700019
            ],
            [
              88.78960283100008,
              23.63958522300004
            ],
            [
              88.78919427400012,
              23.63933543100012
            ],
            [
              88.78899065600018,
              23.639138852000144
            ],
            [
              88.7886034280001,
              23.638691924000113
            ],
            [
              88.78808011300003,
              23.63808792200001
            ],
            [
              88.78800512200013,
              23.638001368000175
            ],
            [
              88.78655424700008,
              23.63669965800011
            ],
            [
              88.78580316300014,
              23.636041594000176
            ],
            [
              88.78554136800005,
              23.635831487000132
            ],
            [
              88.78535653900013,
              23.63562358200005
            ],
            [
              88.78522166600004,
              23.635398862000102
            ],
            [
              88.78513020500003,
              23.63519168800019
            ],
            [
              88.78468702300012,
              23.634649131000174
            ],
            [
              88.78453284400007,
              23.634493078000105
            ],
            [
              88.78444670700014,
              23.634383440000136
            ],
            [
              88.78436722000004,
              23.634227973000122
            ],
            [
              88.78425266500011,
              23.633825629000057
            ],
            [
              88.78422382800011,
              23.633565846000124
            ],
            [
              88.78421318400012,
              23.633469960000014
            ],
            [
              88.78417423000008,
              23.632387237000046
            ],
            [
              88.78397621400006,
              23.630974540000125
            ],
            [
              88.78382548700012,
              23.630146993000153
            ],
            [
              88.78362056500004,
              23.62951544900011
            ],
            [
              88.78372370100004,
              23.629444944000056
            ],
            [
              88.78369466700008,
              23.629355464000128
            ],
            [
              88.78411915200013,
              23.629065261
            ],
            [
              88.78419989000008,
              23.629016213000057
            ],
            [
              88.78475558600002,
              23.628681891999975
            ],
            [
              88.78523168700008,
              23.628541121000183
            ],
            [
              88.78566583300011,
              23.628398894000043
            ],
            [
              88.78624026500006,
              23.628357094000137
            ],
            [
              88.78660422400003,
              23.628454766
            ],
            [
              88.78702288000005,
              23.628796715000192
            ],
            [
              88.78741502100007,
              23.62919554800004
            ],
            [
              88.78746053400005,
              23.629238155999985
            ],
            [
              88.78813708500013,
              23.630216571000062
            ],
            [
              88.7882900840001,
              23.630800287000056
            ],
            [
              88.78870814500016,
              23.63124157200002
            ],
            [
              88.78912649,
              23.631585774000087
            ],
            [
              88.790012994,
              23.631687520000185
            ],
            [
              88.7902876780002,
              23.631689662000156
            ],
            [
              88.79121647700003,
              23.63169689800003
            ],
            [
              88.79232851500018,
              23.63122013500015
            ],
            [
              88.79285864700017,
              23.6309330040001
            ],
            [
              88.79349412200008,
              23.63064669700009
            ],
            [
              88.79397201400019,
              23.630309476000036
            ],
            [
              88.79417803700011,
              23.62997402700006
            ],
            [
              88.79423975400016,
              23.629873537000094
            ],
            [
              88.79435030700017,
              23.629341546000035
            ],
            [
              88.79457528300009,
              23.627787641000168
            ],
            [
              88.79463273900006,
              23.62730039500019
            ],
            [
              88.79474297900015,
              23.62676840100005
            ],
            [
              88.79474876800015,
              23.626135756000167
            ],
            [
              88.79499598199999,
              23.62576364400013
            ],
            [
              88.79542295100009,
              23.62523185100008
            ],
            [
              88.79569065600009,
              23.624798167000108
            ],
            [
              88.79643579000015,
              23.62407466500008
            ],
            [
              88.79712486700004,
              23.62368939400011
            ],
            [
              88.79786688100012,
              23.623306799000147
            ],
            [
              88.79909373100003,
              23.622929080000063
            ],
            [
              88.80031753400016,
              23.622747762000188
            ],
            [
              88.8014784340001,
              23.622969023999985
            ],
            [
              88.80156273900008,
              23.62302323300014
            ],
            [
              88.8016395050002,
              23.623066677000168
            ],
            [
              88.80233406500008,
              23.62345974200008
            ],
            [
              88.80244766900006,
              23.62362980100005
            ],
            [
              88.80250842200007,
              23.623793717000126
            ],
            [
              88.80255351100016,
              23.62396898200012
            ],
            [
              88.80256133500006,
              23.624135357000114
            ],
            [
              88.80259086500001,
              23.624310502000128
            ],
            [
              88.8025927000001,
              23.62445102300012
            ],
            [
              88.802610173,
              23.624583062000113
            ],
            [
              88.80265307300004,
              23.62499918000009
            ],
            [
              88.80266984300016,
              23.625208636000025
            ],
            [
              88.80265217100015,
              23.625440767000157
            ],
            [
              88.80261870500004,
              23.625698583000144
            ],
            [
              88.80258197000012,
              23.62597357800007
            ],
            [
              88.80257366100005,
              23.626202914000032
            ],
            [
              88.80255337300014,
              23.626380542
            ],
            [
              88.80247359100008,
              23.626597856000046
            ],
            [
              88.80237038200016,
              23.62699563900003
            ],
            [
              88.80191574500014,
              23.628391466000096
            ],
            [
              88.80169828100009,
              23.6290321030001
            ],
            [
              88.80159088500005,
              23.629509941000038
            ],
            [
              88.80155552700018,
              23.629660610000144
            ],
            [
              88.80169460600001,
              23.62954864800014
            ],
            [
              88.80202364500019,
              23.629578276000075
            ],
            [
              88.80247327900008,
              23.629419834000146
            ],
            [
              88.80353423100013,
              23.629045957000187
            ],
            [
              88.80388903000005,
              23.628912504000084
            ],
            [
              88.8049922990001,
              23.62849751600004
            ],
            [
              88.80546333600012,
              23.628316276000135
            ],
            [
              88.80559163200007,
              23.628266908000114
            ],
            [
              88.80674771700006,
              23.62812177300009
            ],
            [
              88.8074575670002,
              23.628032646000122
            ],
            [
              88.80786194000018,
              23.627981872000134
            ],
            [
              88.80826893700015,
              23.627930742
            ],
            [
              88.8087063980002,
              23.627833358000146
            ],
            [
              88.8092589200001,
              23.62771035600008
            ],
            [
              88.80951709600015,
              23.627796480000086
            ],
            [
              88.80966298300007,
              23.62784514700013
            ],
            [
              88.80971248500003,
              23.627861659000075
            ],
            [
              88.80980620100019,
              23.627892918999976
            ],
            [
              88.81015969000003,
              23.628179275000036
            ],
            [
              88.81040556800014,
              23.62837844500001
            ],
            [
              88.81071016900017,
              23.628591987000107
            ],
            [
              88.81084186700008,
              23.6286843150001
            ],
            [
              88.81107069700016,
              23.62871197200019
            ],
            [
              88.81128072700017,
              23.628737328000113
            ],
            [
              88.81216237200016,
              23.62836475300014
            ],
            [
              88.81326189000004,
              23.627878498000143
            ],
            [
              88.81384588700013,
              23.62762023900018
            ],
            [
              88.81502496700017,
              23.627098793000187
            ],
            [
              88.81513834000003,
              23.62704865400002
            ],
            [
              88.81532109700015,
              23.626955260000102
            ],
            [
              88.8160969830002,
              23.62655874799998
            ],
            [
              88.81621356700009,
              23.626499173000127
            ],
            [
              88.81695370900002,
              23.62610323100006
            ],
            [
              88.81732977500008,
              23.6259182660001
            ],
            [
              88.81737587400005,
              23.62589562200003
            ],
            [
              88.81741039700017,
              23.62587866500013
            ],
            [
              88.81744499400008,
              23.625861672000042
            ],
            [
              88.8174686930002,
              23.625850033000063
            ],
            [
              88.81749539800018,
              23.62583691600014
            ],
            [
              88.81756367900005,
              23.62580293000019
            ],
            [
              88.8176114380002,
              23.625763566000103
            ],
            [
              88.8176640870002,
              23.6257191630001
            ],
            [
              88.817721012,
              23.625671156000124
            ],
            [
              88.8177659050001,
              23.625621775000184
            ],
            [
              88.81776034700016,
              23.625531071000125
            ],
            [
              88.81774544600006,
              23.625293756000133
            ],
            [
              88.81773001400006,
              23.62504796900015
            ],
            [
              88.81771640199997,
              23.625025132000133
            ],
            [
              88.81764053700005,
              23.624897854999972
            ],
            [
              88.8171144170002,
              23.62455220600009
            ],
            [
              88.81703999800015,
              23.62446997300009
            ],
            [
              88.81662684000008,
              23.624019768000096
            ],
            [
              88.81634923500013,
              23.623647613000117
            ],
            [
              88.81624911000011,
              23.62351338600007
            ],
            [
              88.81622409100004,
              23.62346043100007
            ],
            [
              88.81603177900013,
              23.623053383000126
            ],
            [
              88.81595188500012,
              23.622775057000013
            ],
            [
              88.8159833040001,
              23.622346305000065
            ],
            [
              88.81605690800018,
              23.62216772900007
            ],
            [
              88.81612517300005,
              23.622032960000183
            ],
            [
              88.81619223200016,
              23.62190084499997
            ],
            [
              88.81623052400016,
              23.62186485700005
            ],
            [
              88.81674322500004,
              23.621600237000166
            ],
            [
              88.81691890200011,
              23.621509655000125
            ],
            [
              88.81693770400005,
              23.621451018000187
            ],
            [
              88.81691253899999,
              23.62119111700008
            ],
            [
              88.81690792400008,
              23.621141404000127
            ],
            [
              88.81688515100006,
              23.620927185000085
            ],
            [
              88.8168792890001,
              23.62087205300014
            ],
            [
              88.81687159700016,
              23.6207996980001
            ],
            [
              88.81686696000003,
              23.62075608100014
            ],
            [
              88.81682462700019,
              23.62035789200013
            ],
            [
              88.81681951800005,
              23.62030984000006
            ],
            [
              88.81680264700015,
              23.620210368000187
            ],
            [
              88.81655969200006,
              23.619963979000147
            ],
            [
              88.81638315400016,
              23.619784947000085
            ],
            [
              88.8163143490001,
              23.619714734000013
            ],
            [
              88.81618252500016,
              23.619580211000027
            ],
            [
              88.81611298700011,
              23.619482655000127
            ],
            [
              88.81595112100001,
              23.619255572000043
            ],
            [
              88.81591524100008,
              23.61919207800014
            ],
            [
              88.81577626700016,
              23.618865583
            ],
            [
              88.81575428800016,
              23.618812335000086
            ],
            [
              88.81575377600012,
              23.61876491700002
            ],
            [
              88.81575803300007,
              23.618382569
            ],
            [
              88.81580023800007,
              23.618302510999968
            ],
            [
              88.81591455000012,
              23.618091924000055
            ],
            [
              88.81594996000001,
              23.618059743000117
            ],
            [
              88.81613381500006,
              23.6178926500001
            ],
            [
              88.81646471900007,
              23.61775510100017
            ],
            [
              88.81682188400003,
              23.61760663300015
            ],
            [
              88.81685279600015,
              23.617575259000034
            ],
            [
              88.81720948500003,
              23.617216721000034
            ],
            [
              88.81726656500018,
              23.61710556800017
            ],
            [
              88.81730737900017,
              23.61702609100007
            ],
            [
              88.81735682800007,
              23.616788144000168
            ],
            [
              88.81736452600018,
              23.616751099000055
            ],
            [
              88.8175602070001,
              23.616346176000036
            ],
            [
              88.81757531600005,
              23.61630113500013
            ],
            [
              88.81770211900016,
              23.615922855000065
            ],
            [
              88.81771126100017,
              23.615895585000146
            ],
            [
              88.81775913500007,
              23.61575276700006
            ],
            [
              88.81776746800011,
              23.615727906000018
            ],
            [
              88.81777805400014,
              23.615696325000158
            ],
            [
              88.81781387300015,
              23.615589469000042
            ],
            [
              88.81781426700019,
              23.61554538700011
            ],
            [
              88.81781457200015,
              23.615511451000145
            ],
            [
              88.81781506100009,
              23.6154570490001
            ],
            [
              88.81782051500016,
              23.614848951000056
            ],
            [
              88.81782087200008,
              23.614809209000157
            ],
            [
              88.81782126500008,
              23.614765456000157
            ],
            [
              88.8178215690001,
              23.614731544
            ],
            [
              88.8177422650001,
              23.61461952700006
            ],
            [
              88.81757908800017,
              23.61438903600009
            ],
            [
              88.81744319500001,
              23.614197083000136
            ],
            [
              88.81728660900006,
              23.613987406999968
            ],
            [
              88.81721365500005,
              23.61388974800019
            ],
            [
              88.81717526500006,
              23.61383835800018
            ],
            [
              88.81709453500014,
              23.61373029000015
            ],
            [
              88.81706528600012,
              23.613690953000173
            ],
            [
              88.81703723500004,
              23.613676866000162
            ],
            [
              88.81699470600012,
              23.613659534000135
            ],
            [
              88.81602917999999,
              23.613278497000124
            ],
            [
              88.81525690200004,
              23.613070526000058
            ],
            [
              88.81495721600015,
              23.612813100000096
            ],
            [
              88.81492962800019,
              23.61276456000013
            ],
            [
              88.81465690500005,
              23.61228472900018
            ],
            [
              88.81452584700008,
              23.611974401000055
            ],
            [
              88.81452887500012,
              23.611638004000042
            ],
            [
              88.81454200500013,
              23.611424006000107
            ],
            [
              88.81454646000009,
              23.611351391000028
            ],
            [
              88.8145810420001,
              23.611147453
            ],
            [
              88.81463669900018,
              23.61081922600016
            ],
            [
              88.81464641700006,
              23.61076059500016
            ],
            [
              88.81468684000015,
              23.610687794000114
            ],
            [
              88.81489928200011,
              23.61030133700018
            ],
            [
              88.81493958800007,
              23.610224891000087
            ],
            [
              88.81494909999998,
              23.610188838
            ],
            [
              88.81499162000011,
              23.61003021500011
            ],
            [
              88.81505178000015,
              23.60980578800013
            ],
            [
              88.81520003500009,
              23.608747983000114
            ],
            [
              88.81520265200004,
              23.608456742000044
            ],
            [
              88.815206063,
              23.608077444000116
            ],
            [
              88.8150170020001,
              23.607746356000064
            ],
            [
              88.81495580300009,
              23.60763751000013
            ],
            [
              88.81477370900012,
              23.60731550500003
            ],
            [
              88.81472503700019,
              23.606631003000075
            ],
            [
              88.81473693300012,
              23.606599013000107
            ],
            [
              88.81476360800008,
              23.606524905000185
            ],
            [
              88.81479244100007,
              23.606419740000092
            ],
            [
              88.81460853700014,
              23.60613338600001
            ],
            [
              88.81429295600009,
              23.605738107000093
            ],
            [
              88.81376187100011,
              23.60563696300005
            ],
            [
              88.81259258300014,
              23.605528680000077
            ],
            [
              88.81163699600006,
              23.605327192000118
            ],
            [
              88.81100819800008,
              23.604243121000025
            ],
            [
              88.81096936700015,
              23.602673615000015
            ],
            [
              88.80986945000018,
              23.600752785000054
            ],
            [
              88.80880986200009,
              23.600304378000033
            ],
            [
              88.80869107000018,
              23.60030346900004
            ],
            [
              88.80872414700019,
              23.600129160000108
            ],
            [
              88.8087643290001,
              23.599917938000033
            ],
            [
              88.80936332800002,
              23.599609963000034
            ],
            [
              88.8095258570001,
              23.59952640100005
            ],
            [
              88.8108228590001,
              23.59933598600003
            ],
            [
              88.81201736600008,
              23.599344528000188
            ],
            [
              88.81298912500012,
              23.599652252000055
            ],
            [
              88.81450913700007,
              23.59916488900012
            ],
            [
              88.81499224600003,
              23.597111621000067
            ],
            [
              88.81507177700013,
              23.59677359400007
            ],
            [
              88.81562124300012,
              23.59588141400019
            ],
            [
              88.81563022000006,
              23.594883504
            ],
            [
              88.81649981900011,
              23.594490494000183
            ],
            [
              88.81663817300006,
              23.594118477000052
            ],
            [
              88.8167599040001,
              23.593791113000123
            ],
            [
              88.81694356600019,
              23.59329720200003
            ],
            [
              88.81760379200011,
              23.59210556200003
            ],
            [
              88.8182586640001,
              23.59150995500005
            ],
            [
              88.81837031900017,
              23.59111342
            ],
            [
              88.81815473300009,
              23.591010176000168
            ],
            [
              88.81816276100005,
              23.590113867000184
            ],
            [
              88.81935630200013,
              23.58982265400016
            ],
            [
              88.82000665300006,
              23.589728251000054
            ],
            [
              88.82033569800018,
              23.589231765000022
            ],
            [
              88.81980174800003,
              23.588430683000183
            ],
            [
              88.81980889800013,
              23.587631453000142
            ],
            [
              88.81981425000004,
              23.587033158999986
            ],
            [
              88.82035979900013,
              23.58653830999998
            ],
            [
              88.82113074700015,
              23.58643966
            ],
            [
              88.82178357700013,
              23.58419217000005
            ],
            [
              88.82186719500015,
              23.583881219000148
            ],
            [
              88.82030013400009,
              23.58221656900008
            ],
            [
              88.81747022600007,
              23.58025103400007
            ],
            [
              88.81695255500011,
              23.579176864000033
            ],
            [
              88.81611857900003,
              23.57810254100002
            ],
            [
              88.81570886700007,
              23.57673792600019
            ],
            [
              88.81540041900013,
              23.575861783000107
            ],
            [
              88.81499072000008,
              23.57449716499997
            ],
            [
              88.81458046400007,
              23.573229632
            ],
            [
              88.81458481200008,
              23.572745311000176
            ],
            [
              88.81458959800011,
              23.572212169000125
            ],
            [
              88.81459005100004,
              23.572161735
            ],
            [
              88.81481235300015,
              23.570899025000188
            ],
            [
              88.8148688730002,
              23.570838434000052
            ],
            [
              88.81487583300009,
              23.570798895000053
            ],
            [
              88.81489179300013,
              23.570733203000145
            ],
            [
              88.81494754100015,
              23.570559022
            ],
            [
              88.81498967000016,
              23.570486699000185
            ],
            [
              88.81501942300002,
              23.57040663600003
            ],
            [
              88.815024532,
              23.57029962000007
            ],
            [
              88.81502535500016,
              23.57020786600009
            ],
            [
              88.81502614500005,
              23.570119935000037
            ],
            [
              88.81505137300019,
              23.570081894000168
            ],
            [
              88.81510983100009,
              23.570036465000044
            ],
            [
              88.81543108300019,
              23.569828629000085
            ],
            [
              88.81563133400016,
              23.56970016100007
            ],
            [
              88.81576871900006,
              23.569643860000156
            ],
            [
              88.81591789000004,
              23.56963314600017
            ],
            [
              88.81605744400002,
              23.56948353700011
            ],
            [
              88.8169148500001,
              23.567936652000128
            ],
            [
              88.8171077560001,
              23.567630789000134
            ],
            [
              88.81726921600011,
              23.567374782000172
            ],
            [
              88.81734284800018,
              23.567258034000076
            ],
            [
              88.81735396700009,
              23.56601630600005
            ],
            [
              88.8173593080001,
              23.56541991200004
            ],
            [
              88.8180367020002,
              23.56410324300009
            ],
            [
              88.81811056200007,
              23.56396060900005
            ],
            [
              88.81811884100017,
              23.563035649000028
            ],
            [
              88.8181191220001,
              23.56300418
            ],
            [
              88.81811938400011,
              23.562974918000066
            ],
            [
              88.8181205640002,
              23.56284304000019
            ],
            [
              88.81812148800009,
              23.56273976500006
            ],
            [
              88.81812184600017,
              23.562699630000054
            ],
            [
              88.81812619200014,
              23.56221356599997
            ],
            [
              88.81812884100009,
              23.561917375000064
            ],
            [
              88.81782562100005,
              23.560458743000027
            ],
            [
              88.81752123900009,
              23.55909493200005
            ],
            [
              88.81720448300018,
              23.558498709
            ],
            [
              88.8170915770001,
              23.558286070000065
            ],
            [
              88.81658816400005,
              23.557337987000096
            ],
            [
              88.81471189299998,
              23.554894227000034
            ],
            [
              88.81419259400013,
              23.554014215000052
            ],
            [
              88.81419460100017,
              23.55379047000008
            ],
            [
              88.81421700100009,
              23.551293666000106
            ],
            [
              88.81380594100017,
              23.55012321100014
            ],
            [
              88.8137436950002,
              23.549845501000107
            ],
            [
              88.81370556600012,
              23.54967538800014
            ],
            [
              88.81362769600008,
              23.549326526000073
            ],
            [
              88.81352480600009,
              23.548865563
            ],
            [
              88.81350161100005,
              23.548761650000017
            ],
            [
              88.81365484700012,
              23.548673217999976
            ],
            [
              88.81387520600015,
              23.54854603400014
            ],
            [
              88.81432895200004,
              23.548284142000114
            ],
            [
              88.81466763200018,
              23.54808866200011
            ],
            [
              88.81499256300015,
              23.54758533000006
            ],
            [
              88.81579894500004,
              23.546625707000146
            ],
            [
              88.81696999600007,
              23.54537258700003
            ],
            [
              88.81726156100012,
              23.544672108000043
            ],
            [
              88.81790117399999,
              23.543900338000128
            ],
            [
              88.81906678000018,
              23.543229571000154
            ],
            [
              88.82138528500008,
              23.54334424200016
            ],
            [
              88.82286133500014,
              23.5433554170001
            ],
            [
              88.82412822200007,
              23.54316856300011
            ],
            [
              88.82592564600014,
              23.54259960800016
            ],
            [
              88.82646014500006,
              23.54162555300013
            ],
            [
              88.8263609660001,
              23.54104721300007
            ],
            [
              88.826129359,
              23.540860319000046
            ],
            [
              88.82562842900012,
              23.54045914900007
            ],
            [
              88.82351970500008,
              23.5404432200001
            ],
            [
              88.82278429000007,
              23.540146393000157
            ],
            [
              88.82215707500018,
              23.53955911000014
            ],
            [
              88.82132417500014,
              23.538385477000077
            ],
            [
              88.8206569300001,
              23.537129384000025
            ],
            [
              88.82049444900008,
              23.53682350800011
            ],
            [
              88.8202070750001,
              23.53646446100015
            ],
            [
              88.81986899000009,
              23.536042055
            ],
            [
              88.81934363900007,
              23.53584389400004
            ],
            [
              88.8186073930001,
              23.535644132000016
            ],
            [
              88.81840259000012,
              23.53496069200014
            ],
            [
              88.81845304900008,
              23.534946815000183
            ],
            [
              88.81843437200007,
              23.53488446600005
            ],
            [
              88.81980849200005,
              23.534506544000067
            ],
            [
              88.82054702500017,
              23.53441505000012
            ],
            [
              88.82102143000009,
              23.53389974400011
            ],
            [
              88.82107960300016,
              23.53383655800002
            ],
            [
              88.820383236,
              23.533492567999986
            ],
            [
              88.8208628060001,
              23.532642750000036
            ],
            [
              88.82111156800005,
              23.532284591000177
            ],
            [
              88.82113233600018,
              23.532254689000183
            ],
            [
              88.82129822200005,
              23.53201585000005
            ],
            [
              88.82129371800005,
              23.531939346000115
            ],
            [
              88.82127116200013,
              23.53185314899997
            ],
            [
              88.82126394000005,
              23.531790964000095
            ],
            [
              88.82127993700004,
              23.531740900000045
            ],
            [
              88.82131913100011,
              23.531705358000124
            ],
            [
              88.82137631000012,
              23.53168667300008
            ],
            [
              88.82191985400016,
              23.5315326810001
            ],
            [
              88.82202801000005,
              23.530711755000027
            ],
            [
              88.82202938500006,
              23.530557312000155
            ],
            [
              88.82203619000018,
              23.529792861000033
            ],
            [
              88.82203463500014,
              23.529749811000045
            ],
            [
              88.8216896460001,
              23.530093089
            ],
            [
              88.82125405400012,
              23.530026577
            ],
            [
              88.82044814700015,
              23.530467526000166
            ],
            [
              88.82001703100019,
              23.530482323000058
            ],
            [
              88.81842780200003,
              23.530547034
            ],
            [
              88.81801750700015,
              23.53059584700003
            ],
            [
              88.81777410800015,
              23.529984372000172
            ],
            [
              88.8178904520002,
              23.52936852
            ],
            [
              88.81884278000013,
              23.529028071000027
            ],
            [
              88.81947770200009,
              23.528332945000045
            ],
            [
              88.81980226200011,
              23.527603339000052
            ],
            [
              88.818828742,
              23.52703425600015
            ],
            [
              88.81771242700012,
              23.52700094200003
            ],
            [
              88.81670944000018,
              23.52695945500011
            ],
            [
              88.816088465,
              23.526539282000044
            ],
            [
              88.81525765000015,
              23.527065429000174
            ],
            [
              88.81523238400018,
              23.527081428000145
            ],
            [
              88.81509989400001,
              23.52830645000006
            ],
            [
              88.81501645100013,
              23.528703200000052
            ],
            [
              88.81490805200013,
              23.52903005400009
            ],
            [
              88.81372807900016,
              23.52900937700008
            ],
            [
              88.81324441700008,
              23.528150365000045
            ],
            [
              88.81296712600016,
              23.527396380000084
            ],
            [
              88.81257668500007,
              23.526767969000048
            ],
            [
              88.81220881500019,
              23.526288259000125
            ],
            [
              88.81215997100009,
              23.52622455100004
            ],
            [
              88.81192576800015,
              23.52591914300018
            ],
            [
              88.81207255000004,
              23.525580642000136
            ],
            [
              88.81221298300017,
              23.525258355
            ],
            [
              88.81115696600011,
              23.524781185000165
            ],
            [
              88.81017610500004,
              23.524970128000064
            ],
            [
              88.80965893800015,
              23.524511932000166
            ],
            [
              88.80937532400014,
              23.52389309400013
            ],
            [
              88.80927802300016,
              23.523680785000067
            ],
            [
              88.8086772100001,
              23.522113737000097
            ],
            [
              88.80822119600003,
              23.52119129100015
            ],
            [
              88.80763089400006,
              23.52048485300014
            ],
            [
              88.807591952,
              23.520438249000165
            ],
            [
              88.80753381700009,
              23.520368676000032
            ],
            [
              88.80641111400018,
              23.519038486000113
            ],
            [
              88.80595437700015,
              23.518497331000162
            ],
            [
              88.80591249600013,
              23.518447709000156
            ],
            [
              88.80551357799999,
              23.51815037500006
            ],
            [
              88.80526401300006,
              23.517657323000094
            ],
            [
              88.80521870500002,
              23.51756783200011
            ],
            [
              88.80514555000013,
              23.51742370500017
            ],
            [
              88.80512987400004,
              23.517392070000085
            ],
            [
              88.80511486000006,
              23.51735899600004
            ],
            [
              88.8051048010002,
              23.51733359100018
            ],
            [
              88.80509239700007,
              23.517299334000086
            ],
            [
              88.8050348500002,
              23.51713615400007
            ],
            [
              88.8049115340001,
              23.516787743000123
            ],
            [
              88.80489367800004,
              23.516737293
            ],
            [
              88.80486947200018,
              23.51666890100006
            ],
            [
              88.80483177200006,
              23.5165623850001
            ],
            [
              88.80480898400015,
              23.51653486100014
            ],
            [
              88.80476818800014,
              23.516519529000107
            ],
            [
              88.8033238750001,
              23.515976714999965
            ],
            [
              88.80319515500014,
              23.51481066200006
            ],
            [
              88.80313120100016,
              23.514397943000063
            ],
            [
              88.80303942000012,
              23.513805644
            ],
            [
              88.80288737800015,
              23.51282443700012
            ],
            [
              88.80287849500019,
              23.512767107000172
            ],
            [
              88.80349764100009,
              23.51104007300006
            ],
            [
              88.80458513100018,
              23.508961969999973
            ],
            [
              88.80465267700009,
              23.50883289500007
            ],
            [
              88.80553768900012,
              23.50796244100019
            ],
            [
              88.80701803100004,
              23.507418350000023
            ],
            [
              88.80862939500014,
              23.50724328299998
            ],
            [
              88.80919707500004,
              23.507193312000027
            ],
            [
              88.80983479400015,
              23.50713717200017
            ],
            [
              88.81085781500013,
              23.507192779000093
            ],
            [
              88.8114930430001,
              23.507149835000064
            ],
            [
              88.8121424040001,
              23.506975568000144
            ],
            [
              88.81275503900008,
              23.506562056
            ],
            [
              88.8131735610001,
              23.506123166000123
            ],
            [
              88.81320109600011,
              23.506084470000133
            ],
            [
              88.81318722900016,
              23.506059486000026
            ],
            [
              88.81318841100006,
              23.505927588000134
            ],
            [
              88.81330856300008,
              23.505704835000074
            ],
            [
              88.81366544700012,
              23.50496764200011
            ],
            [
              88.81365207700009,
              23.504637341000034
            ],
            [
              88.813595669,
              23.504374254000027
            ],
            [
              88.81281515500007,
              23.50073385400009
            ],
            [
              88.81209874800004,
              23.49837793400019
            ],
            [
              88.81158919200016,
              23.495343967000053
            ],
            [
              88.81133501300019,
              23.493795375
            ],
            [
              88.81118596300013,
              23.492888376
            ],
            [
              88.81031051200006,
              23.490666699000144
            ],
            [
              88.81000676500008,
              23.49014816300007
            ],
            [
              88.80994585000008,
              23.489995459
            ],
            [
              88.8098545790001,
              23.489835595000102
            ],
            [
              88.8097118190002,
              23.489576425000166
            ],
            [
              88.80970225400017,
              23.489422807999972
            ],
            [
              88.80951026900004,
              23.48902269299998
            ],
            [
              88.80969907100018,
              23.489356594000185
            ],
            [
              88.80969401100015,
              23.48925130100008
            ],
            [
              88.80972630000002,
              23.489117728000167
            ],
            [
              88.80988276900013,
              23.489004222000176
            ],
            [
              88.81008350600013,
              23.488990334999983
            ],
            [
              88.81026308400004,
              23.488982997999983
            ],
            [
              88.81046128700018,
              23.48897489900014
            ],
            [
              88.81123493600018,
              23.489607839000087
            ],
            [
              88.81243278800014,
              23.490856671000074
            ],
            [
              88.81245575800011,
              23.490880618000176
            ],
            [
              88.81277917200003,
              23.49121779100011
            ],
            [
              88.81415057999999,
              23.492688771000132
            ],
            [
              88.81435962300014,
              23.49280475
            ],
            [
              88.81483533000016,
              23.493068673000096
            ],
            [
              88.815630026,
              23.49329406200019
            ],
            [
              88.81609556300009,
              23.49324981400008
            ],
            [
              88.81656507600013,
              23.493140863000065
            ],
            [
              88.81687219700007,
              23.492940056
            ],
            [
              88.81702055900007,
              23.492761385000108
            ],
            [
              88.81726641600005,
              23.492465295000102
            ],
            [
              88.81754437100005,
              23.492116664000093
            ],
            [
              88.81784016000012,
              23.491745663000074
            ],
            [
              88.81815446800016,
              23.490899252000133
            ],
            [
              88.81853600300002,
              23.48902103100005
            ],
            [
              88.81889931600017,
              23.48686021000003
            ],
            [
              88.81905654700012,
              23.486694316000182
            ],
            [
              88.81942221200006,
              23.48632842500018
            ],
            [
              88.81957545200015,
              23.486254008000174
            ],
            [
              88.81987184400015,
              23.486110073000077
            ],
            [
              88.81999195900005,
              23.48606170000005
            ],
            [
              88.82033778300007,
              23.485922430000073
            ],
            [
              88.8209454220002,
              23.485728109000092
            ],
            [
              88.82131885200016,
              23.485608686000035
            ],
            [
              88.82196601000004,
              23.485552405000135
            ],
            [
              88.82258270900019,
              23.48573528900016
            ],
            [
              88.82332771000011,
              23.485956217000137
            ],
            [
              88.82355360700006,
              23.486023206000084
            ],
            [
              88.82541112600018,
              23.486908953000068
            ],
            [
              88.82700495500018,
              23.4882693940001
            ],
            [
              88.82714477299999,
              23.48851429900003
            ],
            [
              88.82727310100017,
              23.48882518400012
            ],
            [
              88.82728407700017,
              23.488851775000057
            ],
            [
              88.82756500800008,
              23.489264825000134
            ],
            [
              88.82788434600019,
              23.489867829000104
            ],
            [
              88.82824274400019,
              23.490656273000184
            ],
            [
              88.8285620740001,
              23.491295398000034
            ],
            [
              88.82879802300005,
              23.49215968900006
            ],
            [
              88.82881781800018,
              23.492244927000172
            ],
            [
              88.82895455700003,
              23.492833720000135
            ],
            [
              88.82898664900017,
              23.493580979000058
            ],
            [
              88.82898831300014,
              23.493619721000073
            ],
            [
              88.8288582620001,
              23.494519643000103
            ],
            [
              88.82864646700011,
              23.49552733200005
            ],
            [
              88.82839559000001,
              23.496351835000155
            ],
            [
              88.82802398900009,
              23.497019634000083
            ],
            [
              88.82769238500003,
              23.49776675900017
            ],
            [
              88.82719925400016,
              23.498438157000123
            ],
            [
              88.82666444100005,
              23.499219879000123
            ],
            [
              88.82560041700015,
              23.5001488850001
            ],
            [
              88.82474024900017,
              23.501002655000036
            ],
            [
              88.82408359800013,
              23.501785705000145
            ],
            [
              88.82379500400003,
              23.50226897200008
            ],
            [
              88.82330550600005,
              23.502527190000137
            ],
            [
              88.82281399900018,
              23.503011181000147
            ],
            [
              88.82240225900017,
              23.50364479100017
            ],
            [
              88.8218303340002,
              23.504051403000062
            ],
            [
              88.82097278700002,
              23.504571003000024
            ],
            [
              88.82044090600016,
              23.505016296
            ],
            [
              88.82023869300008,
              23.505153129000064
            ],
            [
              88.8206184020001,
              23.50584011300009
            ],
            [
              88.82067613200007,
              23.505944195000154
            ],
            [
              88.82070822499998,
              23.506002056000057
            ],
            [
              88.82102042000014,
              23.506373441000164
            ],
            [
              88.82107433800019,
              23.506330665000178
            ],
            [
              88.82135762800016,
              23.506445704000157
            ],
            [
              88.82176038400013,
              23.50682356100009
            ],
            [
              88.82236439400015,
              23.507388084000183
            ],
            [
              88.82317158500007,
              23.507956402000104
            ],
            [
              88.82361440500011,
              23.50837294000013
            ],
            [
              88.82414230199998,
              23.50837692900018
            ],
            [
              88.82483037600008,
              23.508644036000135
            ],
            [
              88.8249485280001,
              23.509055866000153
            ],
            [
              88.82494520300008,
              23.509430648000034
            ],
            [
              88.82522646500007,
              23.509635670000137
            ],
            [
              88.82530827700009,
              23.509695304000104
            ],
            [
              88.82664572300013,
              23.510005687000103
            ],
            [
              88.82798286500008,
              23.5103160540001
            ],
            [
              88.82867095800009,
              23.510583146000045
            ],
            [
              88.82976485000017,
              23.510853286000156
            ],
            [
              88.83016832400017,
              23.511154360000035
            ],
            [
              88.83045129100003,
              23.51130776600013
            ],
            [
              88.83077798700009,
              23.511084428000117
            ],
            [
              88.83114401800009,
              23.51105105
            ],
            [
              88.83187351000004,
              23.511205543000074
            ],
            [
              88.83239888500009,
              23.511566231000074
            ],
            [
              88.832478896,
              23.51162102000012
            ],
            [
              88.83275956000017,
              23.512036318000185
            ],
            [
              88.83324511799998,
              23.51222736300008
            ],
            [
              88.83433868500015,
              23.512571977000164
            ],
            [
              88.83527075699999,
              23.51276636000017
            ],
            [
              88.83608167300014,
              23.51292144500013
            ],
            [
              88.836890922,
              23.513266176000172
            ],
            [
              88.83708863900011,
              23.51340538100004
            ],
            [
              88.83717928200008,
              23.51329542100018
            ],
            [
              88.83778489700018,
              23.513722173000133
            ],
            [
              88.83838997900017,
              23.514176007
            ],
            [
              88.8391172050001,
              23.514592369000184
            ],
            [
              88.84000759400016,
              23.51493543100014
            ],
            [
              88.84073613200002,
              23.515202773000055
            ],
            [
              88.84142360400006,
              23.51554657300011
            ],
            [
              88.84194694100012,
              23.515550467000082
            ],
            [
              88.84219514400013,
              23.515552313000057
            ],
            [
              88.84239346100014,
              23.515553786000055
            ],
            [
              88.84259667500004,
              23.515555299000084
            ],
            [
              88.84264166400015,
              23.515555631000154
            ],
            [
              88.84284487800011,
              23.515557141999977
            ],
            [
              88.84290365000015,
              23.51519826800012
            ],
            [
              88.84293056000007,
              23.51503394700012
            ],
            [
              88.84293147700004,
              23.514928996000037
            ],
            [
              88.84295453300018,
              23.51478820800014
            ],
            [
              88.84313737800011,
              23.51462228700018
            ],
            [
              88.8439509480001,
              23.514440925000088
            ],
            [
              88.84407470600007,
              23.514218312000082
            ],
            [
              88.84402064200003,
              23.513957550000157
            ],
            [
              88.84399687600018,
              23.513842922000094
            ],
            [
              88.84359436900019,
              23.513426738000135
            ],
            [
              88.84355722300012,
              23.513053910000167
            ],
            [
              88.84359831900014,
              23.51279907300011
            ],
            [
              88.84363692400007,
              23.512785205000057
            ],
            [
              88.84396728900015,
              23.512569249000137
            ],
            [
              88.84421219600006,
              23.51242204700003
            ],
            [
              88.84421450300016,
              23.512157889000036
            ],
            [
              88.84421596900012,
              23.511989854000035
            ],
            [
              88.84421775400017,
              23.5117853590001
            ],
            [
              88.84427413800006,
              23.51173814100008
            ],
            [
              88.84427454200005,
              23.51169187800008
            ],
            [
              88.84427779300006,
              23.511319347000097
            ],
            [
              88.844809623,
              23.510873971000024
            ],
            [
              88.84501446200017,
              23.510688086000187
            ],
            [
              88.84513888400016,
              23.510388708000107
            ],
            [
              88.84536891700009,
              23.510149657000113
            ],
            [
              88.84542580800013,
              23.510090535000018
            ],
            [
              88.84550983700007,
              23.509754731000157
            ],
            [
              88.84558434200011,
              23.50960377399997
            ],
            [
              88.84567527500008,
              23.50941952700009
            ],
            [
              88.84587164900012,
              23.509205900000097
            ],
            [
              88.84590952700006,
              23.509141182000064
            ],
            [
              88.84593262800013,
              23.509106943000177
            ],
            [
              88.84595768500014,
              23.509086099000058
            ],
            [
              88.84672846600006,
              23.508870922000085
            ],
            [
              88.84678223600008,
              23.508716948000142
            ],
            [
              88.84686104100012,
              23.50849128600015
            ],
            [
              88.84678779400019,
              23.507553715000086
            ],
            [
              88.84646471299999,
              23.506446987000174
            ],
            [
              88.84639343700013,
              23.506202826000163
            ],
            [
              88.84636633400015,
              23.505337136000094
            ],
            [
              88.8463618310002,
              23.505193310000095
            ],
            [
              88.84648917100009,
              23.504557524000063
            ],
            [
              88.8469779850002,
              23.50437373500006
            ],
            [
              88.84807577900006,
              23.50419445400007
            ],
            [
              88.84929763200017,
              23.503790288
            ],
            [
              88.84994264500017,
              23.50367026600003
            ],
            [
              88.85019761300015,
              23.50362307500012
            ],
            [
              88.85027362200015,
              23.503610090000052
            ],
            [
              88.85153616900004,
              23.50317008100012
            ],
            [
              88.8529225040001,
              23.50288902700015
            ],
            [
              88.85295989400015,
              23.502882528000043
            ],
            [
              88.85371430000004,
              23.5029151760001
            ],
            [
              88.85434146400007,
              23.502740059000075
            ],
            [
              88.85535532800014,
              23.502412439000125
            ],
            [
              88.85624923199998,
              23.502344495000045
            ],
            [
              88.8570617360001,
              23.502275949000023
            ],
            [
              88.85771205100014,
              23.50220620800002
            ],
            [
              88.8578571020002,
              23.502207272000135
            ],
            [
              88.85791042600016,
              23.502207663999968
            ],
            [
              88.85796022900007,
              23.50220802800004
            ],
            [
              88.85810528100018,
              23.5022090920001
            ],
            [
              88.8582170200001,
              23.50220991100008
            ],
            [
              88.85834611600012,
              23.50221085600009
            ],
            [
              88.85884890000017,
              23.502214542000047
            ],
            [
              88.85909708000008,
              23.502216357000066
            ],
            [
              88.85995091400002,
              23.50210971500013
            ],
            [
              88.86092688200017,
              23.501929447000123
            ],
            [
              88.86210507200013,
              23.501863549
            ],
            [
              88.86271619000007,
              23.501823181000077
            ],
            [
              88.86312076400014,
              23.501796455000147
            ],
            [
              88.86446177500017,
              23.501693338000052
            ],
            [
              88.8657213830001,
              23.501589621000107
            ],
            [
              88.86717638500005,
              23.501470058000052
            ],
            [
              88.86738738100007,
              23.501452719000156
            ],
            [
              88.86791178000004,
              23.501363585000036
            ],
            [
              88.868444733,
              23.501272996000125
            ],
            [
              88.87059822800012,
              23.501101220000123
            ],
            [
              88.87149181300003,
              23.501069310000105
            ],
            [
              88.87168813500011,
              23.501023139000097
            ],
            [
              88.87226487000015,
              23.500887503000115
            ],
            [
              88.87356610900008,
              23.500673383000162
            ],
            [
              88.87559906400014,
              23.50035164100018
            ],
            [
              88.87641281200018,
              23.500170103000073
            ],
            [
              88.87709828200002,
              23.50017504700014
            ],
            [
              88.87734645900008,
              23.50017683599998
            ],
            [
              88.87758545500014,
              23.500178559000062
            ],
            [
              88.87778829000013,
              23.50018001700016
            ],
            [
              88.8777860470002,
              23.500234194000143
            ],
            [
              88.87782024300003,
              23.50024347100009
            ],
            [
              88.87799059700006,
              23.500292114000104
            ],
            [
              88.87847585800017,
              23.500521401000185
            ],
            [
              88.87916590200007,
              23.500564752000116
            ],
            [
              88.87922169400008,
              23.500553864000096
            ],
            [
              88.88014214300011,
              23.500384366000105
            ],
            [
              88.88029217000019,
              23.50034117000007
            ],
            [
              88.88115972800017,
              23.50009137400002
            ],
            [
              88.88193151200011,
              23.500058531000093
            ],
            [
              88.88207499400005,
              23.500064076000058
            ],
            [
              88.88217968900011,
              23.50006031000015
            ],
            [
              88.88307910100008,
              23.500098373000185
            ],
            [
              88.88323480600008,
              23.50010626400001
            ],
            [
              88.88445367300017,
              23.50004048500017
            ],
            [
              88.88464288600005,
              23.500030551000066
            ],
            [
              88.88482807200012,
              23.500019530000145
            ],
            [
              88.88559114300011,
              23.49997411600009
            ],
            [
              88.88693432500003,
              23.49960890100016
            ],
            [
              88.88758431100018,
              23.499539031999973
            ],
            [
              88.88877314900014,
              23.49951364700013
            ],
            [
              88.88892466400017,
              23.49951021300018
            ],
            [
              88.89058875000018,
              23.49959658400013
            ],
            [
              88.89160190700005,
              23.499829590000047
            ],
            [
              88.8923718040001,
              23.500022474
            ],
            [
              88.89313826700015,
              23.500626272000034
            ],
            [
              88.8940669120002,
              23.501269603000082
            ],
            [
              88.89503440200014,
              23.502100615000074
            ],
            [
              88.89538746500011,
              23.5023334280001
            ],
            [
              88.89538615600009,
              23.50249414600006
            ],
            [
              88.89587676100007,
              23.50281783600019
            ],
            [
              88.89643377800007,
              23.503193663000104
            ],
            [
              88.89647537700006,
              23.503221730000064
            ],
            [
              88.8966034980001,
              23.503308439000023
            ],
            [
              88.8967634940002,
              23.50360987800019
            ],
            [
              88.89700234200006,
              23.503593506000072
            ],
            [
              88.89725098500008,
              23.503577202000145
            ],
            [
              88.89729981500005,
              23.503593353000156
            ],
            [
              88.89749916900001,
              23.503578959000038
            ],
            [
              88.89786364000008,
              23.503692177000175
            ],
            [
              88.89822685300004,
              23.503956667000182
            ],
            [
              88.89842317300008,
              23.504233521000174
            ],
            [
              88.89846763300005,
              23.504297059000123
            ],
            [
              88.89886494800015,
              23.504177941000023
            ],
            [
              88.89903008100003,
              23.50448844400006
            ],
            [
              88.89938771000004,
              23.505425755999966
            ],
            [
              88.89958811100001,
              23.505727477000164
            ],
            [
              88.89982149300016,
              23.505706544000134
            ],
            [
              88.89983630100016,
              23.505729228000064
            ],
            [
              88.900242719,
              23.50569371400013
            ],
            [
              88.90048099000012,
              23.50552605300004
            ],
            [
              88.90060445,
              23.50562175600004
            ],
            [
              88.90092510100015,
              23.50611173200008
            ],
            [
              88.9011732890001,
              23.506113484000025
            ],
            [
              88.901331201,
              23.50611459700002
            ],
            [
              88.90157939200003,
              23.50611634699999
            ],
            [
              88.90174205300008,
              23.506061048000163
            ],
            [
              88.90193958200018,
              23.50619340100019
            ],
            [
              88.902221096,
              23.50653181700011
            ],
            [
              88.90282699200009,
              23.506910901000026
            ],
            [
              88.9030751860002,
              23.50691265000006
            ],
            [
              88.90327379700017,
              23.506914048
            ],
            [
              88.90352198900013,
              23.506915797999966
            ],
            [
              88.90419172399999,
              23.50664504100007
            ],
            [
              88.9044119400001,
              23.50677303500015
            ],
            [
              88.90465121000017,
              23.507298559000105
            ],
            [
              88.90501537900019,
              23.50745014400013
            ],
            [
              88.90521766200015,
              23.507526078000012
            ],
            [
              88.90530812100008,
              23.507468005000135
            ],
            [
              88.90562593300012,
              23.507267024999976
            ],
            [
              88.90571011800006,
              23.50693118600003
            ],
            [
              88.90583376500007,
              23.506708520000075
            ],
            [
              88.9061603290001,
              23.506485021000117
            ],
            [
              88.90620351000018,
              23.506185016000074
            ],
            [
              88.90636878900011,
              23.50584974600008
            ],
            [
              88.90685969500004,
              23.50582576200003
            ],
            [
              88.90705640900018,
              23.506154878000075
            ],
            [
              88.90696389300012,
              23.506565609000063
            ],
            [
              88.9069299680001,
              23.506716217000076
            ],
            [
              88.90664227200006,
              23.507125141000188
            ],
            [
              88.90631509400004,
              23.507423148000044
            ],
            [
              88.90631334300014,
              23.50763502300009
            ],
            [
              88.90631166900016,
              23.50783782600007
            ],
            [
              88.90625527400005,
              23.50788919200005
            ],
            [
              88.90624910200006,
              23.508636523000177
            ],
            [
              88.906610483,
              23.50912677800011
            ],
            [
              88.90727580700019,
              23.509783118000087
            ],
            [
              88.90737582100013,
              23.509881782000093
            ],
            [
              88.90757285500007,
              23.510594412000046
            ],
            [
              88.90752566300006,
              23.511418225000114
            ],
            [
              88.90756080700015,
              23.512055213000053
            ],
            [
              88.9079209800002,
              23.51273060200009
            ],
            [
              88.908042245,
              23.513028820000045
            ],
            [
              88.90781178700013,
              23.513051391000033
            ],
            [
              88.90768906900007,
              23.51316116800018
            ],
            [
              88.90768596700019,
              23.513575276000154
            ],
            [
              88.90788363600012,
              23.514174085000036
            ],
            [
              88.9077957340001,
              23.51499761500014
            ],
            [
              88.90795670100005,
              23.515186154000048
            ],
            [
              88.9083622280001,
              23.51522512400004
            ],
            [
              88.90876495200001,
              23.51564114900009
            ],
            [
              88.90883230200012,
              23.51571387399997
            ],
            [
              88.90902892700012,
              23.515661059000138
            ],
            [
              88.90922398800018,
              23.51587241600015
            ],
            [
              88.90925462100012,
              23.51590649900004
            ],
            [
              88.90945359600016,
              23.515877523000142
            ],
            [
              88.90974277800012,
              23.5158354080001
            ],
            [
              88.91015107600015,
              23.515537960000188
            ],
            [
              88.91080420500009,
              23.51513158600011
            ],
            [
              88.9110542360001,
              23.51497293500006
            ],
            [
              88.91121248700011,
              23.514872519999983
            ],
            [
              88.91117393700011,
              23.51461033200019
            ],
            [
              88.91100356600015,
              23.514316085000075
            ],
            [
              88.91128743000019,
              23.513765730999978
            ],
            [
              88.91161737200014,
              23.51316968100008
            ],
            [
              88.91181237800009,
              23.512866489000032
            ],
            [
              88.91190507300007,
              23.512722366000105
            ],
            [
              88.9121147620001,
              23.511935811000114
            ],
            [
              88.91247309600004,
              23.510934571000064
            ],
            [
              88.91248878200014,
              23.510890743000175
            ],
            [
              88.91268706700009,
              23.51013257700015
            ],
            [
              88.91278232700017,
              23.50976833800013
            ],
            [
              88.91291180200011,
              23.508834455
            ],
            [
              88.91312146500013,
              23.508011773000135
            ],
            [
              88.91309997100018,
              23.507864690000133
            ],
            [
              88.91296788400012,
              23.50696076000014
            ],
            [
              88.91257099000018,
              23.505835794000177
            ],
            [
              88.9123757750001,
              23.504861261000087
            ],
            [
              88.9121781070001,
              23.504223142000114
            ],
            [
              88.91230885100009,
              23.503986136000037
            ],
            [
              88.91223790300006,
              23.503757095000026
            ],
            [
              88.91244613100008,
              23.503382815000123
            ],
            [
              88.912468278,
              23.50326985200013
            ],
            [
              88.91320443799998,
              23.503064715000107
            ],
            [
              88.9133952630001,
              23.50301153900017
            ],
            [
              88.91342473800012,
              23.502858354000182
            ],
            [
              88.91350703000018,
              23.502492477000033
            ],
            [
              88.91383417200007,
              23.502232837
            ],
            [
              88.91412020300004,
              23.501997716
            ],
            [
              88.9142427320001,
              23.50189699400005
            ],
            [
              88.91424456300018,
              23.501673470000185
            ],
            [
              88.91402544200008,
              23.501192269000057
            ],
            [
              88.91403056100006,
              23.50116527299997
            ],
            [
              88.91448042900015,
              23.500755203000153
            ],
            [
              88.91513193700007,
              23.500536208000085
            ],
            [
              88.915614527,
              23.50053956700009
            ],
            [
              88.91586270600004,
              23.500541296000108
            ],
            [
              88.91635204000005,
              23.500318905000142
            ],
            [
              88.91683122100017,
              23.499915809000186
            ],
            [
              88.91719940600012,
              23.500399307
            ],
            [
              88.91760211800005,
              23.500815312000043
            ],
            [
              88.91795867200011,
              23.500879834999978
            ],
            [
              88.91825087400008,
              23.50093271200018
            ],
            [
              88.91833526900007,
              23.50090394900002
            ],
            [
              88.9184990550001,
              23.500934435999966
            ],
            [
              88.91894677200014,
              23.500786262000133
            ],
            [
              88.91972355900003,
              23.500510278000036
            ],
            [
              88.91990256700007,
              23.500419756000042
            ],
            [
              88.9201274560001,
              23.50029514
            ],
            [
              88.9203728550001,
              23.500197430000128
            ],
            [
              88.92058901500019,
              23.500126282000053
            ],
            [
              88.92081374800006,
              23.50002078100016
            ],
            [
              88.92107994100013,
              23.499835729000097
            ],
            [
              88.9211233010002,
              23.49979919900011
            ],
            [
              88.92131853500018,
              23.499634281000112
            ],
            [
              88.92153597100003,
              23.499406377000128
            ],
            [
              88.92179077800006,
              23.499171084000068
            ],
            [
              88.9220334580001,
              23.498897473000113
            ],
            [
              88.92218877000016,
              23.498661490000018
            ],
            [
              88.92274369700016,
              23.497936322000044
            ],
            [
              88.92277959799998,
              23.497889408000106
            ],
            [
              88.92280695600016,
              23.49786455200018
            ],
            [
              88.92295501300003,
              23.49773003400003
            ],
            [
              88.92312637600008,
              23.497559161000027
            ],
            [
              88.92324356800003,
              23.497422326000162
            ],
            [
              88.92361812000013,
              23.497049374000028
            ],
            [
              88.92389154200015,
              23.49692554500018
            ],
            [
              88.9251078900001,
              23.496599766000145
            ],
            [
              88.92539859900006,
              23.496337592000145
            ],
            [
              88.92572601600006,
              23.49603954300005
            ],
            [
              88.92572874300004,
              23.495703127000127
            ],
            [
              88.92574915900013,
              23.49560680600007
            ],
            [
              88.92578693400014,
              23.49542858600006
            ],
            [
              88.9257884860001,
              23.495237072
            ],
            [
              88.9259003520001,
              23.494709298000032
            ],
            [
              88.92591512700017,
              23.494639590000133
            ],
            [
              88.92652590600017,
              23.494418008000082
            ],
            [
              88.92692056300007,
              23.49428732400014
            ],
            [
              88.92710707000015,
              23.49422556500008
            ],
            [
              88.92729946400004,
              23.494161411000107
            ],
            [
              88.92782975200004,
              23.493864754000185
            ],
            [
              88.927907699,
              23.493801234000045
            ],
            [
              88.92817045599998,
              23.493587112000114
            ],
            [
              88.92847630400007,
              23.493684049000024
            ],
            [
              88.92896256900008,
              23.49379803100004
            ],
            [
              88.92940539600005,
              23.494288792000077
            ],
            [
              88.92964746200016,
              23.494477866000068
            ],
            [
              88.92985032899998,
              23.49444313200007
            ],
            [
              88.93012376100006,
              23.494398122000064
            ],
            [
              88.9302980240002,
              23.49436943600017
            ],
            [
              88.93034084000016,
              23.494069422000052
            ],
            [
              88.9305877330001,
              23.493660168000133
            ],
            [
              88.93082845000004,
              23.493675369000016
            ],
            [
              88.93131846800003,
              23.493703569000047
            ],
            [
              88.9314658420002,
              23.49376076200008
            ],
            [
              88.93180413300018,
              23.49389204900001
            ],
            [
              88.93193143900004,
              23.493879805000063
            ],
            [
              88.93200136500013,
              23.49387308100006
            ],
            [
              88.9320523040002,
              23.49389375300018
            ],
            [
              88.93221155400005,
              23.493879037
            ],
            [
              88.93293821500004,
              23.494238514000187
            ],
            [
              88.93370364200007,
              23.494991134000088
            ],
            [
              88.93454833500004,
              23.495972349
            ],
            [
              88.93491040800006,
              23.496424157000092
            ],
            [
              88.93487713000013,
              23.496566181000105
            ],
            [
              88.9348123490002,
              23.496842366000124
            ],
            [
              88.93469999200005,
              23.497321383999974
            ],
            [
              88.93467802300012,
              23.497626524
            ],
            [
              88.93464027800007,
              23.497787443000107
            ],
            [
              88.93461845700017,
              23.49809052400002
            ],
            [
              88.93459445800005,
              23.498423870000067
            ],
            [
              88.93434335400002,
              23.499356943000123
            ],
            [
              88.93422733600005,
              23.50007004200006
            ],
            [
              88.93417272100004,
              23.50040572600011
            ],
            [
              88.93413050100008,
              23.50148456700009
            ],
            [
              88.9340093620001,
              23.502042765000112
            ],
            [
              88.9338043640002,
              23.50266885400015
            ],
            [
              88.93343293700013,
              23.503415950000146
            ],
            [
              88.9334467290002,
              23.503734143000088
            ],
            [
              88.93346700600017,
              23.504201951000084
            ],
            [
              88.93340686700009,
              23.50465837700017
            ],
            [
              88.93332106100013,
              23.505304160000037
            ],
            [
              88.93319684300013,
              23.505603616000144
            ],
            [
              88.9331581900002,
              23.505608411000082
            ],
            [
              88.93262763500013,
              23.505674225
            ],
            [
              88.93240903500015,
              23.505748524000012
            ],
            [
              88.93230202500018,
              23.505784896000023
            ],
            [
              88.93205631300009,
              23.506045131000178
            ],
            [
              88.93258179800011,
              23.506349039999975
            ],
            [
              88.93290526400006,
              23.506441451000057
            ],
            [
              88.93298668800008,
              23.506464712000138
            ],
            [
              88.93273675600017,
              23.5072487650001
            ],
            [
              88.93242118400019,
              23.508007620000058
            ],
            [
              88.93241719100013,
              23.508502920000012
            ],
            [
              88.93245367200018,
              23.50902701600006
            ],
            [
              88.93265326700009,
              23.509439330000077
            ],
            [
              88.93286955100007,
              23.50937533100017
            ],
            [
              88.932901463,
              23.509441031000108
            ],
            [
              88.93314567300018,
              23.50936819200001
            ],
            [
              88.93330828,
              23.509242860000143
            ],
            [
              88.93342568400016,
              23.50933398100011
            ],
            [
              88.93358428300002,
              23.509820528000148
            ],
            [
              88.93350668000011,
              23.510231742000087
            ],
            [
              88.93345704000006,
              23.51049478100009
            ],
            [
              88.93325022600004,
              23.510978822000084
            ],
            [
              88.93316182400014,
              23.511086600000112
            ],
            [
              88.93280768199998,
              23.511014176000174
            ],
            [
              88.93223936300012,
              23.510971895000125
            ],
            [
              88.93221720000014,
              23.51098754600008
            ],
            [
              88.931912828,
              23.51119545000006
            ],
            [
              88.93182841300006,
              23.51160581900018
            ],
            [
              88.93184108800011,
              23.511719883000183
            ],
            [
              88.93186607800004,
              23.51194476700016
            ],
            [
              88.93222886700016,
              23.511969835000116
            ],
            [
              88.9324344210001,
              23.51198479400017
            ],
            [
              88.93300262000014,
              23.511814825000044
            ],
            [
              88.93304496400009,
              23.51180156700019
            ],
            [
              88.9336536830001,
              23.511844120999967
            ],
            [
              88.93397659700014,
              23.512108254999987
            ],
            [
              88.93385328300008,
              23.512294819000147
            ],
            [
              88.93412439400004,
              23.51245473200015
            ],
            [
              88.93417649100019,
              23.51248444200013
            ],
            [
              88.93467300900005,
              23.512411234000126
            ],
            [
              88.93490408100018,
              23.51236632600012
            ],
            [
              88.9347874710001,
              23.51207971500014
            ],
            [
              88.9347092550002,
              23.511887474000105
            ],
            [
              88.93483316800007,
              23.511626400000182
            ],
            [
              88.934910909,
              23.511555764000036
            ],
            [
              88.9350353710002,
              23.51143087600019
            ],
            [
              88.93495887799997,
              23.511141802000054
            ],
            [
              88.9350010890002,
              23.5109546810001
            ],
            [
              88.93511830400001,
              23.51095548000012
            ],
            [
              88.9353661240001,
              23.51043333000007
            ],
            [
              88.93557325800003,
              23.50994703100008
            ],
            [
              88.93594197300007,
              23.509538604000113
            ],
            [
              88.93623140200015,
              23.50886545700007
            ],
            [
              88.93647951900016,
              23.508343307000075
            ],
            [
              88.93656272200019,
              23.5080819530001
            ],
            [
              88.93704582700008,
              23.508011457000123
            ],
            [
              88.93687894900012,
              23.507238711000127
            ],
            [
              88.93680384900017,
              23.506490814000188
            ],
            [
              88.93688094800007,
              23.50619791500003
            ],
            [
              88.93697115500015,
              23.505855216000157
            ],
            [
              88.93738057600018,
              23.505444806000128
            ],
            [
              88.93791027200012,
              23.50522488000007
            ],
            [
              88.93917047900004,
              23.505046058000175
            ],
            [
              88.93941867100011,
              23.505047749000028
            ],
            [
              88.93961728300008,
              23.505049101000168
            ],
            [
              88.93963910000019,
              23.504582782000057
            ],
            [
              88.93967698400013,
              23.504583040000057
            ],
            [
              88.93972609100018,
              23.503533426000104
            ],
            [
              88.93986227000016,
              23.501737023000032
            ],
            [
              88.93995005100004,
              23.50091427400008
            ],
            [
              88.93999394900015,
              23.500502820000122
            ],
            [
              88.94028602400005,
              23.49949324400012
            ],
            [
              88.9406161070001,
              23.4988587470001
            ],
            [
              88.94074506600003,
              23.49884381700008
            ],
            [
              88.94126637700009,
              23.498788656000045
            ],
            [
              88.94137519100019,
              23.4988052
            ],
            [
              88.94151455600007,
              23.49879034100013
            ],
            [
              88.94228512100017,
              23.498908471000107
            ],
            [
              88.94280972200016,
              23.499322981000148
            ],
            [
              88.94360916500011,
              23.499748213000146
            ],
            [
              88.94355539300011,
              23.499825636000082
            ],
            [
              88.94366577699998,
              23.500067986000033
            ],
            [
              88.94377585300003,
              23.500310334
            ],
            [
              88.94399077300005,
              23.500454042
            ],
            [
              88.9440994810002,
              23.50059928500002
            ],
            [
              88.94399829800005,
              23.500892133000093
            ],
            [
              88.94396445600012,
              23.500956974000076
            ],
            [
              88.94384445900005,
              23.501186884000106
            ],
            [
              88.94392939700015,
              23.501445934
            ],
            [
              88.94395650000018,
              23.501528596000128
            ],
            [
              88.9440113120001,
              23.501760738000144
            ],
            [
              88.94398732500014,
              23.501812655000094
            ],
            [
              88.9438589500001,
              23.502017909000188
            ],
            [
              88.94386145400011,
              23.502164694000157
            ],
            [
              88.94397268500018,
              23.50245446600013
            ],
            [
              88.94403710100016,
              23.50256830300009
            ],
            [
              88.94413685900008,
              23.502744599000096
            ],
            [
              88.9442497500001,
              23.503133731000162
            ],
            [
              88.94429386900009,
              23.503420733999974
            ],
            [
              88.94436962500015,
              23.503913539000166
            ],
            [
              88.94443680400013,
              23.504061024
            ],
            [
              88.94459040300012,
              23.50439823500011
            ],
            [
              88.94469994200006,
              23.504593161000116
            ],
            [
              88.94486244600017,
              23.504786191000107
            ],
            [
              88.94502244600005,
              23.504832432000114
            ],
            [
              88.9452886580001,
              23.50487713600006
            ],
            [
              88.94555036600008,
              23.50468020800008
            ],
            [
              88.94576446200017,
              23.50477423300015
            ],
            [
              88.94587371900008,
              23.5049669
            ],
            [
              88.94583824800009,
              23.505359009000074
            ],
            [
              88.94582942200003,
              23.505456573000117
            ],
            [
              88.94578649700014,
              23.506043353
            ],
            [
              88.94579851600014,
              23.506725335000112
            ],
            [
              88.94548939000015,
              23.507265151000013
            ],
            [
              88.94538849200018,
              23.50756026
            ],
            [
              88.94518139700017,
              23.507854651000116
            ],
            [
              88.9451226270001,
              23.507996437000145
            ],
            [
              88.94507966900011,
              23.508100077
            ],
            [
              88.9451238480001,
              23.508216076999986
            ],
            [
              88.94519088900006,
              23.50839210700019
            ],
            [
              88.9453500480002,
              23.508390926000175
            ],
            [
              88.94537958900003,
              23.50838354900003
            ],
            [
              88.9455613400001,
              23.508338166999977
            ],
            [
              88.94582754100014,
              23.508385128000043
            ],
            [
              88.94593429600019,
              23.508431008000116
            ],
            [
              88.94593793400014,
              23.508627476000015
            ],
            [
              88.9458350720002,
              23.50882322100017
            ],
            [
              88.94583770600019,
              23.508975762999967
            ],
            [
              88.94583842600008,
              23.509017430000142
            ],
            [
              88.94600008800012,
              23.509163029000035
            ],
            [
              88.94607579199999,
              23.509189785000103
            ],
            [
              88.94626713800005,
              23.509257414000103
            ],
            [
              88.9464296490001,
              23.50945044000008
            ],
            [
              88.94627580400004,
              23.50974519300007
            ],
            [
              88.94623098400007,
              23.50980890500017
            ],
            [
              88.94606870800015,
              23.510039581000058
            ],
            [
              88.94585993499999,
              23.51023686900004
            ],
            [
              88.94597031100005,
              23.51048147200015
            ],
            [
              88.9460787450002,
              23.510624457000176
            ],
            [
              88.94623310600008,
              23.510623314000156
            ],
            [
              88.9463990480001,
              23.51071920300018
            ],
            [
              88.94645619400006,
              23.510961190000046
            ],
            [
              88.94656659200012,
              23.51120354
            ],
            [
              88.94678152700004,
              23.511347243999978
            ],
            [
              88.94687993100018,
              23.511464122000064
            ],
            [
              88.9469440420001,
              23.51154026900008
            ],
            [
              88.94701994800016,
              23.511771094000096
            ],
            [
              88.94705610000011,
              23.511881977000087
            ],
            [
              88.94711438000013,
              23.512173648000157
            ],
            [
              88.94710633300008,
              23.51222499900007
            ],
            [
              88.94715875800011,
              23.512384421000093
            ],
            [
              88.94719491100017,
              23.512495303000037
            ],
            [
              88.94725319100019,
              23.51278697500004
            ],
            [
              88.94720547500015,
              23.513091472999974
            ],
            [
              88.94688921700009,
              23.51321803900015
            ],
            [
              88.94654633700014,
              23.513344424000024
            ],
            [
              88.94649839800019,
              23.513637633000087
            ],
            [
              88.94647708999997,
              23.51393102100019
            ],
            [
              88.9465363060001,
              23.5142972110001
            ],
            [
              88.9464416940001,
              23.51495589000018
            ],
            [
              88.946453696,
              23.5156401320001
            ],
            [
              88.94643824200017,
              23.516274515000077
            ],
            [
              88.94631406100012,
              23.516763649000097
            ],
            [
              88.94613441100017,
              23.517107900000042
            ],
            [
              88.94584687800005,
              23.51735432800018
            ],
            [
              88.94563892200011,
              23.51760129400003
            ],
            [
              88.94553634000016,
              23.517799297000124
            ],
            [
              88.94548726400018,
              23.518042824000133
            ],
            [
              88.94545731300008,
              23.51812286400019
            ],
            [
              88.94556326100013,
              23.518428983000035
            ],
            [
              88.94584267300019,
              23.51862956700012
            ],
            [
              88.9462273580001,
              23.5185215300001
            ],
            [
              88.94683191900015,
              23.51836079400016
            ],
            [
              88.94727529000016,
              23.518458617000135
            ],
            [
              88.94750153100011,
              23.51876045199998
            ],
            [
              88.94761809699997,
              23.5191134800001
            ],
            [
              88.94800718100004,
              23.519260620000182
            ],
            [
              88.9486153310001,
              23.51930311200016
            ],
            [
              88.9491193250002,
              23.519703916000083
            ],
            [
              88.9495679260001,
              23.520104341000092
            ],
            [
              88.94974350600006,
              23.520658725000146
            ],
            [
              88.9497757740001,
              23.52093558700011
            ],
            [
              88.94987252400011,
              23.521241067000176
            ],
            [
              88.94988233700013,
              23.52127204900006
            ],
            [
              88.94994739000009,
              23.521830203000036
            ],
            [
              88.9503364840001,
              23.52197733900016
            ],
            [
              88.9506059790001,
              23.52193307000016
            ],
            [
              88.95066654200008,
              23.52192311900012
            ],
            [
              88.95099974100003,
              23.52202019200007
            ],
            [
              88.95122569200015,
              23.52232202000016
            ],
            [
              88.95145554300007,
              23.522827091000124
            ],
            [
              88.95168263300019,
              23.523178606000158
            ],
            [
              88.9517983790002,
              23.52348195000002
            ],
            [
              88.95246083100011,
              23.523472861000073
            ],
            [
              88.9529050270001,
              23.523620357000027
            ],
            [
              88.95323622700016,
              23.523615818999986
            ],
            [
              88.95356663900014,
              23.52355933800004
            ],
            [
              88.95422910600013,
              23.523552489999986
            ],
            [
              88.95432913600007,
              23.523559936000083
            ],
            [
              88.95440488900005,
              23.523566897000023
            ],
            [
              88.95472676600008,
              23.523596473
            ],
            [
              88.95511587300007,
              23.5237435950001
            ],
            [
              88.95534213900015,
              23.52404542100004
            ],
            [
              88.95567615400012,
              23.524192174000177
            ],
            [
              88.9560082000001,
              23.524239560000183
            ],
            [
              88.95613351500003,
              23.524301364000166
            ],
            [
              88.95623209800016,
              23.52441492500003
            ],
            [
              88.95624101200013,
              23.524439698000037
            ],
            [
              88.95628254300016,
              23.524578117000033
            ],
            [
              88.95641195400009,
              23.524645958000065
            ],
            [
              88.95661888100005,
              23.524645087000067
            ],
            [
              88.95670153900016,
              23.524643384000058
            ],
            [
              88.9567715450001,
              23.52469352600008
            ],
            [
              88.95674606300014,
              23.52481980100015
            ],
            [
              88.95680372599998,
              23.52496018100004
            ],
            [
              88.9569014980001,
              23.52502180099998
            ],
            [
              88.95712252300018,
              23.525018765000084
            ],
            [
              88.95728834600015,
              23.525028910000117
            ],
            [
              88.95739947400011,
              23.525065782000183
            ],
            [
              88.95744204300013,
              23.52514058000014
            ],
            [
              88.95745819100006,
              23.525267133000057
            ],
            [
              88.95743268800015,
              23.52539566500019
            ],
            [
              88.95730991800013,
              23.525473878000184
            ],
            [
              88.95706175600003,
              23.525501570000188
            ],
            [
              88.95692176400019,
              23.525517070000035
            ],
            [
              88.9567867830001,
              23.52555616900014
            ],
            [
              88.95670577300018,
              23.525659492000102
            ],
            [
              88.9567080540001,
              23.52579724100019
            ],
            [
              88.95680644100014,
              23.52589725200005
            ],
            [
              88.95697246600008,
              23.525920950000057
            ],
            [
              88.95726213000012,
              23.52590482900007
            ],
            [
              88.9574555320001,
              23.525915147000035
            ],
            [
              88.95757844800016,
              23.525988938000182
            ],
            [
              88.95767902100005,
              23.526065670000094
            ],
            [
              88.95779212500014,
              23.52620190600004
            ],
            [
              88.95785040499999,
              23.526380673000176
            ],
            [
              88.95793688400016,
              23.526593500000104
            ],
            [
              88.95794027400007,
              23.52678544800017
            ],
            [
              88.95793834200009,
              23.52683774900015
            ],
            [
              88.957930934,
              23.527038275000052
            ],
            [
              88.9578503400001,
              23.527166439000155
            ],
            [
              88.95778393300003,
              23.527319538000143
            ],
            [
              88.95782865900014,
              23.527509505000126
            ],
            [
              88.95790053300004,
              23.527672558
            ],
            [
              88.9579953010001,
              23.527781379000032
            ],
            [
              88.95826208600005,
              23.527821743
            ],
            [
              88.95842662500007,
              23.527755127000034
            ],
            [
              88.95859061500016,
              23.527652350000153
            ],
            [
              88.95878200600009,
              23.5275610650001
            ],
            [
              88.95882209100012,
              23.527484554000125
            ],
            [
              88.95883340100016,
              23.527331092
            ],
            [
              88.9588446050002,
              23.527191174000166
            ],
            [
              88.95884212200008,
              23.52703987600006
            ],
            [
              88.95888131700002,
              23.526924972000188
            ],
            [
              88.9590461140001,
              23.52687188400006
            ],
            [
              88.95915665200016,
              23.526870357000178
            ],
            [
              88.95925420800006,
              23.52692068500005
            ],
            [
              88.95932525000006,
              23.527034056000105
            ],
            [
              88.95943824900013,
              23.527183838999974
            ],
            [
              88.95966638200008,
              23.527600823000057
            ],
            [
              88.95975739400012,
              23.528055283000185
            ],
            [
              88.96015599900016,
              23.528748881000183
            ],
            [
              88.96033007400007,
              23.52922873000017
            ],
            [
              88.96041634200014,
              23.529430265000087
            ],
            [
              88.96054382400018,
              23.52960723800004
            ],
            [
              88.96060109500007,
              23.529720518000033
            ],
            [
              88.96063246700015,
              23.529935233000117
            ],
            [
              88.96064943100015,
              23.530113724000046
            ],
            [
              88.960675885,
              23.53021107500018
            ],
            [
              88.96073998499998,
              23.530333834000146
            ],
            [
              88.96077135600018,
              23.53054854900006
            ],
            [
              88.96078832100011,
              23.53072704000016
            ],
            [
              88.96083326800016,
              23.530928298000106
            ],
            [
              88.96080737000017,
              23.531029733000082
            ],
            [
              88.96076706600019,
              23.531094944000017
            ],
            [
              88.96067146200011,
              23.53114624
            ],
            [
              88.96060444100016,
              23.53126094700019
            ],
            [
              88.96056578500014,
              23.531427778000022
            ],
            [
              88.9606105150001,
              23.53161774200015
            ],
            [
              88.96064786900018,
              23.53216216000004
            ],
            [
              88.9605532990002,
              23.532276685000056
            ],
            [
              88.9604302410001,
              23.532354891000125
            ],
            [
              88.96029391300004,
              23.532446555000035
            ],
            [
              88.96021373200006,
              23.53259956200003
            ],
            [
              88.96007865500019,
              23.532765746999985
            ],
            [
              88.95987655700014,
              23.533046640000066
            ],
            [
              88.95975606600001,
              23.533264858000166
            ],
            [
              88.95971855100004,
              23.533481370000118
            ],
            [
              88.95973634799998,
              23.533709542
            ],
            [
              88.95973964700016,
              23.533912778000115
            ],
            [
              88.95959141000009,
              23.534117262000166
            ],
            [
              88.95949661700013,
              23.53422049400018
            ],
            [
              88.95911569100008,
              23.534543103000146
            ],
            [
              88.9588962360001,
              23.534620648999976
            ],
            [
              88.95874654800019,
              23.534737064000126
            ],
            [
              88.95873454500014,
              23.53478885700008
            ],
            [
              88.95891385900006,
              23.535047041000098
            ],
            [
              88.95907097500009,
              23.53534840000009
            ],
            [
              88.95918479500011,
              23.535550119000163
            ],
            [
              88.95932523900018,
              23.535675243000014
            ],
            [
              88.95947831400014,
              23.53575078200015
            ],
            [
              88.95963119400017,
              23.53581277000012
            ],
            [
              88.95978429000007,
              23.535886047000076
            ],
            [
              88.95989696900006,
              23.535999696000147
            ],
            [
              88.95999578100003,
              23.536124544000188
            ],
            [
              88.96008555500003,
              23.536296683000103
            ],
            [
              88.9598834460001,
              23.53648034500003
            ],
            [
              88.95843514600017,
              23.537809136000135
            ],
            [
              88.95798516800005,
              23.538013721000084
            ],
            [
              88.95771016400005,
              23.53813512300019
            ],
            [
              88.95717140100015,
              23.538253435
            ],
            [
              88.95688390600009,
              23.538414079000177
            ],
            [
              88.9559924580002,
              23.539035809999973
            ],
            [
              88.95467644500013,
              23.539961769000115
            ],
            [
              88.95405662900015,
              23.54064627600019
            ],
            [
              88.95402601,
              23.540675347000047
            ],
            [
              88.95353473700015,
              23.541141774000153
            ],
            [
              88.95317186900013,
              23.541503950000106
            ],
            [
              88.95306508900018,
              23.541610525000124
            ],
            [
              88.95254373100005,
              23.542153438000014
            ],
            [
              88.9522331710001,
              23.542596162000052
            ],
            [
              88.95189637300012,
              23.543065803000104
            ],
            [
              88.95155886900011,
              23.543508346000067
            ],
            [
              88.95132165400008,
              23.54370558700009
            ],
            [
              88.95118441300019,
              23.543819678000034
            ],
            [
              88.95093844000019,
              23.543759332000036
            ],
            [
              88.9508474230002,
              23.54388516200015
            ],
            [
              88.95030101100014,
              23.544152414000052
            ],
            [
              88.94976630400004,
              23.54422834400009
            ],
            [
              88.9494964920001,
              23.54426665699998
            ],
            [
              88.94830351600012,
              23.54406442200002
            ],
            [
              88.94774076200008,
              23.543447289000028
            ],
            [
              88.9471785410002,
              23.542830732000084
            ],
            [
              88.94634878900013,
              23.541732267999976
            ],
            [
              88.9457216510001,
              23.540932118000057
            ],
            [
              88.94527417800015,
              23.54036119100016
            ],
            [
              88.94468651500006,
              23.539810783000064
            ],
            [
              88.94433212200016,
              23.539735244000155
            ],
            [
              88.94380025200019,
              23.539621873999977
            ],
            [
              88.94374691500013,
              23.53963054500008
            ],
            [
              88.94330606199998,
              23.53971109500003
            ],
            [
              88.94231292700016,
              23.54052172100012
            ],
            [
              88.9416573690001,
              23.541334766000148
            ],
            [
              88.94124464000015,
              23.541846640000017
            ],
            [
              88.94117860000017,
              23.541989344000115
            ],
            [
              88.94131322000015,
              23.542151928000067
            ],
            [
              88.94131044100016,
              23.54249896800019
            ],
            [
              88.941192833,
              23.54254753800012
            ],
            [
              88.94105029700012,
              23.54304294600007
            ],
            [
              88.94097830200013,
              23.543661132000068
            ],
            [
              88.9412077560001,
              23.54398308800006
            ],
            [
              88.94124349900011,
              23.544033240000147
            ],
            [
              88.94164406000016,
              23.544284338000125
            ],
            [
              88.94191005400012,
              23.544595486000105
            ],
            [
              88.94204066700019,
              23.5450298990001
            ],
            [
              88.94221539000017,
              23.545780402000105
            ],
            [
              88.9423002330002,
              23.54614483000006
            ],
            [
              88.94236331800016,
              23.54663974700003
            ],
            [
              88.94269487900016,
              23.547136491000117
            ],
            [
              88.94277713700018,
              23.54721335199997
            ],
            [
              88.94289450600007,
              23.54732300400019
            ],
            [
              88.94315951600015,
              23.547758329000033
            ],
            [
              88.94308900700008,
              23.548191374999988
            ],
            [
              88.94267477400018,
              23.548249523000038
            ],
            [
              88.94328261700008,
              23.548760180999977
            ],
            [
              88.94416783500014,
              23.549177724000174
            ],
            [
              88.94500083700018,
              23.549910434000026
            ],
            [
              88.94499649400007,
              23.5504545660001
            ],
            [
              88.945880654,
              23.550916665000102
            ],
            [
              88.94666582700006,
              23.551468410000155
            ],
            [
              88.946758612,
              23.552196092000145
            ],
            [
              88.94764311400019,
              23.552655927000103
            ],
            [
              88.94829117500007,
              23.552614706000156
            ],
            [
              88.9489265630001,
              23.55257429
            ],
            [
              88.94972307800015,
              23.55250741900005
            ],
            [
              88.94991397700005,
              23.552490641000077
            ],
            [
              88.95006955700012,
              23.55260704400007
            ],
            [
              88.9504042850001,
              23.552857481000103
            ],
            [
              88.95099299600008,
              23.552861452000116
            ],
            [
              88.95109494400015,
              23.55286214
            ],
            [
              88.95120758700017,
              23.552888707000022
            ],
            [
              88.95132441200013,
              23.55291626100012
            ],
            [
              88.95152452700012,
              23.55291761000018
            ],
            [
              88.95208597400011,
              23.552322398000115
            ],
            [
              88.95287982300016,
              23.551783581000052
            ],
            [
              88.95367121600015,
              23.551515698000173
            ],
            [
              88.95393995200004,
              23.551767085000108
            ],
            [
              88.95435683000005,
              23.55215704800014
            ],
            [
              88.9552442320001,
              23.5522533300001
            ],
            [
              88.95556708400017,
              23.55225549800008
            ],
            [
              88.9560836340001,
              23.552311539000016
            ],
            [
              88.95612829200007,
              23.552311839000026
            ],
            [
              88.95687317600004,
              23.552316836000045
            ],
            [
              88.95785556200019,
              23.552869846000135
            ],
            [
              88.9581180130001,
              23.552919722000183
            ],
            [
              88.95884083800013,
              23.553057083000056
            ],
            [
              88.95893454900016,
              23.55299344700012
            ],
            [
              88.95963436000011,
              23.552518225000085
            ],
            [
              88.95969039700003,
              23.5524335340001
            ],
            [
              88.96019362599998,
              23.551672977000123
            ],
            [
              88.9602336000001,
              23.551612281000075
            ],
            [
              88.96061802000014,
              23.55149638900008
            ],
            [
              88.96082711200017,
              23.551433353
            ],
            [
              88.96181236600017,
              23.551622829000053
            ],
            [
              88.96230555900001,
              23.55162611800006
            ],
            [
              88.9624072850001,
              23.551689167000063
            ],
            [
              88.96260018100008,
              23.55180872200009
            ],
            [
              88.96305045100019,
              23.551765970000076
            ],
            [
              88.96348900400017,
              23.551724329000137
            ],
            [
              88.96362445300008,
              23.55123928000006
            ],
            [
              88.96379361100003,
              23.55063350900008
            ],
            [
              88.96395826499997,
              23.550484977000053
            ],
            [
              88.96409176800012,
              23.550364545000036
            ],
            [
              88.96427904900008,
              23.550336436000123
            ],
            [
              88.96468456600013,
              23.550275914999986
            ],
            [
              88.96474668000013,
              23.550422680000167
            ],
            [
              88.96536289200014,
              23.550513654000042
            ],
            [
              88.96547235800011,
              23.550464050000187
            ],
            [
              88.9667536660001,
              23.550653204000014
            ],
            [
              88.9679095730001,
              23.55089934700004
            ],
            [
              88.96812591300005,
              23.55094541400007
            ],
            [
              88.96852672700015,
              23.55103076200004
            ],
            [
              88.96889598100017,
              23.550909020000063
            ],
            [
              88.9694866000001,
              23.55071451600014
            ],
            [
              88.96961515100014,
              23.55067218700009
            ],
            [
              88.96990395600017,
              23.55046243900017
            ],
            [
              88.97011117400007,
              23.55031194300011
            ],
            [
              88.97019369600014,
              23.54984093000013
            ],
            [
              88.97031783000011,
              23.549132401000065
            ],
            [
              88.97101272600008,
              23.548590576000095
            ],
            [
              88.9725999580001,
              23.54750821900012
            ],
            [
              88.97448175200003,
              23.546612938000067
            ],
            [
              88.97524793100013,
              23.546381689000043
            ],
            [
              88.97556675499999,
              23.546522355000093
            ],
            [
              88.976202467,
              23.547253602000126
            ],
            [
              88.9765896770001,
              23.54821126800016
            ],
            [
              88.976657627,
              23.548743239000032
            ],
            [
              88.97677586100002,
              23.54966887300003
            ],
            [
              88.97558750600007,
              23.550205220000123
            ],
            [
              88.97484369600016,
              23.550699326000142
            ],
            [
              88.97508267200004,
              23.551703434000046
            ],
            [
              88.9753370520001,
              23.55198920700019
            ],
            [
              88.97557193900008,
              23.55225308200005
            ],
            [
              88.97556817700013,
              23.552719304000107
            ],
            [
              88.97586228600005,
              23.552926532000185
            ],
            [
              88.9761279080002,
              23.553298586000096
            ],
            [
              88.9761925570001,
              23.55360835200014
            ],
            [
              88.97605625200009,
              23.553853571000047
            ],
            [
              88.97551812300009,
              23.55403743800008
            ],
            [
              88.97525870100009,
              23.55442970700011
            ],
            [
              88.97525691300012,
              23.554660245000036
            ],
            [
              88.9751559390001,
              23.554770429000087
            ],
            [
              88.97483681500017,
              23.555118656000047
            ],
            [
              88.9747058870002,
              23.555702566000036
            ],
            [
              88.97462909300003,
              23.55596993100005
            ],
            [
              88.97460997500008,
              23.55603649000011
            ],
            [
              88.9744020330001,
              23.556235932000106
            ],
            [
              88.97438198200012,
              23.55640810800014
            ],
            [
              88.97435440400017,
              23.55664492400018
            ],
            [
              88.97390473300015,
              23.557243460000166
            ],
            [
              88.97427122900012,
              23.557745415000056
            ],
            [
              88.97430139300013,
              23.557786873999987
            ],
            [
              88.9743255300001,
              23.557844934000173
            ],
            [
              88.97435212600016,
              23.557908908000172
            ],
            [
              88.97484986100005,
              23.559106152000084
            ],
            [
              88.9748745490001,
              23.559165537000126
            ],
            [
              88.97560663400003,
              23.559913228000084
            ],
            [
              88.97627438200004,
              23.56035115300017
            ],
            [
              88.97641593500009,
              23.56045429699998
            ],
            [
              88.97665051500013,
              23.560625214000027
            ],
            [
              88.97687479700005,
              23.560788627000136
            ],
            [
              88.97693695500004,
              23.560817638000117
            ],
            [
              88.97726512500003,
              23.56097073799998
            ],
            [
              88.97740988300012,
              23.561038270000097
            ],
            [
              88.97788001000004,
              23.560980396000105
            ],
            [
              88.97835158600014,
              23.560735121000107
            ],
            [
              88.97875419100012,
              23.560737766000102
            ],
            [
              88.97882672800017,
              23.560943314000042
            ],
            [
              88.97901695600012,
              23.561482359000138
            ],
            [
              88.97923031900007,
              23.562331754000184
            ],
            [
              88.9796972650002,
              23.564190616000133
            ],
            [
              88.97973280500008,
              23.564332092000143
            ],
            [
              88.98017060300009,
              23.565526199999965
            ],
            [
              88.98025786300019,
              23.56576420500005
            ],
            [
              88.98032447600013,
              23.565945889000147
            ],
            [
              88.98080077900016,
              23.567044776000046
            ],
            [
              88.98104979400011,
              23.567619273000048
            ],
            [
              88.98136768300003,
              23.568367469000123
            ],
            [
              88.98141044800008,
              23.56836654500006
            ],
            [
              88.98151943900012,
              23.568364188000146
            ],
            [
              88.98239147700019,
              23.568421554999986
            ],
            [
              88.98313812900011,
              23.56847067100017
            ],
            [
              88.9840340090002,
              23.56881433899997
            ],
            [
              88.98419225200001,
              23.568875041000013
            ],
            [
              88.98428249700015,
              23.56894192800013
            ],
            [
              88.98533568200014,
              23.56972249500018
            ],
            [
              88.98628614000012,
              23.570470499000066
            ],
            [
              88.98634218000012,
              23.570533436
            ],
            [
              88.98649408000006,
              23.570839390000117
            ],
            [
              88.98671216400015,
              23.571278650000068
            ],
            [
              88.986917565,
              23.571692362000192
            ],
            [
              88.98714641200002,
              23.572426447000055
            ],
            [
              88.98758626500012,
              23.57383737100008
            ],
            [
              88.98796983400013,
              23.573964581000155
            ],
            [
              88.98784480300003,
              23.57409659500007
            ],
            [
              88.98730613800012,
              23.574341461000074
            ],
            [
              88.98663353500012,
              23.57452222900008
            ],
            [
              88.98609677300016,
              23.5745187280001
            ],
            [
              88.9856289760001,
              23.574267301000134
            ],
            [
              88.98495541700004,
              23.574572243000148
            ],
            [
              88.9848864510002,
              23.574820166000166
            ],
            [
              88.98468212600005,
              23.57518913600012
            ],
            [
              88.98441151800006,
              23.575496708000173
            ],
            [
              88.98427264300005,
              23.57611447900007
            ],
            [
              88.98426839600012,
              23.57666656000015
            ],
            [
              88.98426454900005,
              23.577166633000047
            ],
            [
              88.98399409700005,
              23.577413240000112
            ],
            [
              88.98392561399999,
              23.577597944000104
            ],
            [
              88.98398982300006,
              23.577968667000164
            ],
            [
              88.98405307600007,
              23.57846357300008
            ],
            [
              88.98431779600014,
              23.578962052
            ],
            [
              88.98444573100016,
              23.57976672000018
            ],
            [
              88.98444192699998,
              23.580261187000133
            ],
            [
              88.98483650000003,
              23.581315970000105
            ],
            [
              88.98539129500006,
              23.583063944000116
            ],
            [
              88.98542610000015,
              23.583173600000123
            ],
            [
              88.9856166720001,
              23.583531435000168
            ],
            [
              88.98588948000014,
              23.584043679000104
            ],
            [
              88.986691038,
              23.584543400000143
            ],
            [
              88.98708533400014,
              23.585598177000122
            ],
            [
              88.9873500970001,
              23.586094394000042
            ],
            [
              88.98788595300005,
              23.586222074000148
            ],
            [
              88.98869085400008,
              23.58628828100018
            ],
            [
              88.989089266,
              23.586848588000123
            ],
            [
              88.98975247300012,
              23.58790285000009
            ],
            [
              88.9900167670001,
              23.588462283000126
            ],
            [
              88.9906178170001,
              23.588836494000077
            ],
            [
              88.99121838800016,
              23.589273922000018
            ],
            [
              88.9926199370002,
              23.590335224000114
            ],
            [
              88.99288426300006,
              23.590892395000083
            ],
            [
              88.99325279400011,
              23.59116917800003
            ],
            [
              88.9935514350002,
              23.591393469000025
            ],
            [
              88.99381764500004,
              23.591704533000154
            ],
            [
              88.99468682700018,
              23.59214142999997
            ],
            [
              88.99535308300005,
              23.592764420000037
            ],
            [
              88.99608671900017,
              23.593387843000187
            ],
            [
              88.99668669000016,
              23.59394943500007
            ],
            [
              88.99928585000009,
              23.5963777
            ],
            [
              89.00015272000007,
              23.597126150000122
            ],
            [
              89.00047870700013,
              23.597396935000063
            ],
            [
              89.00075326500013,
              23.597624492000136
            ],
            [
              89.0010128420002,
              23.59786714600017
            ],
            [
              89.00129093300018,
              23.597728321000147
            ],
            [
              89.00155574000019,
              23.597687009000083
            ],
            [
              89.00185285200007,
              23.59766260700019
            ],
            [
              89.00181012700017,
              23.59771373600006
            ],
            [
              89.00170311700003,
              23.597932070000184
            ],
            [
              89.00170316000009,
              23.598209799000188
            ],
            [
              89.00180241000015,
              23.598490422000054
            ],
            [
              89.00190163600018,
              23.598491061000175
            ],
            [
              89.00203870200016,
              23.598428720000072
            ],
            [
              89.00251177900014,
              23.598402406000048
            ],
            [
              89.00271038300002,
              23.598464647000128
            ],
            [
              89.00277887500005,
              23.598681849000172
            ],
            [
              89.00280935800015,
              23.599025254000026
            ],
            [
              89.0029087150001,
              23.599211043000082
            ],
            [
              89.00321383100015,
              23.599242356000047
            ],
            [
              89.00354931300018,
              23.599307733000046
            ],
            [
              89.00381635000014,
              23.599433634000093
            ],
            [
              89.00387830500006,
              23.59959627900014
            ],
            [
              89.0039232640001,
              23.599714305000134
            ],
            [
              89.0039844370001,
              23.60021144700005
            ],
            [
              89.00418271100017,
              23.600926233000052
            ],
            [
              89.00410619900009,
              23.60181086200015
            ],
            [
              89.00415582500011,
              23.602223225000046
            ],
            [
              89.00419784400009,
              23.602572381000186
            ],
            [
              89.00429703300006,
              23.602943320000065
            ],
            [
              89.00442683200004,
              23.603316714000016
            ],
            [
              89.00466314600004,
              23.60353725300007
            ],
            [
              89.00493779700014,
              23.603629331000036
            ],
            [
              89.00523547000017,
              23.603633495000054
            ],
            [
              89.00537056000013,
              23.60373476000018
            ],
            [
              89.00560916300009,
              23.603913620000014
            ],
            [
              89.00577723200001,
              23.604289514000072
            ],
            [
              89.00577699500013,
              23.60444305600015
            ],
            [
              89.00576945600011,
              23.60463041600019
            ],
            [
              89.00571496800006,
              23.60483901700013
            ],
            [
              89.00563226200012,
              23.605155642000113
            ],
            [
              89.00531926800016,
              23.605557811000097
            ],
            [
              89.00531108100012,
              23.60564944500004
            ],
            [
              89.0052888240001,
              23.60589856600012
            ],
            [
              89.00528877100004,
              23.60627113000004
            ],
            [
              89.005418422,
              23.606583556000146
            ],
            [
              89.00576078600011,
              23.60680415300004
            ],
            [
              89.00612051900009,
              23.60689739500009
            ],
            [
              89.00625769400017,
              23.607146646000047
            ],
            [
              89.00624998600006,
              23.607519160000095
            ],
            [
              89.00628061200013,
              23.608047717000034
            ],
            [
              89.00607453800012,
              23.608324127
            ],
            [
              89.00580753200006,
              23.608354029000168
            ],
            [
              89.00571010400017,
              23.608377539000173
            ],
            [
              89.00543379000004,
              23.608444211000176
            ],
            [
              89.00526584500011,
              23.608659899000088
            ],
            [
              89.00515905400005,
              23.608970812000166
            ],
            [
              89.00512079700019,
              23.60937248199997
            ],
            [
              89.00518958800006,
              23.609591946000023
            ],
            [
              89.00559394600015,
              23.60962614900012
            ],
            [
              89.00586093700014,
              23.609720432000188
            ],
            [
              89.00592657400011,
              23.609925854000096
            ],
            [
              89.00595998100016,
              23.610030407000124
            ],
            [
              89.00605925000008,
              23.610311029000115
            ],
            [
              89.00626530900018,
              23.610280734000185
            ],
            [
              89.00639481600018,
              23.610532200000023
            ],
            [
              89.0063643040001,
              23.610841343000118
            ],
            [
              89.00660084000015,
              23.610872210000082
            ],
            [
              89.0067881550001,
              23.610850177000145
            ],
            [
              89.00683751100013,
              23.610844372000088
            ],
            [
              89.00703593200006,
              23.610689842000113
            ],
            [
              89.00727990100012,
              23.61062817900006
            ],
            [
              89.00754697899998,
              23.610629886000083
            ],
            [
              89.00761579100003,
              23.610725163999973
            ],
            [
              89.0076767270001,
              23.610849738000184
            ],
            [
              89.00771497900007,
              23.61109835900004
            ],
            [
              89.00732568299998,
              23.61239870900016
            ],
            [
              89.0071273440002,
              23.612582592000024
            ],
            [
              89.00689764900011,
              23.612685367000097
            ],
            [
              89.00678404800004,
              23.612736196000128
            ],
            [
              89.00641005500006,
              23.612857989000133
            ],
            [
              89.00624227700007,
              23.613010452000083
            ],
            [
              89.00603640000014,
              23.613259771000173
            ],
            [
              89.0060364150001,
              23.613663943000063
            ],
            [
              89.00583033000015,
              23.6139403520001
            ],
            [
              89.00555546600015,
              23.614279542000077
            ],
            [
              89.0052809930001,
              23.614526156000068
            ],
            [
              89.00518187200015,
              23.614834862
            ],
            [
              89.0052123590001,
              23.615300193000053
            ],
            [
              89.0053388300002,
              23.615786180000043
            ],
            [
              89.00567766000017,
              23.616109265000034
            ],
            [
              89.00604395300019,
              23.616238057000032
            ],
            [
              89.0065168230002,
              23.6160852860001
            ],
            [
              89.00689080900008,
              23.61608767900003
            ],
            [
              89.00715783100014,
              23.616464207000092
            ],
            [
              89.00732547800004,
              23.61689880600011
            ],
            [
              89.00736334700008,
              23.61693430600019
            ],
            [
              89.00769169200015,
              23.617242100000055
            ],
            [
              89.0076917040002,
              23.61734581800016
            ],
            [
              89.00769172600019,
              23.61752208600018
            ],
            [
              89.00769169300008,
              23.61777046100019
            ],
            [
              89.0076842260001,
              23.61811136400007
            ],
            [
              89.00768427800011,
              23.618389090000107
            ],
            [
              89.00761541300017,
              23.618544452000037
            ],
            [
              89.0075772620001,
              23.618607430000054
            ],
            [
              89.00757739900001,
              23.618792583000015
            ],
            [
              89.00757734900003,
              23.619165145000125
            ],
            [
              89.00763818600018,
              23.61950648200002
            ],
            [
              89.00761307700014,
              23.619561278000106
            ],
            [
              89.00753915000018,
              23.619722614000125
            ],
            [
              89.00723397000013,
              23.619937425000046
            ],
            [
              89.00699755400012,
              23.620091711000043
            ],
            [
              89.00682209200016,
              23.62036831800009
            ],
            [
              89.00654719800013,
              23.62070976400014
            ],
            [
              89.00637953000012,
              23.62104964399998
            ],
            [
              89.00624218300004,
              23.621389713000156
            ],
            [
              89.00607430900004,
              23.62151282400015
            ],
            [
              89.00583009400015,
              23.621603838
            ],
            [
              89.00545616100004,
              23.621633052000107
            ],
            [
              89.00553241000006,
              23.622123516000045
            ],
            [
              89.00580709600018,
              23.622380605000046
            ]
          ]
        ]
      }
    }
  ]
}