{
  "type": "FeatureCollection",
  "features": [
    {
      "type": "Feature",
      "properties": {
        "adm3_name": "Maheshpur",
        "adm3_name1": null,
        "adm3_name2": null,
        "adm3_name3": null,
        "adm3_pcode": "BD40440071",
        "adm2_name": "Jhenaidah",
        "adm2_name1": null,
        "adm2_name2": null,
        "adm2_name3": null,
        "adm2_pcode": "BD4044",
        "adm1_name": "Khulna",
        "adm1_name1": null,
        "adm1_name2": null,
        "adm1_name3": null,
        "adm1_pcode": "BD40",
        "adm0_name": "Bangladesh",
        "adm0_name1": null,
        "adm0_name2": null,
        "adm0_name3": null,
        "adm0_pcode": "BD",
        "valid_on": "2023-05-21",
        "valid_to": null,
        "area_sqkm": 419.75844987,
        "version": "v03",
        "lang": "en",
        "lang1": null,
        "lang2": null,
        "lang3": null,
        "adm3_ref_name": null,
        "center_lat": 23.32017163,
        "center_lon": 88.85970006
      },
      "geometry": {
        "type": "Polygon",
        "coordinates": [
          [
            [
              88.92168017300008,
              23.418797223000183
            ],
            [
              88.92089255700012,
              23.419369823000125
            ],
            [
              88.9198297370001,
              23.420085025000162
            ],
            [
              88.91881016100012,
              23.420294736000187
            ],
            [
              88.91758754000011,
              23.420649800000035
            ],
            [
              88.91747594200012,
              23.42068289400015
            ],
            [
              88.91586945000006,
              23.420852390000107
            ],
            [
              88.91403014200012,
              23.420767357000102
            ],
            [
              88.91270299000007,
              23.420288468000024
            ],
            [
              88.91236164900016,
              23.420061329000134
            ],
            [
              88.91192985700013,
              23.419773998000096
            ],
            [
              88.91149595000002,
              23.41948525800018
            ],
            [
              88.91126521100006,
              23.418977864999988
            ],
            [
              88.91126905400012,
              23.41850823800013
            ],
            [
              88.91162905400006,
              23.417571432999978
            ],
            [
              88.91198477900008,
              23.417467696000017
            ],
            [
              88.91308098899998,
              23.417148016000056
            ],
            [
              88.9140987790002,
              23.417155094000123
            ],
            [
              88.91515365100008,
              23.41741531600013
            ],
            [
              88.91636364100003,
              23.417857245
            ],
            [
              88.9175339040001,
              23.41837114100008
            ],
            [
              88.91847575800006,
              23.418088648000094
            ],
            [
              88.91950235899998,
              23.41701192900007
            ],
            [
              88.91998560000013,
              23.41535340700017
            ],
            [
              88.92006386700012,
              23.41452753300001
            ],
            [
              88.92007217500009,
              23.414446301000055
            ],
            [
              88.92023542400017,
              23.41351263399997
            ],
            [
              88.92024392400015,
              23.412464995999983
            ],
            [
              88.92033188600016,
              23.411273398000162
            ],
            [
              88.9202647370002,
              23.409900090000065
            ],
            [
              88.91997822000019,
              23.409480028000132
            ],
            [
              88.91973833300017,
              23.409128329000055
            ],
            [
              88.91964577200008,
              23.408992622000085
            ],
            [
              88.9193255900002,
              23.408764944000097
            ],
            [
              88.91918916200012,
              23.40866793200007
            ],
            [
              88.91851707300003,
              23.408190008000133
            ],
            [
              88.91777658400014,
              23.407787481000128
            ],
            [
              88.91705254500016,
              23.407648612000116
            ],
            [
              88.91621321600007,
              23.407487624999987
            ],
            [
              88.91461012600013,
              23.40725973300016
            ],
            [
              88.91367040500012,
              23.407289330000026
            ],
            [
              88.91261237000003,
              23.407426479000094
            ],
            [
              88.91147604500009,
              23.40756307700002
            ],
            [
              88.91061342300014,
              23.407737703000123
            ],
            [
              88.91043046600015,
              23.407755174000044
            ],
            [
              88.90955567700018,
              23.40783870700011
            ],
            [
              88.9091574860002,
              23.407923972000162
            ],
            [
              88.90857532700005,
              23.408048627000085
            ],
            [
              88.90759616100007,
              23.408114038000065
            ],
            [
              88.90649986200003,
              23.40814249700003
            ],
            [
              88.90540415700002,
              23.408098697000128
            ],
            [
              88.90534001100008,
              23.408138407000024
            ],
            [
              88.90453855400011,
              23.408634543000062
            ],
            [
              88.90406377700015,
              23.409245378000037
            ],
            [
              88.90378471700018,
              23.4098575860001
            ],
            [
              88.90362219000014,
              23.410578993000172
            ],
            [
              88.90326156000015,
              23.41158802600006
            ],
            [
              88.90254892500008,
              23.412558459000024
            ],
            [
              88.90187870400013,
              23.4131317880001
            ],
            [
              88.90105428500004,
              23.413415008000072
            ],
            [
              88.90019460100012,
              23.413228322000066
            ],
            [
              88.89988243000016,
              23.41322612400006
            ],
            [
              88.89956829200008,
              23.413223912000092
            ],
            [
              88.89947895800015,
              23.413153286000124
            ],
            [
              88.89831716700002,
              23.41303445700015
            ],
            [
              88.89753488000008,
              23.412956685000097
            ],
            [
              88.89675229600016,
              23.412915033
            ],
            [
              88.89616633000014,
              23.412766384000065
            ],
            [
              88.89581315700013,
              23.412600283000074
            ],
            [
              88.89577638600002,
              23.4125829890001
            ],
            [
              88.89574167400019,
              23.412559314000134
            ],
            [
              88.89534820100005,
              23.412290946000155
            ],
            [
              88.89530344800016,
              23.412119027000074
            ],
            [
              88.89523436900004,
              23.4118566140001
            ],
            [
              88.89543518700015,
              23.411243869000145
            ],
            [
              88.89541109200019,
              23.410976565000055
            ],
            [
              88.895399343,
              23.41084621599998
            ],
            [
              88.89529744900011,
              23.410784741000157
            ],
            [
              88.89485403000009,
              23.41051721300005
            ],
            [
              88.89478992900007,
              23.410322681000082
            ],
            [
              88.89466311600012,
              23.40993782700008
            ],
            [
              88.8942719800001,
              23.409898935000058
            ],
            [
              88.89387364100008,
              23.410727040999973
            ],
            [
              88.89318894700011,
              23.41050180100018
            ],
            [
              88.89297574600016,
              23.410431664000157
            ],
            [
              88.89251083300013,
              23.409850333000122
            ],
            [
              88.89245648700006,
              23.409785480000153
            ],
            [
              88.8916376270002,
              23.409936874000095
            ],
            [
              88.89155671000015,
              23.4094391000001
            ],
            [
              88.89152591500016,
              23.409249664000072
            ],
            [
              88.89106041000014,
              23.408740579000096
            ],
            [
              88.890956126,
              23.408745498000087
            ],
            [
              88.8903946800001,
              23.40877198100003
            ],
            [
              88.88992767800016,
              23.408443518000126
            ],
            [
              88.88999200300009,
              23.40834628099998
            ],
            [
              88.89028448300013,
              23.407904143
            ],
            [
              88.89004062200013,
              23.407511412000133
            ],
            [
              88.89001409900015,
              23.40746869700007
            ],
            [
              88.88974480100006,
              23.407409324000184
            ],
            [
              88.88952001500013,
              23.40704730699997
            ],
            [
              88.88928671200006,
              23.406995869000184
            ],
            [
              88.88901206700018,
              23.40693531500017
            ],
            [
              88.88891910800004,
              23.406782452000186
            ],
            [
              88.88872842600006,
              23.406737013000054
            ],
            [
              88.8885312060001,
              23.406916246000094
            ],
            [
              88.88848572900014,
              23.407674596000106
            ],
            [
              88.8884056330001,
              23.40789078800009
            ],
            [
              88.88758303400016,
              23.407957186000033
            ],
            [
              88.88719221200017,
              23.407882150000034
            ],
            [
              88.88683478100018,
              23.407617684
            ],
            [
              88.88664753900014,
              23.407480872000065
            ],
            [
              88.88622774200013,
              23.407370022000123
            ],
            [
              88.88603089800017,
              23.40767276000014
            ],
            [
              88.88582056100006,
              23.40767126000003
            ],
            [
              88.88548290500006,
              23.407668853000075
            ],
            [
              88.88481717900004,
              23.407700230000103
            ],
            [
              88.88461692500016,
              23.408240709000154
            ],
            [
              88.88441606200013,
              23.40885343600013
            ],
            [
              88.8842173180002,
              23.409213290000082
            ],
            [
              88.88319808500017,
              23.409386644
            ],
            [
              88.88257028100008,
              23.409562790000052
            ],
            [
              88.88213910200005,
              23.40963196200005
            ],
            [
              88.88156739700008,
              23.409572280000077
            ],
            [
              88.88139598999999,
              23.409554386000025
            ],
            [
              88.88104734700005,
              23.40911836400005
            ],
            [
              88.88097911900007,
              23.40885791900007
            ],
            [
              88.88089393000001,
              23.408539056000052
            ],
            [
              88.88078502600007,
              23.40784877600015
            ],
            [
              88.88048981100007,
              23.407982371000116
            ],
            [
              88.8801046710002,
              23.408156658000053
            ],
            [
              88.880031889,
              23.408156133999967
            ],
            [
              88.87979152900004,
              23.408154411000112
            ],
            [
              88.87953711600005,
              23.407999880000034
            ],
            [
              88.87912945300013,
              23.407752264000123
            ],
            [
              88.87905105000016,
              23.40758330900013
            ],
            [
              88.87886032400019,
              23.40717230100006
            ],
            [
              88.87878660400014,
              23.406629864000024
            ],
            [
              88.87883699100013,
              23.406384935000062
            ],
            [
              88.87886823600013,
              23.406233053000108
            ],
            [
              88.87829931300001,
              23.406258127000058
            ],
            [
              88.87816337600009,
              23.406264119000014
            ],
            [
              88.87789242800005,
              23.405900901000166
            ],
            [
              88.87800500600008,
              23.405827900000077
            ],
            [
              88.87816794200006,
              23.405722245000163
            ],
            [
              88.87895230100008,
              23.40554723500003
            ],
            [
              88.87872171200007,
              23.405039802999966
            ],
            [
              88.87841283900019,
              23.40453180700007
            ],
            [
              88.87810336100017,
              23.404096058000164
            ],
            [
              88.87853604800017,
              23.40384627300017
            ],
            [
              88.8785224410002,
              23.40341699400011
            ],
            [
              88.87850512200009,
              23.40287061900011
            ],
            [
              88.87843201500016,
              23.402255934000152
            ],
            [
              88.87796719700009,
              23.40167456100005
            ],
            [
              88.87754030600018,
              23.401237970000125
            ],
            [
              88.87732155200007,
              23.400882891000094
            ],
            [
              88.87711554600003,
              23.400548504000085
            ],
            [
              88.8766567780001,
              23.400187380000034
            ],
            [
              88.87681126100017,
              23.39949862600008
            ],
            [
              88.8772876450002,
              23.398707251000076
            ],
            [
              88.87693843200014,
              23.39834347200008
            ],
            [
              88.8767793020001,
              23.39830963100019
            ],
            [
              88.87658678700006,
              23.3982686920001
            ],
            [
              88.87611741400008,
              23.398229191000098
            ],
            [
              88.87621690900005,
              23.397873659000027
            ],
            [
              88.87609278000014,
              23.397847262000028
            ],
            [
              88.87562340900013,
              23.39780776000015
            ],
            [
              88.87574448900006,
              23.397375104000048
            ],
            [
              88.87617898600018,
              23.39690857500011
            ],
            [
              88.87615005600009,
              23.396798115000024
            ],
            [
              88.87606522800019,
              23.396474230000138
            ],
            [
              88.8760127770002,
              23.39646172500005
            ],
            [
              88.87597701700008,
              23.39631343900004
            ],
            [
              88.87652618600015,
              23.39617287900012
            ],
            [
              88.87649174500007,
              23.39608683000006
            ],
            [
              88.87641120600006,
              23.395883034000065
            ],
            [
              88.8761405890001,
              23.395483689000116
            ],
            [
              88.87595512100006,
              23.39506810300003
            ],
            [
              88.87583327100009,
              23.394795064999983
            ],
            [
              88.87572225800005,
              23.394035597000027
            ],
            [
              88.87580694100006,
              23.393277532000127
            ],
            [
              88.87588948500013,
              23.39277234800005
            ],
            [
              88.87632030900005,
              23.392739317000064
            ],
            [
              88.87694712600018,
              23.392671566000104
            ],
            [
              88.8770669770002,
              23.392383410000036
            ],
            [
              88.87691316900009,
              23.392057160000036
            ],
            [
              88.87647130000005,
              23.391746280000064
            ],
            [
              88.87644625600012,
              23.391728661000116
            ],
            [
              88.87574513200019,
              23.391326220000167
            ],
            [
              88.87541725200003,
              23.39129862300007
            ],
            [
              88.87527578500016,
              23.39128671600008
            ],
            [
              88.87492446200014,
              23.39117580900006
            ],
            [
              88.87402429700018,
              23.391169327000057
            ],
            [
              88.87402582600004,
              23.390988703
            ],
            [
              88.87395439900007,
              23.390750945000036
            ],
            [
              88.87353032500016,
              23.390747890000057
            ],
            [
              88.87353185400019,
              23.390567266000062
            ],
            [
              88.87337958,
              23.39006038800005
            ],
            [
              88.87350035400004,
              23.389663859000166
            ],
            [
              88.873153011,
              23.3890833210001
            ],
            [
              88.87339119100017,
              23.388687638000135
            ],
            [
              88.87365934200005,
              23.38841352300011
            ],
            [
              88.87361730800018,
              23.388384602000087
            ],
            [
              88.87303056200011,
              23.38834424500004
            ],
            [
              88.87216802700004,
              23.388518663000127
            ],
            [
              88.871657718,
              23.388695617000167
            ],
            [
              88.87154865600007,
              23.388618876000123
            ],
            [
              88.87150209000009,
              23.388586110000062
            ],
            [
              88.87083952300009,
              23.388256183000067
            ],
            [
              88.8703717190001,
              23.38803604000003
            ],
            [
              88.86998219200012,
              23.387816464000025
            ],
            [
              88.8695529200001,
              23.38766885300015
            ],
            [
              88.86949702800013,
              23.387399965999975
            ],
            [
              88.869402503,
              23.386945222
            ],
            [
              88.86995071799998,
              23.38691305800006
            ],
            [
              88.87030631300019,
              23.386518230000036
            ],
            [
              88.8708163070001,
              23.386377402000107
            ],
            [
              88.8715993350001,
              23.386346930000116
            ],
            [
              88.87179685100006,
              23.386131590000048
            ],
            [
              88.87156509500011,
              23.38576864800001
            ],
            [
              88.87129987600008,
              23.385705406000113
            ],
            [
              88.87110693300019,
              23.3854032430001
            ],
            [
              88.87107115000015,
              23.38534720400014
            ],
            [
              88.87044620200015,
              23.38519818000009
            ],
            [
              88.8704703190001,
              23.38516674500005
            ],
            [
              88.87017378400014,
              23.385015578000093
            ],
            [
              88.87001002400012,
              23.384920914000077
            ],
            [
              88.86966747200017,
              23.384722899999986
            ],
            [
              88.8695593060001,
              23.38456325600015
            ],
            [
              88.86939689400003,
              23.384323547000122
            ],
            [
              88.86892941600007,
              23.384067275
            ],
            [
              88.86845457600003,
              23.384678002000044
            ],
            [
              88.86813566000012,
              23.385362109000027
            ],
            [
              88.86777944900001,
              23.385829184000045
            ],
            [
              88.86734680100011,
              23.386078939000015
            ],
            [
              88.86720440400012,
              23.38609978700015
            ],
            [
              88.86675414000018,
              23.386165709000124
            ],
            [
              88.86664143300004,
              23.38618221000013
            ],
            [
              88.86589715600019,
              23.386176813000134
            ],
            [
              88.86581958000016,
              23.386176250000176
            ],
            [
              88.86554593500017,
              23.38613813900014
            ],
            [
              88.86531634900018,
              23.38552231200009
            ],
            [
              88.86503030400019,
              23.385141944000054
            ],
            [
              88.8642929080001,
              23.384885071000042
            ],
            [
              88.86370710700004,
              23.38473630700014
            ],
            [
              88.86356454800006,
              23.38457828200012
            ],
            [
              88.8633606780001,
              23.384352294000053
            ],
            [
              88.86328062500013,
              23.384263556
            ],
            [
              88.86301037400005,
              23.383828064000056
            ],
            [
              88.86270161099998,
              23.383320040000115
            ],
            [
              88.86234504700013,
              23.383124552000083
            ],
            [
              88.86228136000011,
              23.383089635000147
            ],
            [
              88.86223414900002,
              23.383063751000122
            ],
            [
              88.862058998,
              23.382817041000123
            ],
            [
              88.86192477100019,
              23.382627972000023
            ],
            [
              88.86181106900005,
              23.382193621000056
            ],
            [
              88.86177748900008,
              23.38154308800017
            ],
            [
              88.8619368030001,
              23.38121910300009
            ],
            [
              88.86229858700005,
              23.381071975000168
            ],
            [
              88.86237560300003,
              23.381040654000174
            ],
            [
              88.8627222680002,
              23.380899673000158
            ],
            [
              88.86287387200014,
              23.38147881100008
            ],
            [
              88.86286770700008,
              23.382201307000173
            ],
            [
              88.86289536600015,
              23.382242135000183
            ],
            [
              88.86313826000014,
              23.382600671000034
            ],
            [
              88.86388028300019,
              23.382786702000033
            ],
            [
              88.86427286400004,
              23.382645044000014
            ],
            [
              88.86439611800012,
              23.381959523999967
            ],
            [
              88.86443863800008,
              23.38156243500009
            ],
            [
              88.86393358500015,
              23.38112524100012
            ],
            [
              88.8640158570002,
              23.380656184000145
            ],
            [
              88.86382326400019,
              23.380293515000062
            ],
            [
              88.8634631750001,
              23.38012403199997
            ],
            [
              88.86327754300004,
              23.380036659000154
            ],
            [
              88.8632871150001,
              23.379852163000123
            ],
            [
              88.86332438300019,
              23.379133820000106
            ],
            [
              88.86336598100007,
              23.37884510400005
            ],
            [
              88.86301531600009,
              23.378661922000163
            ],
            [
              88.86283222600008,
              23.378700287000072
            ],
            [
              88.86234881000019,
              23.378801583999973
            ],
            [
              88.86231791300003,
              23.378805871999987
            ],
            [
              88.86191679600017,
              23.378979077000054
            ],
            [
              88.86105523800012,
              23.379045058000088
            ],
            [
              88.86019336600003,
              23.379147161000105
            ],
            [
              88.85983837900005,
              23.37946971500014
            ],
            [
              88.85956197000019,
              23.379756719000056
            ],
            [
              88.85924735100019,
              23.379935059000104
            ],
            [
              88.85885693900019,
              23.379823828000042
            ],
            [
              88.85850751800018,
              23.37949613500018
            ],
            [
              88.85851193600018,
              23.379444764000084
            ],
            [
              88.85836305600009,
              23.37940234600012
            ],
            [
              88.85801363800016,
              23.379074652000043
            ],
            [
              88.85804794100005,
              23.37867576300016
            ],
            [
              88.85805710500011,
              23.378569192000157
            ],
            [
              88.85747319800004,
              23.37820365400006
            ],
            [
              88.85657436700018,
              23.378052578
            ],
            [
              88.85579262700014,
              23.377938477999976
            ],
            [
              88.8554367070002,
              23.37836940000011
            ],
            [
              88.85535409600004,
              23.378874575999987
            ],
            [
              88.8554708740001,
              23.37894768199999
            ],
            [
              88.85591273700015,
              23.378899978000163
            ],
            [
              88.855847966,
              23.379296067000155
            ],
            [
              88.85596474500016,
              23.379369173000157
            ],
            [
              88.85655592300009,
              23.379305346000137
            ],
            [
              88.85659150900017,
              23.379301504000125
            ],
            [
              88.85674835300017,
              23.379266524000116
            ],
            [
              88.85705739600007,
              23.37973843500015
            ],
            [
              88.85705553800011,
              23.37995518400004
            ],
            [
              88.85681949300005,
              23.38009796700004
            ],
            [
              88.85642598300018,
              23.38034797800003
            ],
            [
              88.85649929099998,
              23.38092654800016
            ],
            [
              88.85656931600005,
              23.381287032000102
            ],
            [
              88.85661173500006,
              23.381505402000073
            ],
            [
              88.85680616700017,
              23.381651332000047
            ],
            [
              88.85696208500008,
              23.381724727000176
            ],
            [
              88.85739447499998,
              23.381655484000078
            ],
            [
              88.85770657100005,
              23.381621785
            ],
            [
              88.85789945800013,
              23.381948338000143
            ],
            [
              88.8578553690001,
              23.382526050000138
            ],
            [
              88.85757863700013,
              23.382849170000043
            ],
            [
              88.85726369899999,
              23.38306363300012
            ],
            [
              88.85732207300003,
              23.383649251000065
            ],
            [
              88.85793611300005,
              23.383553845
            ],
            [
              88.85816720900016,
              23.383989058000054
            ],
            [
              88.85817201500004,
              23.384015415000192
            ],
            [
              88.85843000900007,
              23.383975329000066
            ],
            [
              88.85866110700016,
              23.384410541000022
            ],
            [
              88.85877325500002,
              23.385025519000067
            ],
            [
              88.85830362500008,
              23.385022091000167
            ],
            [
              88.8577153550001,
              23.385162303000016
            ],
            [
              88.85693078499997,
              23.385373333000075
            ],
            [
              88.85696496100019,
              23.38595161500018
            ],
            [
              88.85707926900005,
              23.38631372200018
            ],
            [
              88.85696470200003,
              23.386373848000176
            ],
            [
              88.85682253400017,
              23.38644918800003
            ],
            [
              88.8566074690001,
              23.386563160000037
            ],
            [
              88.85621951900015,
              23.386162926000168
            ],
            [
              88.85619658000007,
              23.386097680999967
            ],
            [
              88.85611357100004,
              23.386141669999972
            ],
            [
              88.85572562300013,
              23.385741436000103
            ],
            [
              88.85549639700014,
              23.38508947000014
            ],
            [
              88.85515100499998,
              23.384292146000064
            ],
            [
              88.85480717200005,
              23.383314199000097
            ],
            [
              88.8545037200002,
              23.38219203900013
            ],
            [
              88.85415679000005,
              23.381575338000175
            ],
            [
              88.85373656500019,
              23.380380063000132
            ],
            [
              88.85343374900003,
              23.37918565200016
            ],
            [
              88.85328378500003,
              23.37824212600009
            ],
            [
              88.85309109200017,
              23.377846269000088
            ],
            [
              88.85278860500011,
              23.377817510000114
            ],
            [
              88.85234671500012,
              23.377775497000073
            ],
            [
              88.85183206700003,
              23.378848759000107
            ],
            [
              88.85169419500016,
              23.37907184900007
            ],
            [
              88.85127641300005,
              23.37974785400013
            ],
            [
              88.85052320900007,
              23.380862257000047
            ],
            [
              88.84977124100004,
              23.381832158000122
            ],
            [
              88.84902362900016,
              23.382296307000047
            ],
            [
              88.84819743100019,
              23.38279600300018
            ],
            [
              88.847175553,
              23.3832942520001
            ],
            [
              88.84658509100018,
              23.383687292000104
            ],
            [
              88.8465434540002,
              23.383976002000054
            ],
            [
              88.84595838000013,
              23.38395813800014
            ],
            [
              88.84497836400004,
              23.3839283210001
            ],
            [
              88.84411927600019,
              23.3837052130001
            ],
            [
              88.84357295500018,
              23.383520538000027
            ],
            [
              88.84169388000004,
              23.38346884599997
            ],
            [
              88.8410846760001,
              23.3835613010001
            ],
            [
              88.84083391600012,
              23.383730552000145
            ],
            [
              88.84045757500019,
              23.38413878500006
            ],
            [
              88.84010921600003,
              23.38449682000015
            ],
            [
              88.84006052400008,
              23.384546863000082
            ],
            [
              88.83962180100013,
              23.384983308000074
            ],
            [
              88.83933889500014,
              23.38536355499997
            ],
            [
              88.839118283,
              23.385725147000073
            ],
            [
              88.8389090230001,
              23.385972119000087
            ],
            [
              88.83876197400014,
              23.386209994000126
            ],
            [
              88.83874068100005,
              23.386276747000068
            ],
            [
              88.83866146800017,
              23.386557185000186
            ],
            [
              88.83851121000015,
              23.38646621600003
            ],
            [
              88.8382939280001,
              23.38644548400009
            ],
            [
              88.83812666800014,
              23.38662585600008
            ],
            [
              88.8379575730001,
              23.387016505000133
            ],
            [
              88.83792706600013,
              23.38747384300018
            ],
            [
              88.83794856900005,
              23.38804877500013
            ],
            [
              88.83795784200004,
              23.388162556000054
            ],
            [
              88.83801405000008,
              23.38885219000008
            ],
            [
              88.83807728000016,
              23.389913671000045
            ],
            [
              88.83799691300015,
              23.390094881000152
            ],
            [
              88.83778150199998,
              23.390580580000062
            ],
            [
              88.8371246270001,
              23.391091863000042
            ],
            [
              88.835573705,
              23.391616090000127
            ],
            [
              88.83538858700018,
              23.391678659999968
            ],
            [
              88.83497017000008,
              23.39162135100014
            ],
            [
              88.834886761,
              23.391569122000192
            ],
            [
              88.83450305200017,
              23.39132885600003
            ],
            [
              88.8341943850001,
              23.390820776000055
            ],
            [
              88.83400629100004,
              23.389952331000075
            ],
            [
              88.83379103200008,
              23.389250044000107
            ],
            [
              88.8337399240001,
              23.38908330000004
            ],
            [
              88.83358938800006,
              23.38839576500004
            ],
            [
              88.8335197350001,
              23.388237881000123
            ],
            [
              88.83339750300007,
              23.387960812000017
            ],
            [
              88.83273440800019,
              23.387702974000035
            ],
            [
              88.83238365600016,
              23.38765404900016
            ],
            [
              88.83218713800005,
              23.387626636000107
            ],
            [
              88.83152943100009,
              23.386754678000102
            ],
            [
              88.8309907250001,
              23.385702973000036
            ],
            [
              88.83033525600013,
              23.38457814100019
            ],
            [
              88.82948190200005,
              23.38370471000013
            ],
            [
              88.82853359500018,
              23.383057790000066
            ],
            [
              88.8283097370001,
              23.38307905300013
            ],
            [
              88.82797657900011,
              23.38328302300016
            ],
            [
              88.82780107700012,
              23.383457587
            ],
            [
              88.82767554500003,
              23.38360193799997
            ],
            [
              88.82739336500015,
              23.383660997000163
            ],
            [
              88.8271373140002,
              23.383574960999965
            ],
            [
              88.82694005500014,
              23.383397602000116
            ],
            [
              88.82674765200011,
              23.383007212000166
            ],
            [
              88.82644309100004,
              23.382389252
            ],
            [
              88.82640290300009,
              23.382307709000088
            ],
            [
              88.82638207000008,
              23.382177715000182
            ],
            [
              88.82640287800018,
              23.381704590000027
            ],
            [
              88.82641025800007,
              23.381536778000168
            ],
            [
              88.82641312800013,
              23.381471506000082
            ],
            [
              88.82640327800004,
              23.381414080000127
            ],
            [
              88.82634174200007,
              23.381346706999977
            ],
            [
              88.82613524500016,
              23.381278247000182
            ],
            [
              88.82561736100013,
              23.381293477000042
            ],
            [
              88.82525378200012,
              23.381424567000067
            ],
            [
              88.82478539300018,
              23.38169824800002
            ],
            [
              88.82445076600015,
              23.382068521
            ],
            [
              88.82424613500018,
              23.38234692000009
            ],
            [
              88.8241992250002,
              23.382410740000182
            ],
            [
              88.82392680600015,
              23.38277192000004
            ],
            [
              88.8234984770001,
              23.383198838000055
            ],
            [
              88.82319541300006,
              23.38351199300007
            ],
            [
              88.8227498670002,
              23.38386041800004
            ],
            [
              88.81996292900016,
              23.386039787000186
            ],
            [
              88.81988313500011,
              23.386097242000062
            ],
            [
              88.81809740700015,
              23.387383022
            ],
            [
              88.81798206300004,
              23.38754464699997
            ],
            [
              88.81801177000011,
              23.38769780900003
            ],
            [
              88.81812786600011,
              23.38785567500014
            ],
            [
              88.81688191800004,
              23.388929973000018
            ],
            [
              88.81545201300014,
              23.390421760000095
            ],
            [
              88.81528860500009,
              23.390621926000108
            ],
            [
              88.81493150900008,
              23.390262904999986
            ],
            [
              88.81391363700004,
              23.390291313000034
            ],
            [
              88.81336669400014,
              23.390178784000057
            ],
            [
              88.81342103800006,
              23.389869661000148
            ],
            [
              88.81344914800007,
              23.389709762000166
            ],
            [
              88.81403651600016,
              23.389678092
            ],
            [
              88.81450679300008,
              23.389609404
            ],
            [
              88.81448279400013,
              23.389076355000043
            ],
            [
              88.81400749800008,
              23.38906505900019
            ],
            [
              88.81398902600012,
              23.388654736999968
            ],
            [
              88.81348034500007,
              23.38864264700004
            ],
            [
              88.81343080800013,
              23.388641469000163
            ],
            [
              88.81241230700016,
              23.388742116
            ],
            [
              88.81080741000017,
              23.38876604400008
            ],
            [
              88.80969980600014,
              23.388723524000113
            ],
            [
              88.80963365500008,
              23.388720985000134
            ],
            [
              88.80958265800007,
              23.38866833900005
            ],
            [
              88.80929309800007,
              23.388369416000103
            ],
            [
              88.80919783100012,
              23.388051740000094
            ],
            [
              88.80920138400012,
              23.387654371000167
            ],
            [
              88.80870435700012,
              23.38759956100006
            ],
            [
              88.80849759000017,
              23.387576759000126
            ],
            [
              88.80826342200015,
              23.387502719000054
            ],
            [
              88.80832271100019,
              23.38719028900016
            ],
            [
              88.80800384700007,
              23.387155124000174
            ],
            [
              88.80776968000015,
              23.38708108300017
            ],
            [
              88.80785183100011,
              23.386648193000042
            ],
            [
              88.80840101800015,
              23.38650787299997
            ],
            [
              88.80848251800018,
              23.386147226000105
            ],
            [
              88.80824818000013,
              23.385682568
            ],
            [
              88.80809795600015,
              23.385385635000034
            ],
            [
              88.80771371600014,
              23.384587922000037
            ],
            [
              88.80736797200012,
              23.38386275100015
            ],
            [
              88.80723005300018,
              23.383650503000183
            ],
            [
              88.80694331500007,
              23.383209233000116
            ],
            [
              88.80623825200013,
              23.383276105000107
            ],
            [
              88.80584690800004,
              23.383273115000065
            ],
            [
              88.80549795300004,
              23.38308305300012
            ],
            [
              88.80510692300004,
              23.38287007100007
            ],
            [
              88.80462413500004,
              23.381889022
            ],
            [
              88.80460724900007,
              23.381854708
            ],
            [
              88.80439439100002,
              23.381490343000166
            ],
            [
              88.8041832620001,
              23.381128934000174
            ],
            [
              88.8037079450001,
              23.381027609000057
            ],
            [
              88.80348015700008,
              23.380979050000064
            ],
            [
              88.80325908700007,
              23.38089303600003
            ],
            [
              88.80281715600017,
              23.38072109000018
            ],
            [
              88.80274213500013,
              23.38035924700017
            ],
            [
              88.80283997500004,
              23.379926367000053
            ],
            [
              88.80284679400017,
              23.379598107000106
            ],
            [
              88.8028610950002,
              23.37890962500012
            ],
            [
              88.80286517200005,
              23.378713346000154
            ],
            [
              88.80245719400006,
              23.378022004000172
            ],
            [
              88.80193429800016,
              23.377444483999966
            ],
            [
              88.80075168200017,
              23.376536912
            ],
            [
              88.79910980300014,
              23.376058617000126
            ],
            [
              88.79626960000007,
              23.37523119100007
            ],
            [
              88.79567012100011,
              23.375111874000083
            ],
            [
              88.79514165000018,
              23.37515559700006
            ],
            [
              88.79472637800006,
              23.37527665900012
            ],
            [
              88.79444570300006,
              23.375398757000085
            ],
            [
              88.79414911800012,
              23.37572681400013
            ],
            [
              88.79411101200014,
              23.375768962000052
            ],
            [
              88.79383922000005,
              23.376053623000075
            ],
            [
              88.79366068600018,
              23.376222185000188
            ],
            [
              88.79357812600011,
              23.376300133000086
            ],
            [
              88.79330564000014,
              23.37666125700008
            ],
            [
              88.79313513200003,
              23.377195222000125
            ],
            [
              88.79306811800018,
              23.377806383000177
            ],
            [
              88.79302085000018,
              23.377755666000155
            ],
            [
              88.79268649500017,
              23.37773102400007
            ],
            [
              88.79303485900004,
              23.37865085100003
            ],
            [
              88.79307685400005,
              23.378968753000038
            ],
            [
              88.79327088100018,
              23.379150883000023
            ],
            [
              88.79354919000019,
              23.379303639000057
            ],
            [
              88.79353289200009,
              23.379351441000097
            ],
            [
              88.79331362900018,
              23.379997769000113
            ],
            [
              88.79272597800014,
              23.380065488000128
            ],
            [
              88.79283421500014,
              23.381077865000123
            ],
            [
              88.79216698200008,
              23.381289473000038
            ],
            [
              88.79196902200005,
              23.381540829000073
            ],
            [
              88.79220087800019,
              23.381867758000055
            ],
            [
              88.79249318100017,
              23.38200550300013
            ],
            [
              88.7925537480001,
              23.382090904
            ],
            [
              88.79215584800005,
              23.382517687000075
            ],
            [
              88.79094040700011,
              23.382761180000045
            ],
            [
              88.78921522899998,
              23.38310909500018
            ],
            [
              88.78811783700013,
              23.3832812280001
            ],
            [
              88.78717927800005,
              23.383201698999983
            ],
            [
              88.78612463500008,
              23.38297675600012
            ],
            [
              88.78526237300014,
              23.383114564000152
            ],
            [
              88.7848154510001,
              23.383174484000165
            ],
            [
              88.78462608200016,
              23.38298559400016
            ],
            [
              88.78450679100013,
              23.382937300000037
            ],
            [
              88.78413243500006,
              23.382563887000174
            ],
            [
              88.78340881700007,
              23.382270931000107
            ],
            [
              88.78304064900016,
              23.38212187700003
            ],
            [
              88.78265690400013,
              23.381287985000085
            ],
            [
              88.78253120500011,
              23.381007936000117
            ],
            [
              88.78211993100018,
              23.380091631000084
            ],
            [
              88.78157999500013,
              23.379220392000036
            ],
            [
              88.78088122600013,
              23.378600796000057
            ],
            [
              88.78081090500007,
              23.378467032
            ],
            [
              88.78049651100014,
              23.377875269000185
            ],
            [
              88.78038737700018,
              23.376971258000083
            ],
            [
              88.78035684200006,
              23.37603173400015
            ],
            [
              88.78028488600017,
              23.375902274999987
            ],
            [
              88.77993333200004,
              23.375269776000152
            ],
            [
              88.77996556300013,
              23.375222612000186
            ],
            [
              88.77967435500017,
              23.37475866600016
            ],
            [
              88.77947136400019,
              23.374435264000056
            ],
            [
              88.77881208900004,
              23.37377984300008
            ],
            [
              88.77829149500013,
              23.373233766999988
            ],
            [
              88.77805159400009,
              23.372982122000053
            ],
            [
              88.7749998330001,
              23.369780853000123
            ],
            [
              88.77448157700002,
              23.369382576000135
            ],
            [
              88.77445697900015,
              23.36936367200019
            ],
            [
              88.77404424399998,
              23.36918552700007
            ],
            [
              88.77361314400002,
              23.36925000399998
            ],
            [
              88.77311295600003,
              23.369597836000025
            ],
            [
              88.77307757400013,
              23.369842258000176
            ],
            [
              88.77314130200006,
              23.370118044000037
            ],
            [
              88.775180282,
              23.372856247000016
            ],
            [
              88.77789513800013,
              23.37650189400017
            ],
            [
              88.7779344560002,
              23.376643016000116
            ],
            [
              88.7777797780002,
              23.377357667000183
            ],
            [
              88.77752609600014,
              23.37792155
            ],
            [
              88.77710801400019,
              23.37834650399998
            ],
            [
              88.77649099300004,
              23.378785195000148
            ],
            [
              88.77546697100001,
              23.379247863000046
            ],
            [
              88.77532225700014,
              23.379242024
            ],
            [
              88.77514142500013,
              23.379097678000164
            ],
            [
              88.77508529900007,
              23.379025154000033
            ],
            [
              88.77430829600019,
              23.378404918000058
            ],
            [
              88.77391996300014,
              23.378076736000082
            ],
            [
              88.77325837400019,
              23.377674159000037
            ],
            [
              88.77283124500008,
              23.377309544000184
            ],
            [
              88.77244969700013,
              23.37709411900005
            ],
            [
              88.77197566500018,
              23.37672480800012
            ],
            [
              88.77191206900005,
              23.376465422000138
            ],
            [
              88.77182479700014,
              23.376109475000078
            ],
            [
              88.7711214270002,
              23.37599557100009
            ],
            [
              88.77095911700007,
              23.37594420500011
            ],
            [
              88.77087883600012,
              23.37561675500018
            ],
            [
              88.77045238700009,
              23.375179886000183
            ],
            [
              88.77039410000015,
              23.375117328000158
            ],
            [
              88.77035867200004,
              23.375079302000017
            ],
            [
              88.77018113100019,
              23.37488874400009
            ],
            [
              88.77009558400016,
              23.374898251000047
            ],
            [
              88.76995881400018,
              23.374758137000185
            ],
            [
              88.76968756000014,
              23.374466993999988
            ],
            [
              88.76847316300012,
              23.374601943000073
            ],
            [
              88.76816378300009,
              23.37420211700004
            ],
            [
              88.766872793,
              23.37415581800019
            ],
            [
              88.76640556100011,
              23.37389925000008
            ],
            [
              88.76364754000008,
              23.37227231200012
            ],
            [
              88.7632536970001,
              23.37203997800009
            ],
            [
              88.76326654600018,
              23.372017846000062
            ],
            [
              88.76332203700002,
              23.371869264000168
            ],
            [
              88.76339934000015,
              23.371709565
            ],
            [
              88.76351871200006,
              23.37152987800016
            ],
            [
              88.7636508550001,
              23.371291587000087
            ],
            [
              88.76373648600014,
              23.37115678900011
            ],
            [
              88.76377991300012,
              23.371089394000137
            ],
            [
              88.76395150100007,
              23.370817546000012
            ],
            [
              88.76408332800008,
              23.370613119000097
            ],
            [
              88.76420015600013,
              23.37041083200012
            ],
            [
              88.76427275800012,
              23.37029625200006
            ],
            [
              88.76434442100009,
              23.37018392300007
            ],
            [
              88.76443492800018,
              23.37001755400007
            ],
            [
              88.76453203800008,
              23.369765438
            ],
            [
              88.76465525300006,
              23.36943450000018
            ],
            [
              88.76477643400005,
              23.36909225800008
            ],
            [
              88.76483510800011,
              23.36883080400014
            ],
            [
              88.76488177700014,
              23.368578290000187
            ],
            [
              88.76492600000017,
              23.368325756000104
            ],
            [
              88.7649331,
              23.368120343000044
            ],
            [
              88.76495256100014,
              23.367867612
            ],
            [
              88.76493574800008,
              23.367603305999978
            ],
            [
              88.76491851900016,
              23.367384153000046
            ],
            [
              88.76486514900017,
              23.36710601200008
            ],
            [
              88.76485147400001,
              23.367041688000086
            ],
            [
              88.76482091300005,
              23.366897935000168
            ],
            [
              88.76479052800016,
              23.36681189600006
            ],
            [
              88.76473034600014,
              23.366642079000144
            ],
            [
              88.76459828200007,
              23.366410730000098
            ],
            [
              88.76456458700017,
              23.36635175900011
            ],
            [
              88.7643866210002,
              23.36605908600012
            ],
            [
              88.76418388500014,
              23.365800084
            ],
            [
              88.76396934300016,
              23.365495831000146
            ],
            [
              88.76373970800006,
              23.365236618000097
            ],
            [
              88.76350031400017,
              23.364975067000046
            ],
            [
              88.76329450000014,
              23.3647521690001
            ],
            [
              88.76303073500009,
              23.364481394000165
            ],
            [
              88.76274339900016,
              23.36411560099998
            ],
            [
              88.76262541700015,
              23.363981451000086
            ],
            [
              88.76252589200016,
              23.363867771000116
            ],
            [
              88.76239587000009,
              23.363713205000067
            ],
            [
              88.76235930300015,
              23.363667758000133
            ],
            [
              88.7622019590001,
              23.36349265500013
            ],
            [
              88.76199626400006,
              23.36329007600017
            ],
            [
              88.76179065100018,
              23.36307846400007
            ],
            [
              88.76163577500017,
              23.362901122000153
            ],
            [
              88.76161002400005,
              23.362876083000117
            ],
            [
              88.76141793900007,
              23.36268941500009
            ],
            [
              88.76121190900005,
              23.362522958000113
            ],
            [
              88.76103047100014,
              23.362309280000034
            ],
            [
              88.76082444500014,
              23.362142822000123
            ],
            [
              88.7606666850001,
              23.362012871000104
            ],
            [
              88.76046065800017,
              23.361846415000173
            ],
            [
              88.7602418890001,
              23.361702435000154
            ],
            [
              88.76012069700005,
              23.361617932
            ],
            [
              88.75991457600009,
              23.361428894000028
            ],
            [
              88.75980572000014,
              23.36133319900017
            ],
            [
              88.75968464200008,
              23.361203541000123
            ],
            [
              88.75952699100009,
              23.36106230000007
            ],
            [
              88.75941813600008,
              23.360966606000147
            ],
            [
              88.75927260500004,
              23.36083675200001
            ],
            [
              88.75912676000013,
              23.360740766000106
            ],
            [
              88.75890585700006,
              23.36059676600007
            ],
            [
              88.75871112300013,
              23.360498130999986
            ],
            [
              88.75856262800016,
              23.360424702000046
            ],
            [
              88.7583924220001,
              23.360351100000173
            ],
            [
              88.75821913300007,
              23.360313597000186
            ],
            [
              88.75800941600005,
              23.360248712000043
            ],
            [
              88.75778479500019,
              23.360208544000102
            ],
            [
              88.75764683400007,
              23.360183614000164
            ],
            [
              88.75756261800018,
              23.360168396000176
            ],
            [
              88.7572888970002,
              23.360148160000108
            ],
            [
              88.75705407500016,
              23.360153069000035
            ],
            [
              88.75677734300012,
              23.360193770000137
            ],
            [
              88.75656410599998,
              23.360244005000084
            ],
            [
              88.75635074500019,
              23.360307791000082
            ],
            [
              88.75612473300015,
              23.36041663100019
            ],
            [
              88.75586833500006,
              23.36060425600016
            ],
            [
              88.75553836000006,
              23.360813872999984
            ],
            [
              88.7552850290001,
              23.360967652000056
            ],
            [
              88.7549796130001,
              23.361166176000097
            ],
            [
              88.75475062700013,
              23.361331438000093
            ],
            [
              88.75445754200013,
              23.361518767000064
            ],
            [
              88.75412797700017,
              23.36171709700011
            ],
            [
              88.7538621060001,
              23.361870775000057
            ],
            [
              88.75377262500007,
              23.361926509000057
            ],
            [
              88.75359643600012,
              23.362035743000035
            ],
            [
              88.7533673310001,
              23.36218068000005
            ],
            [
              88.7531755510002,
              23.36228978800017
            ],
            [
              88.75307357800006,
              23.362340907000032
            ],
            [
              88.75293720400009,
              23.362409815999968
            ],
            [
              88.75265954600007,
              23.36251598000007
            ],
            [
              88.75233328600007,
              23.362621759000035
            ],
            [
              88.7519922460001,
              23.362738705000083
            ],
            [
              88.75171467300015,
              23.36283583800008
            ],
            [
              88.75145220500008,
              23.362919545000125
            ],
            [
              88.75118750300004,
              23.36298065300008
            ],
            [
              88.75087644200016,
              23.363030102000153
            ],
            [
              88.75061205500003,
              23.363057345000186
            ],
            [
              88.75040137600007,
              23.363062436000178
            ],
            [
              88.75019103900019,
              23.363066199
            ],
            [
              88.7501396470002,
              23.363067118
            ],
            [
              88.7498903570002,
              23.363049322000165
            ],
            [
              88.74959218200013,
              23.363028876000044
            ],
            [
              88.74934565300003,
              23.36297723200005
            ],
            [
              88.7492455250001,
              23.362965813000073
            ],
            [
              88.74919662900015,
              23.362960237000152
            ],
            [
              88.74906012600013,
              23.362911729000018
            ],
            [
              88.74891407700005,
              23.362838310000086
            ],
            [
              88.74884801900009,
              23.36280842900004
            ],
            [
              88.74875365999998,
              23.362764774000027
            ],
            [
              88.74857126800003,
              23.362654937000116
            ],
            [
              88.74844954400004,
              23.362595258000056
            ],
            [
              88.74831379400018,
              23.362499341000046
            ],
            [
              88.74820461800005,
              23.36240589500011
            ],
            [
              88.74813193300014,
              23.36233306100013
            ],
            [
              88.748026058,
              23.36218093500014
            ],
            [
              88.7479414410002,
              23.36207639700001
            ],
            [
              88.7479173260001,
              23.362040077000017
            ],
            [
              88.74788353400015,
              23.36199239000007
            ],
            [
              88.74784727600013,
              23.361946943000135
            ],
            [
              88.74779933100018,
              23.361876564000113
            ],
            [
              88.74776319900019,
              23.361817568
            ],
            [
              88.74767508100018,
              23.361825897000074
            ],
            [
              88.74749213600006,
              23.361774759000127
            ],
            [
              88.74722837700017,
              23.360271153000042
            ],
            [
              88.74722570000006,
              23.36023049100004
            ],
            [
              88.74721047600002,
              23.35999788700019
            ],
            [
              88.74720618400005,
              23.3599322930001
            ],
            [
              88.7471374210001,
              23.358888598000135
            ],
            [
              88.74713023000015,
              23.35877564700013
            ],
            [
              88.74700239800006,
              23.356828325000095
            ],
            [
              88.74660230300009,
              23.356647136000106
            ],
            [
              88.74630198000017,
              23.356511129000182
            ],
            [
              88.74624808900006,
              23.356488117000026
            ],
            [
              88.74478460300014,
              23.355824753000036
            ],
            [
              88.74467103000006,
              23.355773272000135
            ],
            [
              88.74446718000007,
              23.355638423000073
            ],
            [
              88.7442970510001,
              23.355526423000015
            ],
            [
              88.74419959800014,
              23.355487257000163
            ],
            [
              88.74409044000015,
              23.35542541700005
            ],
            [
              88.7439930920001,
              23.355374963000145
            ],
            [
              88.7438985120001,
              23.355290661000083
            ],
            [
              88.74375259900017,
              23.355203691000156
            ],
            [
              88.74371157899998,
              23.355178924000143
            ],
            [
              88.74363131900009,
              23.355130465000116
            ],
            [
              88.74350986000007,
              23.355043690000173
            ],
            [
              88.7434272970001,
              23.354982065000115
            ],
            [
              88.74332080800008,
              23.354863800000032
            ],
            [
              88.74326055500018,
              23.354802352000092
            ],
            [
              88.74317324100002,
              23.35470908000019
            ],
            [
              88.74315417300005,
              23.354672801000106
            ],
            [
              88.74310860500003,
              23.35457760200012
            ],
            [
              88.7430905400002,
              23.354451015000052
            ],
            [
              88.7430601750001,
              23.354299493000156
            ],
            [
              88.74306563200008,
              23.354206965000117
            ],
            [
              88.74308455200008,
              23.354080674000045
            ],
            [
              88.74311485200008,
              23.35397931300008
            ],
            [
              88.74317012300014,
              23.3538555720001
            ],
            [
              88.74321554300019,
              23.35370691600002
            ],
            [
              88.74332248500014,
              23.353549724000175
            ],
            [
              88.74341144500005,
              23.353411990000154
            ],
            [
              88.74353850600016,
              23.353235355000038
            ],
            [
              88.74365745600005,
              23.353069227000105
            ],
            [
              88.74375163600018,
              23.352968378000014
            ],
            [
              88.74390991800016,
              23.352779984000108
            ],
            [
              88.74402874700013,
              23.352659013000107
            ],
            [
              88.74418415700018,
              23.35251575400008
            ],
            [
              88.74436657500019,
              23.352361424000094
            ],
            [
              88.74449762700004,
              23.352240548000054
            ],
            [
              88.74463115700007,
              23.352083568000182
            ],
            [
              88.744749984,
              23.351962596000135
            ],
            [
              88.7448686300001,
              23.351828073000092
            ],
            [
              88.74498756100007,
              23.351695813000163
            ],
            [
              88.74509385300013,
              23.351574739000114
            ],
            [
              88.7451730570001,
              23.351473767000073
            ],
            [
              88.74526489800019,
              23.351361609000037
            ],
            [
              88.74537108400006,
              23.35125182500002
            ],
            [
              88.74545028600005,
              23.35115085400014
            ],
            [
              88.74550121600004,
              23.351086178000116
            ],
            [
              88.74552979500015,
              23.351049886000112
            ],
            [
              88.74559376500014,
              23.350975889000097
            ],
            [
              88.74568786100008,
              23.35088406900013
            ],
            [
              88.74573006700001,
              23.350816669999972
            ],
            [
              88.74578223200018,
              23.350762899000074
            ],
            [
              88.7458533100002,
              23.35068230700017
            ],
            [
              88.7459157610001,
              23.35060591600012
            ],
            [
              88.74596796000009,
              23.350516020000157
            ],
            [
              88.74602228500004,
              23.350460007000038
            ],
            [
              88.74608977800006,
              23.350336365000146
            ],
            [
              88.746129327,
              23.350291524000056
            ],
            [
              88.74619630100005,
              23.350190457000167
            ],
            [
              88.74624168200017,
              23.35007792199997
            ],
            [
              88.74626932200016,
              23.34999911900013
            ],
            [
              88.74630908400007,
              23.34993170300004
            ],
            [
              88.74632428400008,
              23.349875376000114
            ],
            [
              88.74631473700009,
              23.349850462000177
            ],
            [
              88.746318229,
              23.349771465000117
            ],
            [
              88.74632122600019,
              23.349712784000133
            ],
            [
              88.7463362150001,
              23.34967903400019
            ],
            [
              88.74632719700003,
              23.349597678
            ],
            [
              88.7463181820001,
              23.349516324000035
            ],
            [
              88.74630934300018,
              23.34944851700004
            ],
            [
              88.7462877800001,
              23.349400927000033
            ],
            [
              88.74627987900004,
              23.349330868000152
            ],
            [
              88.74626935300006,
              23.34930261000011
            ],
            [
              88.74624529100004,
              23.349238018000108
            ],
            [
              88.74620925900007,
              23.349201604000143
            ],
            [
              88.74618514600013,
              23.34916528400015
            ],
            [
              88.74616358700018,
              23.34911769600012
            ],
            [
              88.74612722600011,
              23.349083537000013
            ],
            [
              88.74607855600016,
              23.349058309999975
            ],
            [
              88.74604221800018,
              23.349021895000078
            ],
            [
              88.74590787900019,
              23.349005011000088
            ],
            [
              88.74573376200004,
              23.348992328000065
            ],
            [
              88.74391630300005,
              23.348864823000042
            ],
            [
              88.74340820300012,
              23.348829172000023
            ],
            [
              88.74325621700018,
              23.34886859300019
            ],
            [
              88.74307977900014,
              23.34890782100007
            ],
            [
              88.74291556900005,
              23.348947143000146
            ],
            [
              88.74271470100012,
              23.34898391400003
            ],
            [
              88.74245909500013,
              23.34908798200013
            ],
            [
              88.74217944700007,
              23.349180567000076
            ],
            [
              88.74183592700007,
              23.349304246000088
            ],
            [
              88.74151910300014,
              23.349416853000093
            ],
            [
              88.74123924200018,
              23.349532011
            ],
            [
              88.74097171200003,
              23.349635980000187
            ],
            [
              88.74071576200004,
              23.349776169000165
            ],
            [
              88.74047257800015,
              23.349891624
            ],
            [
              88.74015296500005,
              23.35004033000007
            ],
            [
              88.739858217,
              23.350177946000088
            ],
            [
              88.7395660200001,
              23.35030429500017
            ],
            [
              88.73919663500016,
              23.35048328200014
            ],
            [
              88.73888728400004,
              23.350642026000116
            ],
            [
              88.73851630300004,
              23.35082418200011
            ],
            [
              88.73820872100015,
              23.350993302000063
            ],
            [
              88.73797763200014,
              23.35112239600005
            ],
            [
              88.73776142600019,
              23.351229031000116
            ],
            [
              88.7375030440001,
              23.351366936000034
            ],
            [
              88.73745084500013,
              23.351391351000018
            ],
            [
              88.73725005100005,
              23.35148456400003
            ],
            [
              88.73695477700011,
              23.351644748000126
            ],
            [
              88.73669659500007,
              23.35179394200003
            ],
            [
              88.73642575200017,
              23.351956584000163
            ],
            [
              88.73622155500004,
              23.352085891000115
            ],
            [
              88.7359904590001,
              23.352214982000078
            ],
            [
              88.73575895200003,
              23.352355358000125
            ],
            [
              88.73557697700016,
              23.352462268000068
            ],
            [
              88.73534804300004,
              23.352589118000083
            ],
            [
              88.73506559500015,
              23.35271779300018
            ],
            [
              88.73487396600018,
              23.35281107500009
            ],
            [
              88.73469432000007,
              23.352897679000137
            ],
            [
              88.73455433900011,
              23.352959768000062
            ],
            [
              88.73435056900013,
              23.353043921000165
            ],
            [
              88.73417380300009,
              23.353117001000157
            ],
            [
              88.73400979899998,
              23.353133739000157
            ],
            [
              88.7338089210001,
              23.35317049700018
            ],
            [
              88.73366259800014,
              23.353187661000163
            ],
            [
              88.73350791800016,
              23.353192899000078
            ],
            [
              88.73334659200009,
              23.35318481900009
            ],
            [
              88.733160924,
              23.353165253999975
            ],
            [
              88.73304880600017,
              23.353125962000092
            ],
            [
              88.73291457400006,
              23.3530977800001
            ],
            [
              88.7327901220001,
              23.353069679000157
            ],
            [
              88.73269289000018,
              23.353007929
            ],
            [
              88.73259851500012,
              23.352934913000013
            ],
            [
              88.73251340400009,
              23.352884550000056
            ],
            [
              88.73242861300008,
              23.352800321000075
            ],
            [
              88.73233414700007,
              23.35270472600007
            ],
            [
              88.73220376100016,
              23.352561425000033
            ],
            [
              88.73207308800005,
              23.35241586000018
            ],
            [
              88.73196992300018,
              23.352238910999972
            ],
            [
              88.73185761700012,
              23.351994150000053
            ],
            [
              88.73176948500009,
              23.35174732700017
            ],
            [
              88.73175259800018,
              23.35169074300012
            ],
            [
              88.73171428300014,
              23.35156482300016
            ],
            [
              88.73170576500013,
              23.351536829000167
            ],
            [
              88.73166647400018,
              23.35132878400009
            ],
            [
              88.73162997600019,
              23.351084637000042
            ],
            [
              88.73162748700008,
              23.350831734000167
            ],
            [
              88.73162743000017,
              23.35061272100006
            ],
            [
              88.73164270600017,
              23.350323836000086
            ],
            [
              88.73166474000004,
              23.350095969000165
            ],
            [
              88.73169512100014,
              23.34976205000015
            ],
            [
              88.73174737800014,
              23.34944185300003
            ],
            [
              88.73181451800019,
              23.34909919900008
            ],
            [
              88.73190314700014,
              23.34877929800018
            ],
            [
              88.73197938700002,
              23.34854058200017
            ],
            [
              88.73208009700005,
              23.348268194000184
            ],
            [
              88.73219279300014,
              23.348020738000116
            ],
            [
              88.7322750940001,
              23.347852064
            ],
            [
              88.73238792000018,
              23.347591064000085
            ],
            [
              88.73248499600004,
              23.347411219000037
            ],
            [
              88.73258272100003,
              23.34719525600002
            ],
            [
              88.73269232700005,
              23.347015511000166
            ],
            [
              88.73278629600009,
              23.346905637000134
            ],
            [
              88.7328782530002,
              23.34678219700004
            ],
            [
              88.73295701200004,
              23.346728646000145
            ],
            [
              88.73306032800002,
              23.346664003000058
            ],
            [
              88.73317332000016,
              23.346610727000098
            ],
            [
              88.73325199200008,
              23.346566207000137
            ],
            [
              88.73340408500013,
              23.346515505000184
            ],
            [
              88.73350440000019,
              23.34650954500006
            ],
            [
              88.73363851700003,
              23.34654901300013
            ],
            [
              88.7337330970002,
              23.34656784100008
            ],
            [
              88.7338179730001,
              23.346583612000074
            ],
            [
              88.73387284700004,
              23.346593808000023
            ],
            [
              88.73405840100014,
              23.346624661000135
            ],
            [
              88.73419517800016,
              23.346641572000067
            ],
            [
              88.73431962400014,
              23.34666967300018
            ],
            [
              88.73447817500005,
              23.346711595000045
            ],
            [
              88.7346785060002,
              23.346731279000096
            ],
            [
              88.73493685200003,
              23.346789812000054
            ],
            [
              88.73523496900015,
              23.346812543000055
            ],
            [
              88.73535697300008,
              23.346798850000084
            ],
            [
              88.73546018100012,
              23.34678726700014
            ],
            [
              88.73573693200018,
              23.34674208700011
            ],
            [
              88.73600189300015,
              23.346683263000045
            ],
            [
              88.73631819200011,
              23.346593245000065
            ],
            [
              88.73658539900015,
              23.34652314900012
            ],
            [
              88.73678913700013,
              23.3464412510001
            ],
            [
              88.73699363000009,
              23.346311941000067
            ],
            [
              88.73717604600006,
              23.346157618000177
            ],
            [
              88.73734664800014,
              23.345991911000056
            ],
            [
              88.73741498300018,
              23.345908924000184
            ],
            [
              88.73749259700003,
              23.345814718000042
            ],
            [
              88.73761420800008,
              23.345657645000074
            ],
            [
              88.73774816700006,
              23.34545551600013
            ],
            [
              88.73784580900013,
              23.34529338200008
            ],
            [
              88.73796492200012,
              23.345096001000172
            ],
            [
              88.73803766500004,
              23.34490241000003
            ],
            [
              88.73810782300012,
              23.344756212
            ],
            [
              88.73818147500003,
              23.34461350200013
            ],
            [
              88.73824517100013,
              23.344486372000063
            ],
            [
              88.73830292500014,
              23.344326531000092
            ],
            [
              88.73836044000018,
              23.344191521000084
            ],
            [
              88.73839107100014,
              23.344087904000162
            ],
            [
              88.7384188210001,
              23.343997810000133
            ],
            [
              88.73844925000009,
              23.343882907000136
            ],
            [
              88.73848273000016,
              23.3437364130001
            ],
            [
              88.738500348,
              23.343650755000112
            ],
            [
              88.73851602900015,
              23.343576370000108
            ],
            [
              88.73852263200007,
              23.343416983000168
            ],
            [
              88.7385074660001,
              23.34325342400001
            ],
            [
              88.73846060400012,
              23.34310177000009
            ],
            [
              88.7384528930001,
              23.343076870000175
            ],
            [
              88.73837694000014,
              23.342866275000063
            ],
            [
              88.73829802400019,
              23.342678235000108
            ],
            [
              88.73818284300012,
              23.342478612000036
            ],
            [
              88.73803400700007,
              23.342217754000103
            ],
            [
              88.73794451400005,
              23.342081562000033
            ],
            [
              88.73787282000018,
              23.341970345000163
            ],
            [
              88.73775758500011,
              23.341803913000092
            ],
            [
              88.73773290600013,
              23.34176826900017
            ],
            [
              88.73754463199998,
              23.341540958999985
            ],
            [
              88.73737802000005,
              23.3413499560001
            ],
            [
              88.73709496499998,
              23.34106092000013
            ],
            [
              88.73687979800007,
              23.340833396000164
            ],
            [
              88.73669111400005,
              23.34061737600007
            ],
            [
              88.73650294900006,
              23.340378780000037
            ],
            [
              88.7363145720002,
              23.340162760999988
            ],
            [
              88.73624755100008,
              23.340078590000076
            ],
            [
              88.73612638700018,
              23.339926422000076
            ],
            [
              88.73597692900006,
              23.339699427000028
            ],
            [
              88.73585888500003,
              23.33954493800013
            ],
            [
              88.73574639100013,
              23.33932049900011
            ],
            [
              88.73562231400012,
              23.33902822900012
            ],
            [
              88.73550672500005,
              23.33883989300017
            ],
            [
              88.7353700180002,
              23.338590421000106
            ],
            [
              88.73528206200018,
              23.338357150000093
            ],
            [
              88.73519421500015,
              23.338112587000182
            ],
            [
              88.73513042300016,
              23.337877253999977
            ],
            [
              88.73506989400005,
              23.337587756
            ],
            [
              88.73499416300007,
              23.337354578000088
            ],
            [
              88.73495489300007,
              23.337144280000075
            ],
            [
              88.7349426040002,
              23.33692516600007
            ],
            [
              88.73493522100017,
              23.336839530000134
            ],
            [
              88.73491864400017,
              23.33664725300008
            ],
            [
              88.73490381900007,
              23.33640553700019
            ],
            [
              88.73488241500007,
              23.33611635800014
            ],
            [
              88.7348556890002,
              23.3358722910001
            ],
            [
              88.73481015400006,
              23.335549043000185
            ],
            [
              88.73478930300018,
              23.33520116200009
            ],
            [
              88.73478031600007,
              23.334891758000083
            ],
            [
              88.73475901600011,
              23.334591286999967
            ],
            [
              88.73472272700019,
              23.334324564000042
            ],
            [
              88.7346656540002,
              23.33392897300007
            ],
            [
              88.734596103,
              23.333591986000158
            ],
            [
              88.73455355500005,
              23.333420945000114
            ],
            [
              88.7345325070001,
              23.33333633000018
            ],
            [
              88.734453502,
              23.33296540100008
            ],
            [
              88.73436889200013,
              23.332637323000142
            ],
            [
              88.73433812100018,
              23.33256256300018
            ],
            [
              88.73423538700018,
              23.332308851000164
            ],
            [
              88.73412863100009,
              23.3320280100001
            ],
            [
              88.7341020940001,
              23.331957802000147
            ],
            [
              88.73401680200016,
              23.33170197100003
            ],
            [
              88.73386841500019,
              23.331395956
            ],
            [
              88.73373448400002,
              23.331112638000036
            ],
            [
              88.73359830000015,
              23.330808978000107
            ],
            [
              88.73343736600015,
              23.330536733000088
            ],
            [
              88.73333380100019,
              23.330371069000023
            ],
            [
              88.73320930900019,
              23.330123952000122
            ],
            [
              88.73310639300001,
              23.329922167
            ],
            [
              88.73300014400002,
              23.329781321999974
            ],
            [
              88.73288468200008,
              23.329613304000134
            ],
            [
              88.73277835200014,
              23.329481486000077
            ],
            [
              88.7326264100002,
              23.329292852000094
            ],
            [
              88.73245919600004,
              23.329135705000112
            ],
            [
              88.73233140300005,
              23.32897887700011
            ],
            [
              88.73221358400014,
              23.328801807000048
            ],
            [
              88.73216790300017,
              23.328720155000042
            ],
            [
              88.73212501000012,
              23.328602398000157
            ],
            [
              88.73210419300005,
              23.328509656000108
            ],
            [
              88.73208872700002,
              23.328335673000026
            ],
            [
              88.73206812100011,
              23.328220352000187
            ],
            [
              88.73208600700019,
              23.32813921600001
            ],
            [
              88.73208899000014,
              23.32808279300008
            ],
            [
              88.7321016620001,
              23.328035478000118
            ],
            [
              88.73213451100008,
              23.32789123800012
            ],
            [
              88.73216546600008,
              23.32778536900014
            ],
            [
              88.73219289500014,
              23.32772914500009
            ],
            [
              88.73224764300005,
              23.327627984000173
            ],
            [
              88.73226171900012,
              23.327594229000113
            ],
            [
              88.73335531500004,
              23.32716730500016
            ],
            [
              88.73341896600004,
              23.327158786000098
            ],
            [
              88.73360725800018,
              23.327155793000088
            ],
            [
              88.73390543800014,
              23.32716723500016
            ],
            [
              88.73407531999999,
              23.32718874500017
            ],
            [
              88.73419115800016,
              23.32720341300012
            ],
            [
              88.7344371580001,
              23.327270877000046
            ],
            [
              88.73473233600004,
              23.32734099900017
            ],
            [
              88.73502762200013,
              23.32739983200014
            ],
            [
              88.73529167400011,
              23.327421028000117
            ],
            [
              88.73534034500011,
              23.32742493500018
            ],
            [
              88.73551372200018,
              23.32742212200003
            ],
            [
              88.73562228200012,
              23.327437772000053
            ],
            [
              88.73579960400019,
              23.32746702700007
            ],
            [
              88.73600948600017,
              23.3274754950001
            ],
            [
              88.7362342180001,
              23.327497627000128
            ],
            [
              88.73645641800005,
              23.32752877000013
            ],
            [
              88.73669326500016,
              23.327562292000096
            ],
            [
              88.73692756200012,
              23.327607082000043
            ],
            [
              88.73721339000014,
              23.327631964000147
            ],
            [
              88.73747202800001,
              23.327688238000178
            ],
            [
              88.73773036100016,
              23.327744511000162
            ],
            [
              88.73800364600015,
              23.32780315900004
            ],
            [
              88.73820150400019,
              23.327822815000047
            ],
            [
              88.7384871210001,
              23.327870274000134
            ],
            [
              88.7387093230002,
              23.327901415000156
            ],
            [
              88.73900716300011,
              23.327948973
            ],
            [
              88.73922893100018,
              23.32799365700015
            ],
            [
              88.7394997940001,
              23.328050024000106
            ],
            [
              88.73979497800019,
              23.32812013800003
            ],
            [
              88.74000454900005,
              23.328161366000074
            ],
            [
              88.74016593100009,
              23.328193115000147
            ],
            [
              88.74043912600001,
              23.328229179000118
            ],
            [
              88.74070063800019,
              23.328240314000027
            ],
            [
              88.74075718700016,
              23.328236799000024
            ],
            [
              88.74092571400013,
              23.328226319
            ],
            [
              88.74109901500003,
              23.328257064000184
            ],
            [
              88.74116908500014,
              23.328270590000045
            ],
            [
              88.74126022500019,
              23.328274164000163
            ],
            [
              88.74139720100015,
              23.328268492000063
            ],
            [
              88.74149561400003,
              23.328266922000125
            ],
            [
              88.7415854950001,
              23.328265487000067
            ],
            [
              88.7417225750001,
              23.32824852599998
            ],
            [
              88.74191110400017,
              23.328220687000112
            ],
            [
              88.74206283000007,
              23.328206100000045
            ],
            [
              88.74222425200014,
              23.32820062200011
            ],
            [
              88.74240055600012,
              23.328172685000027
            ],
            [
              88.74257673200015,
              23.328158296000026
            ],
            [
              88.7427531410001,
              23.328119067000046
            ],
            [
              88.74292985700015,
              23.328079846000094
            ],
            [
              88.74301816700017,
              23.32804894399999
            ],
            [
              88.74308203000004,
              23.328017845000034
            ],
            [
              88.74313379500018,
              23.327973104000137
            ],
            [
              88.7432276350001,
              23.327874509000083
            ],
            [
              88.7433555950002,
              23.327787479000165
            ],
            [
              88.74344431700007,
              23.32774528800013
            ],
            [
              88.74355027000007,
              23.32765808
            ],
            [
              88.74363892100018,
              23.327591055000028
            ],
            [
              88.74375444300017,
              23.327526502000126
            ],
            [
              88.74381655600007,
              23.327467284000022
            ],
            [
              88.7438460350001,
              23.327439179000123
            ],
            [
              88.74395498700005,
              23.327293291000103
            ],
            [
              88.74409866100007,
              23.327127358000155
            ],
            [
              88.74420782400011,
              23.326958891000174
            ],
            [
              88.74437235100015,
              23.326655393000067
            ],
            [
              88.7445246760002,
              23.326349542000116
            ],
            [
              88.74462568900015,
              23.326182342000095
            ],
            [
              88.74467400300006,
              23.326102369000182
            ],
            [
              88.74482598700018,
              23.325832639000055
            ],
            [
              88.74485170500003,
              23.32578833700012
            ],
            [
              88.74492383900014,
              23.32566408200006
            ],
            [
              88.74498785200018,
              23.325551700000176
            ],
            [
              88.74513931600006,
              23.32530454400012
            ],
            [
              88.7452615360001,
              23.325079733999985
            ],
            [
              88.74539863600006,
              23.324832465000043
            ],
            [
              88.74552001900008,
              23.32466409100016
            ],
            [
              88.74565425000009,
              23.32446195800003
            ],
            [
              88.74580036600008,
              23.324296044
            ],
            [
              88.74591919600016,
              23.32413894200016
            ],
            [
              88.74607763900019,
              23.32396183600008
            ],
            [
              88.74617081999997,
              23.3238506240001
            ],
            [
              88.74632686700005,
              23.32371772200014
            ],
            [
              88.74654895800018,
              23.323532093000097
            ],
            [
              88.74673143600018,
              23.323366468000188
            ],
            [
              88.74693843400007,
              23.323225877000027
            ],
            [
              88.7471329,
              23.32308518399998
            ],
            [
              88.74727603800011,
              23.322975691000067
            ],
            [
              88.74746787100008,
              23.32285529799998
            ],
            [
              88.74767435000007,
              23.32273727900008
            ],
            [
              88.7479940770001,
              23.322568236000052
            ],
            [
              88.74819790100014,
              23.322472776000154
            ],
            [
              88.74828631200006,
              23.322430581000106
            ],
            [
              88.74837706300019,
              23.32239969500006
            ],
            [
              88.74846599199998,
              23.32233492600011
            ],
            [
              88.74856907200018,
              23.322292850000167
            ],
            [
              88.74873624300005,
              23.322194837000154
            ],
            [
              88.74881253600006,
              23.322141256000066
            ],
            [
              88.74886706000012,
              23.322062666000136
            ],
            [
              88.74891266100008,
              23.321925299000043
            ],
            [
              88.74897058,
              23.321745129000078
            ],
            [
              88.74900427300003,
              23.32157379800003
            ],
            [
              88.74902256900015,
              23.321447501000137
            ],
            [
              88.74900791900018,
              23.321217080000167
            ],
            [
              88.74898372000001,
              23.320961743000055
            ],
            [
              88.74891681100007,
              23.32079638199997
            ],
            [
              88.74879250800018,
              23.32052670100012
            ],
            [
              88.7487665660002,
              23.320490368000094
            ],
            [
              88.74868349600007,
              23.320370037000146
            ],
            [
              88.74852528800011,
              23.320147496000118
            ],
            [
              88.74834883700015,
              23.319931589000134
            ],
            [
              88.748209,
              23.319754353000178
            ],
            [
              88.7480332780001,
              23.319493293000107
            ],
            [
              88.74784788200003,
              23.319220863999988
            ],
            [
              88.74773242000003,
              23.319018989000085
            ],
            [
              88.74758335700005,
              23.318782976000023
            ],
            [
              88.74751665100007,
              23.31862890600007
            ],
            [
              88.74740116700008,
              23.31842928700013
            ],
            [
              88.74733168000012,
              23.318311322000056
            ],
            [
              88.74719517900013,
              23.31803928300002
            ],
            [
              88.74709457800003,
              23.317817205000154
            ],
            [
              88.7469335290001,
              23.317556259000014
            ],
            [
              88.74673612600003,
              23.317261155000153
            ],
            [
              88.746620867,
              23.317070568000076
            ],
            [
              88.74643569200003,
              23.31677555900012
            ],
            [
              88.74632543900009,
              23.316574155000126
            ],
            [
              88.74627495800007,
              23.316480745000035
            ],
            [
              88.74613557300017,
              23.316256098
            ],
            [
              88.74601044400004,
              23.31604285700007
            ],
            [
              88.74586172500011,
              23.31577071999999
            ],
            [
              88.74571298800015,
              23.31550083900015
            ],
            [
              88.74558893000017,
              23.315206320000016
            ],
            [
              88.74550096700005,
              23.314973053000188
            ],
            [
              88.74539155399998,
              23.314680906999968
            ],
            [
              88.74530351000016,
              23.31445666800016
            ],
            [
              88.74526441700004,
              23.314226052000095
            ],
            [
              88.74522689700012,
              23.31399093100009
            ],
            [
              88.74521622800006,
              23.313923108000097
            ],
            [
              88.74516452400002,
              23.313701421000133
            ],
            [
              88.74515292800015,
              23.313601980000158
            ],
            [
              88.74513087200012,
              23.313412140000082
            ],
            [
              88.74509754000019,
              23.313088994000168
            ],
            [
              88.745070801,
              23.31284492700013
            ],
            [
              88.74503757400004,
              23.31251049000008
            ],
            [
              88.74502581900003,
              23.312232675000075
            ],
            [
              88.745040829,
              23.311968622
            ],
            [
              88.74505052200004,
              23.31174968500011
            ],
            [
              88.74505946700015,
              23.311578154000017
            ],
            [
              88.7451084650001,
              23.31133920999997
            ],
            [
              88.74514504900014,
              23.311120487000096
            ],
            [
              88.7451662150001,
              23.31094905700013
            ],
            [
              88.74518792000003,
              23.31075279200013
            ],
            [
              88.74521486000015,
              23.31061753600011
            ],
            [
              88.74522161400017,
              23.310581462000187
            ],
            [
              88.74525787100004,
              23.31036499300012
            ],
            [
              88.74527945000011,
              23.310182278000184
            ],
            [
              88.74527385300013,
              23.30999708500002
            ],
            [
              88.7452983190002,
              23.309766974000127
            ],
            [
              88.74530735900004,
              23.30961802400003
            ],
            [
              88.74530420600007,
              23.309432854000192
            ],
            [
              88.74529560200006,
              23.309340212000166
            ],
            [
              88.74529889500008,
              23.30924992100006
            ],
            [
              88.74528065200008,
              23.30910978600008
            ],
            [
              88.74527438700017,
              23.30902844900004
            ],
            [
              88.74525325400009,
              23.308935708000092
            ],
            [
              88.74496056600003,
              23.308213094000166
            ],
            [
              88.74486470700003,
              23.307975247000115
            ],
            [
              88.74438568300019,
              23.306790530000058
            ],
            [
              88.74413645700014,
              23.30654919800014
            ],
            [
              88.74396904200006,
              23.306414640000185
            ],
            [
              88.74371693000018,
              23.306220698000118
            ],
            [
              88.74347693600004,
              23.306038144000127
            ],
            [
              88.74330707700011,
              23.305903565999984
            ],
            [
              88.74302108500007,
              23.305673227000057
            ],
            [
              88.74298007000016,
              23.30565091500017
            ],
            [
              88.74281465500002,
              23.305560932000105
            ],
            [
              88.74258845900016,
              23.305471059000183
            ],
            [
              88.74251996300018,
              23.305443415000013
            ],
            [
              88.74224935700016,
              23.30536447700007
            ],
            [
              88.74207904200017,
              23.305311179000114
            ],
            [
              88.74174768700004,
              23.305193364000047
            ],
            [
              88.74155158300016,
              23.30514921600013
            ],
            [
              88.74131615500005,
              23.30507023399997
            ],
            [
              88.74115691100019,
              23.305041859000028
            ],
            [
              88.74105775500016,
              23.305025259000104
            ],
            [
              88.74083327500006,
              23.3049805550001
            ],
            [
              88.74071660800007,
              23.304960529000027
            ],
            [
              88.7404745020001,
              23.30491896899997
            ],
            [
              88.74015171400004,
              23.304929921
            ],
            [
              88.7398238470002,
              23.304961157000093
            ],
            [
              88.7394467700002,
              23.305025860000057
            ],
            [
              88.73905736600011,
              23.30510175699999
            ],
            [
              88.73859499100013,
              23.305138679000038
            ],
            [
              88.73814237400006,
              23.305177936000177
            ],
            [
              88.73778984600006,
              23.30523154700012
            ],
            [
              88.73744900300017,
              23.30531008500003
            ],
            [
              88.73716022100007,
              23.305343885000127
            ],
            [
              88.7367828030001,
              23.30544470900014
            ],
            [
              88.73647871700018,
              23.30554612100019
            ],
            [
              88.7362107530002,
              23.305672661000187
            ],
            [
              88.73590377400012,
              23.30582146300003
            ],
            [
              88.73577460400008,
              23.305876870000134
            ],
            [
              88.7356092280001,
              23.305947789000015
            ],
            [
              88.73544287100009,
              23.306025474000137
            ],
            [
              88.73525286000012,
              23.306116515000156
            ],
            [
              88.73493399799997,
              23.30622909500005
            ],
            [
              88.73470576900002,
              23.30632208500009
            ],
            [
              88.73442579500016,
              23.30642594500017
            ],
            [
              88.73417333700002,
              23.30649616
            ],
            [
              88.73391804900007,
              23.306606992000127
            ],
            [
              88.7336106080001,
              23.306771593000178
            ],
            [
              88.7333399490002,
              23.306956812000124
            ],
            [
              88.73302967500007,
              23.307162027000118
            ],
            [
              88.73281056000019,
              23.307325085000116
            ],
            [
              88.73257623600011,
              23.307512855000027
            ],
            [
              88.73231482900007,
              23.30772072300016
            ],
            [
              88.73208029500006,
              23.307962678000024
            ],
            [
              88.73184331100015,
              23.308173003000093
            ],
            [
              88.73155692199998,
              23.30843711600005
            ],
            [
              88.73128307600007,
              23.308667465000156
            ],
            [
              88.73104907600009,
              23.308852975000036
            ],
            [
              88.73081165700006,
              23.309108450000167
            ],
            [
              88.7305618040001,
              23.309386407000147
            ],
            [
              88.73036094500009,
              23.30965346900001
            ],
            [
              88.73015984900013,
              23.309945365000033
            ],
            [
              88.7300016010002,
              23.310133746000076
            ],
            [
              88.72984060400012,
              23.310322104000022
            ],
            [
              88.72970943600006,
              23.31049038499998
            ],
            [
              88.7296000720001,
              23.310647549000066
            ],
            [
              88.72947816200013,
              23.310838483000055
            ],
            [
              88.72934446500017,
              23.31101577000004
            ],
            [
              88.72923456300015,
              23.311229380000157
            ],
            [
              88.72912528900014,
              23.311409125000182
            ],
            [
              88.72910226800013,
              23.31145183600006
            ],
            [
              88.72905780000019,
              23.311532760000034
            ],
            [
              88.72899083300007,
              23.3116338210001
            ],
            [
              88.72893619400003,
              23.311723694000023
            ],
            [
              88.72889323700014,
              23.31183850000008
            ],
            [
              88.72882361100005,
              23.311962118
            ],
            [
              88.72878067500005,
              23.312074665000182
            ],
            [
              88.72875346400019,
              23.312108311000088
            ],
            [
              88.72852410000007,
              23.31325120200006
            ],
            [
              88.72848750900016,
              23.313467661000118
            ],
            [
              88.72847800100004,
              23.313664019000043
            ],
            [
              88.72852030400009,
              23.313835905000076
            ],
            [
              88.72852978400016,
              23.313874423000073
            ],
            [
              88.72855152900013,
              23.31393474200013
            ],
            [
              88.72860570600005,
              23.314085023000075
            ],
            [
              88.72876663000005,
              23.314355019
            ],
            [
              88.72900018600018,
              23.31470011100015
            ],
            [
              88.7291978670001,
              23.31496137
            ],
            [
              88.72939799300013,
              23.315222651000056
            ],
            [
              88.72965642300005,
              23.31552278700019
            ],
            [
              88.72985665800019,
              23.315772777000063
            ],
            [
              88.73002989600013,
              23.316033839
            ],
            [
              88.73018158500014,
              23.31624731
            ],
            [
              88.73032135500017,
              23.31646068400005
            ],
            [
              88.73044583000006,
              23.31670780200011
            ],
            [
              88.73046567700004,
              23.316741831000172
            ],
            [
              88.73058506000007,
              23.31694600800006
            ],
            [
              88.73069765700006,
              23.31715690300001
            ],
            [
              88.73077676600013,
              23.317322370000113
            ],
            [
              88.73089202300014,
              23.3175107080001
            ],
            [
              88.73097113,
              23.3176761740001
            ],
            [
              88.73106494100006,
              23.31780563300009
            ],
            [
              88.73113172000018,
              23.3179822890001
            ],
            [
              88.7311738750002,
              23.31814519900007
            ],
            [
              88.73121326300009,
              23.318341954000118
            ],
            [
              88.73124965000017,
              23.318597388000114
            ],
            [
              88.73127978000014,
              23.31877149200011
            ],
            [
              88.73126761600003,
              23.318990407000058
            ],
            [
              88.73123347400008,
              23.31920688500003
            ],
            [
              88.7312127150002,
              23.319333160000042
            ],
            [
              88.73115444700016,
              23.319515580000086
            ],
            [
              88.73108460200018,
              23.319661774000053
            ],
            [
              88.73099329300015,
              23.319751351000093
            ],
            [
              88.73085014700007,
              23.319860828
            ],
            [
              88.73063699000011,
              23.31990877600009
            ],
            [
              88.73042160000006,
              23.319934126000078
            ],
            [
              88.73026446500006,
              23.31994061000006
            ],
            [
              88.73019291900005,
              23.319943562000105
            ],
            [
              88.730147671,
              23.319945454000106
            ],
            [
              88.72989840200006,
              23.319934402000058
            ],
            [
              88.72952737100019,
              23.31987268900002
            ],
            [
              88.72908643800002,
              23.319738156000028
            ],
            [
              88.72859416900008,
              23.3196032030001
            ],
            [
              88.72810172400011,
              23.31945470400018
            ],
            [
              88.72774620700011,
              23.319336666000027
            ],
            [
              88.72731741100012,
              23.31917964600018
            ],
            [
              88.72699845700004,
              23.319073195000158
            ],
            [
              88.7267279400001,
              23.318982939000136
            ],
            [
              88.72642112000017,
              23.31885400400006
            ],
            [
              88.72600485600015,
              23.31869708300013
            ],
            [
              88.7257249070002,
              23.318570624000017
            ],
            [
              88.72546971100019,
              23.318444365000175
            ],
            [
              88.72526286500016,
              23.318343335000122
            ],
            [
              88.72523645200016,
              23.318325057000038
            ],
            [
              88.72511752600013,
              23.318233773000145
            ],
            [
              88.72498633600009,
              23.31814690800013
            ],
            [
              88.72489211600009,
              23.31802873200013
            ],
            [
              88.72484559400016,
              23.317971906000082
            ],
            [
              88.72477721000018,
              23.317804264000017
            ],
            [
              88.72476206400017,
              23.317630284000018
            ],
            [
              88.72476826600018,
              23.317492605000098
            ],
            [
              88.72481408200002,
              23.317334923000033
            ],
            [
              88.72490848500013,
              23.317177642000047
            ],
            [
              88.72504542000019,
              23.316950709000025
            ],
            [
              88.72519156800018,
              23.316750947
            ],
            [
              88.72537734900004,
              23.31652892700015
            ],
            [
              88.72552626800018,
              23.316326926000045
            ],
            [
              88.7256517300001,
              23.316020874000117
            ],
            [
              88.72580395300014,
              23.31572859000005
            ],
            [
              88.72588298900013,
              23.315419902000087
            ],
            [
              88.72598379000004,
              23.315136228000085
            ],
            [
              88.72603582600004,
              23.31483860900005
            ],
            [
              88.72608751900015,
              23.31457711600018
            ],
            [
              88.72609579000004,
              23.314510498000175
            ],
            [
              88.72610208300011,
              23.31445982200006
            ],
            [
              88.72612756800004,
              23.314254563000077
            ],
            [
              88.72615494400014,
              23.313979323000012
            ],
            [
              88.72617087300011,
              23.31362270500017
            ],
            [
              88.72619857100011,
              23.313313599000026
            ],
            [
              88.72621705000012,
              23.31294571600006
            ],
            [
              88.72628727200009,
              23.312535352
            ],
            [
              88.72630542800016,
              23.312201330999983
            ],
            [
              88.72632421200012,
              23.31183345
            ],
            [
              88.72633981600018,
              23.31151069800012
            ],
            [
              88.72630538600015,
              23.31111528800011
            ],
            [
              88.72630042200012,
              23.31105880000007
            ],
            [
              88.72628286100019,
              23.31065675200017
            ],
            [
              88.72625313800012,
              23.310216225000033
            ],
            [
              88.72621714100006,
              23.30969661900008
            ],
            [
              88.72620195500002,
              23.30926975500006
            ],
            [
              88.72619478200005,
              23.309156801000142
            ],
            [
              88.72616630100009,
              23.308714022
            ],
            [
              88.72615462100003,
              23.308208160999982
            ],
            [
              88.72612766300011,
              23.30773378700019
            ],
            [
              88.72606734900012,
              23.307200436000187
            ],
            [
              88.72607412600001,
              23.306809876000045
            ],
            [
              88.72607761600017,
              23.306475736000095
            ],
            [
              88.72611129800009,
              23.306051525999976
            ],
            [
              88.72615698500005,
              23.305649995000067
            ],
            [
              88.72620330100017,
              23.30521459800019
            ],
            [
              88.72627332700006,
              23.30482455200007
            ],
            [
              88.72635628500018,
              23.304391712000154
            ],
            [
              88.726403431,
              23.304116409000187
            ],
            [
              88.72643016400019,
              23.303960304000157
            ],
            [
              88.72643430700009,
              23.303931736000095
            ],
            [
              88.72648443000003,
              23.303577654000094
            ],
            [
              88.72653955000015,
              23.303212325000175
            ],
            [
              88.72659402500017,
              23.302914726000154
            ],
            [
              88.72664350100018,
              23.302628378000065
            ],
            [
              88.72668298800016,
              23.302364524000097
            ],
            [
              88.7267170250002,
              23.302159333000077
            ],
            [
              88.72675661599999,
              23.30188419000018
            ],
            [
              88.72674777500009,
              23.301561241000172
            ],
            [
              88.72672097600008,
              23.30142329000006
            ],
            [
              88.72668751700007,
              23.30124690399998
            ],
            [
              88.726583925,
              23.30086222200015
            ],
            [
              88.72646255800004,
              23.30054738800004
            ],
            [
              88.72634503500018,
              23.30024613600017
            ],
            [
              88.726329512,
              23.300207627000077
            ],
            [
              88.72624160600003,
              23.300069178000058
            ],
            [
              88.72615610400004,
              23.299935272000027
            ],
            [
              88.72597733700013,
              23.29974415600003
            ],
            [
              88.72575425800005,
              23.299538269000095
            ],
            [
              88.72572805200019,
              23.299514083000076
            ],
            [
              88.72543667900015,
              23.299340112000152
            ],
            [
              88.72514499900018,
              23.299166143000036
            ],
            [
              88.72486550500014,
              23.299028399
            ],
            [
              88.72452475000011,
              23.29887434799997
            ],
            [
              88.7241450840001,
              23.298731270000076
            ],
            [
              88.72365324100019,
              23.298560185000042
            ],
            [
              88.7232730340001,
              23.298441935000028
            ],
            [
              88.72277152500004,
              23.298259479000023
            ],
            [
              88.7224009030001,
              23.29816162999998
            ],
            [
              88.72187473700012,
              23.29800154600008
            ],
            [
              88.72144322800006,
              23.297880619000125
            ],
            [
              88.72107546600017,
              23.297771497000156
            ],
            [
              88.720704608,
              23.297698479000132
            ],
            [
              88.72038529700018,
              23.29760329900006
            ],
            [
              88.71998764400001,
              23.29755264000005
            ],
            [
              88.71975877200009,
              23.297526720000064
            ],
            [
              88.71966532900012,
              23.29751613800005
            ],
            [
              88.71945529700014,
              23.297496363000107
            ],
            [
              88.71914243499998,
              23.29749380700008
            ],
            [
              88.71891752200014,
              23.297496482000042
            ],
            [
              88.718750946,
              23.297510108000097
            ],
            [
              88.71852195200006,
              23.29754744300004
            ],
            [
              88.71836432300012,
              23.29757550700009
            ],
            [
              88.71822437400016,
              23.297639841999967
            ],
            [
              88.71808392300017,
              23.297724491000167
            ],
            [
              88.71792610800014,
              23.29786770700008
            ],
            [
              88.717819184,
              23.29802488400003
            ],
            [
              88.71774654900014,
              23.29820718000002
            ],
            [
              88.71770992400002,
              23.298478285000158
            ],
            [
              88.71771855100013,
              23.298769162000156
            ],
            [
              88.71776369100013,
              23.29912853600007
            ],
            [
              88.7177651990001,
              23.299162416
            ],
            [
              88.71777560500004,
              23.299383776000013
            ],
            [
              88.71784795600007,
              23.299709502000155
            ],
            [
              88.71789677400005,
              23.299940206000088
            ],
            [
              88.717984548,
              23.300187033000157
            ],
            [
              88.7181327610001,
              23.300504348
            ],
            [
              88.71824242600007,
              23.30076264200011
            ],
            [
              88.71838797800018,
              23.30110251700006
            ],
            [
              88.71853063200007,
              23.301489782000033
            ],
            [
              88.7186185380001,
              23.301723060000143
            ],
            [
              88.71871810400017,
              23.30201514200013
            ],
            [
              88.71884233100002,
              23.3022848440001
            ],
            [
              88.71891555200017,
              23.302520264
            ],
            [
              88.71898158900018,
              23.30273981900018
            ],
            [
              88.71902124000019,
              23.3029388330001
            ],
            [
              88.71906337500019,
              23.303101747000085
            ],
            [
              88.71907049300006,
              23.303155993000132
            ],
            [
              88.71909041200007,
              23.303309693000074
            ],
            [
              88.71909353100006,
              23.303494864000186
            ],
            [
              88.7190600200002,
              23.303643612000087
            ],
            [
              88.7189781670001,
              23.303767128000175
            ],
            [
              88.71887124000006,
              23.303924305000123
            ],
            [
              88.71868888600005,
              23.304076350000173
            ],
            [
              88.71848496500013,
              23.304183062000106
            ],
            [
              88.71823864600009,
              23.304345875000024
            ],
            [
              88.71793165100019,
              23.304494643000055
            ],
            [
              88.71783616900012,
              23.30454127700017
            ],
            [
              88.71765134400016,
              23.304632340000182
            ],
            [
              88.71728070600005,
              23.30478961600005
            ],
            [
              88.7169123160001,
              23.30493562300012
            ],
            [
              88.71658366300005,
              23.30504808500018
            ],
            [
              88.7162767960001,
              23.305183303000035
            ],
            [
              88.71599692100017,
              23.305275841000025
            ],
            [
              88.71570460600003,
              23.305390857000134
            ],
            [
              88.71538562300003,
              23.305514681999966
            ],
            [
              88.71509319800009,
              23.30564098900004
            ],
            [
              88.71472534700013,
              23.30576215500014
            ],
            [
              88.71437246500005,
              23.30585183600016
            ],
            [
              88.71395616100006,
              23.305927445000123
            ],
            [
              88.71356933600009,
              23.30595588400007
            ],
            [
              88.71331103100016,
              23.30595376200006
            ],
            [
              88.71324453800008,
              23.305953216000034
            ],
            [
              88.71288287700008,
              23.305938957000023
            ],
            [
              88.71247535900011,
              23.305863360000046
            ],
            [
              88.7121923320002,
              23.3058068470001
            ],
            [
              88.71178568600016,
              23.305672546999972
            ],
            [
              88.71146647500012,
              23.30556606200014
            ],
            [
              88.711050032,
              23.30543394100016
            ],
            [
              88.71074325800004,
              23.30530497600006
            ],
            [
              88.71057583800007,
              23.305206511000165
            ],
            [
              88.7103208100001,
              23.305035070000088
            ],
            [
              88.71015395800015,
              23.304877905000126
            ],
            [
              88.70989247000017,
              23.304647706000026
            ],
            [
              88.70967400400002,
              23.304487859
            ],
            [
              88.70949416700017,
              23.304378
            ],
            [
              88.70919036400016,
              23.30422648000018
            ],
            [
              88.70892320899998,
              23.304077515000188
            ],
            [
              88.70863132500017,
              23.30392609400019
            ],
            [
              88.70834928500011,
              23.303799586000025
            ],
            [
              88.70819114400007,
              23.30372151400013
            ],
            [
              88.70813816800018,
              23.303710380999973
            ],
            [
              88.7080569690001,
              23.30369331600008
            ],
            [
              88.70788392000009,
              23.303639959
            ],
            [
              88.7077716330001,
              23.30362322500008
            ],
            [
              88.70759971300009,
              23.30359493100002
            ],
            [
              88.7074131870001,
              23.30356156600004
            ],
            [
              88.70717859700005,
              23.303552860000025
            ],
            [
              88.70714159500005,
              23.30355663100005
            ],
            [
              88.70701465100018,
              23.303569569000047
            ],
            [
              88.70691426000013,
              23.303586805000066
            ],
            [
              88.70674968000003,
              23.30363738000011
            ],
            [
              88.70668568900015,
              23.303682009000113
            ],
            [
              88.70658250500014,
              23.3037353470001
            ],
            [
              88.70650343400007,
              23.303822752000144
            ],
            [
              88.70640956700004,
              23.303923582000152
            ],
            [
              88.70631750900003,
              23.304058293000026
            ],
            [
              88.70624764800004,
              23.304204480000124
            ],
            [
              88.70615037400017,
              23.304373017000103
            ],
            [
              88.70605288299998,
              23.30456413100012
            ],
            [
              88.70602828500012,
              23.304674567
            ],
            [
              88.70600689500009,
              23.30476922000014
            ],
            [
              88.70594558800008,
              23.305010305999986
            ],
            [
              88.70595794000008,
              23.305218132000164
            ],
            [
              88.70596950500004,
              23.305507236999972
            ],
            [
              88.70598048300008,
              23.305572804000178
            ],
            [
              88.70601773400006,
              23.305796644000054
            ],
            [
              88.70607851400007,
              23.306052283000156
            ],
            [
              88.7061301060001,
              23.306310108000048
            ],
            [
              88.7061388370002,
              23.306355339000163
            ],
            [
              88.70621502500012,
              23.306565950000106
            ],
            [
              88.70630535900011,
              23.306799257000137
            ],
            [
              88.70642078800017,
              23.306965032999983
            ],
            [
              88.70659095600001,
              23.30728479600009
            ],
            [
              88.70674237800011,
              23.30752086600006
            ],
            [
              88.70684770500003,
              23.307657206000158
            ],
            [
              88.70696030600004,
              23.307802161000154
            ],
            [
              88.70700794400005,
              23.307866255000135
            ],
            [
              88.70722213800019,
              23.308152515000188
            ],
            [
              88.70738929600003,
              23.308309684000164
            ],
            [
              88.70766268000006,
              23.30857385300004
            ],
            [
              88.70793883599998,
              23.308804176000024
            ],
            [
              88.70817599100019,
              23.30902288599998
            ],
            [
              88.70841572300009,
              23.309228069000028
            ],
            [
              88.70859798900011,
              23.30934020800015
            ],
            [
              88.7088869160001,
              23.309514184000136
            ],
            [
              88.70916661100006,
              23.30966325100013
            ],
            [
              88.70941256300017,
              23.3097307540001
            ],
            [
              88.70964936900003,
              23.309764315000166
            ],
            [
              88.70981063800014,
              23.30977241700009
            ],
            [
              88.7100206880001,
              23.309792209000136
            ],
            [
              88.71033346800004,
              23.30980607200013
            ],
            [
              88.71072890300019,
              23.30986802900003
            ],
            [
              88.7109992820001,
              23.309937989000105
            ],
            [
              88.71118466900009,
              23.30998015200015
            ],
            [
              88.71128903900018,
              23.310026173000153
            ],
            [
              88.71135506400003,
              23.31005606800005
            ],
            [
              88.71150090400005,
              23.310143065000034
            ],
            [
              88.71172885700014,
              23.310302988000046
            ],
            [
              88.71191079900012,
              23.310448990000054
            ],
            [
              88.71209955199998,
              23.310617624000145
            ],
            [
              88.71226641600015,
              23.310774789000106
            ],
            [
              88.71238504100006,
              23.31089542900014
            ],
            [
              88.71253924900003,
              23.311097648000043
            ],
            [
              88.71263100800007,
              23.311215812000057
            ],
            [
              88.71273398900018,
              23.311406317000092
            ],
            [
              88.7127913110001,
              23.311546779000025
            ],
            [
              88.71280657300014,
              23.31170721400008
            ],
            [
              88.71281245000017,
              23.31185853900007
            ],
            [
              88.71275717000003,
              23.31198226900017
            ],
            [
              88.71265096900004,
              23.31209429000012
            ],
            [
              88.71252095800003,
              23.312203860000125
            ],
            [
              88.71249570499998,
              23.312223971000094
            ],
            [
              88.7122126930002,
              23.312386472000128
            ],
            [
              88.71195467100017,
              23.312524340000152
            ],
            [
              88.71170177700003,
              23.312605802000178
            ],
            [
              88.71140064600007,
              23.312650743000063
            ],
            [
              88.71113618100014,
              23.31269598400013
            ],
            [
              88.71078650800007,
              23.31270439900004
            ],
            [
              88.71051259100005,
              23.312715691000108
            ],
            [
              88.71014825000003,
              23.31272398100009
            ],
            [
              88.7097984670001,
              23.31274368200019
            ],
            [
              88.709561199,
              23.312757533000024
            ],
            [
              88.7093525620001,
              23.31278065100014
            ],
            [
              88.70927239600019,
              23.312791283000138
            ],
            [
              88.70902281600019,
              23.312814062000143
            ],
            [
              88.70898048100014,
              23.312820763000104
            ],
            [
              88.70884652800015,
              23.31284196300004
            ],
            [
              88.70873390600008,
              23.31285910000014
            ],
            [
              88.70863359500004,
              23.31286730300002
            ],
            [
              88.70858228200012,
              23.312864623000166
            ],
            [
              88.70852118900012,
              23.3128618610001
            ],
            [
              88.706860221,
              23.310913166999967
            ],
            [
              88.70673247600018,
              23.310724708000123
            ],
            [
              88.70651732200014,
              23.310506179000072
            ],
            [
              88.70626792100006,
              23.310289623000074
            ],
            [
              88.70623516100017,
              23.310264515000142
            ],
            [
              88.70617937600008,
              23.310218896000038
            ],
            [
              88.705833945,
              23.309947359000034
            ],
            [
              88.705399274,
              23.30967733700004
            ],
            [
              88.7051170680001,
              23.309440593000033
            ],
            [
              88.70506493500017,
              23.309396858000014
            ],
            [
              88.70474002200018,
              23.30915258200008
            ],
            [
              88.70441533500008,
              23.308885726000028
            ],
            [
              88.7042120590001,
              23.308703417000117
            ],
            [
              88.70398680400001,
              23.30848705700015
            ],
            [
              88.70383217600005,
              23.308329986000047
            ],
            [
              88.70358278700007,
              23.30811342600009
            ],
            [
              88.703209474,
              23.30781907200003
            ],
            [
              88.70305899300007,
              23.307707192
            ],
            [
              88.70288457500004,
              23.30757479099998
            ],
            [
              88.70246503900017,
              23.307257474000096
            ],
            [
              88.70215258200017,
              23.30699071700019
            ],
            [
              88.70189409800008,
              23.306704085000092
            ],
            [
              88.70180554600006,
              23.30660109600018
            ],
            [
              88.70165750500013,
              23.306428922000123
            ],
            [
              88.70143280600013,
              23.306187728000054
            ],
            [
              88.70103493300013,
              23.30590671200008
            ],
            [
              88.70091568500004,
              23.305819925000094
            ],
            [
              88.7007339340002,
              23.30568746299997
            ],
            [
              88.70035740300006,
              23.305474358000026
            ],
            [
              88.7000684950001,
              23.305300365000107
            ],
            [
              88.69977684000003,
              23.305126347999988
            ],
            [
              88.69944605100011,
              23.304985874000124
            ],
            [
              88.69914503500007,
              23.304800489000115
            ],
            [
              88.69881671600018,
              23.304626165000116
            ],
            [
              88.69845252400006,
              23.30440187100004
            ],
            [
              88.698176063,
              23.304205398000192
            ],
            [
              88.69787527000011,
              23.3039974350001
            ],
            [
              88.69767181400016,
              23.30380382700008
            ],
            [
              88.69755349000013,
              23.303685433000055
            ],
            [
              88.69732869300009,
              23.30345552200015
            ],
            [
              88.697280729,
              23.303391902000044
            ],
            [
              88.69717665600018,
              23.303253305
            ],
            [
              88.69698850600008,
              23.303025956000113
            ],
            [
              88.69689521600003,
              23.302910030000135
            ],
            [
              88.69683666800012,
              23.302835033000065
            ],
            [
              88.69671839100005,
              23.302680515000077
            ],
            [
              88.69658819900008,
              23.302525897000066
            ],
            [
              88.69655444000006,
              23.30247820200009
            ],
            [
              88.6965455670001,
              23.30238555200009
            ],
            [
              88.69652757200015,
              23.302256706000094
            ],
            [
              88.6965500170001,
              23.30211690400006
            ],
            [
              88.69656432000016,
              23.30202896800006
            ],
            [
              88.69660419400009,
              23.30173126000011
            ],
            [
              88.69666840000008,
              23.30144504300017
            ],
            [
              88.69673560100006,
              23.30110240500005
            ],
            [
              88.6967634720001,
              23.3007820200001
            ],
            [
              88.69677868400015,
              23.300506684000027
            ],
            [
              88.69681890900017,
              23.300172855000028
            ],
            [
              88.69684979400017,
              23.299793789000148
            ],
            [
              88.6969198770002,
              23.299406017000024
            ],
            [
              88.6969337660002,
              23.299297753000133
            ],
            [
              88.69698141200001,
              23.298923342000137
            ],
            [
              88.69703639000016,
              23.298580604
            ],
            [
              88.69708290700015,
              23.298133933000088
            ],
            [
              88.69710758100007,
              23.297639665000077
            ],
            [
              88.6971506650001,
              23.297294567000108
            ],
            [
              88.69719676500017,
              23.296859181000116
            ],
            [
              88.69722430500013,
              23.29657265900005
            ],
            [
              88.697255079,
              23.296204881
            ],
            [
              88.69727382800005,
              23.295848294000052
            ],
            [
              88.69728982700008,
              23.295491682000034
            ],
            [
              88.69731126500005,
              23.295078671000056
            ],
            [
              88.69729062300013,
              23.29471949600014
            ],
            [
              88.69728215800006,
              23.294396550000044
            ],
            [
              88.6972581870001,
              23.293877039000108
            ],
            [
              88.69722829500012,
              23.293495212000096
            ],
            [
              88.69720719200006,
              23.293183448000036
            ],
            [
              88.69721641300004,
              23.29298934700006
            ],
            [
              88.69722308300004,
              23.292838128000085
            ],
            [
              88.69725639400002,
              23.292680351000058
            ],
            [
              88.69728682200008,
              23.292599322
            ],
            [
              88.6973964500001,
              23.292385733
            ],
            [
              88.69750317400002,
              23.29225114800016
            ],
            [
              88.69767407800015,
              23.29205161599998
            ],
            [
              88.69782900000018,
              23.29195581300013
            ],
            [
              88.6980084990002,
              23.291846669
            ],
            [
              88.69817265000017,
              23.291807388000052
            ],
            [
              88.69832724200018,
              23.291745452000043
            ],
            [
              88.69846481500014,
              23.291705953000076
            ],
            [
              88.698640856,
              23.29170063900017
            ],
            [
              88.69890239800014,
              23.291700550000087
            ],
            [
              88.69905366800009,
              23.291736133000086
            ],
            [
              88.69926058800013,
              23.291784806000123
            ],
            [
              88.69960409000015,
              23.291902805
            ],
            [
              88.6997741290001,
              23.291980983000087
            ],
            [
              88.69995649400016,
              23.29207958300009
            ],
            [
              88.70018758800012,
              23.29219439299999
            ],
            [
              88.70046981700011,
              23.292298336000158
            ],
            [
              88.70073768300006,
              23.29240216000005
            ],
            [
              88.70100793100005,
              23.292481165000083
            ],
            [
              88.70139106900012,
              23.29254530200018
            ],
            [
              88.70177422800009,
              23.292607180000118
            ],
            [
              88.70223302400007,
              23.292683225000133
            ],
            [
              88.70250602400006,
              23.292730644000073
            ],
            [
              88.70278899800007,
              23.29278943200012
            ],
            [
              88.70297726200016,
              23.292784215000154
            ],
            [
              88.70312056000012,
              23.29278213200007
            ],
            [
              88.70317528000004,
              23.292781336000132
            ],
            [
              88.70335163200008,
              23.292744411000058
            ],
            [
              88.70363085300016,
              23.29268575800006
            ],
            [
              88.70390826400012,
              23.29259321900014
            ],
            [
              88.70426375700015,
              23.292483261000086
            ],
            [
              88.70459496100017,
              23.292357299000173
            ],
            [
              88.70487490500005,
              23.292255750000038
            ],
            [
              88.70523074400012,
              23.29210966700009
            ],
            [
              88.70553473300015,
              23.292017346000023
            ],
            [
              88.70584750000017,
              23.291895102000183
            ],
            [
              88.70616774000018,
              23.29180355400007
            ],
            [
              88.70641073400003,
              23.291699437999966
            ],
            [
              88.706690499,
              23.29158433700013
            ],
            [
              88.70693126700002,
              23.291489233000107
            ],
            [
              88.70714971000007,
              23.291396200000122
            ],
            [
              88.70731420700008,
              23.2913207900001
            ],
            [
              88.70753328400019,
              23.291193896000095
            ],
            [
              88.70779139600006,
              23.29104248599998
            ],
            [
              88.70811421200011,
              23.290803553000046
            ],
            [
              88.70838487300006,
              23.290618378999966
            ],
            [
              88.70860695400006,
              23.2904328030001
            ],
            [
              88.70882916900001,
              23.29023368100013
            ],
            [
              88.70897243000007,
              23.290079066000033
            ],
            [
              88.7091974110001,
              23.289846097
            ],
            [
              88.70941050200008,
              23.289579163000155
            ],
            [
              88.70960870500005,
              23.28933468499997
            ],
            [
              88.70970754900009,
              23.289208338000094
            ],
            [
              88.70986144099999,
              23.289011629000072
            ],
            [
              88.71007710100008,
              23.288731166000048
            ],
            [
              88.710289988,
              23.288452940000127
            ],
            [
              88.71043667000009,
              23.288228357000094
            ],
            [
              88.71056135300017,
              23.288003594000088
            ],
            [
              88.71072291600012,
              23.287756554000055
            ],
            [
              88.71084803400004,
              23.287486638000132
            ],
            [
              88.71093359100007,
              23.28732703100013
            ],
            [
              88.71098742200019,
              23.287225868000064
            ],
            [
              88.71110020800012,
              23.286967137000033
            ],
            [
              88.71119813700011,
              23.286728607000043
            ],
            [
              88.71132314300013,
              23.286469978000014
            ],
            [
              88.71139619500013,
              23.28627640000019
            ],
            [
              88.71148137800003,
              23.286060343000145
            ],
            [
              88.71156963700014,
              23.285810442000184
            ],
            [
              88.71162778400003,
              23.285641579000128
            ],
            [
              88.71168597300016,
              23.28543658700005
            ],
            [
              88.71172225400005,
              23.285253998000144
            ],
            [
              88.71177121300008,
              23.28502409500004
            ],
            [
              88.71177629200008,
              23.284908986000175
            ],
            [
              88.71178246400007,
              23.284807431000047
            ],
            [
              88.71180514800017,
              23.284577313
            ],
            [
              88.71181790000014,
              23.284299699000144
            ],
            [
              88.7118058690001,
              23.284058006000123
            ],
            [
              88.71178174600016,
              23.283802666000156
            ],
            [
              88.71176104300014,
              23.283445750999988
            ],
            [
              88.71172180000019,
              23.2832377040001
            ],
            [
              88.71168868300003,
              23.28290100700002
            ],
            [
              88.71165223000014,
              23.282656856000187
            ],
            [
              88.71162509800018,
              23.282460196000102
            ],
            [
              88.71158579000013,
              23.282227311999975
            ],
            [
              88.71155553900019,
              23.282100621000097
            ],
            [
              88.71151664400008,
              23.281856449000145
            ],
            [
              88.7114407850001,
              23.28161197600008
            ],
            [
              88.711392439,
              23.28133385900003
            ],
            [
              88.71133154900014,
              23.28108950600017
            ],
            [
              88.71130865700019,
              23.281023840000046
            ],
            [
              88.71128665800006,
              23.28096043700009
            ],
            [
              88.71128016500018,
              23.28087345600005
            ],
            [
              88.71125601900013,
              23.28084277700009
            ],
            [
              88.71128618600005,
              23.278469986000175
            ],
            [
              88.71146848000018,
              23.278098931000102
            ],
            [
              88.71157550200019,
              23.277930470000115
            ],
            [
              88.71172770700008,
              23.277638194000076
            ],
            [
              88.71179355700019,
              23.27755745000013
            ],
            [
              88.71187394000015,
              23.277458763000084
            ],
            [
              88.71196371300005,
              23.27736457400016
            ],
            [
              88.71203195400011,
              23.277292975000023
            ],
            [
              88.71225411600017,
              23.277096107999967
            ],
            [
              88.71236845000004,
              23.27699318100008
            ],
            [
              88.71239956500006,
              23.27696634299997
            ],
            [
              88.71252775200009,
              23.276852241000142
            ],
            [
              88.7128137590002,
              23.276624283000103
            ],
            [
              88.71310290000008,
              23.276324097000156
            ],
            [
              88.7134014720001,
              23.276060114000074
            ],
            [
              88.71367826200009,
              23.27577337500003
            ],
            [
              88.71383594900004,
              23.27564145200006
            ],
            [
              88.71403113800011,
              23.275453389000063
            ],
            [
              88.71426499100005,
              23.275279188000127
            ],
            [
              88.71444484500017,
              23.275160995000192
            ],
            [
              88.71467893900018,
              23.274961960000155
            ],
            [
              88.71489800100017,
              23.274832795
            ],
            [
              88.71500703100014,
              23.274772727000027
            ],
            [
              88.71516827400006,
              23.274683732000028
            ],
            [
              88.71552723700017,
              23.274492491000103
            ],
            [
              88.71580695900008,
              23.274377371000185
            ],
            [
              88.71613884500016,
              23.27420622800014
            ],
            [
              88.71640355500006,
              23.274127108000187
            ],
            [
              88.7166315450001,
              23.27405446300014
            ],
            [
              88.71689593000019,
              23.27400921000003
            ],
            [
              88.71712091200015,
              23.273995243
            ],
            [
              88.71718087200014,
              23.273986703
            ],
            [
              88.71742470500016,
              23.273950312000125
            ],
            [
              88.71769081200006,
              23.273884750000036
            ],
            [
              88.71792672100014,
              23.27384603600018
            ],
            [
              88.71814258000012,
              23.273795866000114
            ],
            [
              88.71846793000003,
              23.273764655000093
            ],
            [
              88.71873222800008,
              23.27372842900013
            ],
            [
              88.71904536100016,
              23.27369711900002
            ],
            [
              88.71930955100015,
              23.273672177000094
            ],
            [
              88.71953195800018,
              23.27367173500005
            ],
            [
              88.7198081300001,
              23.273671731000093
            ],
            [
              88.72009429400015,
              23.273649227000135
            ],
            [
              88.72044345100016,
              23.27365207500003
            ],
            [
              88.72086608000006,
              23.273671326000112
            ],
            [
              88.72112748100011,
              23.273682488000134
            ],
            [
              88.72145240000009,
              23.27369642499997
            ],
            [
              88.72165255200014,
              23.273715273000107
            ],
            [
              88.72187228200016,
              23.273747261000096
            ],
            [
              88.72209713400014,
              23.273746832000143
            ],
            [
              88.72216012600018,
              23.27374608000008
            ],
            [
              88.72232200700017,
              23.273744150000084
            ],
            [
              88.72252255100005,
              23.273729976000027
            ],
            [
              88.72265424900013,
              23.27369492300005
            ],
            [
              88.72275040599999,
              23.273670868000067
            ],
            [
              88.7229511860001,
              23.273631861000126
            ],
            [
              88.72302061000016,
              23.273591782000096
            ],
            [
              88.7231182920001,
              23.27353613000014
            ],
            [
              88.72316359600006,
              23.273498113000073
            ],
            [
              88.72324886700011,
              23.273426556000118
            ],
            [
              88.72339229000016,
              23.273283217000085
            ],
            [
              88.72352565500012,
              23.273137539000118
            ],
            [
              88.72356706200009,
              23.27308820000019
            ],
            [
              88.72365696600008,
              23.27298281200018
            ],
            [
              88.7237265760001,
              23.272859194999967
            ],
            [
              88.7238120340001,
              23.27264313000012
            ],
            [
              88.72390069100004,
              23.272348067000166
            ],
            [
              88.72393740200016,
              23.272118060000025
            ],
            [
              88.7239744380002,
              23.271854190000056
            ],
            [
              88.72397737600011,
              23.27180228000003
            ],
            [
              88.7239861700001,
              23.27164881500005
            ],
            [
              88.72399546300011,
              23.271475032000126
            ],
            [
              88.72397744099999,
              23.27131457600018
            ],
            [
              88.72393841600007,
              23.271081694000088
            ],
            [
              88.72383260700013,
              23.2707082820001
            ],
            [
              88.72380660599998,
              23.270630607000157
            ],
            [
              88.72371405700005,
              23.270357344
            ],
            [
              88.72357152400008,
              23.26995879499998
            ],
            [
              88.72340176700015,
              23.269596150000098
            ],
            [
              88.72330497600007,
              23.269332805999966
            ],
            [
              88.72327257000006,
              23.269244638000146
            ],
            [
              88.72325943200019,
              23.26920889100012
            ],
            [
              88.72311389900017,
              23.268869025000072
            ],
            [
              88.7229349270001,
              23.268447599000183
            ],
            [
              88.72277715899997,
              23.268141500000183
            ],
            [
              88.722597996,
              23.26774039300011
            ],
            [
              88.72256955900008,
              23.26767919800011
            ],
            [
              88.72246178800009,
              23.267448017999982
            ],
            [
              88.7224464900001,
              23.26741853900012
            ],
            [
              88.72226774800004,
              23.267069367000033
            ],
            [
              88.72207942100016,
              23.266636577999975
            ],
            [
              88.72190692600003,
              23.26630552100005
            ],
            [
              88.72189590500011,
              23.2662760770001
            ],
            [
              88.72186249000009,
              23.266192263000107
            ],
            [
              88.72185004800014,
              23.266151521000097
            ],
            [
              88.72178887100011,
              23.26598393900008
            ],
            [
              88.72173127300016,
              23.26582541500011
            ],
            [
              88.72158553000008,
              23.265508124000064
            ],
            [
              88.7214277870001,
              23.26516815399998
            ],
            [
              88.72130613500013,
              23.264887185000134
            ],
            [
              88.72116995500005,
              23.264592547000063
            ],
            [
              88.72107317400014,
              23.264266623000083
            ],
            [
              88.72098530500006,
              23.26403108500017
            ],
            [
              88.72092185100013,
              23.263798006000172
            ],
            [
              88.72084894700015,
              23.2635309800001
            ],
            [
              88.72079760600008,
              23.263309288000016
            ],
            [
              88.72076471300011,
              23.263202897000042
            ],
            [
              88.72074306200017,
              23.26313498500008
            ],
            [
              88.7206917210001,
              23.262913293000054
            ],
            [
              88.72065173099998,
              23.26275039800015
            ],
            [
              88.72058860300012,
              23.262483452000083
            ],
            [
              88.72057058700005,
              23.262354604999985
            ],
            [
              88.72055514300018,
              23.26218062099997
            ],
            [
              88.72054366100014,
              23.262135370000067
            ],
            [
              88.72029989700019,
              23.259543575000123
            ],
            [
              88.7202481440001,
              23.259333169000115
            ],
            [
              88.72013605900014,
              23.25907485500005
            ],
            [
              88.72001463300006,
              23.258771306000085
            ],
            [
              88.71984511600016,
              23.25841769300007
            ],
            [
              88.71972961799997,
              23.258229345000075
            ],
            [
              88.71959312100017,
              23.257968575000177
            ],
            [
              88.71946570900008,
              23.257780129000025
            ],
            [
              88.71933853700006,
              23.25756685099998
            ],
            [
              88.71921060700015,
              23.257400980000057
            ],
            [
              88.71911708200014,
              23.25724667900016
            ],
            [
              88.71898904200003,
              23.257092098000044
            ],
            [
              88.718907522,
              23.256960478000167
            ],
            [
              88.71882556400016,
              23.256842396000025
            ],
            [
              88.71878022000016,
              23.256760741999983
            ],
            [
              88.71873437500017,
              23.256699405000177
            ],
            [
              88.71869828400008,
              23.256640404000166
            ],
            [
              88.71864342300012,
              23.256499967000025
            ],
            [
              88.71857409700004,
              23.25637070100015
            ],
            [
              88.71850403400003,
              23.256286588000023
            ],
            [
              88.71845827700008,
              23.256216219000123
            ],
            [
              88.71840084500008,
              23.25612092000017
            ],
            [
              88.71831888800017,
              23.25600284000018
            ],
            [
              88.7182894300002,
              23.255952926000134
            ],
            [
              88.71821580900007,
              23.255825882000067
            ],
            [
              88.71815828900009,
              23.255708001000187
            ],
            [
              88.71809430300016,
              23.25553136300016
            ],
            [
              88.71807607200014,
              23.255393484000024
            ],
            [
              88.71807049300014,
              23.2552421580001
            ],
            [
              88.71810111000008,
              23.25510693400014
            ],
            [
              88.71815903900017,
              23.254958386000055
            ],
            [
              88.71825307900014,
              23.254834969000058
            ],
            [
              88.71839936500015,
              23.254646500000035
            ],
            [
              88.7185299250001,
              23.254536929000096
            ],
            [
              88.71866982400007,
              23.254472591000138
            ],
            [
              88.71892195400017,
              23.254427234
            ],
            [
              88.7191199190001,
              23.254424331000052
            ],
            [
              88.71939607000013,
              23.25442206800011
            ],
            [
              88.71965786600009,
              23.254388077000044
            ],
            [
              88.71989758300015,
              23.254362938000043
            ],
            [
              88.7201986660001,
              23.25430894300007
            ],
            [
              88.72044794200008,
              23.254306458000144
            ],
            [
              88.7208002320001,
              23.25426417
            ],
            [
              88.72121081500006,
              23.25425848200007
            ],
            [
              88.72149938000007,
              23.2542359950001
            ],
            [
              88.72174863600009,
              23.25423576500009
            ],
            [
              88.7219884590001,
              23.254199335000067
            ],
            [
              88.7221620950001,
              23.25418494200005
            ],
            [
              88.722426354,
              23.254148707000127
            ],
            [
              88.72265417900013,
              23.254089599000054
            ],
            [
              88.72298267900015,
              23.254010985000093
            ],
            [
              88.72322282500011,
              23.253940684999975
            ],
            [
              88.72342644700007,
              23.253856540000015
            ],
            [
              88.72362994200012,
              23.25378594300014
            ],
            [
              88.72393394000005,
              23.253682291000075
            ],
            [
              88.7242992850002,
              23.25358365400001
            ],
            [
              88.7246030460002,
              23.25350483700015
            ],
            [
              88.72487085000012,
              23.253416696000045
            ],
            [
              88.72491925800006,
              23.25340128300013
            ],
            [
              88.72518636700005,
              23.253322167000135
            ],
            [
              88.72545425300018,
              23.253193384000042
            ],
            [
              88.7257097000001,
              23.25305546700008
            ],
            [
              88.72596813400014,
              23.25289273700014
            ],
            [
              88.72619938000008,
              23.25272978600009
            ],
            [
              88.72637878100011,
              23.25262286100019
            ],
            [
              88.72654894800007,
              23.25249102400005
            ],
            [
              88.72672834800017,
              23.252384100000086
            ],
            [
              88.72690774700015,
              23.252277175000188
            ],
            [
              88.72711454300003,
              23.25214789200004
            ],
            [
              88.72730628700009,
              23.252027521000116
            ],
            [
              88.72756479900016,
              23.251855757000158
            ],
            [
              88.72779907900019,
              23.251695084000062
            ],
            [
              88.72785012200006,
              23.251659373000052
            ],
            [
              88.72810887300005,
              23.25146277400006
            ],
            [
              88.7283944900002,
              23.25123477900007
            ],
            [
              88.72863825500019,
              23.251071926
            ],
            [
              88.72882032900014,
              23.25094018300007
            ],
            [
              88.72895107600004,
              23.250841891999983
            ],
            [
              88.72914279700018,
              23.250723775000097
            ],
            [
              88.72939823500019,
              23.250585853000075
            ],
            [
              88.72950202500004,
              23.250527986000122
            ],
            [
              88.72955331000014,
              23.25049904800005
            ],
            [
              88.7296809230001,
              23.250441376000083
            ],
            [
              88.72973238400004,
              23.250425987000142
            ],
            [
              88.72978154800018,
              23.250394774000142
            ],
            [
              88.7298450790002,
              23.250395287000117
            ],
            [
              88.73000915000017,
              23.25035823000013
            ],
            [
              88.73038120800004,
              23.250065452000058
            ],
            [
              88.73072434000005,
              23.249795018999976
            ],
            [
              88.73075171300007,
              23.249774919000117
            ],
            [
              88.73083756900007,
              23.249707874000137
            ],
            [
              88.73111481300009,
              23.24975075800012
            ],
            [
              88.73124834700013,
              23.24974506300009
            ],
            [
              88.73140144400008,
              23.249705658000153
            ],
            [
              88.73155726100009,
              23.249636920000114
            ],
            [
              88.73164555800003,
              23.249569897000185
            ],
            [
              88.73180564200015,
              23.249469584000167
            ],
            [
              88.73190560800009,
              23.24939588100017
            ],
            [
              88.73198620600016,
              23.24933556600007
            ],
            [
              88.73209040700016,
              23.2492664130001
            ],
            [
              88.73215599399998,
              23.249210495000113
            ],
            [
              88.73226861500018,
              23.24915495600004
            ],
            [
              88.7323435460001,
              23.24911266200013
            ],
            [
              88.73241973900008,
              23.249065861000076
            ],
            [
              88.732511643,
              23.24903725000007
            ],
            [
              88.73256113600013,
              23.24900378200016
            ],
            [
              88.73267167700016,
              23.249006931000167
            ],
            [
              88.73279416600008,
              23.248974050000186
            ],
            [
              88.73290689500004,
              23.24890722100008
            ],
            [
              88.7330193030001,
              23.248874260000093
            ],
            [
              88.73310136400005,
              23.248820732000127
            ],
            [
              88.73325928800017,
              23.24872265800019
            ],
            [
              88.73337208200007,
              23.248649057000023
            ],
            [
              88.73352837200002,
              23.24856225800005
            ],
            [
              88.73365429100005,
              23.24855424300017
            ],
            [
              88.733800734,
              23.248539617
            ],
            [
              88.73393104300004,
              23.24855195700019
            ],
            [
              88.73406150900018,
              23.248580104000098
            ],
            [
              88.73414653900011,
              23.248588191000124
            ],
            [
              88.73419120400018,
              23.24859243800006
            ],
            [
              88.73434830400004,
              23.248614025000165
            ],
            [
              88.73448033000011,
              23.248606059
            ],
            [
              88.73452129900005,
              23.24859887200006
            ],
            [
              88.73459108500015,
              23.248586628999988
            ],
            [
              88.734705647,
              23.248519816000055
            ],
            [
              88.73482620900006,
              23.24846433700003
            ],
            [
              88.73491944500012,
              23.248358967000172
            ],
            [
              88.73504312100005,
              23.24826513100004
            ],
            [
              88.73513183300014,
              23.24821843100011
            ],
            [
              88.73524929100006,
              23.248135832000116
            ],
            [
              88.73533284100006,
              23.248118444000113
            ],
            [
              88.73538555700014,
              23.248066935000168
            ],
            [
              88.73546971100018,
              23.24801793900002
            ],
            [
              88.73552596300004,
              23.24798000700008
            ],
            [
              88.73560146000017,
              23.247942230999968
            ],
            [
              88.735660042,
              23.247883995000166
            ],
            [
              88.73573774600004,
              23.247773985000094
            ],
            [
              88.73579272100011,
              23.24767733599998
            ],
            [
              88.7358640240002,
              23.247630495000124
            ],
            [
              88.73594057100007,
              23.247610789000078
            ],
            [
              88.7360614210001,
              23.247492093000062
            ],
            [
              88.73617743300014,
              23.247465932000125
            ],
            [
              88.736323186,
              23.247491940000145
            ],
            [
              88.73641410700014,
              23.247470094999983
            ],
            [
              88.73651568300005,
              23.24748445800003
            ],
            [
              88.73663649600019,
              23.247467366000024
            ],
            [
              88.73680708800009,
              23.247450674999982
            ],
            [
              88.73693346800007,
              23.24745846500008
            ],
            [
              88.73710076500015,
              23.247434974000043
            ],
            [
              88.73720060800014,
              23.247406424000133
            ],
            [
              88.73735219500014,
              23.24736474200006
            ],
            [
              88.73749601600008,
              23.247336544000063
            ],
            [
              88.73765172900005,
              23.247310701000117
            ],
            [
              88.73781906700003,
              23.247282693000102
            ],
            [
              88.73796655700016,
              23.247254526
            ],
            [
              88.73809389500008,
              23.24725780700004
            ],
            [
              88.73821037900012,
              23.24721358400018
            ],
            [
              88.73831835400006,
              23.24716477800007
            ],
            [
              88.7386464110001,
              23.247065805000148
            ],
            [
              88.73878150400003,
              23.247023990000116
            ],
            [
              88.7389693820001,
              23.246955505000074
            ],
            [
              88.739134809,
              23.246871031000182
            ],
            [
              88.73939952900008,
              23.246751228000107
            ],
            [
              88.73963249899998,
              23.246597303999977
            ],
            [
              88.7397612740001,
              23.24651253400009
            ],
            [
              88.73994895500005,
              23.2465953250001
            ],
            [
              88.74015055200016,
              23.24636663600012
            ],
            [
              88.74026319300015,
              23.246308834000104
            ],
            [
              88.74044371000008,
              23.246210932000167
            ],
            [
              88.74057558200013,
              23.24612167400005
            ],
            [
              88.7406806690002,
              23.24605477800003
            ],
            [
              88.74079244600011,
              23.245958584000107
            ],
            [
              88.74088186100016,
              23.245934464000015
            ],
            [
              88.74095755400015,
              23.24590797500008
            ],
            [
              88.74105132700015,
              23.245874858000093
            ],
            [
              88.7411346990001,
              23.245843914000034
            ],
            [
              88.74124678500016,
              23.245844814000066
            ],
            [
              88.74134543500014,
              23.245845605000056
            ],
            [
              88.74146266500009,
              23.245847536000156
            ],
            [
              88.74161234500019,
              23.245850001000065
            ],
            [
              88.74198672400018,
              23.245794295000053
            ],
            [
              88.74215568300002,
              23.245788874000084
            ],
            [
              88.74238822300009,
              23.245745576000047
            ],
            [
              88.74263517700012,
              23.24569562199997
            ],
            [
              88.74286338900015,
              23.245625194000013
            ],
            [
              88.74304793500016,
              23.24558602800016
            ],
            [
              88.74324267300011,
              23.24556726800006
            ],
            [
              88.74340889600006,
              23.245527955000057
            ],
            [
              88.74356300400007,
              23.24547725500014
            ],
            [
              88.74374209600012,
              23.24543352900008
            ],
            [
              88.7438781640002,
              23.245384944000023
            ],
            [
              88.74402394300006,
              23.245343210000158
            ],
            [
              88.74423362800013,
              23.24526134300004
            ],
            [
              88.74446813600014,
              23.245170643000165
            ],
            [
              88.74472042300016,
              23.245073311000112
            ],
            [
              88.7449901870001,
              23.245000954999966
            ],
            [
              88.74516599000015,
              23.244982037
            ],
            [
              88.74549428200015,
              23.244889827
            ],
            [
              88.74582947100009,
              23.2447457400001
            ],
            [
              88.74600990800019,
              23.244688474000156
            ],
            [
              88.7461891550002,
              23.24459507300014
            ],
            [
              88.7463375230002,
              23.244537551000178
            ],
            [
              88.74661056300005,
              23.244408769000188
            ],
            [
              88.74680984100019,
              23.244329076999975
            ],
            [
              88.74693236600012,
              23.244291668000187
            ],
            [
              88.74711227400007,
              23.24422536500009
            ],
            [
              88.74725248100003,
              23.244158747000085
            ],
            [
              88.74747801400014,
              23.24404764900015
            ],
            [
              88.74765662599998,
              23.24395649800016
            ],
            [
              88.74955775100017,
              23.242831395000053
            ],
            [
              88.75013279100017,
              23.242447607000088
            ],
            [
              88.75019272500015,
              23.242407442000058
            ],
            [
              88.75052412000014,
              23.242112032000136
            ],
            [
              88.75067843300019,
              23.24197326900014
            ],
            [
              88.751164894,
              23.241457815000103
            ],
            [
              88.75157781300015,
              23.24100048100007
            ],
            [
              88.75165697400007,
              23.24092885500005
            ],
            [
              88.7519840450002,
              23.2406379250001
            ],
            [
              88.75201422700002,
              23.240611070000114
            ],
            [
              88.752294156,
              23.240561360000072
            ],
            [
              88.75263433000009,
              23.240503096000054
            ],
            [
              88.75272151800004,
              23.24048798500013
            ],
            [
              88.7531547440002,
              23.24053530000009
            ],
            [
              88.75339033500006,
              23.24056103100014
            ],
            [
              88.75413343500009,
              23.240758848999974
            ],
            [
              88.75447123000004,
              23.240924098000107
            ],
            [
              88.75467798200009,
              23.241025085
            ],
            [
              88.755014244,
              23.241170719000138
            ],
            [
              88.75517718400016,
              23.24124128700015
            ],
            [
              88.75524715600011,
              23.241271195000138
            ],
            [
              88.75593915400015,
              23.24147988800007
            ],
            [
              88.75598636700005,
              23.241493810000122
            ],
            [
              88.75666992000004,
              23.24169114500006
            ],
            [
              88.75728873800011,
              23.241854095
            ],
            [
              88.75794462599998,
              23.241972177000036
            ],
            [
              88.7586126270001,
              23.24210164300007
            ],
            [
              88.75866819800018,
              23.24233465000009
            ],
            [
              88.75875610800017,
              23.242703386000017
            ],
            [
              88.75922661700014,
              23.244669241000054
            ],
            [
              88.75977127500005,
              23.24492642900003
            ],
            [
              88.75989017900014,
              23.245478300000116
            ],
            [
              88.76101086100016,
              23.24574003200013
            ],
            [
              88.76111139300008,
              23.245763771000043
            ],
            [
              88.76148569900016,
              23.24585215700006
            ],
            [
              88.76204466700005,
              23.245983008000167
            ],
            [
              88.7624379680002,
              23.245984985000064
            ],
            [
              88.76283633100019,
              23.245986987000038
            ],
            [
              88.76315954000017,
              23.24601436800009
            ],
            [
              88.76320299700012,
              23.246018197000126
            ],
            [
              88.76366673400008,
              23.246058984000058
            ],
            [
              88.76378373600016,
              23.246055401000035
            ],
            [
              88.76431143100018,
              23.246039240000187
            ],
            [
              88.76495980400011,
              23.245981119000078
            ],
            [
              88.76516737000003,
              23.24596242800004
            ],
            [
              88.76546985300013,
              23.245985128000143
            ],
            [
              88.76565481300014,
              23.245997477
            ],
            [
              88.76573817100012,
              23.246003041000108
            ],
            [
              88.76584867100019,
              23.246010683000065
            ],
            [
              88.76640523400016,
              23.246071502000177
            ],
            [
              88.7665172190001,
              23.246083673000044
            ],
            [
              88.76714952700019,
              23.24614508600007
            ],
            [
              88.7671872090001,
              23.246130069000174
            ],
            [
              88.76763849800005,
              23.245950223000023
            ],
            [
              88.76772096400015,
              23.245917001000123
            ],
            [
              88.767857208,
              23.2457487260001
            ],
            [
              88.76812196000009,
              23.24542340300013
            ],
            [
              88.76869805000013,
              23.245220190999987
            ],
            [
              88.76873236000017,
              23.245209168000088
            ],
            [
              88.76920902500007,
              23.245201663000046
            ],
            [
              88.76941417400008,
              23.245200964000105
            ],
            [
              88.76952382600007,
              23.24503473700014
            ],
            [
              88.76978892500006,
              23.244637159000092
            ],
            [
              88.77017824200004,
              23.24441667300016
            ],
            [
              88.77031241300006,
              23.244340954000165
            ],
            [
              88.77043042800011,
              23.244195112
            ],
            [
              88.77071062400006,
              23.24384958400003
            ],
            [
              88.7711608830001,
              23.243311203000133
            ],
            [
              88.77132362200012,
              23.242917336000176
            ],
            [
              88.7713885930001,
              23.242759789
            ],
            [
              88.77155740500001,
              23.242169533000038
            ],
            [
              88.77156592100005,
              23.242140245000087
            ],
            [
              88.77164535300005,
              23.242104739000183
            ],
            [
              88.77223845600014,
              23.24184293899998
            ],
            [
              88.77275764800015,
              23.241875915000037
            ],
            [
              88.77284652100013,
              23.241881558999978
            ],
            [
              88.77347587900016,
              23.24196324400009
            ],
            [
              88.77350427400012,
              23.241931196999985
            ],
            [
              88.77377986400018,
              23.241620151
            ],
            [
              88.77390114900015,
              23.241483366000182
            ],
            [
              88.77432623400006,
              23.24098993700011
            ],
            [
              88.77451756699998,
              23.240440495000144
            ],
            [
              88.77456376100008,
              23.24029860600001
            ],
            [
              88.77468383200016,
              23.23989311200006
            ],
            [
              88.77443400900017,
              23.23972407800011
            ],
            [
              88.77419906900013,
              23.239564189000077
            ],
            [
              88.77400723900007,
              23.23953333700001
            ],
            [
              88.77358175700004,
              23.239469054000153
            ],
            [
              88.77376478000014,
              23.239427582000076
            ],
            [
              88.77429334800019,
              23.239307519000192
            ],
            [
              88.77452505500008,
              23.239252878000173
            ],
            [
              88.77570884000005,
              23.238973091000048
            ],
            [
              88.77643793800019,
              23.236908244000176
            ],
            [
              88.77649153800019,
              23.23675737900004
            ],
            [
              88.77649970500005,
              23.236732606000032
            ],
            [
              88.77655930100019,
              23.236728553000148
            ],
            [
              88.77713292500005,
              23.236690117000137
            ],
            [
              88.77728110500004,
              23.236650627000074
            ],
            [
              88.77761699100012,
              23.236558408000178
            ],
            [
              88.77771588500013,
              23.236532081000064
            ],
            [
              88.77773074800001,
              23.23650961800007
            ],
            [
              88.77798898500015,
              23.23612326100016
            ],
            [
              88.77813018100011,
              23.235912113999973
            ],
            [
              88.77830710500018,
              23.23546641700017
            ],
            [
              88.77834337299998,
              23.235374122000053
            ],
            [
              88.77782620300019,
              23.23504947400005
            ],
            [
              88.77715780300014,
              23.23496524800015
            ],
            [
              88.77636427300001,
              23.234904879000055
            ],
            [
              88.77613087300006,
              23.234878224000056
            ],
            [
              88.77574463600018,
              23.234832315000062
            ],
            [
              88.77573348800013,
              23.234748683000078
            ],
            [
              88.77562658400018,
              23.233946283000137
            ],
            [
              88.77567212100013,
              23.233808904000057
            ],
            [
              88.77573462400005,
              23.23361972400005
            ],
            [
              88.77582745300003,
              23.233337076999987
            ],
            [
              88.77583545300013,
              23.233146343000044
            ],
            [
              88.77584648900017,
              23.23274
            ],
            [
              88.77584967100006,
              23.23269260900014
            ],
            [
              88.77588410900012,
              23.232198389000132
            ],
            [
              88.77588622800016,
              23.23216679400008
            ],
            [
              88.77615451999998,
              23.23198373400004
            ],
            [
              88.77642250700006,
              23.231800670000155
            ],
            [
              88.77649965900002,
              23.23167934100013
            ],
            [
              88.77654026100004,
              23.231614176
            ],
            [
              88.77673547500018,
              23.231306358000097
            ],
            [
              88.77645263400012,
              23.231282200000066
            ],
            [
              88.77627009000014,
              23.2312666090001
            ],
            [
              88.77601770000007,
              23.23124658100005
            ],
            [
              88.77529940800014,
              23.23127711000018
            ],
            [
              88.7745662590001,
              23.231296234000183
            ],
            [
              88.77437449900009,
              23.23130241100006
            ],
            [
              88.7739454870001,
              23.23131622900013
            ],
            [
              88.77388438899999,
              23.231318008000187
            ],
            [
              88.7737437130001,
              23.231104666000135
            ],
            [
              88.77345723100018,
              23.230671165000047
            ],
            [
              88.77336897200007,
              23.230537258000084
            ],
            [
              88.77329354600005,
              23.23041925600006
            ],
            [
              88.77325729000006,
              23.230326397000113
            ],
            [
              88.77313315900005,
              23.23000705600009
            ],
            [
              88.77309973900009,
              23.22992099800007
            ],
            [
              88.77306392100019,
              23.229830399000093
            ],
            [
              88.7731577420002,
              23.22975662000016
            ],
            [
              88.77359207700016,
              23.229416805000028
            ],
            [
              88.77366252500013,
              23.229360902999986
            ],
            [
              88.77375279800003,
              23.229341287000125
            ],
            [
              88.77425990600011,
              23.22922557300018
            ],
            [
              88.77438854400009,
              23.22858306400002
            ],
            [
              88.77437378200011,
              23.228427152999984
            ],
            [
              88.7743288650002,
              23.227961667000045
            ],
            [
              88.7742474010002,
              23.227317517000017
            ],
            [
              88.77421607500008,
              23.226567639000166
            ],
            [
              88.7742447500001,
              23.225901767000153
            ],
            [
              88.77437454100004,
              23.225132826
            ],
            [
              88.7749946310002,
              23.224950249000074
            ],
            [
              88.77559813100004,
              23.22487818100018
            ],
            [
              88.77572592000007,
              23.224863371000026
            ],
            [
              88.77580228900007,
              23.22482783800018
            ],
            [
              88.77631234100016,
              23.22458795400007
            ],
            [
              88.77634481400008,
              23.224576917000093
            ],
            [
              88.7766153410002,
              23.224481929999968
            ],
            [
              88.7770577340001,
              23.224327315000096
            ],
            [
              88.77754626600006,
              23.224002586000097
            ],
            [
              88.77755723100017,
              23.223972187000186
            ],
            [
              88.77762222600012,
              23.223340469000107
            ],
            [
              88.77765930200013,
              23.223293342000034
            ],
            [
              88.77799591700006,
              23.222848888000044
            ],
            [
              88.77866696400002,
              23.22270281900012
            ],
            [
              88.77869919600005,
              23.222617270000057
            ],
            [
              88.77886997100006,
              23.22217378200014
            ],
            [
              88.77882360500013,
              23.222067296000034
            ],
            [
              88.77872309500015,
              23.221836207000024
            ],
            [
              88.77862407600003,
              23.221609644000182
            ],
            [
              88.77868016200006,
              23.221587499000066
            ],
            [
              88.77919422700006,
              23.221374729000047
            ],
            [
              88.77923498600012,
              23.221359242000062
            ],
            [
              88.77952895000016,
              23.22148393499998
            ],
            [
              88.779728417,
              23.22156854400015
            ],
            [
              88.77984068600017,
              23.221614572000078
            ],
            [
              88.7802728630001,
              23.221609909000108
            ],
            [
              88.78057093500013,
              23.221606692000137
            ],
            [
              88.78131370500012,
              23.221598903000086
            ],
            [
              88.78174978700014,
              23.221600028000125
            ],
            [
              88.7820832450002,
              23.22160261200014
            ],
            [
              88.78213031200005,
              23.22163158700016
            ],
            [
              88.78238784400008,
              23.221790122000186
            ],
            [
              88.78266327700004,
              23.22196160100009
            ],
            [
              88.782873409,
              23.22195871300005
            ],
            [
              88.7831235650001,
              23.22195545400001
            ],
            [
              88.78330833100011,
              23.221953047000113
            ],
            [
              88.78333116500005,
              23.221991506000165
            ],
            [
              88.78366387500006,
              23.222551897000073
            ],
            [
              88.78371022300013,
              23.222694503000127
            ],
            [
              88.78384627900004,
              23.223115534999977
            ],
            [
              88.78395132500003,
              23.223082480000187
            ],
            [
              88.78430997500004,
              23.22296878000003
            ],
            [
              88.78441716000009,
              23.222934800000075
            ],
            [
              88.78512568100018,
              23.222696418000055
            ],
            [
              88.78557496100007,
              23.222656989000086
            ],
            [
              88.78573175800017,
              23.222642395000094
            ],
            [
              88.78582590300005,
              23.22219379100011
            ],
            [
              88.78586002700001,
              23.22203373900004
            ],
            [
              88.78590528200016,
              23.222027316000094
            ],
            [
              88.78650561200004,
              23.221966471000144
            ],
            [
              88.78676328700016,
              23.222025109000185
            ],
            [
              88.78681372600016,
              23.22203658800015
            ],
            [
              88.78713710699998,
              23.22210682100001
            ],
            [
              88.78729426100006,
              23.22272896800007
            ],
            [
              88.7877278740001,
              23.22241321200005
            ],
            [
              88.78777904499998,
              23.222375950000185
            ],
            [
              88.78795224000004,
              23.22204925000017
            ],
            [
              88.78839418500007,
              23.221215595
            ],
            [
              88.78841511200017,
              23.22116382200005
            ],
            [
              88.78842606500007,
              23.221134552000137
            ],
            [
              88.7885608140001,
              23.220787864000044
            ],
            [
              88.78862896900017,
              23.220612272000096
            ],
            [
              88.788671212,
              23.220567439000035
            ],
            [
              88.78894257899998,
              23.22034373499997
            ],
            [
              88.78910779900019,
              23.220207273000085
            ],
            [
              88.78939718300012,
              23.219611144000055
            ],
            [
              88.78994157800014,
              23.21945276200006
            ],
            [
              88.78998015500002,
              23.219441771000163
            ],
            [
              88.79004364700018,
              23.219173564000073
            ],
            [
              88.7901331560002,
              23.21879717400003
            ],
            [
              88.79070386900008,
              23.218598350000093
            ],
            [
              88.79096809000015,
              23.218719845000066
            ],
            [
              88.79127318500008,
              23.218860134000067
            ],
            [
              88.79138232800017,
              23.219423204000122
            ],
            [
              88.7917156850001,
              23.219640270000127
            ],
            [
              88.79175151400017,
              23.21966312400008
            ],
            [
              88.79193579300005,
              23.219784213000025
            ],
            [
              88.79199159400014,
              23.219827541000086
            ],
            [
              88.79244225600013,
              23.22017646800009
            ],
            [
              88.79285565300012,
              23.220152551000126
            ],
            [
              88.79288895600013,
              23.220150497000134
            ],
            [
              88.79314867900018,
              23.220134477999977
            ],
            [
              88.79390192500017,
              23.220081551000135
            ],
            [
              88.79393126000019,
              23.22007952000007
            ],
            [
              88.79462559000012,
              23.2200238800001
            ],
            [
              88.79545548800019,
              23.21997563200017
            ],
            [
              88.79551777400019,
              23.21997201000005
            ],
            [
              88.79612519300008,
              23.219800543000133
            ],
            [
              88.79672219100013,
              23.219701248000035
            ],
            [
              88.79741745100006,
              23.219541737000043
            ],
            [
              88.79803818900012,
              23.219280045000062
            ],
            [
              88.7988077190002,
              23.219249799000067
            ],
            [
              88.79950192100006,
              23.21920768600006
            ],
            [
              88.79959393600012,
              23.21919709700012
            ],
            [
              88.80020866300009,
              23.219129535000036
            ],
            [
              88.80030249200013,
              23.219121219999977
            ],
            [
              88.8007917770002,
              23.21907979600013
            ],
            [
              88.80096415999998,
              23.219063043000062
            ],
            [
              88.80178509100017,
              23.21905575500017
            ],
            [
              88.80183394900013,
              23.219056126000112
            ],
            [
              88.8022236700001,
              23.219050065000033
            ],
            [
              88.80249090200005,
              23.219047585000055
            ],
            [
              88.80320933300004,
              23.219028217000016
            ],
            [
              88.80367431200006,
              23.219061589000148
            ],
            [
              88.80387799700014,
              23.219076207000114
            ],
            [
              88.80475552700005,
              23.219263518000048
            ],
            [
              88.80539728500008,
              23.219349679000175
            ],
            [
              88.80547537500013,
              23.21935930600017
            ],
            [
              88.80629203700005,
              23.219523568000056
            ],
            [
              88.80714554100012,
              23.219665524000106
            ],
            [
              88.80785237600008,
              23.21981765000004
            ],
            [
              88.80843175900014,
              23.220016229000066
            ],
            [
              88.8085355280001,
              23.22005765800003
            ],
            [
              88.80908871900016,
              23.220283131000144
            ],
            [
              88.80947937900015,
              23.22041253300017
            ],
            [
              88.80975585100009,
              23.220504948000098
            ],
            [
              88.81009798600007,
              23.22066559400008
            ],
            [
              88.81012840200009,
              23.220679368000106
            ],
            [
              88.81030054000013,
              23.220759702
            ],
            [
              88.81057690100016,
              23.220933397000124
            ],
            [
              88.81081774000012,
              23.221084247000135
            ],
            [
              88.81118148500008,
              23.221425692000082
            ],
            [
              88.81132354400006,
              23.22155772700006
            ],
            [
              88.81105908300009,
              23.222108930000104
            ],
            [
              88.810721033,
              23.22269344000017
            ],
            [
              88.81019475400007,
              23.22332394400007
            ],
            [
              88.80965991400006,
              23.223782778000043
            ],
            [
              88.80917383700006,
              23.224287137000147
            ],
            [
              88.80868450600019,
              23.224847919000183
            ],
            [
              88.80850820100005,
              23.225408815000037
            ],
            [
              88.80872743900011,
              23.225963677000095
            ],
            [
              88.80884845600008,
              23.226574242000083
            ],
            [
              88.80904248600012,
              23.227216973000054
            ],
            [
              88.80900012199999,
              23.22779243200017
            ],
            [
              88.80903349200008,
              23.22836846500013
            ],
            [
              88.80893251300017,
              23.228941220000024
            ],
            [
              88.80839458700007,
              23.22950388999999
            ],
            [
              88.80788396700012,
              23.229983219000133
            ],
            [
              88.80738330000014,
              23.23047617200018
            ],
            [
              88.80715799500007,
              23.231016370000077
            ],
            [
              88.80680667500013,
              23.23147432800016
            ],
            [
              88.80662982500007,
              23.2320600540001
            ],
            [
              88.80671204900011,
              23.23263645800006
            ],
            [
              88.80686982900005,
              23.233233754000082
            ],
            [
              88.80679028200012,
              23.233867636000127
            ],
            [
              88.80683822200018,
              23.234452808000015
            ],
            [
              88.806908131,
              23.235040409000078
            ],
            [
              88.80689192500012,
              23.235695092000128
            ],
            [
              88.80671200600005,
              23.23635079100012
            ],
            [
              88.80657137300005,
              23.236707858000102
            ],
            [
              88.80649920700012,
              23.23689108500008
            ],
            [
              88.80628325900017,
              23.237476513000047
            ],
            [
              88.80606984800005,
              23.238050670000177
            ],
            [
              88.80602758800006,
              23.238612579000062
            ],
            [
              88.8063091530002,
              23.239303394000103
            ],
            [
              88.80653848500015,
              23.240063808000116
            ],
            [
              88.8067589750001,
              23.240754158000072
            ],
            [
              88.80703850500015,
              23.241399799000078
            ],
            [
              88.80729595000003,
              23.242056558000172
            ],
            [
              88.80752601400008,
              23.242735692000053
            ],
            [
              88.80781959100011,
              23.24345143400012
            ],
            [
              88.80811668600012,
              23.243943663000096
            ],
            [
              88.80818741400009,
              23.244061614000145
            ],
            [
              88.80874348800006,
              23.244420329000093
            ],
            [
              88.80917422700009,
              23.244825511000045
            ],
            [
              88.8088861010001,
              23.245317818
            ],
            [
              88.809029323,
              23.245905973000106
            ],
            [
              88.80943553200012,
              23.246322257000088
            ],
            [
              88.80981661000004,
              23.246817379000163
            ],
            [
              88.8101229450001,
              23.247474507
            ],
            [
              88.81031800700009,
              23.24800434500014
            ],
            [
              88.81008273200007,
              23.248323192000157
            ],
            [
              88.80995413200009,
              23.248496082000088
            ],
            [
              88.80945624499998,
              23.248943898000164
            ],
            [
              88.80930361400004,
              23.249552388000097
            ],
            [
              88.80929624900006,
              23.24972845300016
            ],
            [
              88.8092748790001,
              23.25024310400005
            ],
            [
              88.80929718200008,
              23.250448747000064
            ],
            [
              88.80927901600018,
              23.251153091000106
            ],
            [
              88.80931369199999,
              23.251444629000048
            ],
            [
              88.80948207100016,
              23.252854333000187
            ],
            [
              88.80959119300013,
              23.253767906000178
            ],
            [
              88.80972511100003,
              23.254888865999988
            ],
            [
              88.80975208400002,
              23.254981647000136
            ],
            [
              88.80978242900017,
              23.255004456000165
            ],
            [
              88.80987365600015,
              23.255016437000165
            ],
            [
              88.80990693000007,
              23.255018945000018
            ],
            [
              88.81010736000013,
              23.255013692000034
            ],
            [
              88.81029148500016,
              23.255026885000177
            ],
            [
              88.81035402000009,
              23.255031366000082
            ],
            [
              88.81055445100009,
              23.255026111000063
            ],
            [
              88.81076455600015,
              23.255032217000064
            ],
            [
              88.81086472100003,
              23.255035234000047
            ],
            [
              88.81087424800018,
              23.25507171000004
            ],
            [
              88.81089434000006,
              23.255243190000044
            ],
            [
              88.81090249300013,
              23.25542614700015
            ],
            [
              88.81088313800018,
              23.25564502000003
            ],
            [
              88.81089098600012,
              23.25582797499999
            ],
            [
              88.810920711,
              23.256058510000173
            ],
            [
              88.81097464400011,
              23.256280198000013
            ],
            [
              88.81102218800015,
              23.256395713000074
            ],
            [
              88.81106759400018,
              23.256511213000067
            ],
            [
              88.81111594600009,
              23.256570286000056
            ],
            [
              88.81117671500004,
              23.256606873000123
            ],
            [
              88.81124960200015,
              23.256654841
            ],
            [
              88.8113737990002,
              23.256669331000182
            ],
            [
              88.81152744400003,
              23.256704362000107
            ],
            [
              88.81160794300001,
              23.25672077700017
            ],
            [
              88.81170820900019,
              23.256712504000063
            ],
            [
              88.81183161900009,
              23.25669334200012
            ],
            [
              88.8119578140001,
              23.256673749000186
            ],
            [
              88.81205830200008,
              23.256640641000104
            ],
            [
              88.81210969600005,
              23.25663199799999
            ],
            [
              88.81214665200014,
              23.25659840800006
            ],
            [
              88.81219836600013,
              23.256553640000106
            ],
            [
              88.81223562500008,
              23.256520054000134
            ],
            [
              88.81228734000001,
              23.256475283999976
            ],
            [
              88.8123207320001,
              23.256430378
            ],
            [
              88.81235421600007,
              23.25637418400015
            ],
            [
              88.81237915400015,
              23.256317924000143
            ],
            [
              88.81240695300005,
              23.25621426700019
            ],
            [
              88.81243503700006,
              23.25611287300012
            ],
            [
              88.81246548000018,
              23.255986658000097
            ],
            [
              88.81248176800011,
              23.255837755000073
            ],
            [
              88.81248543200007,
              23.255700045000083
            ],
            [
              88.81254051100012,
              23.25555143800011
            ],
            [
              88.81254437900009,
              23.255425023000043
            ],
            [
              88.81256006100011,
              23.255309986000043
            ],
            [
              88.81256778600016,
              23.255272583000078
            ],
            [
              88.8125884640001,
              23.2551724650001
            ],
            [
              88.81257951100014,
              23.255079822000027
            ],
            [
              88.81260748800003,
              23.254955845000154
            ],
            [
              88.8126261180002,
              23.254818250000028
            ],
            [
              88.81264189900014,
              23.254691926000078
            ],
            [
              88.81265808600017,
              23.254554314000018
            ],
            [
              88.81267344700007,
              23.25447540099998
            ],
            [
              88.8127011470001,
              23.254383034000057
            ],
            [
              88.81272892400017,
              23.25428163600003
            ],
            [
              88.81275692800017,
              23.25418927200002
            ],
            [
              88.81282116100004,
              23.254110729000047
            ],
            [
              88.81288549200013,
              23.254020897000032
            ],
            [
              88.812949623,
              23.25395364400009
            ],
            [
              88.81306527400011,
              23.253898068000126
            ],
            [
              88.81316593900016,
              23.25384463900002
            ],
            [
              88.81325430499999,
              23.253800146000174
            ],
            [
              88.81334245400012,
              23.253780492000146
            ],
            [
              88.81341615700006,
              23.25373589000003
            ],
            [
              88.81344323700017,
              23.25371351600012
            ],
            [
              88.81344353700001,
              23.25367964700007
            ],
            [
              88.81345881700008,
              23.253609766000068
            ],
            [
              88.81347500200008,
              23.253472154
            ],
            [
              88.81347846500006,
              23.253357025000184
            ],
            [
              88.81348243200017,
              23.253219319000152
            ],
            [
              88.8134773290002,
              23.253140253000026
            ],
            [
              88.81347387900007,
              23.253081518000045
            ],
            [
              88.81347734000008,
              23.252966389
            ],
            [
              88.81349596900009,
              23.252828794000095
            ],
            [
              88.81351153100013,
              23.25272730500012
            ],
            [
              88.81351499300007,
              23.252612175000024
            ],
            [
              88.81354319700012,
              23.252497232
            ],
            [
              88.81356813000014,
              23.25244097300009
            ],
            [
              88.81360792400005,
              23.252362245000143
            ],
            [
              88.81365963800005,
              23.252317476000087
            ],
            [
              88.81372326800016,
              23.25230666900012
            ],
            [
              88.81383575000007,
              23.252298484999983
            ],
            [
              88.81395780500014,
              23.252312954000047
            ],
            [
              88.81403353400009,
              23.25231578300003
            ],
            [
              88.81413359800018,
              23.252330088000065
            ],
            [
              88.8142935940001,
              23.252333808000174
            ],
            [
              88.81438035200017,
              23.252336467000134
            ],
            [
              88.81442261500007,
              23.252338045999977
            ],
            [
              88.81445608000007,
              23.252339297
            ],
            [
              88.81448430000006,
              23.252325962000043
            ],
            [
              88.81453212800011,
              23.252306002000182
            ],
            [
              88.81464501000005,
              23.252252662000046
            ],
            [
              88.81473337400007,
              23.252208171000177
            ],
            [
              88.8148216400001,
              23.252174965999984
            ],
            [
              88.81491018500009,
              23.252110153000046
            ],
            [
              88.81493355700002,
              23.252092266999966
            ],
            [
              88.81499905600003,
              23.252043085000025
            ],
            [
              88.81511449700008,
              23.251976220000074
            ],
            [
              88.81521515900005,
              23.251922788000115
            ],
            [
              88.81530352600004,
              23.25187829300006
            ],
            [
              88.81541660300002,
              23.25180237700016
            ],
            [
              88.81549275100014,
              23.251757793000024
            ],
            [
              88.81555658100007,
              23.251724403000082
            ],
            [
              88.81561774800008,
              23.251715834000038
            ],
            [
              88.81574510800016,
              23.25168292500007
            ],
            [
              88.815782346,
              23.251651595000112
            ],
            [
              88.8158060520002,
              23.25145758900004
            ],
            [
              88.81586899500019,
              23.250936476
            ],
            [
              88.81794049100017,
              23.250116638000065
            ],
            [
              88.81893811800018,
              23.249720769000078
            ],
            [
              88.8198838560001,
              23.24934548300007
            ],
            [
              88.82048861600003,
              23.249106164000125
            ],
            [
              88.82120935300009,
              23.24884287900005
            ],
            [
              88.82185746500005,
              23.24853614300008
            ],
            [
              88.82200946800009,
              23.2484447060001
            ],
            [
              88.82252838000005,
              23.248136998
            ],
            [
              88.82326313300018,
              23.247702202000085
            ],
            [
              88.82378662400009,
              23.24739452400007
            ],
            [
              88.82437180900007,
              23.247017310000103
            ],
            [
              88.82491687800012,
              23.24672107800012
            ],
            [
              88.825476713,
              23.24644753700011
            ],
            [
              88.82614965500011,
              23.246093552000048
            ],
            [
              88.82638032200009,
              23.24598237800012
            ],
            [
              88.82669686300005,
              23.245831202000033
            ],
            [
              88.82719394100019,
              23.245642985000188
            ],
            [
              88.82739342300016,
              23.24556996000007
            ],
            [
              88.82785677200002,
              23.245431169000028
            ],
            [
              88.82800102200008,
              23.245387087000154
            ],
            [
              88.82799114100004,
              23.245329433000165
            ],
            [
              88.82770342300006,
              23.243580752000184
            ],
            [
              88.82729775400014,
              23.243096778999984
            ],
            [
              88.82687763700011,
              23.242553987
            ],
            [
              88.826423503,
              23.242024489000073
            ],
            [
              88.82596919399998,
              23.241515311000057
            ],
            [
              88.82566703900011,
              23.241210485000067
            ],
            [
              88.82552414800011,
              23.24106490600019
            ],
            [
              88.82494551500014,
              23.24052318500003
            ],
            [
              88.82443980900018,
              23.240024910000102
            ],
            [
              88.82407697600013,
              23.239604469000028
            ],
            [
              88.82402164100006,
              23.239540834000024
            ],
            [
              88.82370457000019,
              23.238987516000066
            ],
            [
              88.82336123600004,
              23.238364007000087
            ],
            [
              88.82311715100019,
              23.237847362000082
            ],
            [
              88.8228960850002,
              23.237213477000125
            ],
            [
              88.8227777370002,
              23.236569071000076
            ],
            [
              88.82273268500018,
              23.235925211999984
            ],
            [
              88.82278396400005,
              23.23547626400017
            ],
            [
              88.82280184300004,
              23.23531834000005
            ],
            [
              88.82281011000009,
              23.235246144000143
            ],
            [
              88.82312422800015,
              23.234602722000034
            ],
            [
              88.8235250680001,
              23.23409993900009
            ],
            [
              88.82382695100011,
              23.233806406000042
            ],
            [
              88.82397389100004,
              23.233662994000042
            ],
            [
              88.82459544400018,
              23.233310888000062
            ],
            [
              88.82520442400016,
              23.233243187000028
            ],
            [
              88.8254111330001,
              23.233309962000135
            ],
            [
              88.82578399400012,
              23.233430411000086
            ],
            [
              88.82639107500017,
              23.233789450000017
            ],
            [
              88.82702006100016,
              23.23419380600012
            ],
            [
              88.82750010300009,
              23.23455188700018
            ],
            [
              88.82817877600002,
              23.23510789500017
            ],
            [
              88.82891845600011,
              23.235673386000144
            ],
            [
              88.82954978300006,
              23.236091296000097
            ],
            [
              88.83014194200013,
              23.23651794600005
            ],
            [
              88.8306711730001,
              23.23687638700011
            ],
            [
              88.83127777200013,
              23.237294109
            ],
            [
              88.83175703200016,
              23.237744750000104
            ],
            [
              88.83206805200012,
              23.23804963000009
            ],
            [
              88.83210377500018,
              23.238086023
            ],
            [
              88.83225096500007,
              23.238229367000145
            ],
            [
              88.83241009700009,
              23.23840441300007
            ],
            [
              88.83282851000018,
              23.23886363300005
            ],
            [
              88.83338161700004,
              23.239533842000185
            ],
            [
              88.83379880800015,
              23.240099175000125
            ],
            [
              88.83419381600015,
              23.240686918000165
            ],
            [
              88.8346107210001,
              23.24128611700013
            ],
            [
              88.83492843300013,
              23.241771677000145
            ],
            [
              88.83514363500012,
              23.2420642080001
            ],
            [
              88.83533596200016,
              23.24232564400006
            ],
            [
              88.83578982100016,
              23.242891242000155
            ],
            [
              88.83620784599998,
              23.243397867000056
            ],
            [
              88.83666586000004,
              23.24376705100002
            ],
            [
              88.83708257100017,
              23.243714302
            ],
            [
              88.83727251800019,
              23.24369025600015
            ],
            [
              88.8375122920001,
              23.243161405000023
            ],
            [
              88.8377497030001,
              23.24258738000003
            ],
            [
              88.8380639630002,
              23.241921345000094
            ],
            [
              88.83809666000013,
              23.241849333000175
            ],
            [
              88.83817885500008,
              23.241669303000037
            ],
            [
              88.83827630700017,
              23.241455515000098
            ],
            [
              88.83830371100015,
              23.241394752000133
            ],
            [
              88.83832175700019,
              23.241356502000144
            ],
            [
              88.83834803200017,
              23.24130133900013
            ],
            [
              88.83855538700016,
              23.240865991000135
            ],
            [
              88.83880736300006,
              23.240337232
            ],
            [
              88.83906979700009,
              23.239729518
            ],
            [
              88.83933486600012,
              23.239099244999977
            ],
            [
              88.83959945300006,
              23.23848928800004
            ],
            [
              88.83983940100018,
              23.237937856000087
            ],
            [
              88.84015158600016,
              23.237226640000017
            ],
            [
              88.84024695800008,
              23.23707606200003
            ],
            [
              88.84055358400002,
              23.23658382900004
            ],
            [
              88.84095447300007,
              23.23603358200012
            ],
            [
              88.84153939100014,
              23.235428242000125
            ],
            [
              88.84205197600005,
              23.23507288100012
            ],
            [
              88.84210014100017,
              23.235039488999973
            ],
            [
              88.84263567700009,
              23.234740865000163
            ],
            [
              88.84334574700006,
              23.23431933400019
            ],
            [
              88.84367273100008,
              23.234120783000037
            ],
            [
              88.8440408690002,
              23.233895436000125
            ],
            [
              88.84463774800008,
              23.23356564400018
            ],
            [
              88.8448167890001,
              23.233061171000088
            ],
            [
              88.84484121300017,
              23.23299135600007
            ],
            [
              88.84440894600016,
              23.232471100000055
            ],
            [
              88.84440297800006,
              23.23181624300014
            ],
            [
              88.84490137900013,
              23.231217029000106
            ],
            [
              88.8449266930001,
              23.23118560299997
            ],
            [
              88.84496156600005,
              23.231179084000075
            ],
            [
              88.84499214400012,
              23.23117479500013
            ],
            [
              88.84519216400014,
              23.23114239500012
            ],
            [
              88.84640947200012,
              23.230936826000118
            ],
            [
              88.84654465100004,
              23.230915239000183
            ],
            [
              88.84662280000003,
              23.230901362000168
            ],
            [
              88.84670340200012,
              23.230887050000035
            ],
            [
              88.84690586300007,
              23.23085466700013
            ],
            [
              88.84733468200011,
              23.230781041000057
            ],
            [
              88.84774300800018,
              23.23083217600015
            ],
            [
              88.84810074800009,
              23.230876976000104
            ],
            [
              88.84824071300005,
              23.230860902000018
            ],
            [
              88.84850734700007,
              23.230830281000067
            ],
            [
              88.84885893600011,
              23.230787697000096
            ],
            [
              88.84895878100014,
              23.23079068600009
            ],
            [
              88.84949132800006,
              23.230801359000168
            ],
            [
              88.84952429600014,
              23.23082326800011
            ],
            [
              88.84999635100019,
              23.231136977000062
            ],
            [
              88.85027216100008,
              23.231134479
            ],
            [
              88.85046150500011,
              23.231131235000078
            ],
            [
              88.85064146000019,
              23.231128151
            ],
            [
              88.85069540900014,
              23.231167065000022
            ],
            [
              88.8509134300001,
              23.231324324000184
            ],
            [
              88.85115810900004,
              23.231497722000142
            ],
            [
              88.8512020450001,
              23.23153868500009
            ],
            [
              88.85160380900015,
              23.231914188000133
            ],
            [
              88.85162505000005,
              23.23250141900013
            ],
            [
              88.85159543400005,
              23.232607326000107
            ],
            [
              88.85147067200006,
              23.23305349499998
            ],
            [
              88.85138229500012,
              23.233637666999982
            ],
            [
              88.8514738410002,
              23.234146380000084
            ],
            [
              88.85149877500015,
              23.234284300000127
            ],
            [
              88.851866487,
              23.234196669000085
            ],
            [
              88.8519927160001,
              23.234163470000055
            ],
            [
              88.85218392000007,
              23.234113181999987
            ],
            [
              88.85229422100008,
              23.23417946800015
            ],
            [
              88.85237970500003,
              23.234230335
            ],
            [
              88.8524017950001,
              23.234243480000146
            ],
            [
              88.85261997000009,
              23.234373780000055
            ],
            [
              88.85276430300007,
              23.23446063500006
            ],
            [
              88.85319875300013,
              23.234439936000058
            ],
            [
              88.853421836,
              23.234429306000038
            ],
            [
              88.85347513000016,
              23.234483302000058
            ],
            [
              88.85388875300004,
              23.234902369
            ],
            [
              88.85382088400019,
              23.23530379700003
            ],
            [
              88.85378751700017,
              23.23550903000006
            ],
            [
              88.85376038700002,
              23.23602139500008
            ],
            [
              88.85375788300018,
              23.236064277000082
            ],
            [
              88.85441091400014,
              23.236310646000106
            ],
            [
              88.85446420700004,
              23.236329095000144
            ],
            [
              88.85486278500014,
              23.23631605500009
            ],
            [
              88.85508500300006,
              23.23630878400013
            ],
            [
              88.85526097300004,
              23.23635177200015
            ],
            [
              88.85571378500003,
              23.236462388000064
            ],
            [
              88.85576566900005,
              23.236431157000027
            ],
            [
              88.85582673000005,
              23.23639425900018
            ],
            [
              88.85618657700007,
              23.23617681100012
            ],
            [
              88.85633792900018,
              23.23608533400011
            ],
            [
              88.85637712200008,
              23.236002076000148
            ],
            [
              88.85646797400017,
              23.235806291000017
            ],
            [
              88.85662696100007,
              23.23546423600004
            ],
            [
              88.8566840270002,
              23.235290787
            ],
            [
              88.85678152600019,
              23.23499569900008
            ],
            [
              88.85681571900005,
              23.23488982300006
            ],
            [
              88.8568729640001,
              23.234874435
            ],
            [
              88.85706185800012,
              23.23482161700008
            ],
            [
              88.85724126700012,
              23.23477098700016
            ],
            [
              88.85739527100009,
              23.23472694700007
            ],
            [
              88.85746230600017,
              23.234709371000065
            ],
            [
              88.85777451899997,
              23.234799302000113
            ],
            [
              88.85780811,
              23.234808978000046
            ],
            [
              88.85806646000009,
              23.234885370000143
            ],
            [
              88.85852910199998,
              23.235037757000043
            ],
            [
              88.85859092500004,
              23.235058529000128
            ],
            [
              88.85866067100011,
              23.23508161300009
            ],
            [
              88.8587148430002,
              23.235032333000106
            ],
            [
              88.85877364400017,
              23.234978199000068
            ],
            [
              88.85899712400015,
              23.23477245600003
            ],
            [
              88.85905807500018,
              23.23471645100011
            ],
            [
              88.85910947800005,
              23.23466940500009
            ],
            [
              88.85928371700015,
              23.23454422400016
            ],
            [
              88.85951582900003,
              23.23437901800014
            ],
            [
              88.85959775900005,
              23.234320705000016
            ],
            [
              88.85962081600007,
              23.234302808000052
            ],
            [
              88.8596595300001,
              23.23423986500012
            ],
            [
              88.85979765700006,
              23.234015069000122
            ],
            [
              88.85995838400015,
              23.233754310000165
            ],
            [
              88.85997492500019,
              23.23302961400003
            ],
            [
              88.86000160500004,
              23.23265724200013
            ],
            [
              88.86001716900012,
              23.232442845000094
            ],
            [
              88.86063874300004,
              23.232077042000128
            ],
            [
              88.8609144900002,
              23.23225333400012
            ],
            [
              88.8609441810001,
              23.232272316000092
            ],
            [
              88.86125540500007,
              23.232469887000036
            ],
            [
              88.86153772600005,
              23.23310416800018
            ],
            [
              88.86178029000007,
              23.233817191000128
            ],
            [
              88.86228688200003,
              23.23380500899998
            ],
            [
              88.86365656100014,
              23.233772063000117
            ],
            [
              88.86506665799999,
              23.233739350000178
            ],
            [
              88.86571178000008,
              23.233477565999976
            ],
            [
              88.86639432800007,
              23.233376367000062
            ],
            [
              88.86700292200015,
              23.23341278000015
            ],
            [
              88.86726021900006,
              23.233626472000083
            ],
            [
              88.8675334990001,
              23.233851982999965
            ],
            [
              88.86825045300009,
              23.233981336000113
            ],
            [
              88.86863515600004,
              23.23398829100006
            ],
            [
              88.86898603900005,
              23.23399463400017
            ],
            [
              88.86908076600014,
              23.233996346000083
            ],
            [
              88.86988723600007,
              23.233977311000046
            ],
            [
              88.87020608300008,
              23.234013727000047
            ],
            [
              88.87060459000008,
              23.234059240000136
            ],
            [
              88.87127336900011,
              23.234143073999974
            ],
            [
              88.87191703100007,
              23.23427188600016
            ],
            [
              88.8724993290001,
              23.234434125000178
            ],
            [
              88.87311895800013,
              23.23455146900011
            ],
            [
              88.87316268900008,
              23.23449261000013
            ],
            [
              88.8734677240002,
              23.23408204800012
            ],
            [
              88.87392154700018,
              23.234204774000148
            ],
            [
              88.87411100900005,
              23.234256009000035
            ],
            [
              88.87413885500007,
              23.234249436000084
            ],
            [
              88.87431310400018,
              23.23420124900008
            ],
            [
              88.87436968200007,
              23.23418560300007
            ],
            [
              88.87480653200015,
              23.234064547000173
            ],
            [
              88.87506019000017,
              23.233316707000085
            ],
            [
              88.87531079900003,
              23.232641104000038
            ],
            [
              88.8757615020001,
              23.232251436000126
            ],
            [
              88.87602726000006,
              23.232282690999966
            ],
            [
              88.87625189400018,
              23.232309949000125
            ],
            [
              88.87644251100005,
              23.232333079000057
            ],
            [
              88.87654203400001,
              23.232338432000063
            ],
            [
              88.87683694600008,
              23.232349269000167
            ],
            [
              88.87714809800008,
              23.23236070300004
            ],
            [
              88.87768411800005,
              23.231994221000093
            ],
            [
              88.87830536000007,
              23.231662214000096
            ],
            [
              88.87892561900014,
              23.231411485000024
            ],
            [
              88.87968407700004,
              23.231288190000043
            ],
            [
              88.88162124800016,
              23.230491366000024
            ],
            [
              88.88232918900002,
              23.230308988
            ],
            [
              88.8829129720001,
              23.23003540400009
            ],
            [
              88.88324861900009,
              23.229888761000154
            ],
            [
              88.88353614900007,
              23.229762098000037
            ],
            [
              88.884193354,
              23.229730639000024
            ],
            [
              88.88483715900009,
              23.229583922000074
            ],
            [
              88.88533708100005,
              23.22914716100007
            ],
            [
              88.88567417800016,
              23.228788269000063
            ],
            [
              88.88573458000019,
              23.228723212999967
            ],
            [
              88.88556500100009,
              23.228033322000044
            ],
            [
              88.88554605500013,
              23.227446107
            ],
            [
              88.88558286600005,
              23.227279275000058
            ],
            [
              88.885709228,
              23.226699867000093
            ],
            [
              88.8858736680001,
              23.226132016000065
            ],
            [
              88.88609385600006,
              23.226280347
            ],
            [
              88.88631582100004,
              23.226437552000164
            ],
            [
              88.88638047100005,
              23.22648333900014
            ],
            [
              88.88647317700008,
              23.22672108600017
            ],
            [
              88.88659996500007,
              23.227047137000056
            ],
            [
              88.88665215000003,
              23.2274200760001
            ],
            [
              88.88670779300014,
              23.227817880000146
            ],
            [
              88.88675371400012,
              23.22839399500009
            ],
            [
              88.88679793000006,
              23.229175577000092
            ],
            [
              88.88678113800006,
              23.229911565000066
            ],
            [
              88.88677975400014,
              23.22996800500016
            ],
            [
              88.8867661920001,
              23.230498540000042
            ],
            [
              88.88676287300007,
              23.23111946600011
            ],
            [
              88.88679667200012,
              23.231684207
            ],
            [
              88.88692707200005,
              23.23164899700015
            ],
            [
              88.88730836399998,
              23.231551767999974
            ],
            [
              88.88750430800002,
              23.231501803000015
            ],
            [
              88.88810033000016,
              23.231262157000117
            ],
            [
              88.88859209200018,
              23.231305687000145
            ],
            [
              88.88879342100006,
              23.23132350900005
            ],
            [
              88.88883553700015,
              23.231312644000127
            ],
            [
              88.88887200200003,
              23.231303237000134
            ],
            [
              88.88941535200007,
              23.23116307000015
            ],
            [
              88.889458795,
              23.23115434200014
            ],
            [
              88.88972404100014,
              23.23109977000007
            ],
            [
              88.89011046800005,
              23.231016693000015
            ],
            [
              88.89025666700013,
              23.23106514400007
            ],
            [
              88.89037461000004,
              23.231103588000053
            ],
            [
              88.8907169110002,
              23.231215163000115
            ],
            [
              88.89098281100019,
              23.23178379799998
            ],
            [
              88.89101380500006,
              23.231765952000103
            ],
            [
              88.89147098900008,
              23.231744078000077
            ],
            [
              88.89163068500011,
              23.23173643700011
            ],
            [
              88.89167520600017,
              23.23179082000007
            ],
            [
              88.89207411000012,
              23.232278096000073
            ],
            [
              88.89218809500005,
              23.232289059000152
            ],
            [
              88.8925966490001,
              23.232329399000093
            ],
            [
              88.89260155400007,
              23.232423724
            ],
            [
              88.89263624400013,
              23.232846215000052
            ],
            [
              88.89282454900012,
              23.233714616000043
            ],
            [
              88.89282067500017,
              23.234184253000137
            ],
            [
              88.89281862500019,
              23.234432750000167
            ],
            [
              88.89281501300007,
              23.23487064600016
            ],
            [
              88.8919534960001,
              23.235045212000045
            ],
            [
              88.8919102260001,
              23.235550701000022
            ],
            [
              88.89178847400012,
              23.236091762000115
            ],
            [
              88.8921379200001,
              23.23638324899997
            ],
            [
              88.89225132000007,
              23.23685371400012
            ],
            [
              88.89214353,
              23.23745477900019
            ],
            [
              88.89212853400005,
              23.23753839699998
            ],
            [
              88.89220119400017,
              23.23819009800019
            ],
            [
              88.89223640700015,
              23.238660009000057
            ],
            [
              88.89297918000005,
              23.238665245000163
            ],
            [
              88.8930525950002,
              23.23924381100005
            ],
            [
              88.89297142900006,
              23.23960452000017
            ],
            [
              88.89253842,
              23.239962748000096
            ],
            [
              88.89273150100007,
              23.24025313200019
            ],
            [
              88.89272554000001,
              23.24097565000011
            ],
            [
              88.89287863400011,
              23.241374137000093
            ],
            [
              88.89307410500004,
              23.241375515000016
            ],
            [
              88.89299084800012,
              23.241989105000187
            ],
            [
              88.89333673600015,
              23.242714100000057
            ],
            [
              88.89332862700013,
              23.242820901000073
            ],
            [
              88.8932928710002,
              23.243291841000143
            ],
            [
              88.89297594400017,
              23.24379540000018
            ],
            [
              88.89254530500011,
              23.243864618000032
            ],
            [
              88.8924259330002,
              23.24411667100003
            ],
            [
              88.89265632700011,
              23.24462409100005
            ],
            [
              88.89226448300019,
              23.244729711000105
            ],
            [
              88.89190994300014,
              23.24505236200008
            ],
            [
              88.89167149100012,
              23.24552034500016
            ],
            [
              88.8916282190001,
              23.246025831000054
            ],
            [
              88.89139185400018,
              23.24624093000017
            ],
            [
              88.89138711800013,
              23.246288715000105
            ],
            [
              88.89134153200013,
              23.246748626000056
            ],
            [
              88.89150525800017,
              23.246711396000023
            ],
            [
              88.89220203300016,
              23.246682435000025
            ],
            [
              88.89225095500012,
              23.246689109000044
            ],
            [
              88.89247668000007,
              23.247440809000068
            ],
            [
              88.89302521200017,
              23.247300160000066
            ],
            [
              88.89298253800018,
              23.247733396
            ],
            [
              88.89286286400005,
              23.248021576000042
            ],
            [
              88.89301686500005,
              23.24831168600008
            ],
            [
              88.89394203300009,
              23.248318203
            ],
            [
              88.89391756200007,
              23.24813739100017
            ],
            [
              88.89399783900006,
              23.247885061000034
            ],
            [
              88.89446847900012,
              23.247707734000016
            ],
            [
              88.895211298,
              23.247712960000115
            ],
            [
              88.89614989600005,
              23.24768343100004
            ],
            [
              88.89650146200017,
              23.247722029000045
            ],
            [
              88.89661488700006,
              23.24819249000018
            ],
            [
              88.89661042700004,
              23.248734379000155
            ],
            [
              88.89711778500009,
              23.24884632600009
            ],
            [
              88.89809608300004,
              23.24874480700015
            ],
            [
              88.8986570290001,
              23.24880061800002
            ],
            [
              88.89887741300004,
              23.248822545000166
            ],
            [
              88.89962201800012,
              23.24861099400016
            ],
            [
              88.89985748400005,
              23.24850426000006
            ],
            [
              88.90067791000007,
              23.248582261000024
            ],
            [
              88.90115061699998,
              23.24815203100013
            ],
            [
              88.90161947400014,
              23.248191437000173
            ],
            [
              88.90208507800014,
              23.24862823000018
            ],
            [
              88.90271120900019,
              23.248560350000048
            ],
            [
              88.9030269320001,
              23.248201274
            ],
            [
              88.90385119700017,
              23.247809619
            ],
            [
              88.90490590400015,
              23.247925361
            ],
            [
              88.90533684500014,
              23.24781998100019
            ],
            [
              88.90592357900005,
              23.247787941000183
            ],
            [
              88.9062024800001,
              23.247841506999976
            ],
            [
              88.90631395200012,
              23.24786291700019
            ],
            [
              88.90618130800016,
              23.24807967600009
            ],
            [
              88.90611582100013,
              23.248186689000136
            ],
            [
              88.90616593800013,
              23.248252567000065
            ],
            [
              88.90630923900017,
              23.248440932000108
            ],
            [
              88.90724901900012,
              23.248266833
            ],
            [
              88.90752004200004,
              23.248593872000185
            ],
            [
              88.90775226699998,
              23.24888451000004
            ],
            [
              88.90826228399999,
              23.248671288000025
            ],
            [
              88.9087585060002,
              23.248583163999967
            ],
            [
              88.90884961000012,
              23.248566984999968
            ],
            [
              88.90955246200019,
              23.24868024900013
            ],
            [
              88.90961516000004,
              23.249206750999974
            ],
            [
              88.90962566100012,
              23.249294935000023
            ],
            [
              88.909737372,
              23.249982145
            ],
            [
              88.91004926300013,
              23.25009269500009
            ],
            [
              88.91063659500008,
              23.249988385000165
            ],
            [
              88.91114338400018,
              23.25017254000005
            ],
            [
              88.91113927800018,
              23.250678306000168
            ],
            [
              88.91109578100009,
              23.2512199250001
            ],
            [
              88.9115267270002,
              23.251114528000187
            ],
            [
              88.91175896500005,
              23.25140516100015
            ],
            [
              88.91242449600014,
              23.251301386000023
            ],
            [
              88.91293254600009,
              23.25102942899997
            ],
            [
              88.9130929150001,
              23.25094567000008
            ],
            [
              88.91312658300006,
              23.25098335399997
            ],
            [
              88.9131628790002,
              23.25102292200006
            ],
            [
              88.91332460900009,
              23.251199235000172
            ],
            [
              88.91355801900005,
              23.251345360000073
            ],
            [
              88.91434083900015,
              23.25124239000013
            ],
            [
              88.91429735400004,
              23.251784012000144
            ],
            [
              88.9142938440001,
              23.252217524000116
            ],
            [
              88.91430338100008,
              23.252246945000024
            ],
            [
              88.9139407990001,
              23.25235959800017
            ],
            [
              88.91392102900005,
              23.25238655600009
            ],
            [
              88.91382653300008,
              23.25251040200004
            ],
            [
              88.91358511500016,
              23.252826803
            ],
            [
              88.91323382300004,
              23.252752116000124
            ],
            [
              88.91304556500012,
              23.252750813000148
            ],
            [
              88.91288194500004,
              23.25274968100001
            ],
            [
              88.91291723500012,
              23.25321959000007
            ],
            [
              88.91283757400004,
              23.253399679000154
            ],
            [
              88.91260181800004,
              23.25354255999997
            ],
            [
              88.91259830100006,
              23.253976073000047
            ],
            [
              88.91247836900004,
              23.254300393999983
            ],
            [
              88.91235814600014,
              23.25466084400017
            ],
            [
              88.9116523260002,
              23.25490885000005
            ],
            [
              88.91102528800019,
              23.255085141000166
            ],
            [
              88.91109967000011,
              23.255555326000092
            ],
            [
              88.91062990400013,
              23.255624321000028
            ],
            [
              88.91066636000016,
              23.25594972800002
            ],
            [
              88.91015690800009,
              23.25609070800016
            ],
            [
              88.90953544500007,
              23.25558059800005
            ],
            [
              88.90906332500009,
              23.25593859999998
            ],
            [
              88.90898189400002,
              23.25633544400017
            ],
            [
              88.9082775330001,
              23.25640280400006
            ],
            [
              88.90792505800016,
              23.25647260900007
            ],
            [
              88.90792005600014,
              23.257086753000067
            ],
            [
              88.90752906600011,
              23.257084033000183
            ],
            [
              88.90718218600017,
              23.25646744000005
            ],
            [
              88.90695053700011,
              23.256104548000053
            ],
            [
              88.90659983100005,
              23.25595759500004
            ],
            [
              88.90616680300008,
              23.25631586100002
            ],
            [
              88.90577463600005,
              23.25645763700004
            ],
            [
              88.9056946710001,
              23.256673850000084
            ],
            [
              88.90604213400019,
              23.257218193000085
            ],
            [
              88.9060797620001,
              23.25739909400005
            ],
            [
              88.9055314920002,
              23.25750365800019
            ],
            [
              88.90550036600013,
              23.257569389000025
            ],
            [
              88.90541213000006,
              23.25775572200007
            ],
            [
              88.90576166200003,
              23.258047183000144
            ],
            [
              88.90610195300007,
              23.25829808000003
            ],
            [
              88.90630580600015,
              23.258448383000086
            ],
            [
              88.9065384880002,
              23.258754214000078
            ],
            [
              88.90669267100009,
              23.258956868000155
            ],
            [
              88.90719772400001,
              23.25935779300005
            ],
            [
              88.90721858600017,
              23.2597086290001
            ],
            [
              88.9072321110001,
              23.25993608100009
            ],
            [
              88.90691754700003,
              23.260150659999965
            ],
            [
              88.90628959400004,
              23.260435312000084
            ],
            [
              88.90624695600007,
              23.260868552000034
            ],
            [
              88.90667247500016,
              23.26111459599997
            ],
            [
              88.90675289799998,
              23.261161097000183
            ],
            [
              88.90663235600016,
              23.26155766800008
            ],
            [
              88.90654808400012,
              23.262263835000113
            ],
            [
              88.90670495700004,
              23.262244604000045
            ],
            [
              88.90732849900013,
              23.26250184400004
            ],
            [
              88.90787678600009,
              23.26239727400008
            ],
            [
              88.9081498990002,
              23.262471429000072
            ],
            [
              88.90826278600002,
              23.26301413500005
            ],
            [
              88.90869436200006,
              23.262836495999977
            ],
            [
              88.9086596730001,
              23.26229433300017
            ],
            [
              88.90920825400013,
              23.262153636000164
            ],
            [
              88.90917209400016,
              23.261792103000175
            ],
            [
              88.90921237000009,
              23.261647870000047
            ],
            [
              88.9092926290001,
              23.26139553000013
            ],
            [
              88.90909948200016,
              23.26110516400007
            ],
            [
              88.90914181400012,
              23.260708051
            ],
            [
              88.9098062170001,
              23.260748791000026
            ],
            [
              88.91007257200005,
              23.261653846
            ],
            [
              88.91042183100006,
              23.26198142100003
            ],
            [
              88.91107967400006,
              23.26174357700006
            ],
            [
              88.91120618100013,
              23.26169783800009
            ],
            [
              88.91151690599997,
              23.26198926900014
            ],
            [
              88.91151666000013,
              23.262019568000085
            ],
            [
              88.9114804580002,
              23.262219948000165
            ],
            [
              88.91123389300014,
              23.263584662000085
            ],
            [
              88.91151615300004,
              23.263586618999966
            ],
            [
              88.91167255500017,
              23.263587702000166
            ],
            [
              88.91174841000014,
              23.263877252000157
            ],
            [
              88.91174488800004,
              23.264310766000108
            ],
            [
              88.91162025200003,
              23.265213104000168
            ],
            [
              88.91224528300012,
              23.265289692000124
            ],
            [
              88.91240608600003,
              23.26474888400014
            ],
            [
              88.91252749200015,
              23.264243932000113
            ],
            [
              88.91267140500003,
              23.264244929000085
            ],
            [
              88.912879401,
              23.264246369000034
            ],
            [
              88.91295438000009,
              23.264644298000178
            ],
            [
              88.91302789200012,
              23.265222855
            ],
            [
              88.91319612,
              23.265204607999976
            ],
            [
              88.9133320840001,
              23.264747325000087
            ],
            [
              88.91345348700008,
              23.264242372000126
            ],
            [
              88.91372229100011,
              23.264244232000124
            ],
            [
              88.91380539600016,
              23.26424480700007
            ],
            [
              88.91388037800016,
              23.264642735000166
            ],
            [
              88.91395389400003,
              23.26522129200015
            ],
            [
              88.91426699600015,
              23.265187330000174
            ],
            [
              88.91430990300006,
              23.264717962000077
            ],
            [
              88.91443286400005,
              23.264606045000107
            ],
            [
              88.91458565800008,
              23.264466972000093
            ],
            [
              88.91474674300014,
              23.26389003700001
            ],
            [
              88.91521712300016,
              23.26374877600017
            ],
            [
              88.91529386300016,
              23.26392994400004
            ],
            [
              88.91529064500003,
              23.264327333000153
            ],
            [
              88.91544207900012,
              23.264942557999973
            ],
            [
              88.91579077400013,
              23.265342374000056
            ],
            [
              88.9157496270002,
              23.265594987000043
            ],
            [
              88.91582023000007,
              23.266534805
            ],
            [
              88.9151928490001,
              23.266747238000107
            ],
            [
              88.9154254120001,
              23.267001743000094
            ],
            [
              88.9159728370002,
              23.267005521000044
            ],
            [
              88.91612369200016,
              23.267692997000097
            ],
            [
              88.91667111900006,
              23.26769677800013
            ],
            [
              88.91682431600003,
              23.268095242000072
            ],
            [
              88.91643095600017,
              23.26838155300004
            ],
            [
              88.91666323200019,
              23.268672181000113
            ],
            [
              88.91717126900005,
              23.26871181600012
            ],
            [
              88.91701048100003,
              23.269252627000185
            ],
            [
              88.9172818610001,
              23.269543525000074
            ],
            [
              88.91735831600016,
              23.269760821000148
            ],
            [
              88.9172771910001,
              23.270121542000027
            ],
            [
              88.91762823700003,
              23.270232347000047
            ],
            [
              88.91762561200005,
              23.270557480000036
            ],
            [
              88.91762519400004,
              23.270609109000134
            ],
            [
              88.91762122900013,
              23.271099972000172
            ],
            [
              88.91761919100014,
              23.271352256000114
            ],
            [
              88.91703177000011,
              23.271456587000102
            ],
            [
              88.91687331300005,
              23.27170839200005
            ],
            [
              88.91738645400017,
              23.27183612000016
            ],
            [
              88.9169497650002,
              23.27192568600009
            ],
            [
              88.91671281000004,
              23.27221307600007
            ],
            [
              88.9164755600001,
              23.272536590000016
            ],
            [
              88.9160842340001,
              23.27257001700002
            ],
            [
              88.91561528600016,
              23.272530649000146
            ],
            [
              88.91555025000014,
              23.272537154000076
            ],
            [
              88.91519305800006,
              23.272568611999986
            ],
            [
              88.9151581810001,
              23.272571590000098
            ],
            [
              88.91468923300005,
              23.272532220000187
            ],
            [
              88.91429790700016,
              23.27256564100003
            ],
            [
              88.91382808200007,
              23.272634647000075
            ],
            [
              88.91339501400012,
              23.272992929000054
            ],
            [
              88.91317518400007,
              23.273221552000052
            ],
            [
              88.91295156900014,
              23.273090272
            ],
            [
              88.91256053400019,
              23.273087561000068
            ],
            [
              88.91255936300018,
              23.273232064000183
            ],
            [
              88.91262583000008,
              23.273276626000154
            ],
            [
              88.91283162100018,
              23.273414592
            ],
            [
              88.91286720500005,
              23.27384837200003
            ],
            [
              88.91262935700013,
              23.274244136000107
            ],
            [
              88.91266582300011,
              23.274569539000083
            ],
            [
              88.9127793200002,
              23.27503999000004
            ],
            [
              88.91276170600014,
              23.275064707000013
            ],
            [
              88.91271743900012,
              23.27512492600016
            ],
            [
              88.91268910600019,
              23.27512185200004
            ],
            [
              88.91229191700006,
              23.27512891500004
            ],
            [
              88.91214921099998,
              23.27513145300003
            ],
            [
              88.9118356370002,
              23.275066261000177
            ],
            [
              88.91161598700012,
              23.27536505000012
            ],
            [
              88.91130550200012,
              23.275073873999986
            ],
            [
              88.91099061300008,
              23.275324587000057
            ],
            [
              88.91102080000019,
              23.27565340500007
            ],
            [
              88.91063426900007,
              23.27586403300012
            ],
            [
              88.91075040599998,
              23.276009348000116
            ],
            [
              88.91113543000006,
              23.2760120210001
            ],
            [
              88.91129786700009,
              23.276013149000164
            ],
            [
              88.91176711800011,
              23.276016405000064
            ],
            [
              88.9118038740001,
              23.276305684000135
            ],
            [
              88.91124353800012,
              23.276348828000152
            ],
            [
              88.91094299000014,
              23.276371967000046
            ],
            [
              88.91090153600004,
              23.27666070300012
            ],
            [
              88.91031643800017,
              23.276476
            ],
            [
              88.91031767800007,
              23.276323525000123
            ],
            [
              88.91031908200017,
              23.276150865000034
            ],
            [
              88.91018061500017,
              23.275977605000094
            ],
            [
              88.91008681100004,
              23.275860230000035
            ],
            [
              88.91008886800017,
              23.275607348999984
            ],
            [
              88.90959145500011,
              23.27537324800005
            ],
            [
              88.90954346800015,
              23.275350663999973
            ],
            [
              88.90954566200014,
              23.27508138700017
            ],
            [
              88.90946429700006,
              23.275079885000025
            ],
            [
              88.90880304100006,
              23.275408926000182
            ],
            [
              88.90821189400009,
              23.27557687600006
            ],
            [
              88.90814864700013,
              23.275719820000177
            ],
            [
              88.90814677700013,
              23.275949222000122
            ],
            [
              88.90808827000018,
              23.276138271000036
            ],
            [
              88.90806707400003,
              23.276206760000093
            ],
            [
              88.9078488630002,
              23.276319948000094
            ],
            [
              88.90760101500007,
              23.276260870000158
            ],
            [
              88.90729109000011,
              23.276201358000037
            ],
            [
              88.90714977500005,
              23.27640111200003
            ],
            [
              88.90714579800016,
              23.276888592000034
            ],
            [
              88.90713970200005,
              23.27759113200011
            ],
            [
              88.90666763900015,
              23.27793186700012
            ],
            [
              88.90558433100006,
              23.278039122000052
            ],
            [
              88.90454250500017,
              23.278275607000126
            ],
            [
              88.90384446200005,
              23.278227717000107
            ],
            [
              88.90336792400007,
              23.277665188000185
            ],
            [
              88.90278169500016,
              23.277230938000116
            ],
            [
              88.90233784900016,
              23.276467898000078
            ],
            [
              88.90170624400008,
              23.275889942
            ],
            [
              88.90099375400007,
              23.275712893000048
            ],
            [
              88.90037261700013,
              23.275751557000035
            ],
            [
              88.89996428000018,
              23.276336570000012
            ],
            [
              88.89977297900003,
              23.276951781000037
            ],
            [
              88.89976856900006,
              23.277488610000148
            ],
            [
              88.89967085700016,
              23.277521682000042
            ],
            [
              88.89968630400006,
              23.27781933700004
            ],
            [
              88.899699521,
              23.27807402100018
            ],
            [
              88.89970119300017,
              23.27817429600003
            ],
            [
              88.89971482800013,
              23.2789922070001
            ],
            [
              88.89975856000018,
              23.279336636000096
            ],
            [
              88.8997875980001,
              23.279580592
            ],
            [
              88.89995502100004,
              23.279983241000025
            ],
            [
              88.90020287100009,
              23.28004233200005
            ],
            [
              88.90044970600019,
              23.28001480000006
            ],
            [
              88.9004810690002,
              23.280011303000038
            ],
            [
              88.90189620800015,
              23.279853454000033
            ],
            [
              88.90266612400006,
              23.279836144000058
            ],
            [
              88.9033554470002,
              23.279820643999983
            ],
            [
              88.90496848100008,
              23.279960954000046
            ],
            [
              88.90642350700017,
              23.28044427000009
            ],
            [
              88.90700662400019,
              23.28057755499998
            ],
            [
              88.90752345100009,
              23.280695686000115
            ],
            [
              88.90921457000013,
              23.28077914300019
            ],
            [
              88.91030133600015,
              23.280743679000068
            ],
            [
              88.9106650400002,
              23.280607847
            ],
            [
              88.91101748100016,
              23.280476220000082
            ],
            [
              88.9121537170002,
              23.28008262500009
            ],
            [
              88.91322984400017,
              23.279444852000154
            ],
            [
              88.91326472200018,
              23.279442056000107
            ],
            [
              88.91487613600015,
              23.27931286000006
            ],
            [
              88.915101317,
              23.279306809000047
            ],
            [
              88.916149131,
              23.27927864300017
            ],
            [
              88.91756227000013,
              23.279188029000125
            ],
            [
              88.91779371500019,
              23.279160931000035
            ],
            [
              88.91860315800011,
              23.279066159000024
            ],
            [
              88.9186692950002,
              23.279036535000046
            ],
            [
              88.91924707200013,
              23.27845045700002
            ],
            [
              88.91962551100005,
              23.278034857000137
            ],
            [
              88.91975565899997,
              23.27786658400015
            ],
            [
              88.92027357900002,
              23.27719693200015
            ],
            [
              88.92059908400006,
              23.276774081999974
            ],
            [
              88.92062031700016,
              23.276902279000012
            ],
            [
              88.92114994000019,
              23.276784753000072
            ],
            [
              88.92221380299998,
              23.27718039800004
            ],
            [
              88.92356579000005,
              23.277936473000125
            ],
            [
              88.9241099370002,
              23.27862725800003
            ],
            [
              88.92455948700012,
              23.2790186740001
            ],
            [
              88.92491659400008,
              23.278841890000024
            ],
            [
              88.92537142000003,
              23.278576158000078
            ],
            [
              88.92569427500018,
              23.278638113000113
            ],
            [
              88.92568948300016,
              23.27923551700019
            ],
            [
              88.92578432700003,
              23.279505013000062
            ],
            [
              88.92620346800015,
              23.279657241000052
            ],
            [
              88.92685325300016,
              23.27927335200019
            ],
            [
              88.92698498100003,
              23.27897553400004
            ],
            [
              88.9275027970001,
              23.27891933100011
            ],
            [
              88.92762997800003,
              23.279189047000045
            ],
            [
              88.92759333900011,
              23.279726489000097
            ],
            [
              88.92765537500009,
              23.280055504000075
            ],
            [
              88.92789640600006,
              23.28017753500012
            ],
            [
              88.92799003700009,
              23.28013031400002
            ],
            [
              88.9282372510001,
              23.2802338460001
            ],
            [
              88.92891615500014,
              23.280093987000157
            ],
            [
              88.92979036300017,
              23.279950593000024
            ],
            [
              88.9302423210001,
              23.280043290000094
            ],
            [
              88.93036736200003,
              23.28058183700017
            ],
            [
              88.93084974700008,
              23.28091371500011
            ],
            [
              88.93136637700019,
              23.281006850999972
            ],
            [
              88.93194553200004,
              23.281369256000062
            ],
            [
              88.93223439600018,
              23.28164006900016
            ],
            [
              88.93269903400005,
              23.28211321600014
            ],
            [
              88.93282807600008,
              23.28282607700004
            ],
            [
              88.93285695000014,
              23.28283697400019
            ],
            [
              88.93309072500006,
              23.282946950000053
            ],
            [
              88.9331450730001,
              23.282951836000052
            ],
            [
              88.93348150400016,
              23.282985735000125
            ],
            [
              88.93351917200005,
              23.283166632000075
            ],
            [
              88.93350729300005,
              23.28319876500018
            ],
            [
              88.93343923100014,
              23.28338285800004
            ],
            [
              88.93324081900005,
              23.283742790000133
            ],
            [
              88.933277047,
              23.28410431700013
            ],
            [
              88.93335145100014,
              23.28431481800004
            ],
            [
              88.93386422800017,
              23.284036052999966
            ],
            [
              88.93425731100012,
              23.283785826000155
            ],
            [
              88.93464924200015,
              23.28368010500003
            ],
            [
              88.93515935400006,
              23.283466799000166
            ],
            [
              88.93574825300004,
              23.283181768000077
            ],
            [
              88.93653325800005,
              23.282825811000066
            ],
            [
              88.93735650400015,
              23.28257848800007
            ],
            [
              88.93806242900018,
              23.28233037399997
            ],
            [
              88.93861278200018,
              23.281972815000188
            ],
            [
              88.93905679900001,
              23.281812216000105
            ],
            [
              88.9395933020001,
              23.28161816200003
            ],
            [
              88.94061464100014,
              23.281047011000112
            ],
            [
              88.9410841990001,
              23.281014051000056
            ],
            [
              88.94171132700012,
              23.280837639000026
            ],
            [
              88.94176759900017,
              23.280820732000166
            ],
            [
              88.94218174100013,
              23.280696299000056
            ],
            [
              88.94296443200017,
              23.280629320000116
            ],
            [
              88.94374797800015,
              23.280453953000062
            ],
            [
              88.94445331100013,
              23.280278059000068
            ],
            [
              88.94519717800017,
              23.28017467800015
            ],
            [
              88.94605637300009,
              23.280324964000158
            ],
            [
              88.94660243400006,
              23.280509271000028
            ],
            [
              88.94691329400001,
              23.28076425600011
            ],
            [
              88.94730322200013,
              23.280911386000184
            ],
            [
              88.94747491600015,
              23.280643960000077
            ],
            [
              88.94758037200017,
              23.280479703000083
            ],
            [
              88.94816639400017,
              23.280555892000052
            ],
            [
              88.94886917100013,
              23.280705115000103
            ],
            [
              88.94945519600003,
              23.2807812960001
            ],
            [
              88.95001388300017,
              23.280681957000127
            ],
            [
              88.95023845200018,
              23.280642027
            ],
            [
              88.95082504700014,
              23.280645947000153
            ],
            [
              88.95117388900002,
              23.28104569100003
            ],
            [
              88.95168311700007,
              23.280940711000028
            ],
            [
              88.95168509800015,
              23.280687826000133
            ],
            [
              88.951778096,
              23.280577796000102
            ],
            [
              88.95207983700004,
              23.28022079500016
            ],
            [
              88.95200332000019,
              23.280003514000043
            ],
            [
              88.95165362900013,
              23.279712151000183
            ],
            [
              88.95165532700008,
              23.27949539300016
            ],
            [
              88.95166126500004,
              23.27873673800019
            ],
            [
              88.9516663550001,
              23.2780864610001
            ],
            [
              88.95205854000011,
              23.277944570000045
            ],
            [
              88.95221270200011,
              23.278234623000117
            ],
            [
              88.95220761100012,
              23.278884899000104
            ],
            [
              88.95236262200007,
              23.279066577000037
            ],
            [
              88.9530670900001,
              23.27899902200005
            ],
            [
              88.95299283300005,
              23.278492729000163
            ],
            [
              88.95330793700003,
              23.278205805000027
            ],
            [
              88.95343005300003,
              23.277592437000123
            ],
            [
              88.9538993170001,
              23.277595567
            ],
            [
              88.9542543660001,
              23.277200521
            ],
            [
              88.95440937700005,
              23.27738219400004
            ],
            [
              88.9543973590001,
              23.27745105400004
            ],
            [
              88.9543275010002,
              23.277851319000035
            ],
            [
              88.95469129500009,
              23.277966046000188
            ],
            [
              88.95479563600014,
              23.277998950999972
            ],
            [
              88.95503336800004,
              23.27760312300012
            ],
            [
              88.95510416100018,
              23.277622319000102
            ],
            [
              88.95524048200014,
              23.277720859000055
            ],
            [
              88.9553113830001,
              23.277752415
            ],
            [
              88.95562644600011,
              23.27789263799997
            ],
            [
              88.95589472400013,
              23.27781200300018
            ],
            [
              88.95593759299999,
              23.277799117000143
            ],
            [
              88.95576081100012,
              23.277248296000153
            ],
            [
              88.95558907300011,
              23.276925186000028
            ],
            [
              88.95517445100012,
              23.276145101000054
            ],
            [
              88.95512532800007,
              23.275810206000187
            ],
            [
              88.95605912800005,
              23.27548185400019
            ],
            [
              88.9576421860001,
              23.27482324100015
            ],
            [
              88.95865375800014,
              23.274471491000156
            ],
            [
              88.9590518940002,
              23.274108511000122
            ],
            [
              88.95940649000005,
              23.27374091400003
            ],
            [
              88.95982498600006,
              23.27314624600001
            ],
            [
              88.96062905700006,
              23.27286479999998
            ],
            [
              88.96215403700012,
              23.27301827800011
            ],
            [
              88.96292835100007,
              23.273238476000188
            ],
            [
              88.96375292300007,
              23.273650183000086
            ],
            [
              88.9640139890002,
              23.274009412000055
            ],
            [
              88.96413333700008,
              23.274632500000052
            ],
            [
              88.96464900100011,
              23.274850983000135
            ],
            [
              88.96495810500011,
              23.275020305000112
            ],
            [
              88.96518905600016,
              23.275260805000073
            ],
            [
              88.96526110200006,
              23.275608338000154
            ],
            [
              88.96542738900007,
              23.275620644000128
            ],
            [
              88.9658028400001,
              23.27578343900018
            ],
            [
              88.96580687099998,
              23.27588444500003
            ],
            [
              88.9662311800002,
              23.27590699500007
            ],
            [
              88.96627745100005,
              23.276083317000143
            ],
            [
              88.96634515000005,
              23.276341291000165
            ],
            [
              88.96626108300012,
              23.27709943300016
            ],
            [
              88.96648599900004,
              23.277113908000047
            ],
            [
              88.96688648900016,
              23.27713968000006
            ],
            [
              88.96759038600004,
              23.277144314000054
            ],
            [
              88.96742978800006,
              23.27768518100015
            ],
            [
              88.96733175000014,
              23.277863140000022
            ],
            [
              88.96723147300008,
              23.27804516300006
            ],
            [
              88.96773622800004,
              23.27851815400004
            ],
            [
              88.96824571400009,
              23.278376991000187
            ],
            [
              88.9682814790001,
              23.27881076700004
            ],
            [
              88.96847394700006,
              23.279209445000163
            ],
            [
              88.96905803600015,
              23.279538440000067
            ],
            [
              88.96964601700006,
              23.27936166100011
            ],
            [
              88.9699164230002,
              23.27979697600017
            ],
            [
              88.97030637500018,
              23.279944050000097
            ],
            [
              88.97073682000013,
              23.279910747000088
            ],
            [
              88.97116446600018,
              23.27984180900006
            ],
            [
              88.97179240899999,
              23.279953794000164
            ],
            [
              88.97241921800008,
              23.279813386000114
            ],
            [
              88.97292593800012,
              23.280033475000096
            ],
            [
              88.97386365600005,
              23.280147996999972
            ],
            [
              88.97413518500002,
              23.280438802000162
            ],
            [
              88.97448216500015,
              23.280395321000015
            ],
            [
              88.97459091500008,
              23.28047009300019
            ],
            [
              88.9746932320001,
              23.280438245000028
            ],
            [
              88.97472039800004,
              23.280623269000046
            ],
            [
              88.97502938000002,
              23.28113108500014
            ],
            [
              88.9753039540002,
              23.281024493000018
            ],
            [
              88.97565370100011,
              23.281315804000087
            ],
            [
              88.97552739800005,
              23.281730458000084
            ],
            [
              88.97557210500008,
              23.281757846000062
            ],
            [
              88.97580522400011,
              23.281958075000034
            ],
            [
              88.97606080100002,
              23.28177910000005
            ],
            [
              88.97614025900003,
              23.281617039000025
            ],
            [
              88.97633758700005,
              23.28138349400018
            ],
            [
              88.97651605200014,
              23.281059500000026
            ],
            [
              88.9768117000001,
              23.280754336000143
            ],
            [
              88.97712441100009,
              23.28077443900014
            ],
            [
              88.9775921750001,
              23.28097619600004
            ],
            [
              88.9778843690001,
              23.28112261300015
            ],
            [
              88.9785877380001,
              23.28119945000003
            ],
            [
              88.978727091,
              23.28087520100013
            ],
            [
              88.9788354590001,
              23.280869235000182
            ],
            [
              88.97902052800004,
              23.280859046000103
            ],
            [
              88.97952836200017,
              23.280934607000063
            ],
            [
              88.97991915400013,
              23.280973276000168
            ],
            [
              88.98009499800014,
              23.280992484000137
            ],
            [
              88.98026987500015,
              23.28113813500005
            ],
            [
              88.98014994100015,
              23.281480574
            ],
            [
              88.98012749900005,
              23.28185978000016
            ],
            [
              88.9801847830002,
              23.282040795000114
            ],
            [
              88.98045825800017,
              23.282078700000113
            ],
            [
              88.9807130010002,
              23.282008097000073
            ],
            [
              88.98079314000017,
              23.281755720000035
            ],
            [
              88.98085468800014,
              23.281376769000076
            ],
            [
              88.98091568500007,
              23.281070074000183
            ],
            [
              88.98091719700005,
              23.280871377000153
            ],
            [
              88.98094005200005,
              23.28043798200008
            ],
            [
              88.98115527400012,
              23.280421316000115
            ],
            [
              88.9816442400001,
              23.280406424000148
            ],
            [
              88.98172012000015,
              23.28071401
            ],
            [
              88.98207166700018,
              23.280770484000072
            ],
            [
              88.98218267100015,
              23.281602162000127
            ],
            [
              88.982178138,
              23.282198252000057
            ],
            [
              88.98247157800012,
              23.282182091000095
            ],
            [
              88.98256770600011,
              23.282318197000166
            ],
            [
              88.98261133600016,
              23.281803647
            ],
            [
              88.98300350200009,
              23.28166167699999
            ],
            [
              88.98315993100016,
              23.28166269000019
            ],
            [
              88.9832356730002,
              23.28198833700003
            ],
            [
              88.98337226600006,
              23.281964020000032
            ],
            [
              88.983627292,
              23.28191861800002
            ],
            [
              88.98406021000011,
              23.2815601370001
            ],
            [
              88.98453278000017,
              23.281129654000097
            ],
            [
              88.98504390500005,
              23.280771674000164
            ],
            [
              88.98553253500017,
              23.2804866890001
            ],
            [
              88.98591861400007,
              23.280288535000068
            ],
            [
              88.987681759,
              23.28140585600005
            ],
            [
              88.98875800000013,
              23.28247339500018
            ],
            [
              88.98905666600018,
              23.28276964200012
            ],
            [
              88.98924408900012,
              23.28295554600004
            ],
            [
              88.98942778600014,
              23.283137754
            ],
            [
              88.98989232500014,
              23.283656717000042
            ],
            [
              88.99076176300014,
              23.284628005000116
            ],
            [
              88.99091616900012,
              23.28506605800004
            ],
            [
              88.99096438800012,
              23.28520285500008
            ],
            [
              88.99138037800009,
              23.285627843000043
            ],
            [
              88.99140635200007,
              23.28565437800006
            ],
            [
              88.99169790700012,
              23.28610075200004
            ],
            [
              88.99181777900009,
              23.28635876500016
            ],
            [
              88.99167991900009,
              23.28643591500014
            ],
            [
              88.99158263900017,
              23.2865323850001
            ],
            [
              88.99154948900014,
              23.286593140000093
            ],
            [
              88.99150009100009,
              23.28670120700008
            ],
            [
              88.99145113900016,
              23.28675057000015
            ],
            [
              88.99136786200012,
              23.28677261500013
            ],
            [
              88.99130515300016,
              23.287106401000187
            ],
            [
              88.99075627300004,
              23.287283515000126
            ],
            [
              88.99051807800015,
              23.28775165000019
            ],
            [
              88.99024131900006,
              23.288147286000083
            ],
            [
              88.99031654000015,
              23.288545184000156
            ],
            [
              88.98995992400012,
              23.289157074000116
            ],
            [
              88.98964050600017,
              23.290022104000116
            ],
            [
              88.98924832400007,
              23.290164091000065
            ],
            [
              88.98901202800005,
              23.290379342
            ],
            [
              88.98885395200011,
              23.290595091
            ],
            [
              88.98846258400005,
              23.290628697000102
            ],
            [
              88.98830177600007,
              23.29120571900006
            ],
            [
              88.98841610200009,
              23.291603867000163
            ],
            [
              88.98884467200003,
              23.291823403000024
            ],
            [
              88.98876235800014,
              23.292364801000076
            ],
            [
              88.98844620200009,
              23.29279630200017
            ],
            [
              88.98828566300006,
              23.29333719800013
            ],
            [
              88.98816177700013,
              23.294203484000036
            ],
            [
              88.98812048200017,
              23.294492246000118
            ],
            [
              88.98807035300018,
              23.29449417800015
            ],
            [
              88.98771676200016,
              23.294505372000174
            ],
            [
              88.987181551,
              23.29452231400012
            ],
            [
              88.98679044500017,
              23.294519786000137
            ],
            [
              88.98679263300016,
              23.294230773000095
            ],
            [
              88.98683863800017,
              23.2941555270001
            ],
            [
              88.98623210400007,
              23.29429143500016
            ],
            [
              88.98630704100015,
              23.294725464000066
            ],
            [
              88.98560195300007,
              23.29486541700004
            ],
            [
              88.98517009000011,
              23.295079394000027
            ],
            [
              88.98516570600009,
              23.295657423000023
            ],
            [
              88.98450081900006,
              23.295653118000075
            ],
            [
              88.98424035200009,
              23.295544161000066
            ],
            [
              88.98414992099998,
              23.295506332
            ],
            [
              88.98387724000008,
              23.295360051999978
            ],
            [
              88.98356572600005,
              23.295177391000095
            ],
            [
              88.98356764700014,
              23.29492450400005
            ],
            [
              88.98263966200017,
              23.295158035999975
            ],
            [
              88.98264142300008,
              23.294926470000178
            ],
            [
              88.98240832700014,
              23.294985129000167
            ],
            [
              88.98166172900017,
              23.295173009000052
            ],
            [
              88.98146727500006,
              23.295027233999974
            ],
            [
              88.9815471460002,
              23.29481098300016
            ],
            [
              88.98225251200012,
              23.29463491700011
            ],
            [
              88.98233265900012,
              23.29438254000013
            ],
            [
              88.98249267200009,
              23.293913908000093
            ],
            [
              88.9824188450001,
              23.293335372000172
            ],
            [
              88.98245373600008,
              23.29300648900005
            ],
            [
              88.98246097700007,
              23.292938231000107
            ],
            [
              88.98191371000019,
              23.292898548999972
            ],
            [
              88.98116896599998,
              23.29311048700015
            ],
            [
              88.98108006300004,
              23.29363289500003
            ],
            [
              88.9808741540001,
              23.29376405100004
            ],
            [
              88.98030524100005,
              23.29353841500017
            ],
            [
              88.98018292800015,
              23.29361632400014
            ],
            [
              88.9798626770002,
              23.29323627900004
            ],
            [
              88.97958889199998,
              23.293516753000176
            ],
            [
              88.9796257980002,
              23.293806022000012
            ],
            [
              88.97964924700011,
              23.293972209
            ],
            [
              88.97971977300011,
              23.2942515740001
            ],
            [
              88.97974060300004,
              23.294334085000116
            ],
            [
              88.98011890900005,
              23.29481298900015
            ],
            [
              88.98077412000004,
              23.29564594700014
            ],
            [
              88.98126430400009,
              23.29608041600011
            ],
            [
              88.98153482100014,
              23.296470554000052
            ],
            [
              88.98169869300006,
              23.296740325000087
            ],
            [
              88.98176484900017,
              23.29708171599998
            ],
            [
              88.98175652800012,
              23.297291659000052
            ],
            [
              88.98174598000014,
              23.297553520000122
            ],
            [
              88.98170849600007,
              23.297740695000073
            ],
            [
              88.98169262900007,
              23.297820673000103
            ],
            [
              88.9816293630002,
              23.297784141000136
            ],
            [
              88.98163211300005,
              23.297422877000088
            ],
            [
              88.98129545200015,
              23.297405875000095
            ],
            [
              88.98122157800009,
              23.297402144000046
            ],
            [
              88.98119927300013,
              23.297763284999974
            ],
            [
              88.98112607000019,
              23.297914919999982
            ],
            [
              88.98095624400014,
              23.297932257000127
            ],
            [
              88.98073571000003,
              23.29780491500003
            ],
            [
              88.98070311900011,
              23.29778609599998
            ],
            [
              88.98070472500007,
              23.297575516000165
            ],
            [
              88.98070587300015,
              23.297424831000058
            ],
            [
              88.98029533800019,
              23.297404096000037
            ],
            [
              88.98028573100004,
              23.29755960900019
            ],
            [
              88.98027303000015,
              23.297765237000135
            ],
            [
              88.98012770700007,
              23.298050794000062
            ],
            [
              88.979822007,
              23.29792488100003
            ],
            [
              88.979785515,
              23.2975814240001
            ],
            [
              88.97959078100007,
              23.297471772000108
            ],
            [
              88.97931617400019,
              23.29757836900012
            ],
            [
              88.97919677400006,
              23.297848558
            ],
            [
              88.97919401600018,
              23.298209824000082
            ],
            [
              88.97860692800009,
              23.29826019300009
            ],
            [
              88.97841837400017,
              23.298269845000164
            ],
            [
              88.97769589300015,
              23.29811983600007
            ],
            [
              88.97642642300008,
              23.297894781000025
            ],
            [
              88.97635907700004,
              23.297887788000082
            ],
            [
              88.97626980600018,
              23.29787852000004
            ],
            [
              88.97605514200018,
              23.29785623200013
            ],
            [
              88.97601810400016,
              23.297585026000093
            ],
            [
              88.97602156000005,
              23.29713344300012
            ],
            [
              88.97603946400011,
              23.29679034000003
            ],
            [
              88.9754957720001,
              23.296840980000127
            ],
            [
              88.97543420000017,
              23.29721992800006
            ],
            [
              88.9753329620001,
              23.29767086900017
            ],
            [
              88.97531417300007,
              23.29787739000011
            ],
            [
              88.97529025600016,
              23.298140263000107
            ],
            [
              88.97495559000015,
              23.29842710200012
            ],
            [
              88.97468208700019,
              23.298389187000055
            ],
            [
              88.97447683900009,
              23.29827801600004
            ],
            [
              88.9743105890002,
              23.298187967000104
            ],
            [
              88.97417571200009,
              23.29811491300012
            ],
            [
              88.97368695799997,
              23.298093648000076
            ],
            [
              88.97354367800006,
              23.298276182000052
            ],
            [
              88.97348945900006,
              23.298345257000165
            ],
            [
              88.97307851200009,
              23.298378693000075
            ],
            [
              88.97289834800011,
              23.298919438000155
            ],
            [
              88.97288417200019,
              23.29914870700003
            ],
            [
              88.97287601900013,
              23.299280577000104
            ],
            [
              88.97254315300012,
              23.29933258900013
            ],
            [
              88.97195240700012,
              23.299239783000132
            ],
            [
              88.97170321700008,
              23.29920063500009
            ],
            [
              88.97159384800017,
              23.29920523200019
            ],
            [
              88.97151144600014,
              23.29920869700004
            ],
            [
              88.97133151500009,
              23.299216260000037
            ],
            [
              88.97127879700014,
              23.29928137200011
            ],
            [
              88.97077696600007,
              23.299202530000116
            ],
            [
              88.97040526400008,
              23.299218153000083
            ],
            [
              88.97012884000014,
              23.29955955600019
            ],
            [
              88.96995953900006,
              23.299641537000127
            ],
            [
              88.9698343880001,
              23.2997021380001
            ],
            [
              88.96963548900004,
              23.30013437100007
            ],
            [
              88.96943895500016,
              23.30025952900013
            ],
            [
              88.96920302900014,
              23.30042055500013
            ],
            [
              88.96912188400012,
              23.30079937300019
            ],
            [
              88.96913851500017,
              23.30117882700017
            ],
            [
              88.96911589800015,
              23.301576090000083
            ],
            [
              88.96886632600012,
              23.301622074000136
            ],
            [
              88.96879452700011,
              23.30163530300007
            ],
            [
              88.96854792900012,
              23.30168073900012
            ],
            [
              88.968406867,
              23.301687253000125
            ],
            [
              88.96833358500015,
              23.30169063800014
            ],
            [
              88.96786318200009,
              23.30171236200016
            ],
            [
              88.96737441500005,
              23.301691080000182
            ],
            [
              88.967218522,
              23.301617797000063
            ],
            [
              88.96702561100011,
              23.301273307000145
            ],
            [
              88.96700940100004,
              23.300839660000065
            ],
            [
              88.96701177100005,
              23.300532584000052
            ],
            [
              88.96683841900011,
              23.3001882210001
            ],
            [
              88.96648696900013,
              23.300113651000117
            ],
            [
              88.96646950700011,
              23.29984257300009
            ],
            [
              88.9664543450001,
              23.299723648999986
            ],
            [
              88.96632186500017,
              23.299734275000162
            ],
            [
              88.96622309700018,
              23.299742656999967
            ],
            [
              88.96593719700013,
              23.299510466000015
            ],
            [
              88.96571813400004,
              23.29928772300019
            ],
            [
              88.96542563300011,
              23.299177404000034
            ],
            [
              88.96518914800015,
              23.29941067900006
            ],
            [
              88.965304667,
              23.299646277000022
            ],
            [
              88.96535109700011,
              23.29973991500009
            ],
            [
              88.96551875500018,
              23.30007804500019
            ],
            [
              88.9655742590001,
              23.300189983000053
            ],
            [
              88.96586382999999,
              23.300679624000168
            ],
            [
              88.96605520300011,
              23.301222810000127
            ],
            [
              88.9660057120002,
              23.30134577800004
            ],
            [
              88.96589568100006,
              23.301619170000095
            ],
            [
              88.96532715300009,
              23.301796059000083
            ],
            [
              88.96495418800009,
              23.301974242000142
            ],
            [
              88.9648353130001,
              23.3021721610001
            ],
            [
              88.96489048700005,
              23.30262413200012
            ],
            [
              88.96498589100014,
              23.302931850000164
            ],
            [
              88.96537632100006,
              23.303024746
            ],
            [
              88.96578630900007,
              23.303117774999976
            ],
            [
              88.96582318700013,
              23.303407043000107
            ],
            [
              88.96587948400008,
              23.303714507000166
            ],
            [
              88.96560345600017,
              23.304001711000126
            ],
            [
              88.96515253700005,
              23.304143251000085
            ],
            [
              88.96483865100004,
              23.30426762500008
            ],
            [
              88.96475971100006,
              23.30430672100016
            ],
            [
              88.96467287000007,
              23.30434973200005
            ],
            [
              88.96419076600012,
              23.304588502000115
            ],
            [
              88.96370324800012,
              23.304404640000143
            ],
            [
              88.96367882500016,
              23.304385143000047
            ],
            [
              88.96317844100014,
              23.30398569500005
            ],
            [
              88.9627657910001,
              23.304235863000144
            ],
            [
              88.96249438000012,
              23.30392697600007
            ],
            [
              88.9623398980001,
              23.30405758100011
            ],
            [
              88.96221877000005,
              23.30415998800015
            ],
            [
              88.96245148500003,
              23.304414425000175
            ],
            [
              88.96239183500006,
              23.304540478000035
            ],
            [
              88.9618028920001,
              23.304825607000055
            ],
            [
              88.96195766400012,
              23.305043401000148
            ],
            [
              88.96205334500013,
              23.305314997000096
            ],
            [
              88.96199270900007,
              23.30556749200008
            ],
            [
              88.96201655400017,
              23.305606038000064
            ],
            [
              88.96206995500006,
              23.305694451000022
            ],
            [
              88.96249880400012,
              23.30587793300009
            ],
            [
              88.96273222700017,
              23.306042054000102
            ],
            [
              88.96333498800004,
              23.30649764600014
            ],
            [
              88.96358880900016,
              23.306553517000054
            ],
            [
              88.96401808200005,
              23.306682803000115
            ],
            [
              88.9644856330001,
              23.306920726000158
            ],
            [
              88.96487425700013,
              23.307248447000177
            ],
            [
              88.96534124800013,
              23.307558617999973
            ],
            [
              88.96578924600004,
              23.307796411000027
            ],
            [
              88.96592279600009,
              23.308230831000117
            ],
            [
              88.96623375400009,
              23.308485780000126
            ],
            [
              88.96664194300018,
              23.308813626000074
            ],
            [
              88.966952488,
              23.309122763000175
            ],
            [
              88.96724473300014,
              23.309269203000042
            ],
            [
              88.96747774800014,
              23.309487509000178
            ],
            [
              88.96759230300012,
              23.309849545000077
            ],
            [
              88.96770685700017,
              23.31021158300001
            ],
            [
              88.96770464300016,
              23.310498509000126
            ],
            [
              88.96770337300006,
              23.310663164000175
            ],
            [
              88.96770636900015,
              23.310804927000106
            ],
            [
              88.96771777000009,
              23.31133163000004
            ],
            [
              88.9677131680001,
              23.311927718
            ],
            [
              88.9677254140002,
              23.31208986600012
            ],
            [
              88.96774865700007,
              23.31239761900008
            ],
            [
              88.96770535800016,
              23.31293925900013
            ],
            [
              88.96754666200019,
              23.313227241000163
            ],
            [
              88.96750266300018,
              23.313859197000056
            ],
            [
              88.96728473400015,
              23.31421904300015
            ],
            [
              88.96702691100006,
              23.31465519200009
            ],
            [
              88.96700408400005,
              23.31510233400013
            ],
            [
              88.96693762400002,
              23.31518010000019
            ],
            [
              88.96686591900004,
              23.315264002
            ],
            [
              88.96655284800016,
              23.3152800040001
            ],
            [
              88.96633868400005,
              23.31515214300009
            ],
            [
              88.96610189000017,
              23.315421543000184
            ],
            [
              88.965983005,
              23.315619465
            ],
            [
              88.96566811400015,
              23.31587028200005
            ],
            [
              88.96560748400015,
              23.316122781000104
            ],
            [
              88.96589932000012,
              23.31632341300019
            ],
            [
              88.96603469300004,
              23.316523013000165
            ],
            [
              88.96616783000013,
              23.317011620000187
            ],
            [
              88.9664572960001,
              23.31751932600008
            ],
            [
              88.96649110700014,
              23.31820598700017
            ],
            [
              88.96650884899998,
              23.318440936000115
            ],
            [
              88.96625263100015,
              23.318692144000124
            ],
            [
              88.96589959500005,
              23.318816264000134
            ],
            [
              88.96566265400008,
              23.319103726000094
            ],
            [
              88.96575709400008,
              23.31953788600015
            ],
            [
              88.9658512540002,
              23.320008178000137
            ],
            [
              88.96582792100014,
              23.320495756000184
            ],
            [
              88.96559167400005,
              23.320692900000154
            ],
            [
              88.96552992000011,
              23.321089905
            ],
            [
              88.9655450080001,
              23.32166805800017
            ],
            [
              88.96548325300006,
              23.322065058000135
            ],
            [
              88.96536366000004,
              23.322353295000084
            ],
            [
              88.96447971300017,
              23.32283518899999
            ],
            [
              88.96400832900008,
              23.32308496800016
            ],
            [
              88.9635956210002,
              23.32333513800006
            ],
            [
              88.96304655700004,
              23.323512144000176
            ],
            [
              88.9627088580001,
              23.324178282000048
            ],
            [
              88.96245149900005,
              23.32457399000009
            ],
            [
              88.96236905400002,
              23.325115364000112
            ],
            [
              88.96238552800014,
              23.325512886000126
            ],
            [
              88.96246068000016,
              23.325910792
            ],
            [
              88.96253569300006,
              23.326326764000157
            ],
            [
              88.96251788600011,
              23.326402184000187
            ],
            [
              88.9624547890001,
              23.326669443000185
            ],
            [
              88.9622969310002,
              23.32674659700018
            ],
            [
              88.96219952900015,
              23.326794204000123
            ],
            [
              88.96158994100017,
              23.327205637000134
            ],
            [
              88.96139027000004,
              23.327728173000025
            ],
            [
              88.96168170600004,
              23.327983003000156
            ],
            [
              88.96173884100006,
              23.328182086000027
            ],
            [
              88.96161881300003,
              23.3285245080001
            ],
            [
              88.9616158660001,
              23.32890383300014
            ],
            [
              88.96149527400007,
              23.329318507000153
            ],
            [
              88.9617087520001,
              23.32953669300008
            ],
            [
              88.96211643200013,
              23.329936804000056
            ],
            [
              88.96231874800014,
              23.330254269000136
            ],
            [
              88.96234835000013,
              23.330299624000077
            ],
            [
              88.96281667700003,
              23.330447239000137
            ],
            [
              88.96289337600007,
              23.330646450000188
            ],
            [
              88.96308603700015,
              23.33102707200004
            ],
            [
              88.96322498500007,
              23.331250111000088
            ],
            [
              88.96343406100016,
              23.331553236000047
            ],
            [
              88.96347346300001,
              23.331517367
            ],
            [
              88.96394361700004,
              23.33143015600018
            ],
            [
              88.96417988600012,
              23.33123301400002
            ],
            [
              88.96420808500005,
              23.33119273400007
            ],
            [
              88.96428984400018,
              23.331277841000087
            ],
            [
              88.96430898400013,
              23.331332161000148
            ],
            [
              88.9646799370002,
              23.331424933
            ],
            [
              88.96471746700013,
              23.33147260100003
            ],
            [
              88.96483308000018,
              23.331620133000172
            ],
            [
              88.96523539600008,
              23.331330140999967
            ],
            [
              88.96560641000019,
              23.33142308200013
            ],
            [
              88.96564394100005,
              23.33147074900006
            ],
            [
              88.96575955499998,
              23.331618281000033
            ],
            [
              88.96581947800007,
              23.331695450000097
            ],
            [
              88.96616709500017,
              23.332275795000044
            ],
            [
              88.96653609300012,
              23.332621450000147
            ],
            [
              88.96702189899997,
              23.333040129999972
            ],
            [
              88.96762451600006,
              23.33353182999997
            ],
            [
              88.96818801800009,
              23.33402327500005
            ],
            [
              88.96881006200005,
              23.33453316700013
            ],
            [
              88.96982110900012,
              23.335334642000134
            ],
            [
              88.97045856700015,
              23.335729189000176
            ],
            [
              88.97079457600012,
              23.335937156000057
            ],
            [
              88.97153373000003,
              23.336483935000103
            ],
            [
              88.97223529900003,
              23.336831758000187
            ],
            [
              88.9730529900001,
              23.337342917000115
            ],
            [
              88.97357948500007,
              23.33756313800012
            ],
            [
              88.97371898100005,
              23.337640861000068
            ],
            [
              88.97420281800004,
              23.33791044100019
            ],
            [
              88.97431511000008,
              23.338015045000134
            ],
            [
              88.97424903100006,
              23.338366719000078
            ],
            [
              88.9742379860001,
              23.338425499000152
            ],
            [
              88.9739222250002,
              23.338784711000017
            ],
            [
              88.97466029900016,
              23.33947598100019
            ],
            [
              88.97528295200004,
              23.33991359700019
            ],
            [
              88.97579017500004,
              23.340097557000092
            ],
            [
              88.97657071400005,
              23.340355557000123
            ],
            [
              88.97660845200016,
              23.3405364460001
            ],
            [
              88.9771167880001,
              23.340575893999983
            ],
            [
              88.97832272300013,
              23.341486973000144
            ],
            [
              88.9784485890001,
              23.341595787000074
            ],
            [
              88.97882802200013,
              23.341923811000072
            ],
            [
              88.97902640199999,
              23.34216689100009
            ],
            [
              88.97933194500013,
              23.342541273000165
            ],
            [
              88.97903519500011,
              23.342990733000022
            ],
            [
              88.9789756780001,
              23.34308087600016
            ],
            [
              88.978503693,
              23.34340295100003
            ],
            [
              88.97920352200009,
              23.343985567000118
            ],
            [
              88.97981796100004,
              23.344382467000116
            ],
            [
              88.98041419300017,
              23.344282482000096
            ],
            [
              88.98119614400014,
              23.34435982800011
            ],
            [
              88.98205772300008,
              23.344257047000042
            ],
            [
              88.98268675400016,
              23.343863724000073
            ],
            [
              88.98311878100014,
              23.343649762000155
            ],
            [
              88.9836648800001,
              23.343870076000087
            ],
            [
              88.98417460800016,
              23.343728871
            ],
            [
              88.98464630400014,
              23.343442904000085
            ],
            [
              88.98547108000014,
              23.34331502600014
            ],
            [
              88.98552831000012,
              23.343306365000046
            ],
            [
              88.98617300000012,
              23.343344410999975
            ],
            [
              88.98625803100015,
              23.343370001000153
            ],
            [
              88.98634776000006,
              23.343397004000167
            ],
            [
              88.98692538700016,
              23.34357083400016
            ],
            [
              88.98703183100008,
              23.343602867000072
            ],
            [
              88.98733321700013,
              23.343604817000028
            ],
            [
              88.98773608200014,
              23.343607422
            ],
            [
              88.98822851300014,
              23.343443509000053
            ],
            [
              88.98848137300007,
              23.343359340000063
            ],
            [
              88.989732279,
              23.343511928999988
            ],
            [
              88.99012473099998,
              23.34360088799997
            ],
            [
              88.99055254000012,
              23.343697861000123
            ],
            [
              88.99109588700009,
              23.343590041000084
            ],
            [
              88.99125788300012,
              23.343557894000185
            ],
            [
              88.99235311300015,
              23.343601070000034
            ],
            [
              88.99257796800003,
              23.343602517000022
            ],
            [
              88.99295197000009,
              23.343604924000147
            ],
            [
              88.99300226700007,
              23.343605247000085
            ],
            [
              88.99340949000009,
              23.343607867000117
            ],
            [
              88.99417575600006,
              23.343548508000083
            ],
            [
              88.994270787,
              23.34354114500013
            ],
            [
              88.9949041480001,
              23.34354521199998
            ],
            [
              88.99571841700009,
              23.343550436999976
            ],
            [
              88.99583275500015,
              23.34354305400018
            ],
            [
              88.99617001600006,
              23.34352127300008
            ],
            [
              88.99673621200003,
              23.34348470400016
            ],
            [
              88.99794827800008,
              23.343600851000076
            ],
            [
              88.99845663500014,
              23.343640231000165
            ],
            [
              88.9997329850001,
              23.34371774699997
            ],
            [
              88.99978634700005,
              23.343720987999973
            ],
            [
              89.000252063,
              23.344229761000065
            ],
            [
              89.00056290200007,
              23.34452077100019
            ],
            [
              89.00122799500014,
              23.34452501600009
            ],
            [
              89.0013062860001,
              23.344525515000043
            ],
            [
              89.00138509700014,
              23.344532792
            ],
            [
              89.00216650700014,
              23.34460325600014
            ],
            [
              89.00322343400012,
              23.34453773000007
            ],
            [
              89.00455478100008,
              23.344401688000175
            ],
            [
              89.00494738100019,
              23.34422354200018
            ],
            [
              89.00502751500011,
              23.343971151000176
            ],
            [
              89.0053410590001,
              23.343900887000018
            ],
            [
              89.0051885950001,
              23.34335799100006
            ],
            [
              89.0051521600002,
              23.342996474000074
            ],
            [
              89.0053508360001,
              23.342670324000096
            ],
            [
              89.00556121000011,
              23.342654731000152
            ],
            [
              89.00558899800012,
              23.342760726000108
            ],
            [
              89.00648017500004,
              23.342623748000165
            ],
            [
              89.00714521000009,
              23.34252152500011
            ],
            [
              89.00708952100018,
              23.34196901900009
            ],
            [
              89.007044887,
              23.34147648300018
            ],
            [
              89.00701718200014,
              23.34117373400005
            ],
            [
              89.00730918800014,
              23.341162036000185
            ],
            [
              89.00737576600017,
              23.34108794300016
            ],
            [
              89.00740718500015,
              23.340932339000062
            ],
            [
              89.00737806600017,
              23.34077860499997
            ],
            [
              89.00837428400018,
              23.340731587000164
            ],
            [
              89.00902757000006,
              23.340891185000032
            ],
            [
              89.00915849500012,
              23.340923169000064
            ],
            [
              89.00961025500004,
              23.34103353200004
            ],
            [
              89.00976013700017,
              23.341070147000096
            ],
            [
              89.00960061100011,
              23.341274544000044
            ],
            [
              89.00974759600012,
              23.34231100400001
            ],
            [
              89.00982862700016,
              23.34248526600004
            ],
            [
              89.01087740100007,
              23.34296846100017
            ],
            [
              89.01170578800014,
              23.343198761000053
            ],
            [
              89.01181507600012,
              23.343229144000134
            ],
            [
              89.0126524160001,
              23.343506377999972
            ],
            [
              89.01358102800003,
              23.34381382400005
            ],
            [
              89.01364405300018,
              23.343824321000113
            ],
            [
              89.01366988299998,
              23.343828623000093
            ],
            [
              89.01372666400016,
              23.34383808000007
            ],
            [
              89.01474425700007,
              23.34400755000007
            ],
            [
              89.0154112240001,
              23.344112115000087
            ],
            [
              89.01666762800016,
              23.344306413000027
            ],
            [
              89.01706872000011,
              23.344667398000126
            ],
            [
              89.01732858300005,
              23.34522823700007
            ],
            [
              89.01786718099999,
              23.34574664700017
            ],
            [
              89.01897553500004,
              23.346551986000122
            ],
            [
              89.0197627350002,
              23.346821892000037
            ],
            [
              89.02110543400016,
              23.34728225000015
            ],
            [
              89.02427125100019,
              23.34792932800019
            ],
            [
              89.02701653300011,
              23.348573731000158
            ],
            [
              89.02746726900011,
              23.348724209000125
            ],
            [
              89.03011218800003,
              23.34960718100001
            ],
            [
              89.03066356500005,
              23.349791244000073
            ],
            [
              89.03121289500007,
              23.349884261000057
            ],
            [
              89.03263373500005,
              23.350475758000016
            ],
            [
              89.03276310400014,
              23.350529613000162
            ],
            [
              89.03282983200017,
              23.350563757000145
            ],
            [
              89.03351356400009,
              23.350913599000137
            ],
            [
              89.03396189200004,
              23.35148087600004
            ],
            [
              89.03417272100017,
              23.351748625000084
            ],
            [
              89.03444217400016,
              23.35236447500006
            ],
            [
              89.03471321200004,
              23.35291633999998
            ],
            [
              89.03468010100005,
              23.353787881000073
            ],
            [
              89.0345099160001,
              23.354332577000037
            ],
            [
              89.03448932300006,
              23.354398488000072
            ],
            [
              89.0344307900001,
              23.354425060000153
            ],
            [
              89.03369987100012,
              23.354756864000024
            ],
            [
              89.03196029800017,
              23.354784352000024
            ],
            [
              89.03034579500007,
              23.354697886000167
            ],
            [
              89.02920697300016,
              23.354690827000184
            ],
            [
              89.0284812930002,
              23.354820152000116
            ],
            [
              89.02781647700004,
              23.355121917000133
            ],
            [
              89.0268393950002,
              23.355651156000135
            ],
            [
              89.02594205900004,
              23.35660148500017
            ],
            [
              89.02560865100014,
              23.357083152000143
            ],
            [
              89.02523050800005,
              23.357629439000164
            ],
            [
              89.02474518000002,
              23.35886909900006
            ],
            [
              89.02415337200011,
              23.36050957600014
            ],
            [
              89.02281287700015,
              23.36258509600009
            ],
            [
              89.02195968300003,
              23.363153311000133
            ],
            [
              89.02029946200008,
              23.363639998000167
            ],
            [
              89.01955645400005,
              23.363571787000126
            ],
            [
              89.01918197700007,
              23.363537408000013
            ],
            [
              89.01748610300012,
              23.363239996000118
            ],
            [
              89.01640961500004,
              23.363194998000097
            ],
            [
              89.01541313400008,
              23.363532859000088
            ],
            [
              89.01457948100011,
              23.364254101000085
            ],
            [
              89.013575635,
              23.36558604600009
            ],
            [
              89.0132459130001,
              23.366242353000075
            ],
            [
              89.01311529000003,
              23.366502351000122
            ],
            [
              89.01305043000019,
              23.366574057000037
            ],
            [
              89.01301806800018,
              23.366625034000037
            ],
            [
              89.01245649400005,
              23.367509646000087
            ],
            [
              89.01237435900009,
              23.367875741999967
            ],
            [
              89.01291163000008,
              23.36856429000011
            ],
            [
              89.01323596100013,
              23.369127944000013
            ],
            [
              89.01346367100018,
              23.369523678000064
            ],
            [
              89.01426817700013,
              23.369949349000024
            ],
            [
              89.01440814300014,
              23.369994540000164
            ],
            [
              89.01477117100018,
              23.370334284000023
            ],
            [
              89.0154734360001,
              23.37062773300005
            ],
            [
              89.01603448000014,
              23.370839014000012
            ],
            [
              89.016253968,
              23.37092166900004
            ],
            [
              89.01715323800016,
              23.371035706000157
            ],
            [
              89.01844543900006,
              23.370935433000113
            ],
            [
              89.01864788400002,
              23.37094069000011
            ],
            [
              89.01892748400007,
              23.37094643
            ],
            [
              89.01951395200012,
              23.37102236100003
            ],
            [
              89.02033522600004,
              23.3710997660001
            ],
            [
              89.0211583840001,
              23.37141991300001
            ],
            [
              89.02208801800009,
              23.372230713000135
            ],
            [
              89.02239465700018,
              23.373255516000143
            ],
            [
              89.0225037030001,
              23.37324942300006
            ],
            [
              89.02267826700017,
              23.373229471
            ],
            [
              89.02270011500019,
              23.373469172000057
            ],
            [
              89.02257747900018,
              23.374098395000146
            ],
            [
              89.02233412800001,
              23.37534556600002
            ],
            [
              89.02209805600006,
              23.37614117100003
            ],
            [
              89.02203845200006,
              23.376341985000124
            ],
            [
              89.02201309600014,
              23.376427411000122
            ],
            [
              89.02137818200015,
              23.37761567600012
            ],
            [
              89.02044915100015,
              23.378341462000094
            ],
            [
              89.01978960399998,
              23.378551841000046
            ],
            [
              89.01918578100003,
              23.37871063400013
            ],
            [
              89.01858150900011,
              23.378846841000097
            ],
            [
              89.01749676399999,
              23.37916518600008
            ],
            [
              89.01731964200007,
              23.379218263000098
            ],
            [
              89.01666086800014,
              23.37940605400007
            ],
            [
              89.01578279000012,
              23.379644401000178
            ],
            [
              89.01496058400011,
              23.379935025000066
            ],
            [
              89.01444998200014,
              23.380220835000102
            ],
            [
              89.0143526600001,
              23.380274415000088
            ],
            [
              89.01303192900014,
              23.380952525000055
            ],
            [
              89.01249480700011,
              23.38139170500017
            ],
            [
              89.01219909100018,
              23.381685637000146
            ],
            [
              89.01197585400007,
              23.38181293600013
            ],
            [
              89.01177043200016,
              23.381929054000125
            ],
            [
              89.01161574700006,
              23.38200710800004
            ],
            [
              89.01175377800018,
              23.382154751000087
            ],
            [
              89.01196219000019,
              23.382377354000084
            ],
            [
              89.01215166800006,
              23.38264706500013
            ],
            [
              89.01201643800005,
              23.382708935000096
            ],
            [
              89.0119774060002,
              23.382726706000028
            ],
            [
              89.01166913200012,
              23.3828670580001
            ],
            [
              89.01131442500014,
              23.383074815000157
            ],
            [
              89.01104228900005,
              23.383280832000082
            ],
            [
              89.01097423100009,
              23.383345884000107
            ],
            [
              89.0108254930002,
              23.383487200000104
            ],
            [
              89.01077667400017,
              23.38384365700017
            ],
            [
              89.0108436340002,
              23.384503422000137
            ],
            [
              89.010885621,
              23.385314317
            ],
            [
              89.01087098200014,
              23.385538779000115
            ],
            [
              89.01084249000007,
              23.38597564500003
            ],
            [
              89.01061842700011,
              23.387324523000075
            ],
            [
              89.01035777200013,
              23.38816511200008
            ],
            [
              89.01033515600005,
              23.388616573000036
            ],
            [
              89.01017020800009,
              23.38912809900006
            ],
            [
              89.00973135400017,
              23.390245294000067
            ],
            [
              89.00909787600017,
              23.391216747000044
            ],
            [
              89.00899337000004,
              23.39145317599997
            ],
            [
              89.00854051300013,
              23.392477704000044
            ],
            [
              89.00837615300003,
              23.39352437800011
            ],
            [
              89.00805630800016,
              23.394425554000065
            ],
            [
              89.00783182200001,
              23.395004440000037
            ],
            [
              89.00762995600002,
              23.39599442800005
            ],
            [
              89.0075856420001,
              23.396343496000156
            ],
            [
              89.00753314400004,
              23.396757024000067
            ],
            [
              89.00753788800006,
              23.396818016000168
            ],
            [
              89.00754317700006,
              23.39688842600009
            ],
            [
              89.00760577000017,
              23.39772165300002
            ],
            [
              89.00766809800018,
              23.39842655000018
            ],
            [
              89.00771222900016,
              23.398578118000103
            ],
            [
              89.00791089300009,
              23.39908517500004
            ],
            [
              89.00792229600006,
              23.39911460100018
            ],
            [
              89.00819092000006,
              23.399590489000104
            ],
            [
              89.00833328200014,
              23.399938518000056
            ],
            [
              89.00834108200007,
              23.399979250000058
            ],
            [
              89.00841282000016,
              23.400427362000187
            ],
            [
              89.00842684300017,
              23.400515514000176
            ],
            [
              89.00843982300017,
              23.40074365600003
            ],
            [
              89.00847810800002,
              23.400859057000105
            ],
            [
              89.00886388100008,
              23.401620198000103
            ],
            [
              89.00920863400012,
              23.40263397200016
            ],
            [
              89.00930919700016,
              23.403133632000106
            ],
            [
              89.009359013,
              23.403179106000152
            ],
            [
              89.00952785000004,
              23.403381141000068
            ],
            [
              89.00956711700019,
              23.403446873000178
            ],
            [
              89.00975531500012,
              23.403759671000103
            ],
            [
              89.00979065600012,
              23.404188917000113
            ],
            [
              89.00977007900008,
              23.40457038900007
            ],
            [
              89.00975147600008,
              23.405046346000063
            ],
            [
              89.00968995000011,
              23.405295867
            ],
            [
              89.00963555400006,
              23.40551112999998
            ],
            [
              89.00962232500012,
              23.405562978000034
            ],
            [
              89.0094104550002,
              23.40604711100019
            ],
            [
              89.00911284600016,
              23.40638166800005
            ],
            [
              89.00876036900002,
              23.406842793000123
            ],
            [
              89.008681712,
              23.406945695000104
            ],
            [
              89.00843619000011,
              23.407102195999983
            ],
            [
              89.00833727900005,
              23.407119633000093
            ],
            [
              89.0083072760001,
              23.407123958000057
            ],
            [
              89.0078038470001,
              23.407211084000153
            ],
            [
              89.00717118200009,
              23.407322223
            ],
            [
              89.00648178000006,
              23.407331390000138
            ],
            [
              89.00598591400006,
              23.40729176300016
            ],
            [
              89.00592917600017,
              23.407287229000133
            ],
            [
              89.00495427000016,
              23.407073287
            ],
            [
              89.00457126800006,
              23.4069240770001
            ],
            [
              89.00436185100006,
              23.40683242600005
            ],
            [
              89.00406108000016,
              23.406633502000147
            ],
            [
              89.00384359800012,
              23.40648966300006
            ],
            [
              89.00264854700009,
              23.405699266000113
            ],
            [
              89.0014453980001,
              23.40431871300018
            ],
            [
              89.00138857000019,
              23.404214669000112
            ],
            [
              89.00105277000011,
              23.40359987300002
            ],
            [
              89.00067311500004,
              23.402904779000096
            ],
            [
              89.00036458400018,
              23.402288627000075
            ],
            [
              89.00021207500009,
              23.402235718000043
            ],
            [
              89.00018106900018,
              23.402129394000156
            ],
            [
              89.00013459900009,
              23.40172039400005
            ],
            [
              88.99978992700017,
              23.40139755100006
            ],
            [
              88.99945767100019,
              23.400846728000033
            ],
            [
              88.99941338200017,
              23.400799029000098
            ],
            [
              88.99929816500014,
              23.40066732500003
            ],
            [
              88.99921629500011,
              23.40057422300015
            ],
            [
              88.99912448900017,
              23.400113228000123
            ],
            [
              88.99909517800012,
              23.39996604300012
            ],
            [
              88.99909013100017,
              23.399690344000135
            ],
            [
              88.99908542200006,
              23.39943309100005
            ],
            [
              88.99929312000017,
              23.398693793000177
            ],
            [
              88.99944471600008,
              23.397931555000184
            ],
            [
              88.99947020700017,
              23.397580393000055
            ],
            [
              88.99951123300019,
              23.397015229000033
            ],
            [
              88.99954045400005,
              23.39556803100004
            ],
            [
              88.99950893800008,
              23.39507125500012
            ],
            [
              88.99950190300012,
              23.39496037800012
            ],
            [
              88.99935524400018,
              23.393234321000023
            ],
            [
              88.99932743300008,
              23.39290673199997
            ],
            [
              88.99930645100011,
              23.39279675400013
            ],
            [
              88.999022932,
              23.391310627
            ],
            [
              88.99873028300004,
              23.390376192000076
            ],
            [
              88.99820149800007,
              23.389213223000183
            ],
            [
              88.99804142600016,
              23.388861170000098
            ],
            [
              88.99773862300009,
              23.3880691760001
            ],
            [
              88.99772294900004,
              23.38802818100004
            ],
            [
              88.99737026700018,
              23.387474963000102
            ],
            [
              88.99679269600006,
              23.386899981000113
            ],
            [
              88.99642371099998,
              23.38631956300003
            ],
            [
              88.99596679500019,
              23.385438262000037
            ],
            [
              88.99534090000003,
              23.38437975200003
            ],
            [
              88.99500089400016,
              23.383904248000135
            ],
            [
              88.99494512500007,
              23.3838262540001
            ],
            [
              88.99461089800019,
              23.383139929000038
            ],
            [
              88.994515455,
              23.382942863999972
            ],
            [
              88.99391247200015,
              23.381606762000104
            ],
            [
              88.99364055900008,
              23.38105179900009
            ],
            [
              88.99270933600008,
              23.37933423000004
            ],
            [
              88.99255583100006,
              23.37897196100016
            ],
            [
              88.9921369000001,
              23.378330244000097
            ],
            [
              88.99187808800019,
              23.37843891
            ],
            [
              88.99186316300012,
              23.37840368400009
            ],
            [
              88.99144423600018,
              23.377761965000047
            ],
            [
              88.99106818200016,
              23.377919856000062
            ],
            [
              88.99032892800011,
              23.378233465000164
            ],
            [
              88.98934449100011,
              23.378703547000157
            ],
            [
              88.98835919700014,
              23.379123942000035
            ],
            [
              88.987566878,
              23.37953880700013
            ],
            [
              88.98690527500008,
              23.379771612000127
            ],
            [
              88.98683475600018,
              23.379796924000118
            ],
            [
              88.98674461600018,
              23.379829279000035
            ],
            [
              88.98663174100017,
              23.3798759660001
            ],
            [
              88.9866017440001,
              23.379880288000095
            ],
            [
              88.98594106200017,
              23.379991165000092
            ],
            [
              88.98553445500016,
              23.380067280000105
            ],
            [
              88.98565696700018,
              23.38033636700004
            ],
            [
              88.98585893100017,
              23.38071702000002
            ],
            [
              88.9856366250001,
              23.380839771000126
            ],
            [
              88.98537806500019,
              23.38098486399997
            ],
            [
              88.98510191300005,
              23.38127209700002
            ],
            [
              88.98529099000018,
              23.382140399000093
            ],
            [
              88.98533745200012,
              23.382303275000083
            ],
            [
              88.98538193600007,
              23.38268516900007
            ],
            [
              88.98585297400012,
              23.384352376000095
            ],
            [
              88.98596105500013,
              23.38497628600004
            ],
            [
              88.98597855400004,
              23.385077433000106
            ],
            [
              88.98609871600001,
              23.385771999000042
            ],
            [
              88.98645403000012,
              23.387138138000182
            ],
            [
              88.98666047700004,
              23.38789590800019
            ],
            [
              88.98664066600014,
              23.38832931800016
            ],
            [
              88.98667425800005,
              23.38865694499998
            ],
            [
              88.98684669300019,
              23.389062248000073
            ],
            [
              88.98710075999998,
              23.389389048000112
            ],
            [
              88.98724360100016,
              23.389665448000017
            ],
            [
              88.9873469650002,
              23.389772655000115
            ],
            [
              88.98741228900008,
              23.389840407000065
            ],
            [
              88.988032842,
              23.39131438800007
            ],
            [
              88.9881034300002,
              23.391481938000084
            ],
            [
              88.98830821600006,
              23.39213808600016
            ],
            [
              88.98851536200016,
              23.392403612000123
            ],
            [
              88.98856229500007,
              23.392464880000034
            ],
            [
              88.9888988310002,
              23.39276511500009
            ],
            [
              88.98920596900018,
              23.39299064400018
            ],
            [
              88.98945962800013,
              23.39329259800013
            ],
            [
              88.98952320900014,
              23.393523906000098
            ],
            [
              88.98963798600016,
              23.393626367000138
            ],
            [
              88.98982356800002,
              23.393843653000147
            ],
            [
              88.99002242600017,
              23.39391944500005
            ],
            [
              88.99033072100019,
              23.394194655000092
            ],
            [
              88.99066894400016,
              23.394596508000177
            ],
            [
              88.99078178100018,
              23.394731376000152
            ],
            [
              88.99080380200013,
              23.394757697000102
            ],
            [
              88.99109172800019,
              23.39509825700003
            ],
            [
              88.99133441800018,
              23.395436268000026
            ],
            [
              88.9913561950001,
              23.395468017999974
            ],
            [
              88.99141157200017,
              23.395545148000167
            ],
            [
              88.99148782600008,
              23.395651766000128
            ],
            [
              88.99179697500017,
              23.395976655000084
            ],
            [
              88.99200237600019,
              23.396393451999984
            ],
            [
              88.99196541200013,
              23.39637309000011
            ],
            [
              88.99198803600007,
              23.396498340000164
            ],
            [
              88.99199751000015,
              23.39724549800019
            ],
            [
              88.99186738800006,
              23.397501264000027
            ],
            [
              88.99173446700013,
              23.397931686000106
            ],
            [
              88.99166675800012,
              23.39815027600008
            ],
            [
              88.99158218400004,
              23.398980676
            ],
            [
              88.99144632200017,
              23.399072379000074
            ],
            [
              88.99141080200008,
              23.39907892400015
            ],
            [
              88.99105236000008,
              23.399083384000164
            ],
            [
              88.99003616600004,
              23.399325200000135
            ],
            [
              88.98954020100012,
              23.39935812300007
            ],
            [
              88.98907219900013,
              23.399413804000176
            ],
            [
              88.98871375800007,
              23.399418260000175
            ],
            [
              88.98838241800019,
              23.399398053000027
            ],
            [
              88.98825745100004,
              23.399383694000164
            ],
            [
              88.9879953050002,
              23.399352643000157
            ],
            [
              88.98769065600015,
              23.39928067400018
            ],
            [
              88.98751650800011,
              23.39925922400016
            ],
            [
              88.98730384800012,
              23.39923526400014
            ],
            [
              88.98691591100004,
              23.39913791400005
            ],
            [
              88.98666757300015,
              23.399140819000024
            ],
            [
              88.98584226300005,
              23.399252885000067
            ],
            [
              88.98501382800015,
              23.399213635000024
            ],
            [
              88.98451744200014,
              23.39922170200009
            ],
            [
              88.9840202470001,
              23.39917556900008
            ],
            [
              88.98310391200005,
              23.39883316700019
            ],
            [
              88.98261973900003,
              23.3987238900001
            ],
            [
              88.98258134800017,
              23.398705577999976
            ],
            [
              88.98109840800004,
              23.398117868000043
            ],
            [
              88.98037136200008,
              23.397857975000136
            ],
            [
              88.97949370300006,
              23.397459352999988
            ],
            [
              88.97837718700004,
              23.396750973
            ],
            [
              88.97765256700012,
              23.396291226000073
            ],
            [
              88.97708310300004,
              23.39602105600011
            ],
            [
              88.97640059800017,
              23.395698211000138
            ],
            [
              88.9758534830001,
              23.395385281000188
            ],
            [
              88.97484025500012,
              23.39480510700014
            ],
            [
              88.97358039700015,
              23.394356315000095
            ],
            [
              88.97325813200007,
              23.394241513000054
            ],
            [
              88.97186858400016,
              23.393649816
            ],
            [
              88.97114892800016,
              23.393507344000113
            ],
            [
              88.9711165130002,
              23.393501255000047
            ],
            [
              88.97065060000011,
              23.39341374500009
            ],
            [
              88.97004219200005,
              23.3933194170001
            ],
            [
              88.96943418300009,
              23.393252187000087
            ],
            [
              88.96871775900019,
              23.393285847000186
            ],
            [
              88.96794597000019,
              23.393321399000115
            ],
            [
              88.96720284300005,
              23.39340681100009
            ],
            [
              88.96684442300005,
              23.393411216000175
            ],
            [
              88.96658763900012,
              23.393463211000096
            ],
            [
              88.96619130700003,
              23.393543461000036
            ],
            [
              88.96563494600008,
              23.393656113000077
            ],
            [
              88.96461917000005,
              23.393922607000093
            ],
            [
              88.9635527710002,
              23.394446168000172
            ],
            [
              88.96259731600009,
              23.395015617000126
            ],
            [
              88.96172553700018,
              23.395637551999982
            ],
            [
              88.9612093070001,
              23.39607443200009
            ],
            [
              88.9611118140001,
              23.39612664300006
            ],
            [
              88.96077202300017,
              23.396308614000077
            ],
            [
              88.960604951,
              23.396394021000162
            ],
            [
              88.96036214600008,
              23.396518140000012
            ],
            [
              88.96003568400005,
              23.396775637000076
            ],
            [
              88.95981890100018,
              23.397006768000153
            ],
            [
              88.95954985100013,
              23.39739109100003
            ],
            [
              88.95936450300007,
              23.39782565100012
            ],
            [
              88.95918500900012,
              23.398149437000086
            ],
            [
              88.9591238060001,
              23.39825984099997
            ],
            [
              88.959090452,
              23.39834090700009
            ],
            [
              88.95891217100012,
              23.398770994000074
            ],
            [
              88.95864797600018,
              23.399433083000076
            ],
            [
              88.95857509900009,
              23.39999258000006
            ],
            [
              88.95858480300018,
              23.40055036800004
            ],
            [
              88.9585102750001,
              23.40100824400008
            ],
            [
              88.95844336200014,
              23.401156825000044
            ],
            [
              88.95837718700005,
              23.401289604000112
            ],
            [
              88.95818698700015,
              23.401444139000034
            ],
            [
              88.95798059000003,
              23.401481270000147
            ],
            [
              88.95788441900015,
              23.40149857199998
            ],
            [
              88.9576089570001,
              23.401528346000134
            ],
            [
              88.95724803000019,
              23.40138142700016
            ],
            [
              88.9569511420001,
              23.401257515000054
            ],
            [
              88.9567755710001,
              23.401184086000058
            ],
            [
              88.956080466,
              23.400754944000084
            ],
            [
              88.95605064000006,
              23.400736681000126
            ],
            [
              88.9558927000001,
              23.400676918000045
            ],
            [
              88.95566188900011,
              23.400589573
            ],
            [
              88.95533120100009,
              23.400408095000103
            ],
            [
              88.95501137600019,
              23.400402327000165
            ],
            [
              88.95430598200011,
              23.400505991000045
            ],
            [
              88.95344430600005,
              23.400572480000108
            ],
            [
              88.9526643210001,
              23.40020597700004
            ],
            [
              88.951960632,
              23.400092877000134
            ],
            [
              88.95102812500005,
              23.39993340700005
            ],
            [
              88.95020155900005,
              23.399792049000098
            ],
            [
              88.94930159800009,
              23.399749874000065
            ],
            [
              88.94855683500003,
              23.399650028000167
            ],
            [
              88.94844135200015,
              23.399635706000026
            ],
            [
              88.94829503200015,
              23.399499242000104
            ],
            [
              88.94822465400017,
              23.39962070000007
            ],
            [
              88.94800898400007,
              23.399901495999984
            ],
            [
              88.94773505900008,
              23.40000803500004
            ],
            [
              88.94746073300013,
              23.400087474000145
            ],
            [
              88.94693765500017,
              23.400144916999977
            ],
            [
              88.94627706400013,
              23.40022852800007
            ],
            [
              88.94602872700011,
              23.400231368000107
            ],
            [
              88.94586439400013,
              23.40028445200005
            ],
            [
              88.94564552500003,
              23.40038910000004
            ],
            [
              88.94556541600008,
              23.40054210300019
            ],
            [
              88.94556981600005,
              23.400797284000078
            ],
            [
              88.94559725500011,
              23.400962301000106
            ],
            [
              88.94562538800005,
              23.40096249200002
            ],
            [
              88.94561184800017,
              23.401050461000125
            ],
            [
              88.94566235300016,
              23.401353372000074
            ],
            [
              88.94569415900014,
              23.401590943000087
            ],
            [
              88.94570652900012,
              23.40168333600019
            ],
            [
              88.94575734400013,
              23.40206301800015
            ],
            [
              88.94568194200014,
              23.402471207000076
            ],
            [
              88.94552089000013,
              23.40272752800007
            ],
            [
              88.94541408500004,
              23.402930028000128
            ],
            [
              88.94542497000015,
              23.40297721000013
            ],
            [
              88.9454318240002,
              23.403006917000027
            ],
            [
              88.94547354600007,
              23.40318332400011
            ],
            [
              88.94550424200014,
              23.403361911000047
            ],
            [
              88.94547989400007,
              23.403540127000042
            ],
            [
              88.94546367100008,
              23.40358066000016
            ],
            [
              88.94546041000007,
              23.403614056000038
            ],
            [
              88.94540061300017,
              23.403742811000143
            ],
            [
              88.9452092590002,
              23.4038476450001
            ],
            [
              88.94474317400005,
              23.404004814000075
            ],
            [
              88.9441961280001,
              23.40426755800013
            ],
            [
              88.94381415700019,
              23.40449981100005
            ],
            [
              88.94365073699998,
              23.404629667000165
            ],
            [
              88.9434609330001,
              23.404809021000062
            ],
            [
              88.94335369200019,
              23.40498893700004
            ],
            [
              88.94313964000008,
              23.405371346000152
            ],
            [
              88.94312629400002,
              23.40539609300015
            ],
            [
              88.94304615900006,
              23.405551352000145
            ],
            [
              88.9430328140001,
              23.40557609800004
            ],
            [
              88.94298174900007,
              23.40580606800006
            ],
            [
              88.94279716400018,
              23.40629028500007
            ],
            [
              88.94277692000009,
              23.406721424000125
            ],
            [
              88.94277019600008,
              23.406913304
            ],
            [
              88.94275781200008,
              23.407279014000096
            ],
            [
              88.94277889700015,
              23.40739657
            ],
            [
              88.94272361900005,
              23.40750905200008
            ],
            [
              88.94259751600015,
              23.407765652000023
            ],
            [
              88.94241708500005,
              23.40793829600011
            ],
            [
              88.9421547250002,
              23.408087806000026
            ],
            [
              88.9418133740001,
              23.408286453000017
            ],
            [
              88.94149934700016,
              23.408510124000145
            ],
            [
              88.94124000700003,
              23.40885609700007
            ],
            [
              88.94095395100015,
              23.40917704800006
            ],
            [
              88.94084979900009,
              23.409275693000154
            ],
            [
              88.94074701199997,
              23.409471440000118
            ],
            [
              88.94072586800019,
              23.409704336
            ],
            [
              88.94059660900007,
              23.409962660000076
            ],
            [
              88.94023062700018,
              23.410258233000093
            ],
            [
              88.93984008400008,
              23.41068008100018
            ],
            [
              88.93961752700005,
              23.410925248000126
            ],
            [
              88.93954265500008,
              23.41100772700014
            ],
            [
              88.93950655100014,
              23.411048126000026
            ],
            [
              88.93937200800008,
              23.41119849900008
            ],
            [
              88.93884945800005,
              23.41164428700006
            ],
            [
              88.93819405400018,
              23.412066591000155
            ],
            [
              88.93785351500014,
              23.412314911000124
            ],
            [
              88.93772399000017,
              23.412487895000027
            ],
            [
              88.93757078800007,
              23.412830066000026
            ],
            [
              88.93720726600003,
              23.413274671000124
            ],
            [
              88.93704788800017,
              23.413345160000176
            ],
            [
              88.93686535900008,
              23.4134258900001
            ],
            [
              88.9364681510001,
              23.4134547970001
            ],
            [
              88.93599057100016,
              23.41343799700013
            ],
            [
              88.93551259500009,
              23.413394096000104
            ],
            [
              88.93522317700013,
              23.413520828000117
            ],
            [
              88.93498752600004,
              23.41369308700007
            ],
            [
              88.93485727700005,
              23.413841225999988
            ],
            [
              88.93478221800012,
              23.414086834000045
            ],
            [
              88.93473429800008,
              23.414380042000175
            ],
            [
              88.93464043600011,
              23.41445790300014
            ],
            [
              88.93460073900013,
              23.414977677000138
            ],
            [
              88.9345890620001,
              23.415173701000015
            ],
            [
              88.93329581600005,
              23.415345514000137
            ],
            [
              88.93149077400011,
              23.415875090000043
            ],
            [
              88.92937052000019,
              23.416655380000122
            ],
            [
              88.92831212900006,
              23.41682875700019
            ],
            [
              88.92713455000006,
              23.417218077000086
            ],
            [
              88.92611500800012,
              23.417427836000115
            ],
            [
              88.9259413420001,
              23.41739989600012
            ],
            [
              88.92564583900008,
              23.417352355000162
            ],
            [
              88.92535162200016,
              23.4167990520001
            ],
            [
              88.92533734100016,
              23.416772195000135
            ],
            [
              88.92522662500005,
              23.416483658000118
            ],
            [
              88.9251337560001,
              23.416440004000094
            ],
            [
              88.92497711300018,
              23.416369037000152
            ],
            [
              88.92459656500017,
              23.416396789000146
            ],
            [
              88.92373010200015,
              23.417041117000167
            ],
            [
              88.92341313400004,
              23.417508586000054
            ],
            [
              88.92254695000014,
              23.418116785000166
            ],
            [
              88.92222875900018,
              23.418366574000174
            ],
            [
              88.92168017300008,
              23.418797223000183
            ]
          ]
        ]
      }
    }
  ]
}